beta_e_phys,gamma_exch_phys,gamma_drain_phys,B_eff,E_ind,em_scale,be7_scale,D_over_H,Y_p,Li7_over_H,Be7_over_H,Li_total_over_H,screening_eff,capture_eff,beta_response_ok,exchange_response_ok,drain_response_ok,chi_D,chi_Y,chi_Li7,chi_Li_total,passes_D,passes_Y,passes_Li7,passes_Li_total,passes_all,chi_sum,em_softness
0.96,1.03,0.56,0.2,0.1,0.952,0.9359999999999999,2.53079115702e-05,0.24377,1.256164e-10,0.0,1.256164e-10,0.997952,0.989976,True,True,True,0.12637190066666693,0.04249999999999393,0.21917999999999999,0.21917999999999999,True,True,True,True,True,0.6072319006666609,0.7142857142857142
0.96,1.03,0.58,0.2,0.1,0.952,0.9359999999999999,2.53079115702e-05,0.24377,1.2383880943396225e-10,0.0,1.2383880943396225e-10,0.997952,0.989976,True,True,True,0.12637190066666693,0.04249999999999393,0.30805952830188693,0.30805952830188693,True,True,True,True,True,0.7849909572704348,0.7142857142857142
0.96,1.03,0.6,0.2,0.1,0.952,0.9359999999999999,2.53079115702e-05,0.24377,1.2211082604651162e-10,0.0,1.2211082604651162e-10,0.997952,0.989976,True,True,True,0.12637190066666693,0.04249999999999393,0.39445869767441855,0.39445869767441855,True,True,True,True,True,0.957789296015498,0.7142857142857142
0.96,1.03,0.62,0.2,0.1,0.952,0.9359999999999999,2.53079115702e-05,0.24377,1.2043040183486236e-10,0.0,1.2043040183486236e-10,0.997952,0.989976,True,True,True,0.12637190066666693,0.04249999999999393,0.47847990825688136,0.47847990825688136,True,True,True,True,True,1.1258317171804235,0.7142857142857142
0.96,1.03,0.64,0.2,0.1,0.952,0.9359999999999999,2.53079115702e-05,0.24377,1.1879559999999999e-10,0.0,1.1879559999999999e-10,0.997952,0.989976,True,True,True,0.12637190066666693,0.04249999999999393,0.5602200000000003,0.5602200000000003,True,True,True,True,True,1.2893119006666613,0.7142857142857142
0.96,1.03,0.66,0.2,0.1,0.952,0.9359999999999999,2.53079115702e-05,0.24377,1.172045875e-10,0.0,1.172045875e-10,0.997952,0.989976,True,True,True,0.12637190066666693,0.04249999999999393,0.6397706249999991,0.6397706249999991,True,True,True,True,True,1.448413150666659,0.7142857142857142
0.96,1.03,0.68,0.2,0.1,0.952,0.9359999999999999,2.53079115702e-05,0.24377,1.1565562819383259e-10,0.0,1.1565562819383259e-10,0.997952,0.989976,True,True,True,0.12637190066666693,0.04249999999999393,0.7172185903083702,0.7172185903083702,True,True,True,True,True,1.6033090812834012,0.7142857142857142
0.96,1.03,0.7,0.2,0.1,0.952,0.9359999999999999,2.53079115702e-05,0.24377,1.1414707652173912e-10,0.0,1.1414707652173912e-10,0.997952,0.989976,True,True,True,0.12637190066666693,0.04249999999999393,0.7926461739130434,0.7926461739130434,True,True,True,True,True,1.7541642484927475,0.7142857142857142
0.96,1.03,0.72,0.2,0.1,0.952,0.9359999999999999,2.53079115702e-05,0.24377,1.1267737167381976e-10,0.0,1.1267737167381976e-10,0.997952,0.989976,True,True,True,0.12637190066666693,0.04249999999999393,0.8661314163090118,0.8661314163090118,True,True,True,True,True,1.9011347332846844,0.7142857142857142
0.96,1.05,0.56,0.2,0.1,0.952,0.9359999999999999,2.53079115702e-05,0.24377,1.2685399999999996e-10,0.0,1.2685399999999996e-10,0.997952,0.989976,True,True,True,0.12637190066666693,0.04249999999999393,0.15730000000000136,0.15730000000000136,True,True,True,True,True,0.48347190066666357,0.7142857142857142
0.96,1.05,0.58,0.2,0.1,0.952,0.9359999999999999,2.53079115702e-05,0.24377,1.2505889622641506e-10,0.0,1.2505889622641506e-10,0.997952,0.989976,True,True,True,0.12637190066666693,0.04249999999999393,0.2470551886792463,0.2470551886792463,True,True,True,True,True,0.6629822780251535,0.7142857142857142
0.96,1.05,0.6,0.2,0.1,0.952,0.9359999999999999,2.53079115702e-05,0.24377,1.23313888372093e-10,0.0,1.23313888372093e-10,0.997952,0.989976,True,True,True,0.12637190066666693,0.04249999999999393,0.3343055813953501,0.3343055813953501,True,True,True,True,True,0.8374830634573611,0.7142857142857142
0.96,1.05,0.62,0.2,0.1,0.952,0.9359999999999999,2.53079115702e-05,0.24377,1.216169082568807e-10,0.0,1.216169082568807e-10,0.997952,0.989976,True,True,True,0.12637190066666693,0.04249999999999393,0.4191545871559648,0.4191545871559648,True,True,True,True,True,1.0071810749785906,0.7142857142857142
0.96,1.05,0.64,0.2,0.1,0.952,0.9359999999999999,2.53079115702e-05,0.24377,1.1996599999999997e-10,0.0,1.1996599999999997e-10,0.997952,0.989976,True,True,True,0.12637190066666693,0.04249999999999393,0.5017000000000013,0.5017000000000013,True,True,True,True,True,1.1722719006666633,0.7142857142857142
0.96,1.05,0.66,0.2,0.1,0.952,0.9359999999999999,2.53079115702e-05,0.24377,1.1835931249999998e-10,0.0,1.1835931249999998e-10,0.997952,0.989976,True,True,True,0.12637190066666693,0.04249999999999393,0.5820343750000005,0.5820343750000005,True,True,True,True,True,1.332940650666662,0.7142857142857142
0.96,1.05,0.68,0.2,0.1,0.952,0.9359999999999999,2.53079115702e-05,0.24377,1.167950925110132e-10,0.0,1.167950925110132e-10,0.997952,0.989976,True,True,True,0.12637190066666693,0.04249999999999393,0.66024537444934,0.66024537444934,True,True,True,True,True,1.4893626495653407,0.7142857142857142
0.96,1.05,0.7,0.2,0.1,0.952,0.9359999999999999,2.53079115702e-05,0.24377,1.1527167826086956e-10,0.0,1.1527167826086956e-10,0.997952,0.989976,True,True,True,0.12637190066666693,0.04249999999999393,0.7364160869565217,0.7364160869565217,True,True,True,True,True,1.6417040745797042,0.7142857142857142
0.96,1.05,0.72,0.2,0.1,0.952,0.9359999999999999,2.53079115702e-05,0.24377,1.1378749356223175e-10,0.0,1.1378749356223175e-10,0.997952,0.989976,True,True,True,0.12637190066666693,0.04249999999999393,0.8106253218884121,0.8106253218884121,True,True,True,True,True,1.790122544443485,0.7142857142857142
0.96,1.07,0.56,0.2,0.1,0.952,0.9359999999999999,2.53079115702e-05,0.24377,1.2809159999999999e-10,0.0,1.2809159999999999e-10,0.997952,0.989976,True,True,True,0.12637190066666693,0.04249999999999393,0.09542000000000019,0.09542000000000019,True,True,True,True,True,0.3597119006666612,0.7142857142857142
0.96,1.07,0.58,0.2,0.1,0.952,0.9359999999999999,2.53079115702e-05,0.24377,1.2627898301886793e-10,0.0,1.2627898301886793e-10,0.997952,0.989976,True,True,True,0.12637190066666693,0.04249999999999393,0.1860508490566031,0.1860508490566031,True,True,True,True,True,0.5409735987798671,0.7142857142857142
0.96,1.07,0.6,0.2,0.1,0.952,0.9359999999999999,2.53079115702e-05,0.24377,1.2451695069767443e-10,0.0,1.2451695069767443e-10,0.997952,0.989976,True,True,True,0.12637190066666693,0.04249999999999393,0.27415246511627783,0.27415246511627783,True,True,True,True,True,0.7171768308992166,0.7142857142857142
0.96,1.07,0.62,0.2,0.1,0.952,0.9359999999999999,2.53079115702e-05,0.24377,1.2280341467889908e-10,0.0,1.2280341467889908e-10,0.997952,0.989976,True,True,True,0.12637190066666693,0.04249999999999393,0.3598292660550457,0.3598292660550457,True,True,True,True,True,0.8885304327767523,0.7142857142857142
0.96,1.07,0.64,0.2,0.1,0.952,0.9359999999999999,2.53079115702e-05,0.24377,1.211364e-10,0.0,1.211364e-10,0.997952,0.989976,True,True,True,0.12637190066666693,0.04249999999999393,0.4431799999999997,0.4431799999999997,True,True,True,True,True,1.0552319006666602,0.7142857142857142
0.96,1.07,0.66,0.2,0.1,0.952,0.9359999999999999,2.53079115702e-05,0.24377,1.1951403749999998e-10,0.0,1.1951403749999998e-10,0.997952,0.989976,True,True,True,0.12637190066666693,0.04249999999999393,0.5242981250000006,0.5242981250000006,True,True,True,True,True,1.217468150666662,0.7142857142857142
0.96,1.07,0.68,0.2,0.1,0.952,0.9359999999999999,2.53079115702e-05,0.24377,1.1793455682819382e-10,0.0,1.1793455682819382e-10,0.997952,0.989976,True,True,True,0.12637190066666693,0.04249999999999393,0.6032721585903084,0.6032721585903084,True,True,True,True,True,1.3754162178472775,0.7142857142857142
0.96,1.07,0.7,0.2,0.1,0.952,0.9359999999999999,2.53079115702e-05,0.24377,1.1639628e-10,0.0,1.1639628e-10,0.997952,0.989976,True,True,True,0.12637190066666693,0.04249999999999393,0.6801859999999993,0.6801859999999993,True,True,True,True,True,1.5292439006666594,0.7142857142857142
0.96,1.07,0.72,0.2,0.1,0.952,0.9359999999999999,2.53079115702e-05,0.24377,1.1489761545064378e-10,0.0,1.1489761545064378e-10,0.997952,0.989976,True,True,True,0.12637190066666693,0.04249999999999393,0.7551192274678105,0.7551192274678105,True,True,True,True,True,1.6791103556022817,0.7142857142857142
0.96,1.09,0.56,0.2,0.1,0.952,0.9359999999999999,2.53079115702e-05,0.24377,1.2932919999999996e-10,0.0,1.2932919999999996e-10,0.997952,0.989976,True,True,True,0.12637190066666693,0.04249999999999393,0.033540000000001575,0.033540000000001575,True,True,True,True,True,0.235951900666664,0.7142857142857142
0.96,1.09,0.58,0.2,0.1,0.952,0.9359999999999999,2.53079115702e-05,0.24377,1.2749906981132071e-10,0.0,1.2749906981132071e-10,0.997952,0.989976,True,True,True,0.12637190066666693,0.04249999999999393,0.12504650943396378,0.12504650943396378,True,True,True,True,True,0.4189649195345884,0.7142857142857142
0.96,1.09,0.6,0.2,0.1,0.952,0.9359999999999999,2.53079115702e-05,0.24377,1.257200130232558e-10,0.0,1.257200130232558e-10,0.997952,0.989976,True,True,True,0.12637190066666693,0.04249999999999393,0.21399934883720942,0.21399934883720942,True,True,True,True,True,0.5968705983410797,0.7142857142857142
0.96,1.09,0.62,0.2,0.1,0.952,0.9359999999999999,2.53079115702e-05,0.24377,1.239899211009174e-10,0.0,1.239899211009174e-10,0.997952,0.989976,True,True,True,0.12637190066666693,0.04249999999999393,0.3005039449541292,0.3005039449541292,True,True,True,True,True,0.7698797905749193,0.7142857142857142
0.96,1.09,0.64,0.2,0.1,0.952,0.9359999999999999,2.53079115702e-05,0.24377,1.2230679999999998e-10,0.0,1.2230679999999998e-10,0.997952,0.989976,True,True,True,0.12637190066666693,0.04249999999999393,0.38466000000000067,0.38466000000000067,True,True,True,True,True,0.9381919006666621,0.7142857142857142
0.96,1.09,0.66,0.2,0.1,0.952,0.9359999999999999,2.53079115702e-05,0.24377,1.2066876249999998e-10,0.0,1.2066876249999998e-10,0.997952,0.989976,True,True,True,0.12637190066666693,0.04249999999999393,0.4665618750000008,0.4665618750000008,True,True,True,True,True,1.1019956506666624,0.7142857142857142
0.96,1.09,0.68,0.2,0.1,0.952,0.9359999999999999,2.53079115702e-05,0.24377,1.1907402114537443e-10,0.0,1.1907402114537443e-10,0.997952,0.989976,True,True,True,0.12637190066666693,0.04249999999999393,0.546298942731278,0.546298942731278,True,True,True,True,True,1.2614697861292168,0.7142857142857142
0.96,1.09,0.7,0.2,0.1,0.952,0.9359999999999999,2.53079115702e-05,0.24377,1.1752088173913043e-10,0.0,1.1752088173913043e-10,0.997952,0.989976,True,True,True,0.12637190066666693,0.04249999999999393,0.6239559130434783,0.6239559130434783,True,True,True,True,True,1.4167837267536174,0.7142857142857142
0.96,1.09,0.72,0.2,0.1,0.952,0.9359999999999999,2.53079115702e-05,0.24377,1.1600773733905578e-10,0.0,1.1600773733905578e-10,0.997952,0.989976,True,True,True,0.12637190066666693,0.04249999999999393,0.6996131330472107,0.6996131330472107,True,True,True,True,True,1.5680981667610823,0.7142857142857142
0.96,1.11,0.56,0.2,0.1,0.952,0.9359999999999999,2.53079115702e-05,0.24377,1.3056679999999998e-10,0.0,1.3056679999999998e-10,0.997952,0.989976,True,True,True,0.12637190066666693,0.04249999999999393,0.028339999999999615,0.028339999999999615,True,True,True,True,True,0.2255519006666601,0.7142857142857142
0.96,1.11,0.58,0.2,0.1,0.952,0.9359999999999999,2.53079115702e-05,0.24377,1.2871915660377358e-10,0.0,1.2871915660377358e-10,0.997952,0.989976,True,True,True,0.12637190066666693,0.04249999999999393,0.06404216981132059,0.06404216981132059,True,True,True,True,True,0.29695624028930206,0.7142857142857142
0.96,1.11,0.6,0.2,0.1,0.952,0.9359999999999999,2.53079115702e-05,0.24377,1.2692307534883722e-10,0.0,1.2692307534883722e-10,0.997952,0.989976,True,True,True,0.12637190066666693,0.04249999999999393,0.1538462325581384,0.1538462325581384,True,True,True,True,True,0.47656436578293765,0.7142857142857142
0.96,1.11,0.62,0.2,0.1,0.952,0.9359999999999999,2.53079115702e-05,0.24377,1.2517642752293576e-10,0.0,1.2517642752293576e-10,0.997952,0.989976,True,True,True,0.12637190066666693,0.04249999999999393,0.24117862385321134,0.24117862385321134,True,True,True,True,True,0.6512291483730835,0.7142857142857142
0.96,1.11,0.64,0.2,0.1,0.952,0.9359999999999999,2.53079115702e-05,0.24377,1.234772e-10,0.0,1.234772e-10,0.997952,0.989976,True,True,True,0.12637190066666693,0.04249999999999393,0.3261399999999991,0.3261399999999991,True,True,True,True,True,0.821151900666659,0.7142857142857142
0.96,1.11,0.66,0.2,0.1,0.952,0.9359999999999999,2.53079115702e-05,0.24377,1.218234875e-10,0.0,1.218234875e-10,0.997952,0.989976,True,True,True,0.12637190066666693,0.04249999999999393,0.4088256249999996,0.4088256249999996,True,True,True,True,True,0.9865231506666601,0.7142857142857142
0.96,1.11,0.68,0.2,0.1,0.952,0.9359999999999999,2.53079115702e-05,0.24377,1.2021348546255506e-10,0.0,1.2021348546255506e-10,0.997952,0.989976,True,True,True,0.12637190066666693,0.04249999999999393,0.48932572687224646,0.48932572687224646,True,True,True,True,True,1.1475233544111538,0.7142857142857142
0.96,1.11,0.7,0.2,0.1,0.952,0.9359999999999999,2.53079115702e-05,0.24377,1.186454834782609e-10,0.0,1.186454834782609e-10,0.997952,0.989976,True,True,True,0.12637190066666693,0.04249999999999393,0.5677258260869547,0.5677258260869547,True,True,True,True,True,1.30432355284057,0.7142857142857142
0.96,1.11,0.72,0.2,0.1,0.952,0.9359999999999999,2.53079115702e-05,0.24377,1.171178592274678e-10,0.0,1.171178592274678e-10,0.997952,0.989976,True,True,True,0.12637190066666693,0.04249999999999393,0.6441070386266091,0.6441070386266091,True,True,True,True,True,1.457085977919879,0.7142857142857142
0.96,1.13,0.56,0.2,0.1,0.952,0.9359999999999999,2.53079115702e-05,0.24377,1.3180439999999995e-10,0.0,1.3180439999999995e-10,0.997952,0.989976,True,True,True,0.12637190066666693,0.04249999999999393,0.09021999999999822,0.09021999999999822,True,True,True,True,True,0.3493119006666573,0.7142857142857142
0.96,1.13,0.58,0.2,0.1,0.952,0.9359999999999999,2.53079115702e-05,0.24377,1.299392433962264e-10,0.0,1.299392433962264e-10,0.997952,0.989976,True,True,True,0.12637190066666693,0.04249999999999393,0.003037830188679973,0.003037830188679973,True,True,True,True,True,0.17494756104402082,0.7142857142857142
0.96,1.13,0.6,0.2,0.1,0.952,0.9359999999999999,2.53079115702e-05,0.24377,1.281261376744186e-10,0.0,1.281261376744186e-10,0.997952,0.989976,True,True,True,0.12637190066666693,0.04249999999999393,0.09369311627907,0.09369311627907,True,True,True,True,True,0.3562581332248009,0.7142857142857142
0.96,1.13,0.62,0.2,0.1,0.952,0.9359999999999999,2.53079115702e-05,0.24377,1.263629339449541e-10,0.0,1.263629339449541e-10,0.997952,0.989976,True,True,True,0.12637190066666693,0.04249999999999393,0.18185330275229483,0.18185330275229483,True,True,True,True,True,0.5325785061712505,0.7142857142857142
0.96,1.13,0.64,0.2,0.1,0.952,0.9359999999999999,2.53079115702e-05,0.24377,1.246476e-10,0.0,1.246476e-10,0.997952,0.989976,True,True,True,0.12637190066666693,0.04249999999999393,0.26762000000000014,0.26762000000000014,True,True,True,True,True,0.7041119006666612,0.7142857142857142
0.96,1.13,0.66,0.2,0.1,0.952,0.9359999999999999,2.53079115702e-05,0.24377,1.2297821249999997e-10,0.0,1.2297821249999997e-10,0.997952,0.989976,True,True,True,0.12637190066666693,0.04249999999999393,0.351089375000001,0.351089375000001,True,True,True,True,True,0.8710506506666629,0.7142857142857142
0.96,1.13,0.68,0.2,0.1,0.952,0.9359999999999999,2.53079115702e-05,0.24377,1.2135294977973567e-10,0.0,1.2135294977973567e-10,0.997952,0.989976,True,True,True,0.12637190066666693,0.04249999999999393,0.43235251101321615,0.43235251101321615,True,True,True,True,True,1.033576922693093,0.7142857142857142
0.96,1.13,0.7,0.2,0.1,0.952,0.9359999999999999,2.53079115702e-05,0.24377,1.197700852173913e-10,0.0,1.197700852173913e-10,0.997952,0.989976,True,True,True,0.12637190066666693,0.04249999999999393,0.5114957391304349,0.5114957391304349,True,True,True,True,True,1.1918633789275306,0.7142857142857142
0.96,1.13,0.72,0.2,0.1,0.952,0.9359999999999999,2.53079115702e-05,0.24377,1.1822798111587982e-10,0.0,1.1822798111587982e-10,0.997952,0.989976,True,True,True,0.12637190066666693,0.04249999999999393,0.5886009442060088,0.5886009442060088,True,True,True,True,True,1.3460737890786785,0.7142857142857142
0.96,1.15,0.56,0.2,0.1,0.952,0.9359999999999999,2.53079115702e-05,0.24377,1.3304199999999995e-10,0.0,1.3304199999999995e-10,0.997952,0.989976,True,True,True,0.12637190066666693,0.04249999999999393,0.15209999999999813,0.15209999999999813,True,True,True,True,True,0.4730719006666571,0.7142857142857142
0.96,1.15,0.58,0.2,0.1,0.952,0.9359999999999999,2.53079115702e-05,0.24377,1.311593301886792e-10,0.0,1.311593301886792e-10,0.997952,0.989976,True,True,True,0.12637190066666693,0.04249999999999393,0.057966509433960645,0.057966509433960645,True,True,True,True,True,0.28480491953458215,0.7142857142857142
0.96,1.15,0.6,0.2,0.1,0.952,0.9359999999999999,2.53079115702e-05,0.24377,1.2932919999999996e-10,0.0,1.2932919999999996e-10,0.997952,0.989976,True,True,True,0.12637190066666693,0.04249999999999393,0.033540000000001575,0.033540000000001575,True,True,True,True,True,0.235951900666664,0.7142857142857142
0.96,1.15,0.62,0.2,0.1,0.952,0.9359999999999999,2.53079115702e-05,0.24377,1.2754944036697245e-10,0.0,1.2754944036697245e-10,0.997952,0.989976,True,True,True,0.12637190066666693,0.04249999999999393,0.12252798165137702,0.12252798165137702,True,True,True,True,True,0.4139278639694149,0.7142857142857142
0.96,1.15,0.64,0.2,0.1,0.952,0.9359999999999999,2.53079115702e-05,0.24377,1.2581799999999997e-10,0.0,1.2581799999999997e-10,0.997952,0.989976,True,True,True,0.12637190066666693,0.04249999999999393,0.20910000000000112,0.20910000000000112,True,True,True,True,True,0.5870719006666631,0.7142857142857142
0.96,1.15,0.66,0.2,0.1,0.952,0.9359999999999999,2.53079115702e-05,0.24377,1.2413293749999997e-10,0.0,1.2413293749999997e-10,0.997952,0.989976,True,True,True,0.12637190066666693,0.04249999999999393,0.2933531250000011,0.2933531250000011,True,True,True,True,True,0.755578150666663,0.7142857142857142
0.96,1.15,0.68,0.2,0.1,0.952,0.9359999999999999,2.53079115702e-05,0.24377,1.2249241409691627e-10,0.0,1.2249241409691627e-10,0.997952,0.989976,True,True,True,0.12637190066666693,0.04249999999999393,0.3753792951541859,0.3753792951541859,True,True,True,True,True,0.9196304909750326,0.7142857142857142
0.96,1.15,0.7,0.2,0.1,0.952,0.9359999999999999,2.53079115702e-05,0.24377,1.2089468695652171e-10,0.0,1.2089468695652171e-10,0.997952,0.989976,True,True,True,0.12637190066666693,0.04249999999999393,0.4552656521739139,0.4552656521739139,True,True,True,True,True,1.0794032050144886,0.7142857142857142
0.96,1.15,0.72,0.2,0.1,0.952,0.9359999999999999,2.53079115702e-05,0.24377,1.1933810300429182e-10,0.0,1.1933810300429182e-10,0.997952,0.989976,True,True,True,0.12637190066666693,0.04249999999999393,0.5330948497854084,0.5330948497854084,True,True,True,True,True,1.2350616002374777,0.7142857142857142
0.97,1.03,0.56,0.2,0.1,0.952,0.9359999999999999,2.5306646427650003e-05,0.24378,1.2599782631578946e-10,0.0,1.2599782631578946e-10,0.999964,0.992982,True,True,True,0.12215475883334222,0.04499999999999643,0.2001086842105264,0.2001086842105264,True,True,True,True,True,0.5673721272543915,0.7142857142857142
0.97,1.03,0.58,0.2,0.1,0.952,0.9359999999999999,2.5306646427650003e-05,0.24378,1.2421483820754718e-10,0.0,1.2421483820754718e-10,0.999964,0.992982,True,True,True,0.12215475883334222,0.04499999999999643,0.2892580896226405,0.2892580896226405,True,True,True,True,True,0.7456709380786196,0.7142857142857142
0.97,1.03,0.6,0.2,0.1,0.952,0.9359999999999999,2.5306646427650003e-05,0.24378,1.2248160790697674e-10,0.0,1.2248160790697674e-10,0.999964,0.992982,True,True,True,0.12215475883334222,0.04499999999999643,0.3759196046511626,0.3759196046511626,True,True,True,True,True,0.9189939681356638,0.7142857142857142
0.97,1.03,0.62,0.2,0.1,0.952,0.9359999999999999,2.5306646427650003e-05,0.24378,1.2079608119266057e-10,0.0,1.2079608119266057e-10,0.999964,0.992982,True,True,True,0.12215475883334222,0.04499999999999643,0.4601959403669712,0.4601959403669712,True,True,True,True,True,1.087546639567281,0.7142857142857142
0.97,1.03,0.64,0.2,0.1,0.952,0.9359999999999999,2.5306646427650003e-05,0.24378,1.191563153846154e-10,0.0,1.191563153846154e-10,0.999964,0.992982,True,True,True,0.12215475883334222,0.04499999999999643,0.5421842307692302,0.5421842307692302,True,True,True,True,True,1.251523220371799,0.7142857142857142
0.97,1.03,0.66,0.2,0.1,0.952,0.9359999999999999,2.5306646427650003e-05,0.24378,1.17560471875e-10,0.0,1.17560471875e-10,0.999964,0.992982,True,True,True,0.12215475883334222,0.04499999999999643,0.6219764062499995,0.6219764062499995,True,True,True,True,True,1.4111075713333376,0.7142857142857142
0.97,1.03,0.68,0.2,0.1,0.952,0.9359999999999999,2.5306646427650003e-05,0.24378,1.1600680925110132e-10,0.0,1.1600680925110132e-10,0.999964,0.992982,True,True,True,0.12215475883334222,0.04499999999999643,0.6996595374449336,0.6996595374449336,True,True,True,True,True,1.5664738337232058,0.7142857142857142
0.97,1.03,0.7,0.2,0.1,0.952,0.9359999999999999,2.5306646427650003e-05,0.24378,1.1449367695652174e-10,0.0,1.1449367695652174e-10,0.999964,0.992982,True,True,True,0.12215475883334222,0.04499999999999643,0.7753161521739126,0.7753161521739126,True,True,True,True,True,1.7177870631811638,0.7142857142857142
0.97,1.03,0.72,0.2,0.1,0.952,0.9359999999999999,2.5306646427650003e-05,0.24378,1.1301950944206009e-10,0.0,1.1301950944206009e-10,0.999964,0.992982,True,True,True,0.12215475883334222,0.04499999999999643,0.8490245278969952,0.8490245278969952,True,True,True,True,True,1.865203814627329,0.7142857142857142
0.97,1.05,0.56,0.2,0.1,0.952,0.9359999999999999,2.5306646427650003e-05,0.24378,1.2723918421052627e-10,0.0,1.2723918421052627e-10,0.999964,0.992982,True,True,True,0.12215475883334222,0.04499999999999643,0.1380407894736862,0.1380407894736862,True,True,True,True,True,0.44323633778071103,0.7142857142857142
0.97,1.05,0.58,0.2,0.1,0.952,0.9359999999999999,2.5306646427650003e-05,0.24378,1.2543862971698112e-10,0.0,1.2543862971698112e-10,0.999964,0.992982,True,True,True,0.12215475883334222,0.04499999999999643,0.22806851415094376,0.22806851415094376,True,True,True,True,True,0.6232917871352261,0.7142857142857142
0.97,1.05,0.6,0.2,0.1,0.952,0.9359999999999999,2.5306646427650003e-05,0.24378,1.2368832325581394e-10,0.0,1.2368832325581394e-10,0.999964,0.992982,True,True,True,0.12215475883334222,0.04499999999999643,0.31558383720930266,0.31558383720930266,True,True,True,True,True,0.798322433251944,0.7142857142857142
0.97,1.05,0.62,0.2,0.1,0.952,0.9359999999999999,2.5306646427650003e-05,0.24378,1.2198619036697244e-10,0.0,1.2198619036697244e-10,0.999964,0.992982,True,True,True,0.12215475883334222,0.04499999999999643,0.4006904816513774,0.4006904816513774,True,True,True,True,True,0.9685357221360935,0.7142857142857142
0.97,1.05,0.64,0.2,0.1,0.952,0.9359999999999999,2.5306646427650003e-05,0.24378,1.203302692307692e-10,0.0,1.203302692307692e-10,0.999964,0.992982,True,True,True,0.12215475883334222,0.04499999999999643,0.4834865384615393,0.4834865384615393,True,True,True,True,True,1.134127835756417,0.7142857142857142
0.97,1.05,0.66,0.2,0.1,0.952,0.9359999999999999,2.5306646427650003e-05,0.24378,1.1871870312499998e-10,0.0,1.1871870312499998e-10,0.999964,0.992982,True,True,True,0.12215475883334222,0.04499999999999643,0.5640648437500007,0.5640648437500007,True,True,True,True,True,1.29528444633334,0.7142857142857142
0.97,1.05,0.68,0.2,0.1,0.952,0.9359999999999999,2.5306646427650003e-05,0.24378,1.171497334801762e-10,0.0,1.171497334801762e-10,0.999964,0.992982,True,True,True,0.12215475883334222,0.04499999999999643,0.6425133259911896,0.6425133259911896,True,True,True,True,True,1.4521814108157178,0.7142857142857142
0.97,1.05,0.7,0.2,0.1,0.952,0.9359999999999999,2.5306646427650003e-05,0.24378,1.1562169347826084e-10,0.0,1.1562169347826084e-10,0.999964,0.992982,True,True,True,0.12215475883334222,0.04499999999999643,0.7189153260869577,0.7189153260869577,True,True,True,True,True,1.6049854110072541,0.7142857142857142
0.97,1.05,0.72,0.2,0.1,0.952,0.9359999999999999,2.5306646427650003e-05,0.24378,1.1413300214592274e-10,0.0,1.1413300214592274e-10,0.999964,0.992982,True,True,True,0.12215475883334222,0.04499999999999643,0.7933498927038627,0.7933498927038627,True,True,True,True,True,1.753854544241064,0.7142857142857142
0.97,1.07,0.56,0.2,0.1,0.952,0.9359999999999999,2.5306646427650003e-05,0.24378,1.2848054210526312e-10,0.0,1.2848054210526312e-10,0.999964,0.992982,True,True,True,0.12215475883334222,0.04499999999999643,0.07597289473684342,0.07597289473684342,True,True,True,True,True,0.3191005483070255,0.7142857142857142
0.97,1.07,0.58,0.2,0.1,0.952,0.9359999999999999,2.5306646427650003e-05,0.24378,1.2666242122641508e-10,0.0,1.2666242122641508e-10,0.999964,0.992982,True,True,True,0.12215475883334222,0.04499999999999643,0.16687893867924572,0.16687893867924572,True,True,True,True,True,0.5009126361918301,0.7142857142857142
0.97,1.07,0.6,0.2,0.1,0.952,0.9359999999999999,2.5306646427650003e-05,0.24378,1.2489503860465116e-10,0.0,1.2489503860465116e-10,0.999964,0.992982,True,True,True,0.12215475883334222,0.04499999999999643,0.2552480697674415,0.2552480697674415,True,True,True,True,True,0.6776508983682217,0.7142857142857142
0.97,1.07,0.62,0.2,0.1,0.952,0.9359999999999999,2.5306646427650003e-05,0.24378,1.231762995412844e-10,0.0,1.231762995412844e-10,0.999964,0.992982,True,True,True,0.12215475883334222,0.04499999999999643,0.3411850229357796,0.3411850229357796,True,True,True,True,True,0.8495248047048978,0.7142857142857142
0.97,1.07,0.64,0.2,0.1,0.952,0.9359999999999999,2.5306646427650003e-05,0.24378,1.2150422307692307e-10,0.0,1.2150422307692307e-10,0.999964,0.992982,True,True,True,0.12215475883334222,0.04499999999999643,0.4247888461538458,0.4247888461538458,True,True,True,True,True,1.0167324511410303,0.7142857142857142
0.97,1.07,0.66,0.2,0.1,0.952,0.9359999999999999,2.5306646427650003e-05,0.24378,1.1987693437499998e-10,0.0,1.1987693437499998e-10,0.999964,0.992982,True,True,True,0.12215475883334222,0.04499999999999643,0.5061532812500004,0.5061532812500004,True,True,True,True,True,1.1794613213333394,0.7142857142857142
0.97,1.07,0.68,0.2,0.1,0.952,0.9359999999999999,2.5306646427650003e-05,0.24378,1.182926577092511e-10,0.0,1.182926577092511e-10,0.999964,0.992982,True,True,True,0.12215475883334222,0.04499999999999643,0.585367114537445,0.585367114537445,True,True,True,True,True,1.3378889879082287,0.7142857142857142
0.97,1.07,0.7,0.2,0.1,0.952,0.9359999999999999,2.5306646427650003e-05,0.24378,1.1674971e-10,0.0,1.1674971e-10,0.999964,0.992982,True,True,True,0.12215475883334222,0.04499999999999643,0.662514499999999,0.662514499999999,True,True,True,True,True,1.4921837588333366,0.7142857142857142
0.97,1.07,0.72,0.2,0.1,0.952,0.9359999999999999,2.5306646427650003e-05,0.24378,1.1524649484978541e-10,0.0,1.1524649484978541e-10,0.999964,0.992982,True,True,True,0.12215475883334222,0.04499999999999643,0.737675257510729,0.737675257510729,True,True,True,True,True,1.6425052738547967,0.7142857142857142
0.97,1.09,0.56,0.2,0.1,0.952,0.9359999999999999,2.5306646427650003e-05,0.24378,1.2972189999999998e-10,0.0,1.2972189999999998e-10,0.999964,0.992982,True,True,True,0.12215475883334222,0.04499999999999643,0.013905000000000637,0.013905000000000637,True,True,True,True,True,0.1949647588333399,0.7142857142857142
0.97,1.09,0.58,0.2,0.1,0.952,0.9359999999999999,2.5306646427650003e-05,0.24378,1.2788621273584904e-10,0.0,1.2788621273584904e-10,0.999964,0.992982,True,True,True,0.12215475883334222,0.04499999999999643,0.10568936320754768,0.10568936320754768,True,True,True,True,True,0.378533485248434,0.7142857142857142
0.97,1.09,0.6,0.2,0.1,0.952,0.9359999999999999,2.5306646427650003e-05,0.24378,1.2610175395348836e-10,0.0,1.2610175395348836e-10,0.999964,0.992982,True,True,True,0.12215475883334222,0.04499999999999643,0.1949123023255816,0.1949123023255816,True,True,True,True,True,0.5569793634845018,0.7142857142857142
0.97,1.09,0.62,0.2,0.1,0.952,0.9359999999999999,2.5306646427650003e-05,0.24378,1.2436640871559633e-10,0.0,1.2436640871559633e-10,0.999964,0.992982,True,True,True,0.12215475883334222,0.04499999999999643,0.28167956422018325,0.28167956422018325,True,True,True,True,True,0.7305138872737051,0.7142857142857142
0.97,1.09,0.64,0.2,0.1,0.952,0.9359999999999999,2.5306646427650003e-05,0.24378,1.2267817692307692e-10,0.0,1.2267817692307692e-10,0.999964,0.992982,True,True,True,0.12215475883334222,0.04499999999999643,0.36609115384615365,0.36609115384615365,True,True,True,True,True,0.8993370665256459,0.7142857142857142
0.97,1.09,0.66,0.2,0.1,0.952,0.9359999999999999,2.5306646427650003e-05,0.24378,1.2103516562499999e-10,0.0,1.2103516562499999e-10,0.999964,0.992982,True,True,True,0.12215475883334222,0.04499999999999643,0.4482417187500002,0.4482417187500002,True,True,True,True,True,1.063638196333339,0.7142857142857142
0.97,1.09,0.68,0.2,0.1,0.952,0.9359999999999999,2.5306646427650003e-05,0.24378,1.1943558193832596e-10,0.0,1.1943558193832596e-10,0.999964,0.992982,True,True,True,0.12215475883334222,0.04499999999999643,0.5282209030837018,0.5282209030837018,True,True,True,True,True,1.2235965650007423,0.7142857142857142
0.97,1.09,0.7,0.2,0.1,0.952,0.9359999999999999,2.5306646427650003e-05,0.24378,1.178777265217391e-10,0.0,1.178777265217391e-10,0.999964,0.992982,True,True,True,0.12215475883334222,0.04499999999999643,0.6061136739130442,0.6061136739130442,True,True,True,True,True,1.379382106659427,0.7142857142857142
0.97,1.09,0.72,0.2,0.1,0.952,0.9359999999999999,2.5306646427650003e-05,0.24378,1.1635998755364806e-10,0.0,1.1635998755364806e-10,0.999964,0.992982,True,True,True,0.12215475883334222,0.04499999999999643,0.6820006223175965,0.6820006223175965,True,True,True,True,True,1.5311560034685316,0.7142857142857142
0.97,1.11,0.56,0.2,0.1,0.952,0.9359999999999999,2.5306646427650003e-05,0.24378,1.3096325789473686e-10,0.0,1.3096325789473686e-10,0.999964,0.992982,True,True,True,0.12215475883334222,0.04499999999999643,0.04816289473684344,0.04816289473684344,True,True,True,True,True,0.2634805483070255,0.7142857142857142
0.97,1.11,0.58,0.2,0.1,0.952,0.9359999999999999,2.5306646427650003e-05,0.24378,1.2911000424528305e-10,0.0,1.2911000424528305e-10,0.999964,0.992982,True,True,True,0.12215475883334222,0.04499999999999643,0.04449978773584707,0.04449978773584707,True,True,True,True,True,0.25615433430503276,0.7142857142857142
0.97,1.11,0.6,0.2,0.1,0.952,0.9359999999999999,2.5306646427650003e-05,0.24378,1.2730846930232558e-10,0.0,1.2730846930232558e-10,0.999964,0.992982,True,True,True,0.12215475883334222,0.04499999999999643,0.13457653488372043,0.13457653488372043,True,True,True,True,True,0.43630782860077955,0.7142857142857142
0.97,1.11,0.62,0.2,0.1,0.952,0.9359999999999999,2.5306646427650003e-05,0.24378,1.2555651788990825e-10,0.0,1.2555651788990825e-10,0.999964,0.992982,True,True,True,0.12215475883334222,0.04499999999999643,0.2221741055045868,0.2221741055045868,True,True,True,True,True,0.6115029698425123,0.7142857142857142
0.97,1.11,0.64,0.2,0.1,0.952,0.9359999999999999,2.5306646427650003e-05,0.24378,1.238521307692308e-10,0.0,1.238521307692308e-10,0.999964,0.992982,True,True,True,0.12215475883334222,0.04499999999999643,0.3073934615384602,0.3073934615384602,True,True,True,True,True,0.781941681910259,0.7142857142857142
0.97,1.11,0.66,0.2,0.1,0.952,0.9359999999999999,2.5306646427650003e-05,0.24378,1.22193396875e-10,0.0,1.22193396875e-10,0.999964,0.992982,True,True,True,0.12215475883334222,0.04499999999999643,0.39033015625,0.39033015625,True,True,True,True,True,0.9478150713333386,0.7142857142857142
0.97,1.11,0.68,0.2,0.1,0.952,0.9359999999999999,2.5306646427650003e-05,0.24378,1.205785061674009e-10,0.0,1.205785061674009e-10,0.999964,0.992982,True,True,True,0.12215475883334222,0.04499999999999643,0.47107469162995463,0.47107469162995463,True,True,True,True,True,1.109304142093248,0.7142857142857142
0.97,1.11,0.7,0.2,0.1,0.952,0.9359999999999999,2.5306646427650003e-05,0.24378,1.1900574304347826e-10,0.0,1.1900574304347826e-10,0.999964,0.992982,True,True,True,0.12215475883334222,0.04499999999999643,0.5497128478260866,0.5497128478260866,True,True,True,True,True,1.266580454485512,0.7142857142857142
0.97,1.11,0.72,0.2,0.1,0.952,0.9359999999999999,2.5306646427650003e-05,0.24378,1.1747348025751076e-10,0.0,1.1747348025751076e-10,0.999964,0.992982,True,True,True,0.12215475883334222,0.04499999999999643,0.6263259871244615,0.6263259871244615,True,True,True,True,True,1.4198067330822617,0.7142857142857142
0.97,1.13,0.56,0.2,0.1,0.952,0.9359999999999999,2.5306646427650003e-05,0.24378,1.3220461578947366e-10,0.0,1.3220461578947366e-10,0.999964,0.992982,True,True,True,0.12215475883334222,0.04499999999999643,0.11023078947368364,0.11023078947368364,True,True,True,True,True,0.3876163377807059,0.7142857142857142
0.97,1.13,0.58,0.2,0.1,0.952,0.9359999999999999,2.5306646427650003e-05,0.24378,1.3033379575471696e-10,0.0,1.3033379575471696e-10,0.999964,0.992982,True,True,True,0.12215475883334222,0.04499999999999643,0.01668978773584838,0.01668978773584838,True,True,True,True,True,0.20053433430503542,0.7142857142857142
0.97,1.13,0.6,0.2,0.1,0.952,0.9359999999999999,2.5306646427650003e-05,0.24378,1.2851518465116278e-10,0.0,1.2851518465116278e-10,0.999964,0.992982,True,True,True,0.12215475883334222,0.04499999999999643,0.07424076744186053,0.07424076744186053,True,True,True,True,True,0.3156362937170597,0.7142857142857142
0.97,1.13,0.62,0.2,0.1,0.952,0.9359999999999999,2.5306646427650003e-05,0.24378,1.2674662706422016e-10,0.0,1.2674662706422016e-10,0.999964,0.992982,True,True,True,0.12215475883334222,0.04499999999999643,0.16266864678899168,0.16266864678899168,True,True,True,True,True,0.492492052411322,0.7142857142857142
0.97,1.13,0.64,0.2,0.1,0.952,0.9359999999999999,2.5306646427650003e-05,0.24378,1.250260846153846e-10,0.0,1.250260846153846e-10,0.999964,0.992982,True,True,True,0.12215475883334222,0.04499999999999643,0.2486957692307693,0.2486957692307693,True,True,True,True,True,0.6645462972948772,0.7142857142857142
0.97,1.13,0.66,0.2,0.1,0.952,0.9359999999999999,2.5306646427650003e-05,0.24378,1.23351628125e-10,0.0,1.23351628125e-10,0.999964,0.992982,True,True,True,0.12215475883334222,0.04499999999999643,0.3324185937499998,0.3324185937499998,True,True,True,True,True,0.8319919463333383,0.7142857142857142
0.97,1.13,0.68,0.2,0.1,0.952,0.9359999999999999,2.5306646427650003e-05,0.24378,1.2172143039647576e-10,0.0,1.2172143039647576e-10,0.999964,0.992982,True,True,True,0.12215475883334222,0.04499999999999643,0.41392848017621137,0.41392848017621137,True,True,True,True,True,0.9950117191857613,0.7142857142857142
0.97,1.13,0.7,0.2,0.1,0.952,0.9359999999999999,2.5306646427650003e-05,0.24378,1.201337595652174e-10,0.0,1.201337595652174e-10,0.999964,0.992982,True,True,True,0.12215475883334222,0.04499999999999643,0.49331202173912925,0.49331202173912925,True,True,True,True,True,1.1537788023115971,0.7142857142857142
0.97,1.13,0.72,0.2,0.1,0.952,0.9359999999999999,2.5306646427650003e-05,0.24378,1.1858697296137338e-10,0.0,1.1858697296137338e-10,0.999964,0.992982,True,True,True,0.12215475883334222,0.04499999999999643,0.5706513519313303,0.5706513519313303,True,True,True,True,True,1.3084574626959993,0.7142857142857142
0.97,1.15,0.56,0.2,0.1,0.952,0.9359999999999999,2.5306646427650003e-05,0.24378,1.3344597368421052e-10,0.0,1.3344597368421052e-10,0.999964,0.992982,True,True,True,0.12215475883334222,0.04499999999999643,0.17229868421052644,0.17229868421052644,True,True,True,True,True,0.5117521272543915,0.7142857142857142
0.97,1.15,0.58,0.2,0.1,0.952,0.9359999999999999,2.5306646427650003e-05,0.24378,1.3155758726415094e-10,0.0,1.3155758726415094e-10,0.999964,0.992982,True,True,True,0.12215475883334222,0.04499999999999643,0.07787936320754771,0.07787936320754771,True,True,True,True,True,0.32291348524843405,0.7142857142857142
0.97,1.15,0.6,0.2,0.1,0.952,0.9359999999999999,2.5306646427650003e-05,0.24378,1.297219e-10,0.0,1.297219e-10,0.999964,0.992982,True,True,True,0.12215475883334222,0.04499999999999643,0.013904999999999345,0.013904999999999345,True,True,True,True,True,0.1949647588333373,0.7142857142857142
0.97,1.15,0.62,0.2,0.1,0.952,0.9359999999999999,2.5306646427650003e-05,0.24378,1.279367362385321e-10,0.0,1.279367362385321e-10,0.999964,0.992982,True,True,True,0.12215475883334222,0.04499999999999643,0.10316318807339397,0.10316318807339397,True,True,True,True,True,0.3734811349801266,0.7142857142857142
0.97,1.15,0.64,0.2,0.1,0.952,0.9359999999999999,2.5306646427650003e-05,0.24378,1.2620003846153847e-10,0.0,1.2620003846153847e-10,0.999964,0.992982,True,True,True,0.12215475883334222,0.04499999999999643,0.18999807692307585,0.18999807692307585,True,True,True,True,True,0.5471509126794903,0.7142857142857142
0.97,1.15,0.66,0.2,0.1,0.952,0.9359999999999999,2.5306646427650003e-05,0.24378,1.2450985937499997e-10,0.0,1.2450985937499997e-10,0.999964,0.992982,True,True,True,0.12215475883334222,0.04499999999999643,0.2745070312500009,0.2745070312500009,True,True,True,True,True,0.7161688213333405,0.7142857142857142
0.97,1.15,0.68,0.2,0.1,0.952,0.9359999999999999,2.5306646427650003e-05,0.24378,1.2286435462555066e-10,0.0,1.2286435462555066e-10,0.999964,0.992982,True,True,True,0.12215475883334222,0.04499999999999643,0.35678226872246677,0.35678226872246677,True,True,True,True,True,0.8807192962782722,0.7142857142857142
0.97,1.15,0.7,0.2,0.1,0.952,0.9359999999999999,2.5306646427650003e-05,0.24378,1.2126177608695653e-10,0.0,1.2126177608695653e-10,0.999964,0.992982,True,True,True,0.12215475883334222,0.04499999999999643,0.4369111956521731,0.4369111956521731,True,True,True,True,True,1.040977150137685,0.7142857142857142
0.97,1.15,0.72,0.2,0.1,0.952,0.9359999999999999,2.5306646427650003e-05,0.24378,1.1970046566523606e-10,0.0,1.1970046566523606e-10,0.999964,0.992982,True,True,True,0.12215475883334222,0.04499999999999643,0.5149767167381966,0.5149767167381966,True,True,True,True,True,1.1971081923097318,0.7142857142857142
0.98,1.03,0.56,0.2,0.1,0.952,0.9359999999999999,2.5305381285100002e-05,0.24379,1.2637925263157893e-10,0.0,1.2637925263157893e-10,1.001976,0.995988,True,True,True,0.11793761700000623,0.04749999999999893,0.18103736842105284,0.18103736842105284,True,True,True,True,True,0.5275123538421108,0.7142857142857142
0.98,1.03,0.58,0.2,0.1,0.952,0.9359999999999999,2.5305381285100002e-05,0.24379,1.2459086698113208e-10,0.0,1.2459086698113208e-10,1.001976,0.995988,True,True,True,0.11793761700000623,0.04749999999999893,0.2704566509433953,0.2704566509433953,True,True,True,True,True,0.7063509188867958,0.7142857142857142
0.98,1.03,0.6,0.2,0.1,0.952,0.9359999999999999,2.5305381285100002e-05,0.24379,1.2285238976744186e-10,0.0,1.2285238976744186e-10,1.001976,0.995988,True,True,True,0.11793761700000623,0.04749999999999893,0.3573805116279066,0.3573805116279066,True,True,True,True,True,0.8801986402558184,0.7142857142857142
0.98,1.03,0.62,0.2,0.1,0.952,0.9359999999999999,2.5305381285100002e-05,0.24379,1.2116176055045872e-10,0.0,1.2116176055045872e-10,1.001976,0.995988,True,True,True,0.11793761700000623,0.04749999999999893,0.44191197247706365,0.44191197247706365,True,True,True,True,True,1.0492615619541326,0.7142857142857142
0.98,1.03,0.64,0.2,0.1,0.952,0.9359999999999999,2.5305381285100002e-05,0.24379,1.1951703076923076e-10,0.0,1.1951703076923076e-10,1.001976,0.995988,True,True,True,0.11793761700000623,0.04749999999999893,0.5241484615384613,0.5241484615384613,True,True,True,True,True,1.2137345400769277,0.7142857142857142
0.98,1.03,0.66,0.2,0.1,0.952,0.9359999999999999,2.5305381285100002e-05,0.24379,1.1791635625e-10,0.0,1.1791635625e-10,1.001976,0.995988,True,True,True,0.11793761700000623,0.04749999999999893,0.6041821874999999,0.6041821874999999,True,True,True,True,True,1.3738019920000049,0.7142857142857142
0.98,1.03,0.68,0.2,0.1,0.952,0.9359999999999999,2.5305381285100002e-05,0.24379,1.1635799030837004e-10,0.0,1.1635799030837004e-10,1.001976,0.995988,True,True,True,0.11793761700000623,0.04749999999999893,0.6821004845814976,0.6821004845814976,True,True,True,True,True,1.5296385861630004,0.7142857142857142
0.98,1.03,0.7,0.2,0.1,0.952,0.9359999999999999,2.5305381285100002e-05,0.24379,1.1484027739130434e-10,0.0,1.1484027739130434e-10,1.001976,0.995988,True,True,True,0.11793761700000623,0.04749999999999893,0.7579861304347826,0.7579861304347826,True,True,True,True,True,1.6814098778695703,0.7142857142857142
0.98,1.03,0.72,0.2,0.1,0.952,0.9359999999999999,2.5305381285100002e-05,0.24379,1.1336164721030044e-10,0.0,1.1336164721030044e-10,1.001976,0.995988,True,True,True,0.11793761700000623,0.04749999999999893,0.8319176394849773,0.8319176394849773,True,True,True,True,True,1.8292728959699598,0.7142857142857142
0.98,1.05,0.56,0.2,0.1,0.952,0.9359999999999999,2.5305381285100002e-05,0.24379,1.276243684210526e-10,0.0,1.276243684210526e-10,1.001976,0.995988,True,True,True,0.11793761700000623,0.04749999999999893,0.11878157894736975,0.11878157894736975,True,True,True,True,True,0.4030007748947446,0.7142857142857142
0.98,1.05,0.58,0.2,0.1,0.952,0.9359999999999999,2.5305381285100002e-05,0.24379,1.2581836320754714e-10,0.0,1.2581836320754714e-10,1.001976,0.995988,True,True,True,0.11793761700000623,0.04749999999999893,0.20908183962264248,0.20908183962264248,True,True,True,True,True,0.5836012962452901,0.7142857142857142
0.98,1.05,0.6,0.2,0.1,0.952,0.9359999999999999,2.5305381285100002e-05,0.24379,1.2406275813953486e-10,0.0,1.2406275813953486e-10,1.001976,0.995988,True,True,True,0.11793761700000623,0.04749999999999893,0.29686209302325656,0.29686209302325656,True,True,True,True,True,0.7591618030465183,0.7142857142857142
0.98,1.05,0.62,0.2,0.1,0.952,0.9359999999999999,2.5305381285100002e-05,0.24379,1.223554724770642e-10,0.0,1.223554724770642e-10,1.001976,0.995988,True,True,True,0.11793761700000623,0.04749999999999893,0.3822263761467899,0.3822263761467899,True,True,True,True,True,0.9298903692935849,0.7142857142857142
0.98,1.05,0.64,0.2,0.1,0.952,0.9359999999999999,2.5305381285100002e-05,0.24379,1.2069453846153845e-10,0.0,1.2069453846153845e-10,1.001976,0.995988,True,True,True,0.11793761700000623,0.04749999999999893,0.4652730769230773,0.4652730769230773,True,True,True,True,True,1.0959837708461597,0.7142857142857142
0.98,1.05,0.66,0.2,0.1,0.952,0.9359999999999999,2.5305381285100002e-05,0.24379,1.1907809374999998e-10,0.0,1.1907809374999998e-10,1.001976,0.995988,True,True,True,0.11793761700000623,0.04749999999999893,0.5460953125000007,0.5460953125000007,True,True,True,True,True,1.2576282420000064,0.7142857142857142
0.98,1.05,0.68,0.2,0.1,0.952,0.9359999999999999,2.5305381285100002e-05,0.24379,1.1750437444933918e-10,0.0,1.1750437444933918e-10,1.001976,0.995988,True,True,True,0.11793761700000623,0.04749999999999893,0.6247812775330407,0.6247812775330407,True,True,True,True,True,1.4150001720660865,0.7142857142857142
0.98,1.05,0.7,0.2,0.1,0.952,0.9359999999999999,2.5305381285100002e-05,0.24379,1.1597170869565217e-10,0.0,1.1597170869565217e-10,1.001976,0.995988,True,True,True,0.11793761700000623,0.04749999999999893,0.7014145652173912,0.7014145652173912,True,True,True,True,True,1.5682667474347876,0.7142857142857142
0.98,1.05,0.72,0.2,0.1,0.952,0.9359999999999999,2.5305381285100002e-05,0.24379,1.1447851072961374e-10,0.0,1.1447851072961374e-10,1.001976,0.995988,True,True,True,0.11793761700000623,0.04749999999999893,0.7760744635193128,0.7760744635193128,True,True,True,True,True,1.7175865440386306,0.7142857142857142
0.98,1.07,0.56,0.2,0.1,0.952,0.9359999999999999,2.5305381285100002e-05,0.24379,1.288694842105263e-10,0.0,1.288694842105263e-10,1.001976,0.995988,True,True,True,0.11793761700000623,0.04749999999999893,0.05652578947368408,0.05652578947368408,True,True,True,True,True,0.2784891959473733,0.7142857142857142
0.98,1.07,0.58,0.2,0.1,0.952,0.9359999999999999,2.5305381285100002e-05,0.24379,1.2704585943396228e-10,0.0,1.2704585943396228e-10,1.001976,0.995988,True,True,True,0.11793761700000623,0.04749999999999893,0.14770702830188573,0.14770702830188573,True,True,True,True,True,0.46085167360377666,0.7142857142857142
0.98,1.07,0.6,0.2,0.1,0.952,0.9359999999999999,2.5305381285100002e-05,0.24379,1.2527312651162791e-10,0.0,1.2527312651162791e-10,1.001976,0.995988,True,True,True,0.11793761700000623,0.04749999999999893,0.23634367441860388,0.23634367441860388,True,True,True,True,True,0.6381249658372129,0.7142857142857142
0.98,1.07,0.62,0.2,0.1,0.952,0.9359999999999999,2.5305381285100002e-05,0.24379,1.2354918440366974e-10,0.0,1.2354918440366974e-10,1.001976,0.995988,True,True,True,0.11793761700000623,0.04749999999999893,0.3225407798165123,0.3225407798165123,True,True,True,True,True,0.8105191766330297,0.7142857142857142
0.98,1.07,0.64,0.2,0.1,0.952,0.9359999999999999,2.5305381285100002e-05,0.24379,1.2187204615384618e-10,0.0,1.2187204615384618e-10,1.001976,0.995988,True,True,True,0.11793761700000623,0.04749999999999893,0.40639769230769063,0.40639769230769063,True,True,True,True,True,0.9782330016153864,0.7142857142857142
0.98,1.07,0.66,0.2,0.1,0.952,0.9359999999999999,2.5305381285100002e-05,0.24379,1.2023983125000001e-10,0.0,1.2023983125000001e-10,1.001976,0.995988,True,True,True,0.11793761700000623,0.04749999999999893,0.48800843749999884,0.48800843749999884,True,True,True,True,True,1.141454492000003,0.7142857142857142
0.98,1.07,0.68,0.2,0.1,0.952,0.9359999999999999,2.5305381285100002e-05,0.24379,1.1865075859030838e-10,0.0,1.1865075859030838e-10,1.001976,0.995988,True,True,True,0.11793761700000623,0.04749999999999893,0.5674620704845805,0.5674620704845805,True,True,True,True,True,1.3003617579691662,0.7142857142857142
0.98,1.07,0.7,0.2,0.1,0.952,0.9359999999999999,2.5305381285100002e-05,0.24379,1.1710314000000002e-10,0.0,1.1710314000000002e-10,1.001976,0.995988,True,True,True,0.11793761700000623,0.04749999999999893,0.6448429999999987,0.6448429999999987,True,True,True,True,True,1.4551236170000026,0.7142857142857142
0.98,1.07,0.72,0.2,0.1,0.952,0.9359999999999999,2.5305381285100002e-05,0.24379,1.1559537424892707e-10,0.0,1.1559537424892707e-10,1.001976,0.995988,True,True,True,0.11793761700000623,0.04749999999999893,0.7202312875536463,0.7202312875536463,True,True,True,True,True,1.6059001921072977,0.7142857142857142
0.98,1.09,0.56,0.2,0.1,0.952,0.9359999999999999,2.5305381285100002e-05,0.24379,1.3011459999999997e-10,0.0,1.3011459999999997e-10,1.001976,0.995988,True,True,True,0.11793761700000623,0.04749999999999893,0.005729999999999008,0.005729999999999008,True,True,True,True,True,0.17689761700000317,0.7142857142857142
0.98,1.09,0.58,0.2,0.1,0.952,0.9359999999999999,2.5305381285100002e-05,0.24379,1.2827335566037733e-10,0.0,1.2827335566037733e-10,1.001976,0.995988,True,True,True,0.11793761700000623,0.04749999999999893,0.08633221698113287,0.08633221698113287,True,True,True,True,True,0.33810205096227086,0.7142857142857142
0.98,1.09,0.6,0.2,0.1,0.952,0.9359999999999999,2.5305381285100002e-05,0.24379,1.264834948837209e-10,0.0,1.264834948837209e-10,1.001976,0.995988,True,True,True,0.11793761700000623,0.04749999999999893,0.1758252558139551,0.1758252558139551,True,True,True,True,True,0.5170881286279154,0.7142857142857142
0.98,1.09,0.62,0.2,0.1,0.952,0.9359999999999999,2.5305381285100002e-05,0.24379,1.247428963302752e-10,0.0,1.247428963302752e-10,1.001976,0.995988,True,True,True,0.11793761700000623,0.04749999999999893,0.2628551834862399,0.2628551834862399,True,True,True,True,True,0.6911479839724849,0.7142857142857142
0.98,1.09,0.64,0.2,0.1,0.952,0.9359999999999999,2.5305381285100002e-05,0.24379,1.2304955384615383e-10,0.0,1.2304955384615383e-10,1.001976,0.995988,True,True,True,0.11793761700000623,0.04749999999999893,0.34752230769230785,0.34752230769230785,True,True,True,True,True,0.8604822323846208,0.7142857142857142
0.98,1.09,0.66,0.2,0.1,0.952,0.9359999999999999,2.5305381285100002e-05,0.24379,1.2140156874999997e-10,0.0,1.2140156874999997e-10,1.001976,0.995988,True,True,True,0.11793761700000623,0.04749999999999893,0.42992156250000096,0.42992156250000096,True,True,True,True,True,1.0252807420000072,0.7142857142857142
0.98,1.09,0.68,0.2,0.1,0.952,0.9359999999999999,2.5305381285100002e-05,0.24379,1.1979714273127748e-10,0.0,1.1979714273127748e-10,1.001976,0.995988,True,True,True,0.11793761700000623,0.04749999999999893,0.5101428634361256,0.5101428634361256,True,True,True,True,True,1.1857233438722563,0.7142857142857142
0.98,1.09,0.7,0.2,0.1,0.952,0.9359999999999999,2.5305381285100002e-05,0.24379,1.1823457130434782e-10,0.0,1.1823457130434782e-10,1.001976,0.995988,True,True,True,0.11793761700000623,0.04749999999999893,0.5882714347826087,0.5882714347826087,True,True,True,True,True,1.3419804865652225,0.7142857142857142
0.98,1.09,0.72,0.2,0.1,0.952,0.9359999999999999,2.5305381285100002e-05,0.24379,1.1671223776824032e-10,0.0,1.1671223776824032e-10,1.001976,0.995988,True,True,True,0.11793761700000623,0.04749999999999893,0.6643881115879836,0.6643881115879836,True,True,True,True,True,1.4942138401759724,0.7142857142857142
0.98,1.11,0.56,0.2,0.1,0.952,0.9359999999999999,2.5305381285100002e-05,0.24379,1.3135971578947368e-10,0.0,1.3135971578947368e-10,1.001976,0.995988,True,True,True,0.11793761700000623,0.04749999999999893,0.06798578947368468,0.06798578947368468,True,True,True,True,True,0.3014091959473745,0.7142857142857142
0.98,1.11,0.58,0.2,0.1,0.952,0.9359999999999999,2.5305381285100002e-05,0.24379,1.2950085188679247e-10,0.0,1.2950085188679247e-10,1.001976,0.995988,True,True,True,0.11793761700000623,0.04749999999999893,0.024957405660376134,0.024957405660376134,True,True,True,True,True,0.2153524283207574,0.7142857142857142
0.98,1.11,0.6,0.2,0.1,0.952,0.9359999999999999,2.5305381285100002e-05,0.24379,1.2769386325581397e-10,0.0,1.2769386325581397e-10,1.001976,0.995988,True,True,True,0.11793761700000623,0.04749999999999893,0.11530683720930114,0.11530683720930114,True,True,True,True,True,0.3960512914186074,0.7142857142857142
0.98,1.11,0.62,0.2,0.1,0.952,0.9359999999999999,2.5305381285100002e-05,0.24379,1.2593660825688075e-10,0.0,1.2593660825688075e-10,1.001976,0.995988,True,True,True,0.11793761700000623,0.04749999999999893,0.20316958715596226,0.20316958715596226,True,True,True,True,True,0.5717767913119296,0.7142857142857142
0.98,1.11,0.64,0.2,0.1,0.952,0.9359999999999999,2.5305381285100002e-05,0.24379,1.2422706153846154e-10,0.0,1.2422706153846154e-10,1.001976,0.995988,True,True,True,0.11793761700000623,0.04749999999999893,0.2886469230769225,0.2886469230769225,True,True,True,True,True,0.7427314631538502,0.7142857142857142
0.98,1.11,0.66,0.2,0.1,0.952,0.9359999999999999,2.5305381285100002e-05,0.24379,1.2256330625e-10,0.0,1.2256330625e-10,1.001976,0.995988,True,True,True,0.11793761700000623,0.04749999999999893,0.37183468749999915,0.37183468749999915,True,True,True,True,True,0.9091069920000034,0.7142857142857142
0.98,1.11,0.68,0.2,0.1,0.952,0.9359999999999999,2.5305381285100002e-05,0.24379,1.209435268722467e-10,0.0,1.209435268722467e-10,1.001976,0.995988,True,True,True,0.11793761700000623,0.04749999999999893,0.4528236563876641,0.4528236563876641,True,True,True,True,True,1.0710849297753333,0.7142857142857142
0.98,1.11,0.7,0.2,0.1,0.952,0.9359999999999999,2.5305381285100002e-05,0.24379,1.1936600260869567e-10,0.0,1.1936600260869567e-10,1.001976,0.995988,True,True,True,0.11793761700000623,0.04749999999999893,0.5316998695652161,0.5316998695652161,True,True,True,True,True,1.2288373561304373,0.7142857142857142
0.98,1.11,0.72,0.2,0.1,0.952,0.9359999999999999,2.5305381285100002e-05,0.24379,1.1782910128755366e-10,0.0,1.1782910128755366e-10,1.001976,0.995988,True,True,True,0.11793761700000623,0.04749999999999893,0.6085449356223165,0.6085449356223165,True,True,True,True,True,1.3825274882446381,0.7142857142857142
0.98,1.13,0.56,0.2,0.1,0.952,0.9359999999999999,2.5305381285100002e-05,0.24379,1.3260483157894732e-10,0.0,1.3260483157894732e-10,1.001976,0.995988,True,True,True,0.11793761700000623,0.04749999999999893,0.1302415789473665,0.1302415789473665,True,True,True,True,True,0.4259207748947381,0.7142857142857142
0.98,1.13,0.58,0.2,0.1,0.952,0.9359999999999999,2.5305381285100002e-05,0.24379,1.307283481132075e-10,0.0,1.307283481132075e-10,1.001976,0.995988,True,True,True,0.11793761700000623,0.04749999999999893,0.03641740566037544,0.03641740566037544,True,True,True,True,True,0.238272428320756,0.7142857142857142
0.98,1.13,0.6,0.2,0.1,0.952,0.9359999999999999,2.5305381285100002e-05,0.24379,1.2890423162790694e-10,0.0,1.2890423162790694e-10,1.001976,0.995988,True,True,True,0.11793761700000623,0.04749999999999893,0.05478841860465236,0.05478841860465236,True,True,True,True,True,0.27501445420930987,0.7142857142857142
0.98,1.13,0.62,0.2,0.1,0.952,0.9359999999999999,2.5305381285100002e-05,0.24379,1.2713032018348622e-10,0.0,1.2713032018348622e-10,1.001976,0.995988,True,True,True,0.11793761700000623,0.04749999999999893,0.14348399082568855,0.14348399082568855,True,True,True,True,True,0.4524055986513822,0.7142857142857142
0.98,1.13,0.64,0.2,0.1,0.952,0.9359999999999999,2.5305381285100002e-05,0.24379,1.254045692307692e-10,0.0,1.254045692307692e-10,1.001976,0.995988,True,True,True,0.11793761700000623,0.04749999999999893,0.22977153846153978,0.22977153846153978,True,True,True,True,True,0.6249806939230846,0.7142857142857142
0.98,1.13,0.66,0.2,0.1,0.952,0.9359999999999999,2.5305381285100002e-05,0.24379,1.2372504374999997e-10,0.0,1.2372504374999997e-10,1.001976,0.995988,True,True,True,0.11793761700000623,0.04749999999999893,0.3137478125000012,0.3137478125000012,True,True,True,True,True,0.7929332420000076,0.7142857142857142
0.98,1.13,0.68,0.2,0.1,0.952,0.9359999999999999,2.5305381285100002e-05,0.24379,1.2208991101321583e-10,0.0,1.2208991101321583e-10,1.001976,0.995988,True,True,True,0.11793761700000623,0.04749999999999893,0.3955044493392078,0.3955044493392078,True,True,True,True,True,0.9564465156784208,0.7142857142857142
0.98,1.13,0.7,0.2,0.1,0.952,0.9359999999999999,2.5305381285100002e-05,0.24379,1.2049743391304347e-10,0.0,1.2049743391304347e-10,1.001976,0.995988,True,True,True,0.11793761700000623,0.04749999999999893,0.47512830434782616,0.47512830434782616,True,True,True,True,True,1.1156942256956575,0.7142857142857142
0.98,1.13,0.72,0.2,0.1,0.952,0.9359999999999999,2.5305381285100002e-05,0.24379,1.1894596480686693e-10,0.0,1.1894596480686693e-10,1.001976,0.995988,True,True,True,0.11793761700000623,0.04749999999999893,0.5527017596566531,0.5527017596566531,True,True,True,True,True,1.2708411363133114,0.7142857142857142
0.98,1.15,0.56,0.2,0.1,0.952,0.9359999999999999,2.5305381285100002e-05,0.24379,1.3384994736842103e-10,0.0,1.3384994736842103e-10,1.001976,0.995988,True,True,True,0.11793761700000623,0.04749999999999893,0.19249736842105214,0.19249736842105214,True,True,True,True,True,0.5504323538421094,0.7142857142857142
0.98,1.15,0.58,0.2,0.1,0.952,0.9359999999999999,2.5305381285100002e-05,0.24379,1.3195584433962263e-10,0.0,1.3195584433962263e-10,1.001976,0.995988,True,True,True,0.11793761700000623,0.04749999999999893,0.09779221698113218,0.09779221698113218,True,True,True,True,True,0.36102205096226947,0.7142857142857142
0.98,1.15,0.6,0.2,0.1,0.952,0.9359999999999999,2.5305381285100002e-05,0.24379,1.301146e-10,0.0,1.301146e-10,1.001976,0.995988,True,True,True,0.11793761700000623,0.04749999999999893,0.0057300000000003,0.0057300000000003,True,True,True,True,True,0.17689761700000572,0.7142857142857142
0.98,1.15,0.62,0.2,0.1,0.952,0.9359999999999999,2.5305381285100002e-05,0.24379,1.2832403211009175e-10,0.0,1.2832403211009175e-10,1.001976,0.995988,True,True,True,0.11793761700000623,0.04749999999999893,0.08379839449541222,0.08379839449541222,True,True,True,True,True,0.33303440599082956,0.7142857142857142
0.98,1.15,0.64,0.2,0.1,0.952,0.9359999999999999,2.5305381285100002e-05,0.24379,1.265820769230769e-10,0.0,1.265820769230769e-10,1.001976,0.995988,True,True,True,0.11793761700000623,0.04749999999999893,0.17089615384615445,0.17089615384615445,True,True,True,True,True,0.507229924692314,0.7142857142857142
0.98,1.15,0.66,0.2,0.1,0.952,0.9359999999999999,2.5305381285100002e-05,0.24379,1.2488678124999998e-10,0.0,1.2488678124999998e-10,1.001976,0.995988,True,True,True,0.11793761700000623,0.04749999999999893,0.2556609375000007,0.2556609375000007,True,True,True,True,True,0.6767594920000065,0.7142857142857142
0.98,1.15,0.68,0.2,0.1,0.952,0.9359999999999999,2.5305381285100002e-05,0.24379,1.23236295154185e-10,0.0,1.23236295154185e-10,1.001976,0.995988,True,True,True,0.11793761700000623,0.04749999999999893,0.338185242290749,0.338185242290749,True,True,True,True,True,0.8418081015815031,0.7142857142857142
0.98,1.15,0.7,0.2,0.1,0.952,0.9359999999999999,2.5305381285100002e-05,0.24379,1.216288652173913e-10,0.0,1.216288652173913e-10,1.001976,0.995988,True,True,True,0.11793761700000623,0.04749999999999893,0.4185567391304349,0.4185567391304349,True,True,True,True,True,1.002551095260875,0.7142857142857142
0.98,1.15,0.72,0.2,0.1,0.952,0.9359999999999999,2.5305381285100002e-05,0.24379,1.2006282832618027e-10,0.0,1.2006282832618027e-10,1.001976,0.995988,True,True,True,0.11793761700000623,0.04749999999999893,0.496858583690986,0.496858583690986,True,True,True,True,True,1.1591547843819772,0.7142857142857142
0.99,1.03,0.56,0.2,0.1,0.952,0.9359999999999999,2.5304116142550005e-05,0.2438,1.2676067894736843e-10,0.0,1.2676067894736843e-10,1.003988,0.998994,True,True,True,0.11372047516668153,0.04999999999999449,0.16196605263157798,0.16196605263157798,True,True,True,True,True,0.487652580429832,0.7142857142857142
0.99,1.03,0.58,0.2,0.1,0.952,0.9359999999999999,2.5304116142550005e-05,0.2438,1.2496689575471699e-10,0.0,1.2496689575471699e-10,1.003988,0.998994,True,True,True,0.11372047516668153,0.04999999999999449,0.2516552122641502,0.2516552122641502,True,True,True,True,True,0.6670308996949765,0.7142857142857142
0.99,1.03,0.6,0.2,0.1,0.952,0.9359999999999999,2.5304116142550005e-05,0.2438,1.2322317162790698e-10,0.0,1.2322317162790698e-10,1.003988,0.998994,True,True,True,0.11372047516668153,0.04999999999999449,0.33884141860465067,0.33884141860465067,True,True,True,True,True,0.8414033123759774,0.7142857142857142
0.99,1.03,0.62,0.2,0.1,0.952,0.9359999999999999,2.5304116142550005e-05,0.2438,1.2152743990825687e-10,0.0,1.2152743990825687e-10,1.003988,0.998994,True,True,True,0.11372047516668153,0.04999999999999449,0.42362800458715605,0.42362800458715605,True,True,True,True,True,1.010976484340988,0.7142857142857142
0.99,1.03,0.64,0.2,0.1,0.952,0.9359999999999999,2.5304116142550005e-05,0.2438,1.1987774615384614e-10,0.0,1.1987774615384614e-10,1.003988,0.998994,True,True,True,0.11372047516668153,0.04999999999999449,0.5061126923076925,0.5061126923076925,True,True,True,True,True,1.1759458597820611,0.7142857142857142
0.99,1.03,0.66,0.2,0.1,0.952,0.9359999999999999,2.5304116142550005e-05,0.2438,1.1827224062499999e-10,0.0,1.1827224062499999e-10,1.003988,0.998994,True,True,True,0.11372047516668153,0.04999999999999449,0.5863879687500002,0.5863879687500002,True,True,True,True,True,1.3364964126666765,0.7142857142857142
0.99,1.03,0.68,0.2,0.1,0.952,0.9359999999999999,2.5304116142550005e-05,0.2438,1.1670917136563875e-10,0.0,1.1670917136563875e-10,1.003988,0.998994,True,True,True,0.11372047516668153,0.04999999999999449,0.6645414317180622,0.6645414317180622,True,True,True,True,True,1.4928033386028006,0.7142857142857142
0.99,1.03,0.7,0.2,0.1,0.952,0.9359999999999999,2.5304116142550005e-05,0.2438,1.1518687782608698e-10,0.0,1.1518687782608698e-10,1.003988,0.998994,True,True,True,0.11372047516668153,0.04999999999999449,0.7406561086956505,0.7406561086956505,True,True,True,True,True,1.645032692557977,0.7142857142857142
0.99,1.03,0.72,0.2,0.1,0.952,0.9359999999999999,2.5304116142550005e-05,0.2438,1.1370378497854079e-10,0.0,1.1370378497854079e-10,1.003988,0.998994,True,True,True,0.11372047516668153,0.04999999999999449,0.8148107510729601,0.8148107510729601,True,True,True,True,True,1.7933419773125963,0.7142857142857142
0.99,1.05,0.56,0.2,0.1,0.952,0.9359999999999999,2.5304116142550005e-05,0.2438,1.280095526315789e-10,0.0,1.280095526315789e-10,1.003988,0.998994,True,True,True,0.11372047516668153,0.04999999999999449,0.0995223684210546,0.0995223684210546,True,True,True,True,True,0.36276521200878525,0.7142857142857142
0.99,1.05,0.58,0.2,0.1,0.952,0.9359999999999999,2.5304116142550005e-05,0.2438,1.2619809669811317e-10,0.0,1.2619809669811317e-10,1.003988,0.998994,True,True,True,0.11372047516668153,0.04999999999999449,0.1900951650943412,0.1900951650943412,True,True,True,True,True,0.5439108053553585,0.7142857142857142
0.99,1.05,0.6,0.2,0.1,0.952,0.9359999999999999,2.5304116142550005e-05,0.2438,1.2443719302325578e-10,0.0,1.2443719302325578e-10,1.003988,0.998994,True,True,True,0.11372047516668153,0.04999999999999449,0.2781403488372104,0.2781403488372104,True,True,True,True,True,0.7200011728410969,0.7142857142857142
0.99,1.05,0.62,0.2,0.1,0.952,0.9359999999999999,2.5304116142550005e-05,0.2438,1.2272475458715592e-10,0.0,1.2272475458715592e-10,1.003988,0.998994,True,True,True,0.11372047516668153,0.04999999999999449,0.36376227064220373,0.36376227064220373,True,True,True,True,True,0.8912450164510834,0.7142857142857142
0.99,1.05,0.64,0.2,0.1,0.952,0.9359999999999999,2.5304116142550005e-05,0.2438,1.2105880769230766e-10,0.0,1.2105880769230766e-10,1.003988,0.998994,True,True,True,0.11372047516668153,0.04999999999999449,0.4470596153846166,0.4470596153846166,True,True,True,True,True,1.0578397059359093,0.7142857142857142
0.99,1.05,0.66,0.2,0.1,0.952,0.9359999999999999,2.5304116142550005e-05,0.2438,1.1943748437499998e-10,0.0,1.1943748437499998e-10,1.003988,0.998994,True,True,True,0.11372047516668153,0.04999999999999449,0.5281257812500008,0.5281257812500008,True,True,True,True,True,1.2199720376666776,0.7142857142857142
0.99,1.05,0.68,0.2,0.1,0.952,0.9359999999999999,2.5304116142550005e-05,0.2438,1.1785901541850218e-10,0.0,1.1785901541850218e-10,1.003988,0.998994,True,True,True,0.11372047516668153,0.04999999999999449,0.6070492290748905,0.6070492290748905,True,True,True,True,True,1.377818933316457,0.7142857142857142
0.99,1.05,0.7,0.2,0.1,0.952,0.9359999999999999,2.5304116142550005e-05,0.2438,1.1632172391304346e-10,0.0,1.1632172391304346e-10,1.003988,0.998994,True,True,True,0.11372047516668153,0.04999999999999449,0.6839138043478267,0.6839138043478267,True,True,True,True,True,1.5315480838623294,0.7142857142857142
0.99,1.05,0.72,0.2,0.1,0.952,0.9359999999999999,2.5304116142550005e-05,0.2438,1.148240193133047e-10,0.0,1.148240193133047e-10,1.003988,0.998994,True,True,True,0.11372047516668153,0.04999999999999449,0.7587990343347647,0.7587990343347647,True,True,True,True,True,1.6813185438362055,0.7142857142857142
0.99,1.07,0.56,0.2,0.1,0.952,0.9359999999999999,2.5304116142550005e-05,0.2438,1.2925842631578947e-10,0.0,1.2925842631578947e-10,1.003988,0.998994,True,True,True,0.11372047516668153,0.04999999999999449,0.03707868421052603,0.03707868421052603,True,True,True,True,True,0.23787784358772807,0.7142857142857142
0.99,1.07,0.58,0.2,0.1,0.952,0.9359999999999999,2.5304116142550005e-05,0.2438,1.2742929764150945e-10,0.0,1.2742929764150945e-10,1.003988,0.998994,True,True,True,0.11372047516668153,0.04999999999999449,0.12853511792452704,0.12853511792452704,True,True,True,True,True,0.4207907110157301,0.7142857142857142
0.99,1.07,0.6,0.2,0.1,0.952,0.9359999999999999,2.5304116142550005e-05,0.2438,1.2565121441860464e-10,0.0,1.2565121441860464e-10,1.003988,0.998994,True,True,True,0.11372047516668153,0.04999999999999449,0.21743927906976757,0.21743927906976757,True,True,True,True,True,0.5985990333062112,0.7142857142857142
0.99,1.07,0.62,0.2,0.1,0.952,0.9359999999999999,2.5304116142550005e-05,0.2438,1.2392206926605504e-10,0.0,1.2392206926605504e-10,1.003988,0.998994,True,True,True,0.11372047516668153,0.04999999999999449,0.30389653669724753,0.30389653669724753,True,True,True,True,True,0.771513548561171,0.7142857142857142
0.99,1.07,0.64,0.2,0.1,0.952,0.9359999999999999,2.5304116142550005e-05,0.2438,1.2223986923076926e-10,0.0,1.2223986923076926e-10,1.003988,0.998994,True,True,True,0.11372047516668153,0.04999999999999449,0.38800653846153677,0.38800653846153677,True,True,True,True,True,0.9397335520897496,0.7142857142857142
0.99,1.07,0.66,0.2,0.1,0.952,0.9359999999999999,2.5304116142550005e-05,0.2438,1.2060272812500002e-10,0.0,1.2060272812500002e-10,1.003988,0.998994,True,True,True,0.11372047516668153,0.04999999999999449,0.4698635937499986,0.4698635937499986,True,True,True,True,True,1.1034476626666732,0.7142857142857142
0.99,1.07,0.68,0.2,0.1,0.952,0.9359999999999999,2.5304116142550005e-05,0.2438,1.1900885947136565e-10,0.0,1.1900885947136565e-10,1.003988,0.998994,True,True,True,0.11372047516668153,0.04999999999999449,0.5495570264317172,0.5495570264317172,True,True,True,True,True,1.2628345280301105,0.7142857142857142
0.99,1.07,0.7,0.2,0.1,0.952,0.9359999999999999,2.5304116142550005e-05,0.2438,1.1745657000000002e-10,0.0,1.1745657000000002e-10,1.003988,0.998994,True,True,True,0.11372047516668153,0.04999999999999449,0.6271714999999983,0.6271714999999983,True,True,True,True,True,1.4180634751666727,0.7142857142857142
0.99,1.07,0.72,0.2,0.1,0.952,0.9359999999999999,2.5304116142550005e-05,0.2438,1.1594425364806868e-10,0.0,1.1594425364806868e-10,1.003988,0.998994,True,True,True,0.11372047516668153,0.04999999999999449,0.7027873175965654,0.7027873175965654,True,True,True,True,True,1.569295110359807,0.7142857142857142
0.99,1.09,0.56,0.2,0.1,0.952,0.9359999999999999,2.5304116142550005e-05,0.2438,1.3050729999999996e-10,0.0,1.3050729999999996e-10,1.003988,0.998994,True,True,True,0.11372047516668153,0.04999999999999449,0.025364999999998653,0.025364999999998653,True,True,True,True,True,0.21445047516667332,0.7142857142857142
0.99,1.09,0.58,0.2,0.1,0.952,0.9359999999999999,2.5304116142550005e-05,0.2438,1.2866049858490563e-10,0.0,1.2866049858490563e-10,1.003988,0.998994,True,True,True,0.11372047516668153,0.04999999999999449,0.06697507075471806,0.06697507075471806,True,True,True,True,True,0.29767061667611217,0.7142857142857142
0.99,1.09,0.6,0.2,0.1,0.952,0.9359999999999999,2.5304116142550005e-05,0.2438,1.2686523581395347e-10,0.0,1.2686523581395347e-10,1.003988,0.998994,True,True,True,0.11372047516668153,0.04999999999999449,0.15673820930232601,0.15673820930232601,True,True,True,True,True,0.47719689377132807,0.7142857142857142
0.99,1.09,0.62,0.2,0.1,0.952,0.9359999999999999,2.5304116142550005e-05,0.2438,1.251193839449541e-10,0.0,1.251193839449541e-10,1.003988,0.998994,True,True,True,0.11372047516668153,0.04999999999999449,0.2440308027522939,0.2440308027522939,True,True,True,True,True,0.6517820806712639,0.7142857142857142
0.99,1.09,0.64,0.2,0.1,0.952,0.9359999999999999,2.5304116142550005e-05,0.2438,1.2342093076923075e-10,0.0,1.2342093076923075e-10,1.003988,0.998994,True,True,True,0.11372047516668153,0.04999999999999449,0.3289534615384621,0.3289534615384621,True,True,True,True,True,0.8216273982436002,0.7142857142857142
0.99,1.09,0.66,0.2,0.1,0.952,0.9359999999999999,2.5304116142550005e-05,0.2438,1.2176797187499998e-10,0.0,1.2176797187499998e-10,1.003988,0.998994,True,True,True,0.11372047516668153,0.04999999999999449,0.41160140625000036,0.41160140625000036,True,True,True,True,True,0.9869232876666767,0.7142857142857142
0.99,1.09,0.68,0.2,0.1,0.952,0.9359999999999999,2.5304116142550005e-05,0.2438,1.2015870352422906e-10,0.0,1.2015870352422906e-10,1.003988,0.998994,True,True,True,0.11372047516668153,0.04999999999999449,0.4920648237885467,0.4920648237885467,True,True,True,True,True,1.1478501227437694,0.7142857142857142
0.99,1.09,0.7,0.2,0.1,0.952,0.9359999999999999,2.5304116142550005e-05,0.2438,1.185914160869565e-10,0.0,1.185914160869565e-10,1.003988,0.998994,True,True,True,0.11372047516668153,0.04999999999999449,0.5704291956521745,0.5704291956521745,True,True,True,True,True,1.3045788664710252,0.7142857142857142
0.99,1.09,0.72,0.2,0.1,0.952,0.9359999999999999,2.5304116142550005e-05,0.2438,1.170644879828326e-10,0.0,1.170644879828326e-10,1.003988,0.998994,True,True,True,0.11372047516668153,0.04999999999999449,0.6467756008583694,0.6467756008583694,True,True,True,True,True,1.4572716768834149,0.7142857142857142
0.99,1.11,0.56,0.2,0.1,0.952,0.9359999999999999,2.5304116142550005e-05,0.2438,1.317561736842105e-10,0.0,1.317561736842105e-10,1.003988,0.998994,True,True,True,0.11372047516668153,0.04999999999999449,0.08780868421052591,0.08780868421052591,True,True,True,True,True,0.33933784358772784,0.7142857142857142
0.99,1.11,0.58,0.2,0.1,0.952,0.9359999999999999,2.5304116142550005e-05,0.2438,1.2989169952830189e-10,0.0,1.2989169952830189e-10,1.003988,0.998994,True,True,True,0.11372047516668153,0.04999999999999449,0.005415023584905197,0.005415023584905197,True,True,True,True,True,0.17455052233648644,0.7142857142857142
0.99,1.11,0.6,0.2,0.1,0.952,0.9359999999999999,2.5304116142550005e-05,0.2438,1.2807925720930233e-10,0.0,1.2807925720930233e-10,1.003988,0.998994,True,True,True,0.11372047516668153,0.04999999999999449,0.09603713953488316,0.09603713953488316,True,True,True,True,True,0.35579475423644236,0.7142857142857142
0.99,1.11,0.62,0.2,0.1,0.952,0.9359999999999999,2.5304116142550005e-05,0.2438,1.263166986238532e-10,0.0,1.263166986238532e-10,1.003988,0.998994,True,True,True,0.11372047516668153,0.04999999999999449,0.18416506880733902,0.18416506880733902,True,True,True,True,True,0.532050612781354,0.7142857142857142
0.99,1.11,0.64,0.2,0.1,0.952,0.9359999999999999,2.5304116142550005e-05,0.2438,1.246019923076923e-10,0.0,1.246019923076923e-10,1.003988,0.998994,True,True,True,0.11372047516668153,0.04999999999999449,0.2699003846153849,0.2699003846153849,True,True,True,True,True,0.7035212443974459,0.7142857142857142
0.99,1.11,0.66,0.2,0.1,0.952,0.9359999999999999,2.5304116142550005e-05,0.2438,1.22933215625e-10,0.0,1.22933215625e-10,1.003988,0.998994,True,True,True,0.11372047516668153,0.04999999999999449,0.3533392187499996,0.3533392187499996,True,True,True,True,True,0.8703989126666751,0.7142857142857142
0.99,1.11,0.68,0.2,0.1,0.952,0.9359999999999999,2.5304116142550005e-05,0.2438,1.2130854757709252e-10,0.0,1.2130854757709252e-10,1.003988,0.998994,True,True,True,0.11372047516668153,0.04999999999999449,0.4345726211453736,0.4345726211453736,True,True,True,True,True,1.0328657174574232,0.7142857142857142
0.99,1.11,0.7,0.2,0.1,0.952,0.9359999999999999,2.5304116142550005e-05,0.2438,1.1972626217391305e-10,0.0,1.1972626217391305e-10,1.003988,0.998994,True,True,True,0.11372047516668153,0.04999999999999449,0.5136868913043469,0.5136868913043469,True,True,True,True,True,1.1910942577753698,0.7142857142857142
0.99,1.11,0.72,0.2,0.1,0.952,0.9359999999999999,2.5304116142550005e-05,0.2438,1.1818472231759656e-10,0.0,1.1818472231759656e-10,1.003988,0.998994,True,True,True,0.11372047516668153,0.04999999999999449,0.5907638841201714,0.5907638841201714,True,True,True,True,True,1.345248243407019,0.7142857142857142
0.99,1.13,0.56,0.2,0.1,0.952,0.9359999999999999,2.5304116142550005e-05,0.2438,1.33005047368421e-10,0.0,1.33005047368421e-10,1.003988,0.998994,True,True,True,0.11372047516668153,0.04999999999999449,0.1502523684210506,0.1502523684210506,True,True,True,True,True,0.46422521200877725,0.7142857142857142
0.99,1.13,0.58,0.2,0.1,0.952,0.9359999999999999,2.5304116142550005e-05,0.2438,1.3112290047169807e-10,0.0,1.3112290047169807e-10,1.003988,0.998994,True,True,True,0.11372047516668153,0.04999999999999449,0.056145023584903794,0.056145023584903794,True,True,True,True,True,0.27601052233648365,0.7142857142857142
0.99,1.13,0.6,0.2,0.1,0.952,0.9359999999999999,2.5304116142550005e-05,0.2438,1.2929327860465113e-10,0.0,1.2929327860465113e-10,1.003988,0.998994,True,True,True,0.11372047516668153,0.04999999999999449,0.0353360697674429,0.0353360697674429,True,True,True,True,True,0.23439261470156186,0.7142857142857142
0.99,1.13,0.62,0.2,0.1,0.952,0.9359999999999999,2.5304116142550005e-05,0.2438,1.2751401330275226e-10,0.0,1.2751401330275226e-10,1.003988,0.998994,True,True,True,0.11372047516668153,0.04999999999999449,0.12429933486238669,0.12429933486238669,True,True,True,True,True,0.41231914489144944,0.7142857142857142
0.99,1.13,0.64,0.2,0.1,0.952,0.9359999999999999,2.5304116142550005e-05,0.2438,1.257830538461538e-10,0.0,1.257830538461538e-10,1.003988,0.998994,True,True,True,0.11372047516668153,0.04999999999999449,0.21084730769230897,0.21084730769230897,True,True,True,True,True,0.585415090551294,0.7142857142857142
0.99,1.13,0.66,0.2,0.1,0.952,0.9359999999999999,2.5304116142550005e-05,0.2438,1.2409845937499996e-10,0.0,1.2409845937499996e-10,1.003988,0.998994,True,True,True,0.11372047516668153,0.04999999999999449,0.29507703125000134,0.29507703125000134,True,True,True,True,True,0.7538745376666787,0.7142857142857142
0.99,1.13,0.68,0.2,0.1,0.952,0.9359999999999999,2.5304116142550005e-05,0.2438,1.224583916299559e-10,0.0,1.224583916299559e-10,1.003988,0.998994,True,True,True,0.11372047516668153,0.04999999999999449,0.3770804185022043,0.3770804185022043,True,True,True,True,True,0.9178813121710847,0.7142857142857142
0.99,1.13,0.7,0.2,0.1,0.952,0.9359999999999999,2.5304116142550005e-05,0.2438,1.2086110826086956e-10,0.0,1.2086110826086956e-10,1.003988,0.998994,True,True,True,0.11372047516668153,0.04999999999999449,0.4569445869565218,0.4569445869565218,True,True,True,True,True,1.0776096490797196,0.7142857142857142
0.99,1.13,0.72,0.2,0.1,0.952,0.9359999999999999,2.5304116142550005e-05,0.2438,1.193049566523605e-10,0.0,1.193049566523605e-10,1.003988,0.998994,True,True,True,0.11372047516668153,0.04999999999999449,0.5347521673819747,0.5347521673819747,True,True,True,True,True,1.2332248099306256,0.7142857142857142
0.99,1.15,0.56,0.2,0.1,0.952,0.9359999999999999,2.5304116142550005e-05,0.2438,1.3425392105263155e-10,0.0,1.3425392105263155e-10,1.003988,0.998994,True,True,True,0.11372047516668153,0.04999999999999449,0.21269605263157787,0.21269605263157787,True,True,True,True,True,0.5891125804298318,0.7142857142857142
0.99,1.15,0.58,0.2,0.1,0.952,0.9359999999999999,2.5304116142550005e-05,0.2438,1.3235410141509432e-10,0.0,1.3235410141509432e-10,1.003988,0.998994,True,True,True,0.11372047516668153,0.04999999999999449,0.11770507075471666,0.11770507075471666,True,True,True,True,True,0.39913061667610933,0.7142857142857142
0.99,1.15,0.6,0.2,0.1,0.952,0.9359999999999999,2.5304116142550005e-05,0.2438,1.305073e-10,0.0,1.305073e-10,1.003988,0.998994,True,True,True,0.11372047516668153,0.04999999999999449,0.025364999999999943,0.025364999999999943,True,True,True,True,True,0.21445047516667592,0.7142857142857142
0.99,1.15,0.62,0.2,0.1,0.952,0.9359999999999999,2.5304116142550005e-05,0.2438,1.2871132798165136e-10,0.0,1.2871132798165136e-10,1.003988,0.998994,True,True,True,0.11372047516668153,0.04999999999999449,0.06443360091743178,0.06443360091743178,True,True,True,True,True,0.2925876770015396,0.7142857142857142
0.99,1.15,0.64,0.2,0.1,0.952,0.9359999999999999,2.5304116142550005e-05,0.2438,1.2696411538461538e-10,0.0,1.2696411538461538e-10,1.003988,0.998994,True,True,True,0.11372047516668153,0.04999999999999449,0.15179423076923043,0.15179423076923043,True,True,True,True,True,0.4673089367051369,0.7142857142857142
0.99,1.15,0.66,0.2,0.1,0.952,0.9359999999999999,2.5304116142550005e-05,0.2438,1.2526370312499998e-10,0.0,1.2526370312499998e-10,1.003988,0.998994,True,True,True,0.11372047516668153,0.04999999999999449,0.2368148437500005,0.2368148437500005,True,True,True,True,True,0.6373501626666771,0.7142857142857142
0.99,1.15,0.68,0.2,0.1,0.952,0.9359999999999999,2.5304116142550005e-05,0.2438,1.2360823568281937e-10,0.0,1.2360823568281937e-10,1.003988,0.998994,True,True,True,0.11372047516668153,0.04999999999999449,0.31958821585903113,0.31958821585903113,True,True,True,True,True,0.8028969068847382,0.7142857142857142
0.99,1.15,0.7,0.2,0.1,0.952,0.9359999999999999,2.5304116142550005e-05,0.2438,1.2199595434782606e-10,0.0,1.2199595434782606e-10,1.003988,0.998994,True,True,True,0.11372047516668153,0.04999999999999449,0.40020228260869667,0.40020228260869667,True,True,True,True,True,0.9641250403840693,0.7142857142857142
0.99,1.15,0.72,0.2,0.1,0.952,0.9359999999999999,2.5304116142550005e-05,0.2438,1.2042519098712443e-10,0.0,1.2042519098712443e-10,1.003988,0.998994,True,True,True,0.11372047516668153,0.04999999999999449,0.478740450643778,0.478740450643778,True,True,True,True,True,1.1212013764542321,0.7142857142857142
1.0,1.03,0.56,0.2,0.1,0.952,0.9359999999999999,2.5302851000000004e-05,0.24381,1.271421052631579e-10,0.0,1.271421052631579e-10,1.006,1.002,True,True,True,0.10950333333334554,0.052499999999996994,0.1428947368421044,0.1428947368421044,True,True,True,True,True,0.44779280701755136,0.7142857142857142
1.0,1.03,0.58,0.2,0.1,0.952,0.9359999999999999,2.5302851000000004e-05,0.24381,1.253429245283019e-10,0.0,1.253429245283019e-10,1.006,1.002,True,True,True,0.10950333333334554,0.052499999999996994,0.23285377358490505,0.23285377358490505,True,True,True,True,True,0.6277108805031526,0.7142857142857142
1.0,1.03,0.6,0.2,0.1,0.952,0.9359999999999999,2.5302851000000004e-05,0.24381,1.2359395348837212e-10,0.0,1.2359395348837212e-10,1.006,1.002,True,True,True,0.10950333333334554,0.052499999999996994,0.32030232558139343,0.32030232558139343,True,True,True,True,True,0.8026079844961294,0.7142857142857142
1.0,1.03,0.62,0.2,0.1,0.952,0.9359999999999999,2.5302851000000004e-05,0.24381,1.2189311926605507e-10,0.0,1.2189311926605507e-10,1.006,1.002,True,True,True,0.10950333333334554,0.052499999999996994,0.4053440366972459,0.4053440366972459,True,True,True,True,True,0.9726914067278343,0.7142857142857142
1.0,1.03,0.64,0.2,0.1,0.952,0.9359999999999999,2.5302851000000004e-05,0.24381,1.2023846153846154e-10,0.0,1.2023846153846154e-10,1.006,1.002,True,True,True,0.10950333333334554,0.052499999999996994,0.4880769230769224,0.4880769230769224,True,True,True,True,True,1.1381571794871874,0.7142857142857142
1.0,1.03,0.66,0.2,0.1,0.952,0.9359999999999999,2.5302851000000004e-05,0.24381,1.18628125e-10,0.0,1.18628125e-10,1.006,1.002,True,True,True,0.10950333333334554,0.052499999999996994,0.5685937499999993,0.5685937499999993,True,True,True,True,True,1.2991908333333413,0.7142857142857142
1.0,1.03,0.68,0.2,0.1,0.952,0.9359999999999999,2.5302851000000004e-05,0.24381,1.170603524229075e-10,0.0,1.170603524229075e-10,1.006,1.002,True,True,True,0.10950333333334554,0.052499999999996994,0.646982378854625,0.646982378854625,True,True,True,True,True,1.4559680910425925,0.7142857142857142
1.0,1.03,0.7,0.2,0.1,0.952,0.9359999999999999,2.5302851000000004e-05,0.24381,1.1553347826086958e-10,0.0,1.1553347826086958e-10,1.006,1.002,True,True,True,0.10950333333334554,0.052499999999996994,0.7233260869565205,0.7233260869565205,True,True,True,True,True,1.6086555072463833,0.7142857142857142
1.0,1.03,0.72,0.2,0.1,0.952,0.9359999999999999,2.5302851000000004e-05,0.24381,1.1404592274678112e-10,0.0,1.1404592274678112e-10,1.006,1.002,True,True,True,0.10950333333334554,0.052499999999996994,0.7977038626609435,0.7977038626609435,True,True,True,True,True,1.7574110586552294,0.7142857142857142
1.0,1.05,0.56,0.2,0.1,0.952,0.9359999999999999,2.5302851000000004e-05,0.24381,1.2839473684210523e-10,0.0,1.2839473684210523e-10,1.006,1.002,True,True,True,0.10950333333334554,0.052499999999996994,0.08026315789473813,0.08026315789473813,True,True,True,True,True,0.32252964912281884,0.7142857142857142
1.0,1.05,0.58,0.2,0.1,0.952,0.9359999999999999,2.5302851000000004e-05,0.24381,1.2657783018867924e-10,0.0,1.2657783018867924e-10,1.006,1.002,True,True,True,0.10950333333334554,0.052499999999996994,0.17110849056603736,0.17110849056603736,True,True,True,True,True,0.5042203144654173,0.7142857142857142
1.0,1.05,0.6,0.2,0.1,0.952,0.9359999999999999,2.5302851000000004e-05,0.24381,1.2481162790697673e-10,0.0,1.2481162790697673e-10,1.006,1.002,True,True,True,0.10950333333334554,0.052499999999996994,0.25941860465116295,0.25941860465116295,True,True,True,True,True,0.6808405426356685,0.7142857142857142
1.0,1.05,0.62,0.2,0.1,0.952,0.9359999999999999,2.5302851000000004e-05,0.24381,1.2309403669724767e-10,0.0,1.2309403669724767e-10,1.006,1.002,True,True,True,0.10950333333334554,0.052499999999996994,0.3452981651376163,0.3452981651376163,True,True,True,True,True,0.8525996636085751,0.7142857142857142
1.0,1.05,0.64,0.2,0.1,0.952,0.9359999999999999,2.5302851000000004e-05,0.24381,1.214230769230769e-10,0.0,1.214230769230769e-10,1.006,1.002,True,True,True,0.10950333333334554,0.052499999999996994,0.4288461538461546,0.4288461538461546,True,True,True,True,True,1.0196956410256517,0.7142857142857142
1.0,1.05,0.66,0.2,0.1,0.952,0.9359999999999999,2.5302851000000004e-05,0.24381,1.1979687499999998e-10,0.0,1.1979687499999998e-10,1.006,1.002,True,True,True,0.10950333333334554,0.052499999999996994,0.5101562500000008,0.5101562500000008,True,True,True,True,True,1.1823158333333441,0.7142857142857142
1.0,1.05,0.68,0.2,0.1,0.952,0.9359999999999999,2.5302851000000004e-05,0.24381,1.182136563876652e-10,0.0,1.182136563876652e-10,1.006,1.002,True,True,True,0.10950333333334554,0.052499999999996994,0.5893171806167401,0.5893171806167401,True,True,True,True,True,1.3406376945668228,0.7142857142857142
1.0,1.05,0.7,0.2,0.1,0.952,0.9359999999999999,2.5302851000000004e-05,0.24381,1.1667173913043475e-10,0.0,1.1667173913043475e-10,1.006,1.002,True,True,True,0.10950333333334554,0.052499999999996994,0.6664130434782621,0.6664130434782621,True,True,True,True,True,1.4948294202898667,0.7142857142857142
1.0,1.05,0.72,0.2,0.1,0.952,0.9359999999999999,2.5302851000000004e-05,0.24381,1.151695278969957e-10,0.0,1.151695278969957e-10,1.006,1.002,True,True,True,0.10950333333334554,0.052499999999996994,0.7415236051502148,0.7415236051502148,True,True,True,True,True,1.6450505436337721,0.7142857142857142
1.0,1.07,0.56,0.2,0.1,0.952,0.9359999999999999,2.5302851000000004e-05,0.24381,1.2964736842105263e-10,0.0,1.2964736842105263e-10,1.006,1.002,True,True,True,0.10950333333334554,0.052499999999996994,0.01763157894736798,0.01763157894736798,True,True,True,True,True,0.1972664912280785,0.7142857142857142
1.0,1.07,0.58,0.2,0.1,0.952,0.9359999999999999,2.5302851000000004e-05,0.24381,1.278127358490566e-10,0.0,1.278127358490566e-10,1.006,1.002,True,True,True,0.10950333333334554,0.052499999999996994,0.10936320754716966,0.10936320754716966,True,True,True,True,True,0.38072974842768187,0.7142857142857142
1.0,1.07,0.6,0.2,0.1,0.952,0.9359999999999999,2.5302851000000004e-05,0.24381,1.260293023255814e-10,0.0,1.260293023255814e-10,1.006,1.002,True,True,True,0.10950333333334554,0.052499999999996994,0.19853488372092995,0.19853488372092995,True,True,True,True,True,0.5590731007752024,0.7142857142857142
1.0,1.07,0.62,0.2,0.1,0.952,0.9359999999999999,2.5302851000000004e-05,0.24381,1.242949541284404e-10,0.0,1.242949541284404e-10,1.006,1.002,True,True,True,0.10950333333334554,0.052499999999996994,0.2852522935779802,0.2852522935779802,True,True,True,True,True,0.732507920489303,0.7142857142857142
1.0,1.07,0.64,0.2,0.1,0.952,0.9359999999999999,2.5302851000000004e-05,0.24381,1.226076923076923e-10,0.0,1.226076923076923e-10,1.006,1.002,True,True,True,0.10950333333334554,0.052499999999996994,0.3696153846153842,0.3696153846153842,True,True,True,True,True,0.9012341025641109,0.7142857142857142
1.0,1.07,0.66,0.2,0.1,0.952,0.9359999999999999,2.5302851000000004e-05,0.24381,1.20965625e-10,0.0,1.20965625e-10,1.006,1.002,True,True,True,0.10950333333334554,0.052499999999996994,0.45171874999999967,0.45171874999999967,True,True,True,True,True,1.0654408333333418,0.7142857142857142
1.0,1.07,0.68,0.2,0.1,0.952,0.9359999999999999,2.5302851000000004e-05,0.24381,1.193669603524229e-10,0.0,1.193669603524229e-10,1.006,1.002,True,True,True,0.10950333333334554,0.052499999999996994,0.531651982378854,0.531651982378854,True,True,True,True,True,1.2253072980910504,0.7142857142857142
1.0,1.07,0.7,0.2,0.1,0.952,0.9359999999999999,2.5302851000000004e-05,0.24381,1.1781e-10,0.0,1.1781e-10,1.006,1.002,True,True,True,0.10950333333334554,0.052499999999996994,0.6094999999999994,0.6094999999999994,True,True,True,True,True,1.3810033333333411,0.7142857142857142
1.0,1.07,0.72,0.2,0.1,0.952,0.9359999999999999,2.5302851000000004e-05,0.24381,1.1629313304721031e-10,0.0,1.1629313304721031e-10,1.006,1.002,True,True,True,0.10950333333334554,0.052499999999996994,0.685343347639484,0.685343347639484,True,True,True,True,True,1.5326900286123104,0.7142857142857142
1.0,1.09,0.56,0.2,0.1,0.952,0.9359999999999999,2.5302851000000004e-05,0.24381,1.3089999999999996e-10,0.0,1.3089999999999996e-10,1.006,1.002,True,True,True,0.10950333333334554,0.052499999999996994,0.0449999999999983,0.0449999999999983,True,True,True,True,True,0.25200333333333913,0.7142857142857142
1.0,1.09,0.58,0.2,0.1,0.952,0.9359999999999999,2.5302851000000004e-05,0.24381,1.2904764150943395e-10,0.0,1.2904764150943395e-10,1.006,1.002,True,True,True,0.10950333333334554,0.052499999999996994,0.047617924528301964,0.047617924528301964,True,True,True,True,True,0.2572391823899465,0.7142857142857142
1.0,1.09,0.6,0.2,0.1,0.952,0.9359999999999999,2.5302851000000004e-05,0.24381,1.2724697674418603e-10,0.0,1.2724697674418603e-10,1.006,1.002,True,True,True,0.10950333333334554,0.052499999999996994,0.1376511627906982,0.1376511627906982,True,True,True,True,True,0.43730565891473894,0.7142857142857142
1.0,1.09,0.62,0.2,0.1,0.952,0.9359999999999999,2.5302851000000004e-05,0.24381,1.25495871559633e-10,0.0,1.25495871559633e-10,1.006,1.002,True,True,True,0.10950333333334554,0.052499999999996994,0.22520642201834926,0.22520642201834926,True,True,True,True,True,0.6124161773700411,0.7142857142857142
1.0,1.09,0.64,0.2,0.1,0.952,0.9359999999999999,2.5302851000000004e-05,0.24381,1.237923076923077e-10,0.0,1.237923076923077e-10,1.006,1.002,True,True,True,0.10950333333334554,0.052499999999996994,0.3103846153846151,0.3103846153846151,True,True,True,True,True,0.7827725641025727,0.7142857142857142
1.0,1.09,0.66,0.2,0.1,0.952,0.9359999999999999,2.5302851000000004e-05,0.24381,1.2213437499999997e-10,0.0,1.2213437499999997e-10,1.006,1.002,True,True,True,0.10950333333334554,0.052499999999996994,0.3932812500000011,0.3932812500000011,True,True,True,True,True,0.9485658333333447,0.7142857142857142
1.0,1.09,0.68,0.2,0.1,0.952,0.9359999999999999,2.5302851000000004e-05,0.24381,1.205202643171806e-10,0.0,1.205202643171806e-10,1.006,1.002,True,True,True,0.10950333333334554,0.052499999999996994,0.4739867841409692,0.4739867841409692,True,True,True,True,True,1.1099769016152807,0.7142857142857142
1.0,1.09,0.7,0.2,0.1,0.952,0.9359999999999999,2.5302851000000004e-05,0.24381,1.189482608695652e-10,0.0,1.189482608695652e-10,1.006,1.002,True,True,True,0.10950333333334554,0.052499999999996994,0.5525869565217392,0.5525869565217392,True,True,True,True,True,1.267177246376821,0.7142857142857142
1.0,1.09,0.72,0.2,0.1,0.952,0.9359999999999999,2.5302851000000004e-05,0.24381,1.174167381974249e-10,0.0,1.174167381974249e-10,1.006,1.002,True,True,True,0.10950333333334554,0.052499999999996994,0.6291630901287552,0.6291630901287552,True,True,True,True,True,1.4203295135908527,0.7142857142857142
1.0,1.11,0.56,0.2,0.1,0.952,0.9359999999999999,2.5302851000000004e-05,0.24381,1.3215263157894736e-10,0.0,1.3215263157894736e-10,1.006,1.002,True,True,True,0.10950333333334554,0.052499999999996994,0.10763157894736845,0.10763157894736845,True,True,True,True,True,0.3772664912280795,0.7142857142857142
1.0,1.11,0.58,0.2,0.1,0.952,0.9359999999999999,2.5302851000000004e-05,0.24381,1.3028254716981133e-10,0.0,1.3028254716981133e-10,1.006,1.002,True,True,True,0.10950333333334554,0.052499999999996994,0.014127358490567031,0.014127358490567031,True,True,True,True,True,0.19025805031447662,0.7142857142857142
1.0,1.11,0.6,0.2,0.1,0.952,0.9359999999999999,2.5302851000000004e-05,0.24381,1.2846465116279071e-10,0.0,1.2846465116279071e-10,1.006,1.002,True,True,True,0.10950333333334554,0.052499999999996994,0.07676744186046389,0.07676744186046389,True,True,True,True,True,0.3155382170542703,0.7142857142857142
1.0,1.11,0.62,0.2,0.1,0.952,0.9359999999999999,2.5302851000000004e-05,0.24381,1.266967889908257e-10,0.0,1.266967889908257e-10,1.006,1.002,True,True,True,0.10950333333334554,0.052499999999996994,0.16516055045871447,0.16516055045871447,True,True,True,True,True,0.4923244342507715,0.7142857142857142
1.0,1.11,0.64,0.2,0.1,0.952,0.9359999999999999,2.5302851000000004e-05,0.24381,1.249769230769231e-10,0.0,1.249769230769231e-10,1.006,1.002,True,True,True,0.10950333333334554,0.052499999999996994,0.2511538461538447,0.2511538461538447,True,True,True,True,True,0.6643110256410318,0.7142857142857142
1.0,1.11,0.66,0.2,0.1,0.952,0.9359999999999999,2.5302851000000004e-05,0.24381,1.2330312500000002e-10,0.0,1.2330312500000002e-10,1.006,1.002,True,True,True,0.10950333333334554,0.052499999999996994,0.33484374999999866,0.33484374999999866,True,True,True,True,True,0.8316908333333399,0.7142857142857142
1.0,1.11,0.68,0.2,0.1,0.952,0.9359999999999999,2.5302851000000004e-05,0.24381,1.2167356828193833e-10,0.0,1.2167356828193833e-10,1.006,1.002,True,True,True,0.10950333333334554,0.052499999999996994,0.41632158590308305,0.41632158590308305,True,True,True,True,True,0.9946465051395086,0.7142857142857142
1.0,1.11,0.7,0.2,0.1,0.952,0.9359999999999999,2.5302851000000004e-05,0.24381,1.2008652173913044e-10,0.0,1.2008652173913044e-10,1.006,1.002,True,True,True,0.10950333333334554,0.052499999999996994,0.49567391304347763,0.49567391304347763,True,True,True,True,True,1.1533511594202976,0.7142857142857142
1.0,1.11,0.72,0.2,0.1,0.952,0.9359999999999999,2.5302851000000004e-05,0.24381,1.1854034334763952e-10,0.0,1.1854034334763952e-10,1.006,1.002,True,True,True,0.10950333333334554,0.052499999999996994,0.5729828326180237,0.5729828326180237,True,True,True,True,True,1.30796899856939,0.7142857142857142
1.0,1.13,0.56,0.2,0.1,0.952,0.9359999999999999,2.5302851000000004e-05,0.24381,1.3340526315789468e-10,0.0,1.3340526315789468e-10,1.006,1.002,True,True,True,0.10950333333334554,0.052499999999996994,0.17026315789473473,0.17026315789473473,True,True,True,True,True,0.502529649122812,0.7142857142857142
1.0,1.13,0.58,0.2,0.1,0.952,0.9359999999999999,2.5302851000000004e-05,0.24381,1.3151745283018863e-10,0.0,1.3151745283018863e-10,1.006,1.002,True,True,True,0.10950333333334554,0.052499999999996994,0.07587264150943214,0.07587264150943214,True,True,True,True,True,0.3137486163522068,0.7142857142857142
1.0,1.13,0.6,0.2,0.1,0.952,0.9359999999999999,2.5302851000000004e-05,0.24381,1.2968232558139532e-10,0.0,1.2968232558139532e-10,1.006,1.002,True,True,True,0.10950333333334554,0.052499999999996994,0.01588372093023344,0.01588372093023344,True,True,True,True,True,0.19377077519380942,0.7142857142857142
1.0,1.13,0.62,0.2,0.1,0.952,0.9359999999999999,2.5302851000000004e-05,0.24381,1.2789770642201832e-10,0.0,1.2789770642201832e-10,1.006,1.002,True,True,True,0.10950333333334554,0.052499999999996994,0.10511467889908353,0.10511467889908353,True,True,True,True,True,0.37223269113150964,0.7142857142857142
1.0,1.13,0.64,0.2,0.1,0.952,0.9359999999999999,2.5302851000000004e-05,0.24381,1.2616153846153843e-10,0.0,1.2616153846153843e-10,1.006,1.002,True,True,True,0.10950333333334554,0.052499999999996994,0.19192307692307814,0.19192307692307814,True,True,True,True,True,0.5458494871794988,0.7142857142857142
1.0,1.13,0.66,0.2,0.1,0.952,0.9359999999999999,2.5302851000000004e-05,0.24381,1.2447187499999996e-10,0.0,1.2447187499999996e-10,1.006,1.002,True,True,True,0.10950333333334554,0.052499999999996994,0.27640625000000146,0.27640625000000146,True,True,True,True,True,0.7148158333333454,0.7142857142857142
1.0,1.13,0.68,0.2,0.1,0.952,0.9359999999999999,2.5302851000000004e-05,0.24381,1.22826872246696e-10,0.0,1.22826872246696e-10,1.006,1.002,True,True,True,0.10950333333334554,0.052499999999996994,0.35865638766519947,0.35865638766519947,True,True,True,True,True,0.8793161086637414,0.7142857142857142
1.0,1.13,0.7,0.2,0.1,0.952,0.9359999999999999,2.5302851000000004e-05,0.24381,1.2122478260869564e-10,0.0,1.2122478260869564e-10,1.006,1.002,True,True,True,0.10950333333334554,0.052499999999996994,0.43876086956521737,0.43876086956521737,True,True,True,True,True,1.0395250724637772,0.7142857142857142
1.0,1.13,0.72,0.2,0.1,0.952,0.9359999999999999,2.5302851000000004e-05,0.24381,1.1966394849785404e-10,0.0,1.1966394849785404e-10,1.006,1.002,True,True,True,0.10950333333334554,0.052499999999996994,0.5168025751072975,0.5168025751072975,True,True,True,True,True,1.1956084835479377,0.7142857142857142
1.0,1.15,0.56,0.2,0.1,0.952,0.9359999999999999,2.5302851000000004e-05,0.24381,1.3465789473684206e-10,0.0,1.3465789473684206e-10,1.006,1.002,True,True,True,0.10950333333334554,0.052499999999996994,0.2328947368421036,0.2328947368421036,True,True,True,True,True,0.6277928070175498,0.7142857142857142
1.0,1.15,0.58,0.2,0.1,0.952,0.9359999999999999,2.5302851000000004e-05,0.24381,1.3275235849056601e-10,0.0,1.3275235849056601e-10,1.006,1.002,True,True,True,0.10950333333334554,0.052499999999996994,0.13761792452830113,0.13761792452830113,True,True,True,True,True,0.4372391823899448,0.7142857142857142
1.0,1.15,0.6,0.2,0.1,0.952,0.9359999999999999,2.5302851000000004e-05,0.24381,1.3089999999999998e-10,0.0,1.3089999999999998e-10,1.006,1.002,True,True,True,0.10950333333334554,0.052499999999996994,0.04499999999999959,0.04499999999999959,True,True,True,True,True,0.25200333333334174,0.7142857142857142
1.0,1.15,0.62,0.2,0.1,0.952,0.9359999999999999,2.5302851000000004e-05,0.24381,1.2909862385321096e-10,0.0,1.2909862385321096e-10,1.006,1.002,True,True,True,0.10950333333334554,0.052499999999996994,0.045068807339451324,0.045068807339451324,True,True,True,True,True,0.2521409480122452,0.7142857142857142
1.0,1.15,0.64,0.2,0.1,0.952,0.9359999999999999,2.5302851000000004e-05,0.24381,1.273461538461538e-10,0.0,1.273461538461538e-10,1.006,1.002,True,True,True,0.10950333333334554,0.052499999999996994,0.13269230769230903,0.13269230769230903,True,True,True,True,True,0.4273879487179606,0.7142857142857142
1.0,1.15,0.66,0.2,0.1,0.952,0.9359999999999999,2.5302851000000004e-05,0.24381,1.2564062499999998e-10,0.0,1.2564062499999998e-10,1.006,1.002,True,True,True,0.10950333333334554,0.052499999999996994,0.21796875000000032,0.21796875000000032,True,True,True,True,True,0.5979408333333431,0.7142857142857142
1.0,1.15,0.68,0.2,0.1,0.952,0.9359999999999999,2.5302851000000004e-05,0.24381,1.239801762114537e-10,0.0,1.239801762114537e-10,1.006,1.002,True,True,True,0.10950333333334554,0.052499999999996994,0.3009911894273146,0.3009911894273146,True,True,True,True,True,0.7639857121879718,0.7142857142857142
1.0,1.15,0.7,0.2,0.1,0.952,0.9359999999999999,2.5302851000000004e-05,0.24381,1.2236304347826085e-10,0.0,1.2236304347826085e-10,1.006,1.002,True,True,True,0.10950333333334554,0.052499999999996994,0.38184782608695716,0.38184782608695716,True,True,True,True,True,0.9256989855072568,0.7142857142857142
1.0,1.15,0.72,0.2,0.1,0.952,0.9359999999999999,2.5302851000000004e-05,0.24381,1.2078755364806864e-10,0.0,1.2078755364806864e-10,1.006,1.002,True,True,True,0.10950333333334554,0.052499999999996994,0.46062231759656747,0.46062231759656747,True,True,True,True,True,1.0832479685264773,0.7142857142857142
1.01,1.03,0.56,0.2,0.1,0.952,0.9359999999999999,2.5301585857450003e-05,0.24382,1.2752353157894737e-10,0.0,1.2752353157894737e-10,1.008012,1.005006,True,True,True,0.10528619150000955,0.054999999999999494,0.12382342105263085,0.12382342105263085,True,True,True,True,True,0.4079330336052707,0.7142857142857142
1.01,1.03,0.58,0.2,0.1,0.952,0.9359999999999999,2.5301585857450003e-05,0.24382,1.2571895330188682e-10,0.0,1.2571895330188682e-10,1.008012,1.005006,True,True,True,0.10528619150000955,0.054999999999999494,0.21405233490565861,0.21405233490565861,True,True,True,True,True,0.5883908613113262,0.7142857142857142
1.01,1.03,0.6,0.2,0.1,0.952,0.9359999999999999,2.5301585857450003e-05,0.24382,1.2396473534883724e-10,0.0,1.2396473534883724e-10,1.008012,1.005006,True,True,True,0.10528619150000955,0.054999999999999494,0.3017632325581375,0.3017632325581375,True,True,True,True,True,0.763812656616284,0.7142857142857142
1.01,1.03,0.62,0.2,0.1,0.952,0.9359999999999999,2.5301585857450003e-05,0.24382,1.2225879862385322e-10,0.0,1.2225879862385322e-10,1.008012,1.005006,True,True,True,0.10528619150000955,0.054999999999999494,0.38706006880733834,0.38706006880733834,True,True,True,True,True,0.9344063291146857,0.7142857142857142
1.01,1.03,0.64,0.2,0.1,0.952,0.9359999999999999,2.5301585857450003e-05,0.24382,1.2059917692307695e-10,0.0,1.2059917692307695e-10,1.008012,1.005006,True,True,True,0.10528619150000955,0.054999999999999494,0.4700411538461523,0.4700411538461523,True,True,True,True,True,1.1003684991923137,0.7142857142857142
1.01,1.03,0.66,0.2,0.1,0.952,0.9359999999999999,2.5301585857450003e-05,0.24382,1.1898400937500002e-10,0.0,1.1898400937500002e-10,1.008012,1.005006,True,True,True,0.10528619150000955,0.054999999999999494,0.5507995312499984,0.5507995312499984,True,True,True,True,True,1.2618852540000058,0.7142857142857142
1.01,1.03,0.68,0.2,0.1,0.952,0.9359999999999999,2.5301585857450003e-05,0.24382,1.174115334801762e-10,0.0,1.174115334801762e-10,1.008012,1.005006,True,True,True,0.10528619150000955,0.054999999999999494,0.629423325991189,0.629423325991189,True,True,True,True,True,1.419132843482387,0.7142857142857142
1.01,1.03,0.7,0.2,0.1,0.952,0.9359999999999999,2.5301585857450003e-05,0.24382,1.158800786956522e-10,0.0,1.158800786956522e-10,1.008012,1.005006,True,True,True,0.10528619150000955,0.054999999999999494,0.7059960652173897,0.7059960652173897,True,True,True,True,True,1.5722783219347884,0.7142857142857142
1.01,1.03,0.72,0.2,0.1,0.952,0.9359999999999999,2.5301585857450003e-05,0.24382,1.1438806051502148e-10,0.0,1.1438806051502148e-10,1.008012,1.005006,True,True,True,0.10528619150000955,0.054999999999999494,0.7805969742489257,0.7805969742489257,True,True,True,True,True,1.7214801399978605,0.7142857142857142
1.01,1.05,0.56,0.2,0.1,0.952,0.9359999999999999,2.5301585857450003e-05,0.24382,1.2877992105263158e-10,0.0,1.2877992105263158e-10,1.008012,1.005006,True,True,True,0.10528619150000955,0.054999999999999494,0.06100394736842039,0.06100394736842039,True,True,True,True,True,0.2822940862368498,0.7142857142857142
1.01,1.05,0.58,0.2,0.1,0.952,0.9359999999999999,2.5301585857450003e-05,0.24382,1.269575636792453e-10,0.0,1.269575636792453e-10,1.008012,1.005006,True,True,True,0.10528619150000955,0.054999999999999494,0.1521218160377348,0.1521218160377348,True,True,True,True,True,0.4645298235754787,0.7142857142857142
1.01,1.05,0.6,0.2,0.1,0.952,0.9359999999999999,2.5301585857450003e-05,0.24382,1.2518606279069768e-10,0.0,1.2518606279069768e-10,1.008012,1.005006,True,True,True,0.10528619150000955,0.054999999999999494,0.24069686046511554,0.24069686046511554,True,True,True,True,True,0.6416799124302401,0.7142857142857142
1.01,1.05,0.62,0.2,0.1,0.952,0.9359999999999999,2.5301585857450003e-05,0.24382,1.2346331880733944e-10,0.0,1.2346331880733944e-10,1.008012,1.005006,True,True,True,0.10528619150000955,0.054999999999999494,0.32683405963302753,0.32683405963302753,True,True,True,True,True,0.8139543107660641,0.7142857142857142
1.01,1.05,0.64,0.2,0.1,0.952,0.9359999999999999,2.5301585857450003e-05,0.24382,1.2178734615384617e-10,0.0,1.2178734615384617e-10,1.008012,1.005006,True,True,True,0.10528619150000955,0.054999999999999494,0.4106326923076913,0.4106326923076913,True,True,True,True,True,0.9815515761153917,0.7142857142857142
1.01,1.05,0.66,0.2,0.1,0.952,0.9359999999999999,2.5301585857450003e-05,0.24382,1.20156265625e-10,0.0,1.20156265625e-10,1.008012,1.005006,True,True,True,0.10528619150000955,0.054999999999999494,0.49218671874999953,0.49218671874999953,True,True,True,True,True,1.1446596290000082,0.7142857142857142
1.01,1.05,0.68,0.2,0.1,0.952,0.9359999999999999,2.5301585857450003e-05,0.24382,1.185682973568282e-10,0.0,1.185682973568282e-10,1.008012,1.005006,True,True,True,0.10528619150000955,0.054999999999999494,0.5715851321585899,0.5715851321585899,True,True,True,True,True,1.3034564558171888,0.7142857142857142
1.01,1.05,0.7,0.2,0.1,0.952,0.9359999999999999,2.5301585857450003e-05,0.24382,1.170217543478261e-10,0.0,1.170217543478261e-10,1.008012,1.005006,True,True,True,0.10528619150000955,0.054999999999999494,0.6489122826086944,0.6489122826086944,True,True,True,True,True,1.4581107567173979,0.7142857142857142
1.01,1.05,0.72,0.2,0.1,0.952,0.9359999999999999,2.5301585857450003e-05,0.24382,1.1551503648068671e-10,0.0,1.1551503648068671e-10,1.008012,1.005006,True,True,True,0.10528619150000955,0.054999999999999494,0.7242481759656642,0.7242481759656642,True,True,True,True,True,1.6087825434313374,0.7142857142857142
1.01,1.07,0.56,0.2,0.1,0.952,0.9359999999999999,2.5301585857450003e-05,0.24382,1.300363105263158e-10,0.0,1.300363105263158e-10,1.008012,1.005006,True,True,True,0.10528619150000955,0.054999999999999494,0.0018155263157900693,0.0018155263157900693,True,True,True,True,True,0.1639172441315892,0.7142857142857142
1.01,1.07,0.58,0.2,0.1,0.952,0.9359999999999999,2.5301585857450003e-05,0.24382,1.281961740566038e-10,0.0,1.281961740566038e-10,1.008012,1.005006,True,True,True,0.10528619150000955,0.054999999999999494,0.09019129716980968,0.09019129716980968,True,True,True,True,True,0.3406687858396284,0.7142857142857142
1.01,1.07,0.6,0.2,0.1,0.952,0.9359999999999999,2.5301585857450003e-05,0.24382,1.2640739023255814e-10,0.0,1.2640739023255814e-10,1.008012,1.005006,True,True,True,0.10528619150000955,0.054999999999999494,0.17963048837209233,0.17963048837209233,True,True,True,True,True,0.5195471682441937,0.7142857142857142
1.01,1.07,0.62,0.2,0.1,0.952,0.9359999999999999,2.5301585857450003e-05,0.24382,1.246678389908257e-10,0.0,1.246678389908257e-10,1.008012,1.005006,True,True,True,0.10528619150000955,0.054999999999999494,0.2666080504587141,0.2666080504587141,True,True,True,True,True,0.6935022924174372,0.7142857142857142
1.01,1.07,0.64,0.2,0.1,0.952,0.9359999999999999,2.5301585857450003e-05,0.24382,1.229755153846154e-10,0.0,1.229755153846154e-10,1.008012,1.005006,True,True,True,0.10528619150000955,0.054999999999999494,0.351224230769229,0.351224230769229,True,True,True,True,True,0.862734653038467,0.7142857142857142
1.01,1.07,0.66,0.2,0.1,0.952,0.9359999999999999,2.5301585857450003e-05,0.24382,1.21328521875e-10,0.0,1.21328521875e-10,1.008012,1.005006,True,True,True,0.10528619150000955,0.054999999999999494,0.4335739062499994,0.4335739062499994,True,True,True,True,True,1.0274340040000078,0.7142857142857142
1.01,1.07,0.68,0.2,0.1,0.952,0.9359999999999999,2.5301585857450003e-05,0.24382,1.197250612334802e-10,0.0,1.197250612334802e-10,1.008012,1.005006,True,True,True,0.10528619150000955,0.054999999999999494,0.5137469383259895,0.5137469383259895,True,True,True,True,True,1.187780068151988,0.7142857142857142
1.01,1.07,0.7,0.2,0.1,0.952,0.9359999999999999,2.5301585857450003e-05,0.24382,1.1816343000000004e-10,0.0,1.1816343000000004e-10,1.008012,1.005006,True,True,True,0.10528619150000955,0.054999999999999494,0.5918284999999978,0.5918284999999978,True,True,True,True,True,1.3439431915000046,0.7142857142857142
1.01,1.07,0.72,0.2,0.1,0.952,0.9359999999999999,2.5301585857450003e-05,0.24382,1.1664201244635195e-10,0.0,1.1664201244635195e-10,1.008012,1.005006,True,True,True,0.10528619150000955,0.054999999999999494,0.6678993776824019,0.6678993776824019,True,True,True,True,True,1.496084946864813,0.7142857142857142
1.01,1.09,0.56,0.2,0.1,0.952,0.9359999999999999,2.5301585857450003e-05,0.24382,1.3129269999999998e-10,0.0,1.3129269999999998e-10,1.008012,1.005006,True,True,True,0.10528619150000955,0.054999999999999494,0.06463499999999923,0.06463499999999923,True,True,True,True,True,0.2895561915000075,0.7142857142857142
1.01,1.09,0.58,0.2,0.1,0.952,0.9359999999999999,2.5301585857450003e-05,0.24382,1.2943478443396227e-10,0.0,1.2943478443396227e-10,1.008012,1.005006,True,True,True,0.10528619150000955,0.054999999999999494,0.028260778301885857,0.028260778301885857,True,True,True,True,True,0.21680774810378078,0.7142857142857142
1.01,1.09,0.6,0.2,0.1,0.952,0.9359999999999999,2.5301585857450003e-05,0.24382,1.276287176744186e-10,0.0,1.276287176744186e-10,1.008012,1.005006,True,True,True,0.10528619150000955,0.054999999999999494,0.11856411627906911,0.11856411627906911,True,True,True,True,True,0.39741442405814725,0.7142857142857142
1.01,1.09,0.62,0.2,0.1,0.952,0.9359999999999999,2.5301585857450003e-05,0.24382,1.2587235917431192e-10,0.0,1.2587235917431192e-10,1.008012,1.005006,True,True,True,0.10528619150000955,0.054999999999999494,0.20638204128440332,0.20638204128440332,True,True,True,True,True,0.5730502740688157,0.7142857142857142
1.01,1.09,0.64,0.2,0.1,0.952,0.9359999999999999,2.5301585857450003e-05,0.24382,1.241636846153846e-10,0.0,1.241636846153846e-10,1.008012,1.005006,True,True,True,0.10528619150000955,0.054999999999999494,0.2918157692307693,0.2918157692307693,True,True,True,True,True,0.7439177299615476,0.7142857142857142
1.01,1.09,0.66,0.2,0.1,0.952,0.9359999999999999,2.5301585857450003e-05,0.24382,1.22500778125e-10,0.0,1.22500778125e-10,1.008012,1.005006,True,True,True,0.10528619150000955,0.054999999999999494,0.37496109374999925,0.37496109374999925,True,True,True,True,True,0.9102083790000075,0.7142857142857142
1.01,1.09,0.68,0.2,0.1,0.952,0.9359999999999999,2.5301585857450003e-05,0.24382,1.2088182511013216e-10,0.0,1.2088182511013216e-10,1.008012,1.005006,True,True,True,0.10528619150000955,0.054999999999999494,0.45590874449339164,0.45590874449339164,True,True,True,True,True,1.0721036804867923,0.7142857142857142
1.01,1.09,0.7,0.2,0.1,0.952,0.9359999999999999,2.5301585857450003e-05,0.24382,1.1930510565217392e-10,0.0,1.1930510565217392e-10,1.008012,1.005006,True,True,True,0.10528619150000955,0.054999999999999494,0.5347447173913037,0.5347447173913037,True,True,True,True,True,1.2297756262826165,0.7142857142857142
1.01,1.09,0.72,0.2,0.1,0.952,0.9359999999999999,2.5301585857450003e-05,0.24382,1.1776898841201717e-10,0.0,1.1776898841201717e-10,1.008012,1.005006,True,True,True,0.10528619150000955,0.054999999999999494,0.6115505793991409,0.6115505793991409,True,True,True,True,True,1.383387350298291,0.7142857142857142
1.01,1.11,0.56,0.2,0.1,0.952,0.9359999999999999,2.5301585857450003e-05,0.24382,1.325490894736842e-10,0.0,1.325490894736842e-10,1.008012,1.005006,True,True,True,0.10528619150000955,0.054999999999999494,0.12745447368421098,0.12745447368421098,True,True,True,True,True,0.415195138868431,0.7142857142857142
1.01,1.11,0.58,0.2,0.1,0.952,0.9359999999999999,2.5301585857450003e-05,0.24382,1.3067339481132078e-10,0.0,1.3067339481132078e-10,1.008012,1.005006,True,True,True,0.10528619150000955,0.054999999999999494,0.03366974056603926,0.03366974056603926,True,True,True,True,True,0.2276256726320876,0.7142857142857142
1.01,1.11,0.6,0.2,0.1,0.952,0.9359999999999999,2.5301585857450003e-05,0.24382,1.288500451162791e-10,0.0,1.288500451162791e-10,1.008012,1.005006,True,True,True,0.10528619150000955,0.054999999999999494,0.05749774418604461,0.05749774418604461,True,True,True,True,True,0.2752816798720983,0.7142857142857142
1.01,1.11,0.62,0.2,0.1,0.952,0.9359999999999999,2.5301585857450003e-05,0.24382,1.270768793577982e-10,0.0,1.270768793577982e-10,1.008012,1.005006,True,True,True,0.10528619150000955,0.054999999999999494,0.14615603211008993,0.14615603211008993,True,True,True,True,True,0.4525982557201889,0.7142857142857142
1.01,1.11,0.64,0.2,0.1,0.952,0.9359999999999999,2.5301585857450003e-05,0.24382,1.2535185384615388e-10,0.0,1.2535185384615388e-10,1.008012,1.005006,True,True,True,0.10528619150000955,0.054999999999999494,0.23240730769230572,0.23240730769230572,True,True,True,True,True,0.6251008068846204,0.7142857142857142
1.01,1.11,0.66,0.2,0.1,0.952,0.9359999999999999,2.5301585857450003e-05,0.24382,1.23673034375e-10,0.0,1.23673034375e-10,1.008012,1.005006,True,True,True,0.10528619150000955,0.054999999999999494,0.3163482812499991,0.3163482812499991,True,True,True,True,True,0.7929827540000072,0.7142857142857142
1.01,1.11,0.68,0.2,0.1,0.952,0.9359999999999999,2.5301585857450003e-05,0.24382,1.2203858898678417e-10,0.0,1.2203858898678417e-10,1.008012,1.005006,True,True,True,0.10528619150000955,0.054999999999999494,0.3980705506607912,0.3980705506607912,True,True,True,True,True,0.9564272928215914,0.7142857142857142
1.01,1.11,0.7,0.2,0.1,0.952,0.9359999999999999,2.5301585857450003e-05,0.24382,1.2044678130434785e-10,0.0,1.2044678130434785e-10,1.008012,1.005006,True,True,True,0.10528619150000955,0.054999999999999494,0.47766093478260707,0.47766093478260707,True,True,True,True,True,1.1156080610652233,0.7142857142857142
1.01,1.11,0.72,0.2,0.1,0.952,0.9359999999999999,2.5301585857450003e-05,0.24382,1.1889596437768242e-10,0.0,1.1889596437768242e-10,1.008012,1.005006,True,True,True,0.10528619150000955,0.054999999999999494,0.5552017811158787,0.5552017811158787,True,True,True,True,True,1.2706897537317665,0.7142857142857142
1.01,1.13,0.56,0.2,0.1,0.952,0.9359999999999999,2.5301585857450003e-05,0.24382,1.3380547894736842e-10,0.0,1.3380547894736842e-10,1.008012,1.005006,True,True,True,0.10528619150000955,0.054999999999999494,0.19027394736842143,0.19027394736842143,True,True,True,True,True,0.5408340862368519,0.7142857142857142
1.01,1.13,0.58,0.2,0.1,0.952,0.9359999999999999,2.5301585857450003e-05,0.24382,1.3191200518867923e-10,0.0,1.3191200518867923e-10,1.008012,1.005006,True,True,True,0.10528619150000955,0.054999999999999494,0.09560025943396179,0.09560025943396179,True,True,True,True,True,0.3514867103679326,0.7142857142857142
1.01,1.13,0.6,0.2,0.1,0.952,0.9359999999999999,2.5301585857450003e-05,0.24382,1.3007137255813954e-10,0.0,1.3007137255813954e-10,1.008012,1.005006,True,True,True,0.10528619150000955,0.054999999999999494,0.003568627906977314,0.003568627906977314,True,True,True,True,True,0.1674234473139637,0.7142857142857142
1.01,1.13,0.62,0.2,0.1,0.952,0.9359999999999999,2.5301585857450003e-05,0.24382,1.282813995412844e-10,0.0,1.282813995412844e-10,1.008012,1.005006,True,True,True,0.10528619150000955,0.054999999999999494,0.0859300229357791,0.0859300229357791,True,True,True,True,True,0.3321462373715673,0.7142857142857142
1.01,1.13,0.64,0.2,0.1,0.952,0.9359999999999999,2.5301585857450003e-05,0.24382,1.2654002307692307e-10,0.0,1.2654002307692307e-10,1.008012,1.005006,True,True,True,0.10528619150000955,0.054999999999999494,0.17299884615384603,0.17299884615384603,True,True,True,True,True,0.5062838838077011,0.7142857142857142
1.01,1.13,0.66,0.2,0.1,0.952,0.9359999999999999,2.5301585857450003e-05,0.24382,1.2484529062499999e-10,0.0,1.2484529062499999e-10,1.008012,1.005006,True,True,True,0.10528619150000955,0.054999999999999494,0.25773546875000025,0.25773546875000025,True,True,True,True,True,0.6757571290000095,0.7142857142857142
1.01,1.13,0.68,0.2,0.1,0.952,0.9359999999999999,2.5301585857450003e-05,0.24382,1.2319535286343612e-10,0.0,1.2319535286343612e-10,1.008012,1.005006,True,True,True,0.10528619150000955,0.054999999999999494,0.34023235682819336,0.34023235682819336,True,True,True,True,True,0.8407509051563957,0.7142857142857142
1.01,1.13,0.7,0.2,0.1,0.952,0.9359999999999999,2.5301585857450003e-05,0.24382,1.2158845695652176e-10,0.0,1.2158845695652176e-10,1.008012,1.005006,True,True,True,0.10528619150000955,0.054999999999999494,0.42057715217391173,0.42057715217391173,True,True,True,True,True,1.0014404958478325,0.7142857142857142
1.01,1.13,0.72,0.2,0.1,0.952,0.9359999999999999,2.5301585857450003e-05,0.24382,1.2002294034334763e-10,0.0,1.2002294034334763e-10,1.008012,1.005006,True,True,True,0.10528619150000955,0.054999999999999494,0.4988529828326178,0.4988529828326178,True,True,True,True,True,1.1579921571652447,0.7142857142857142
1.01,1.15,0.56,0.2,0.1,0.952,0.9359999999999999,2.5301585857450003e-05,0.24382,1.3506186842105263e-10,0.0,1.3506186842105263e-10,1.008012,1.005006,True,True,True,0.10528619150000955,0.054999999999999494,0.2530934210526319,0.2530934210526319,True,True,True,True,True,0.6664730336052729,0.7142857142857142
1.01,1.15,0.58,0.2,0.1,0.952,0.9359999999999999,2.5301585857450003e-05,0.24382,1.3315061556603773e-10,0.0,1.3315061556603773e-10,1.008012,1.005006,True,True,True,0.10528619150000955,0.054999999999999494,0.15753077830188691,0.15753077830188691,True,True,True,True,True,0.4753477481037829,0.7142857142857142
1.01,1.15,0.6,0.2,0.1,0.952,0.9359999999999999,2.5301585857450003e-05,0.24382,1.3129269999999998e-10,0.0,1.3129269999999998e-10,1.008012,1.005006,True,True,True,0.10528619150000955,0.054999999999999494,0.06463499999999923,0.06463499999999923,True,True,True,True,True,0.2895561915000075,0.7142857142857142
1.01,1.15,0.62,0.2,0.1,0.952,0.9359999999999999,2.5301585857450003e-05,0.24382,1.2948591972477062e-10,0.0,1.2948591972477062e-10,1.008012,1.005006,True,True,True,0.10528619150000955,0.054999999999999494,0.025704013761468282,0.025704013761468282,True,True,True,True,True,0.2116942190229456,0.7142857142857142
1.01,1.15,0.64,0.2,0.1,0.952,0.9359999999999999,2.5301585857450003e-05,0.24382,1.277281923076923e-10,0.0,1.277281923076923e-10,1.008012,1.005006,True,True,True,0.10528619150000955,0.054999999999999494,0.11359038461538504,0.11359038461538504,True,True,True,True,True,0.38746696073077913,0.7142857142857142
1.01,1.15,0.66,0.2,0.1,0.952,0.9359999999999999,2.5301585857450003e-05,0.24382,1.26017546875e-10,0.0,1.26017546875e-10,1.008012,1.005006,True,True,True,0.10528619150000955,0.054999999999999494,0.1991226562500001,0.1991226562500001,True,True,True,True,True,0.5585315040000093,0.7142857142857142
1.01,1.15,0.68,0.2,0.1,0.952,0.9359999999999999,2.5301585857450003e-05,0.24382,1.243521167400881e-10,0.0,1.243521167400881e-10,1.008012,1.005006,True,True,True,0.10528619150000955,0.054999999999999494,0.2823941629955942,0.2823941629955942,True,True,True,True,True,0.7250745174911974,0.7142857142857142
1.01,1.15,0.7,0.2,0.1,0.952,0.9359999999999999,2.5301585857450003e-05,0.24382,1.2273013260869566e-10,0.0,1.2273013260869566e-10,1.008012,1.005006,True,True,True,0.10528619150000955,0.054999999999999494,0.3634933695652164,0.3634933695652164,True,True,True,True,True,0.8872729306304418,0.7142857142857142
1.01,1.15,0.72,0.2,0.1,0.952,0.9359999999999999,2.5301585857450003e-05,0.24382,1.2114991630901288e-10,0.0,1.2114991630901288e-10,1.008012,1.005006,True,True,True,0.10528619150000955,0.054999999999999494,0.4425041845493556,0.4425041845493556,True,True,True,True,True,1.0452945605987203,0.7142857142857142
1.02,1.03,0.56,0.2,0.1,0.952,0.9359999999999999,2.5300320714900002e-05,0.24383,1.2790495789473685e-10,0.0,1.2790495789473685e-10,1.010024,1.008012,True,True,True,0.10106904966667356,0.057499999999995055,0.10475210526315727,0.10475210526315727,True,True,True,True,True,0.36807326019298314,0.7142857142857142
1.02,1.03,0.58,0.2,0.1,0.952,0.9359999999999999,2.5300320714900002e-05,0.24383,1.260949820754717e-10,0.0,1.260949820754717e-10,1.010024,1.008012,True,True,True,0.10106904966667356,0.057499999999995055,0.19525089622641478,0.19525089622641478,True,True,True,True,True,0.5490708421194982,0.7142857142857142
1.02,1.03,0.6,0.2,0.1,0.952,0.9359999999999999,2.5300320714900002e-05,0.24383,1.2433551720930234e-10,0.0,1.2433551720930234e-10,1.010024,1.008012,True,True,True,0.10106904966667356,0.057499999999995055,0.2832241395348828,0.2832241395348828,True,True,True,True,True,0.7250173287364342,0.7142857142857142
1.02,1.03,0.62,0.2,0.1,0.952,0.9359999999999999,2.5300320714900002e-05,0.24383,1.2262447798165138e-10,0.0,1.2262447798165138e-10,1.010024,1.008012,True,True,True,0.10106904966667356,0.057499999999995055,0.3687761009174308,0.3687761009174308,True,True,True,True,True,0.8961212515015302,0.7142857142857142
1.02,1.03,0.64,0.2,0.1,0.952,0.9359999999999999,2.5300320714900002e-05,0.24383,1.209598923076923e-10,0.0,1.209598923076923e-10,1.010024,1.008012,True,True,True,0.10106904966667356,0.057499999999995055,0.45200538461538475,0.45200538461538475,True,True,True,True,True,1.0625798188974382,0.7142857142857142
1.02,1.03,0.66,0.2,0.1,0.952,0.9359999999999999,2.5300320714900002e-05,0.24383,1.1933989375e-10,0.0,1.1933989375e-10,1.010024,1.008012,True,True,True,0.10106904966667356,0.057499999999995055,0.5330053125,0.5330053125,True,True,True,True,True,1.2245796746666686,0.7142857142857142
1.02,1.03,0.68,0.2,0.1,0.952,0.9359999999999999,2.5300320714900002e-05,0.24383,1.1776271453744493e-10,0.0,1.1776271453744493e-10,1.010024,1.008012,True,True,True,0.10106904966667356,0.057499999999995055,0.611864273127753,0.611864273127753,True,True,True,True,True,1.3822975959221746,0.7142857142857142
1.02,1.03,0.7,0.2,0.1,0.952,0.9359999999999999,2.5300320714900002e-05,0.24383,1.162266791304348e-10,0.0,1.162266791304348e-10,1.010024,1.008012,True,True,True,0.10106904966667356,0.057499999999995055,0.6886660434782595,0.6886660434782595,True,True,True,True,True,1.5359011366231878,0.7142857142857142
1.02,1.03,0.72,0.2,0.1,0.952,0.9359999999999999,2.5300320714900002e-05,0.24383,1.1473019828326181e-10,0.0,1.1473019828326181e-10,1.010024,1.008012,True,True,True,0.10106904966667356,0.057499999999995055,0.7634900858369091,0.7634900858369091,True,True,True,True,True,1.6855492213404868,0.7142857142857142
1.02,1.05,0.56,0.2,0.1,0.952,0.9359999999999999,2.5300320714900002e-05,0.24383,1.2916510526315786e-10,0.0,1.2916510526315786e-10,1.010024,1.008012,True,True,True,0.10106904966667356,0.057499999999995055,0.041744736842106514,0.041744736842106514,True,True,True,True,True,0.24205852335088163,0.7142857142857142
1.02,1.05,0.58,0.2,0.1,0.952,0.9359999999999999,2.5300320714900002e-05,0.24383,1.273372971698113e-10,0.0,1.273372971698113e-10,1.010024,1.008012,True,True,True,0.10106904966667356,0.057499999999995055,0.1331351415094348,0.1331351415094348,True,True,True,True,True,0.4248393326855383,0.7142857142857142
1.02,1.05,0.6,0.2,0.1,0.952,0.9359999999999999,2.5300320714900002e-05,0.24383,1.2556049767441858e-10,0.0,1.2556049767441858e-10,1.010024,1.008012,True,True,True,0.10106904966667356,0.057499999999995055,0.22197511627907068,0.22197511627907068,True,True,True,True,True,0.60251928222481,0.7142857142857142
1.02,1.05,0.62,0.2,0.1,0.952,0.9359999999999999,2.5300320714900002e-05,0.24383,1.2383260091743116e-10,0.0,1.2383260091743116e-10,1.010024,1.008012,True,True,True,0.10106904966667356,0.057499999999995055,0.30836995412844137,0.30836995412844137,True,True,True,True,True,0.7753089579235514,0.7142857142857142
1.02,1.05,0.64,0.2,0.1,0.952,0.9359999999999999,2.5300320714900002e-05,0.24383,1.2215161538461538e-10,0.0,1.2215161538461538e-10,1.010024,1.008012,True,True,True,0.10106904966667356,0.057499999999995055,0.3924192307692306,0.3924192307692306,True,True,True,True,True,0.9434075112051298,0.7142857142857142
1.02,1.05,0.66,0.2,0.1,0.952,0.9359999999999999,2.5300320714900002e-05,0.24383,1.2051565624999997e-10,0.0,1.2051565624999997e-10,1.010024,1.008012,True,True,True,0.10106904966667356,0.057499999999995055,0.47421718750000086,0.47421718750000086,True,True,True,True,True,1.1070034246666705,0.7142857142857142
1.02,1.05,0.68,0.2,0.1,0.952,0.9359999999999999,2.5300320714900002e-05,0.24383,1.1892293832599117e-10,0.0,1.1892293832599117e-10,1.010024,1.008012,True,True,True,0.10106904966667356,0.057499999999995055,0.553853083700441,0.553853083700441,True,True,True,True,True,1.2662752170675504,0.7142857142857142
1.02,1.05,0.7,0.2,0.1,0.952,0.9359999999999999,2.5300320714900002e-05,0.24383,1.1737176956521738e-10,0.0,1.1737176956521738e-10,1.010024,1.008012,True,True,True,0.10106904966667356,0.057499999999995055,0.6314115217391304,0.6314115217391304,True,True,True,True,True,1.4213920931449295,0.7142857142857142
1.02,1.05,0.72,0.2,0.1,0.952,0.9359999999999999,2.5300320714900002e-05,0.24383,1.1586054506437767e-10,0.0,1.1586054506437767e-10,1.010024,1.008012,True,True,True,0.10106904966667356,0.057499999999995055,0.7069727467811161,0.7069727467811161,True,True,True,True,True,1.572514543228901,0.7142857142857142
1.02,1.07,0.56,0.2,0.1,0.952,0.9359999999999999,2.5300320714900002e-05,0.24383,1.3042525263157895e-10,0.0,1.3042525263157895e-10,1.010024,1.008012,True,True,True,0.10106904966667356,0.057499999999995055,0.02126263157894812,0.02126263157894812,True,True,True,True,True,0.20109431282456486,0.7142857142857142
1.02,1.07,0.58,0.2,0.1,0.952,0.9359999999999999,2.5300320714900002e-05,0.24383,1.2857961226415094e-10,0.0,1.2857961226415094e-10,1.010024,1.008012,True,True,True,0.10106904966667356,0.057499999999995055,0.07101938679245229,0.07101938679245229,True,True,True,True,True,0.3006078232515732,0.7142857142857142
1.02,1.07,0.6,0.2,0.1,0.952,0.9359999999999999,2.5300320714900002e-05,0.24383,1.2678547813953487e-10,0.0,1.2678547813953487e-10,1.010024,1.008012,True,True,True,0.10106904966667356,0.057499999999995055,0.160726093023256,0.160726093023256,True,True,True,True,True,0.48002123571318067,0.7142857142857142
1.02,1.07,0.62,0.2,0.1,0.952,0.9359999999999999,2.5300320714900002e-05,0.24383,1.25040723853211e-10,0.0,1.25040723853211e-10,1.010024,1.008012,True,True,True,0.10106904966667356,0.057499999999995055,0.24796380733944937,0.24796380733944937,True,True,True,True,True,0.6544966643455673,0.7142857142857142
1.02,1.07,0.64,0.2,0.1,0.952,0.9359999999999999,2.5300320714900002e-05,0.24383,1.2334333846153846e-10,0.0,1.2334333846153846e-10,1.010024,1.008012,True,True,True,0.10106904966667356,0.057499999999995055,0.3328330769230764,0.3328330769230764,True,True,True,True,True,0.8242352035128214,0.7142857142857142
1.02,1.07,0.66,0.2,0.1,0.952,0.9359999999999999,2.5300320714900002e-05,0.24383,1.2169141875e-10,0.0,1.2169141875e-10,1.010024,1.008012,True,True,True,0.10106904966667356,0.057499999999995055,0.4154290624999991,0.4154290624999991,True,True,True,True,True,0.9894271746666669,0.7142857142857142
1.02,1.07,0.68,0.2,0.1,0.952,0.9359999999999999,2.5300320714900002e-05,0.24383,1.2008316211453747e-10,0.0,1.2008316211453747e-10,1.010024,1.008012,True,True,True,0.10106904966667356,0.057499999999995055,0.4958418942731262,0.4958418942731262,True,True,True,True,True,1.150252838212921,0.7142857142857142
1.02,1.07,0.7,0.2,0.1,0.952,0.9359999999999999,2.5300320714900002e-05,0.24383,1.1851686000000002e-10,0.0,1.1851686000000002e-10,1.010024,1.008012,True,True,True,0.10106904966667356,0.057499999999995055,0.5741569999999987,0.5741569999999987,True,True,True,True,True,1.306883049666666,0.7142857142857142
1.02,1.07,0.72,0.2,0.1,0.952,0.9359999999999999,2.5300320714900002e-05,0.24383,1.169908918454936e-10,0.0,1.169908918454936e-10,1.010024,1.008012,True,True,True,0.10106904966667356,0.057499999999995055,0.6504554077253198,0.6504554077253198,True,True,True,True,True,1.4594798651173084,0.7142857142857142
1.02,1.09,0.56,0.2,0.1,0.952,0.9359999999999999,2.5300320714900002e-05,0.24383,1.3168539999999997e-10,0.0,1.3168539999999997e-10,1.010024,1.008012,True,True,True,0.10106904966667356,0.057499999999995055,0.08426999999999887,0.08426999999999887,True,True,True,True,True,0.3271090496666664,0.7142857142857142
1.02,1.09,0.58,0.2,0.1,0.952,0.9359999999999999,2.5300320714900002e-05,0.24383,1.2982192735849054e-10,0.0,1.2982192735849054e-10,1.010024,1.008012,True,True,True,0.10106904966667356,0.057499999999995055,0.00890363207547234,0.00890363207547234,True,True,True,True,True,0.17637631381761332,0.7142857142857142
1.02,1.09,0.6,0.2,0.1,0.952,0.9359999999999999,2.5300320714900002e-05,0.24383,1.2801045860465114e-10,0.0,1.2801045860465114e-10,1.010024,1.008012,True,True,True,0.10106904966667356,0.057499999999995055,0.0994770697674426,0.0994770697674426,True,True,True,True,True,0.3575231892015538,0.7142857142857142
1.02,1.09,0.62,0.2,0.1,0.952,0.9359999999999999,2.5300320714900002e-05,0.24383,1.262488467889908e-10,0.0,1.262488467889908e-10,1.010024,1.008012,True,True,True,0.10106904966667356,0.057499999999995055,0.18755766055045994,0.18755766055045994,True,True,True,True,True,0.5336843707675886,0.7142857142857142
1.02,1.09,0.64,0.2,0.1,0.952,0.9359999999999999,2.5300320714900002e-05,0.24383,1.2453506153846152e-10,0.0,1.2453506153846152e-10,1.010024,1.008012,True,True,True,0.10106904966667356,0.057499999999995055,0.27324692307692355,0.27324692307692355,True,True,True,True,True,0.7050628958205157,0.7142857142857142
1.02,1.09,0.66,0.2,0.1,0.952,0.9359999999999999,2.5300320714900002e-05,0.24383,1.2286718124999997e-10,0.0,1.2286718124999997e-10,1.010024,1.008012,True,True,True,0.10106904966667356,0.057499999999995055,0.35664093750000125,0.35664093750000125,True,True,True,True,True,0.8718509246666711,0.7142857142857142
1.02,1.09,0.68,0.2,0.1,0.952,0.9359999999999999,2.5300320714900002e-05,0.24383,1.2124338590308366e-10,0.0,1.2124338590308366e-10,1.010024,1.008012,True,True,True,0.10106904966667356,0.057499999999995055,0.43783070484581665,0.43783070484581665,True,True,True,True,True,1.034230459358302,0.7142857142857142
1.02,1.09,0.7,0.2,0.1,0.952,0.9359999999999999,2.5300320714900002e-05,0.24383,1.1966195043478257e-10,0.0,1.1966195043478257e-10,1.010024,1.008012,True,True,True,0.10106904966667356,0.057499999999995055,0.5169024782608708,0.5169024782608708,True,True,True,True,True,1.1923740061884103,0.7142857142857142
1.02,1.09,0.72,0.2,0.1,0.952,0.9359999999999999,2.5300320714900002e-05,0.24383,1.1812123862660943e-10,0.0,1.1812123862660943e-10,1.010024,1.008012,True,True,True,0.10106904966667356,0.057499999999995055,0.593938068669528,0.593938068669528,True,True,True,True,True,1.3464451870057248,0.7142857142857142
1.02,1.11,0.56,0.2,0.1,0.952,0.9359999999999999,2.5300320714900002e-05,0.24383,1.3294554736842106e-10,0.0,1.3294554736842106e-10,1.010024,1.008012,True,True,True,0.10106904966667356,0.057499999999995055,0.14727736842105352,0.14727736842105352,True,True,True,True,True,0.4531237865087757,0.7142857142857142
1.02,1.11,0.58,0.2,0.1,0.952,0.9359999999999999,2.5300320714900002e-05,0.24383,1.310642424528302e-10,0.0,1.310642424528302e-10,1.010024,1.008012,True,True,True,0.10106904966667356,0.057499999999995055,0.05321212264151019,0.05321212264151019,True,True,True,True,True,0.26499329494968904,0.7142857142857142
1.02,1.11,0.6,0.2,0.1,0.952,0.9359999999999999,2.5300320714900002e-05,0.24383,1.2923543906976746e-10,0.0,1.2923543906976746e-10,1.010024,1.008012,True,True,True,0.10106904966667356,0.057499999999995055,0.03822804651162662,0.03822804651162662,True,True,True,True,True,0.23502514268992186,0.7142857142857142
1.02,1.11,0.62,0.2,0.1,0.952,0.9359999999999999,2.5300320714900002e-05,0.24383,1.2745696972477066e-10,0.0,1.2745696972477066e-10,1.010024,1.008012,True,True,True,0.10106904966667356,0.057499999999995055,0.12715151376146666,0.12715151376146666,True,True,True,True,True,0.41287207718960195,0.7142857142857142
1.02,1.11,0.64,0.2,0.1,0.952,0.9359999999999999,2.5300320714900002e-05,0.24383,1.2572678461538463e-10,0.0,1.2572678461538463e-10,1.010024,1.008012,True,True,True,0.10106904966667356,0.057499999999995055,0.2136607692307681,0.2136607692307681,True,True,True,True,True,0.5858905881282048,0.7142857142857142
1.02,1.11,0.66,0.2,0.1,0.952,0.9359999999999999,2.5300320714900002e-05,0.24383,1.2404294375000003e-10,0.0,1.2404294375000003e-10,1.010024,1.008012,True,True,True,0.10106904966667356,0.057499999999995055,0.29785281249999823,0.29785281249999823,True,True,True,True,True,0.7542746746666651,0.7142857142857142
1.02,1.11,0.68,0.2,0.1,0.952,0.9359999999999999,2.5300320714900002e-05,0.24383,1.2240360969162998e-10,0.0,1.2240360969162998e-10,1.010024,1.008012,True,True,True,0.10106904966667356,0.057499999999995055,0.3798195154185007,0.3798195154185007,True,True,True,True,True,0.91820808050367,0.7142857142857142
1.02,1.11,0.7,0.2,0.1,0.952,0.9359999999999999,2.5300320714900002e-05,0.24383,1.2080704086956526e-10,0.0,1.2080704086956526e-10,1.010024,1.008012,True,True,True,0.10106904966667356,0.057499999999995055,0.4596479565217365,0.4596479565217365,True,True,True,True,True,1.0778649627101418,0.7142857142857142
1.02,1.11,0.72,0.2,0.1,0.952,0.9359999999999999,2.5300320714900002e-05,0.24383,1.1925158540772534e-10,0.0,1.1925158540772534e-10,1.010024,1.008012,True,True,True,0.10106904966667356,0.057499999999995055,0.5374207296137324,0.5374207296137324,True,True,True,True,True,1.2334105088941336,0.7142857142857142
1.02,1.13,0.56,0.2,0.1,0.952,0.9359999999999999,2.5300320714900002e-05,0.24383,1.3420569473684205e-10,0.0,1.3420569473684205e-10,1.010024,1.008012,True,True,True,0.10106904966667356,0.057499999999995055,0.21028473684210297,0.21028473684210297,True,True,True,True,True,0.5791385233508746,0.7142857142857142
1.02,1.13,0.58,0.2,0.1,0.952,0.9359999999999999,2.5300320714900002e-05,0.24383,1.3230655754716977e-10,0.0,1.3230655754716977e-10,1.010024,1.008012,True,True,True,0.10106904966667356,0.057499999999995055,0.11532787735848886,0.11532787735848886,True,True,True,True,True,0.38922480438364637,0.7142857142857142
1.02,1.13,0.6,0.2,0.1,0.952,0.9359999999999999,2.5300320714900002e-05,0.24383,1.3046041953488367e-10,0.0,1.3046041953488367e-10,1.010024,1.008012,True,True,True,0.10106904966667356,0.057499999999995055,0.02302097674418419,0.02302097674418419,True,True,True,True,True,0.204611003155037,0.7142857142857142
1.02,1.13,0.62,0.2,0.1,0.952,0.9359999999999999,2.5300320714900002e-05,0.24383,1.2866509266055045e-10,0.0,1.2866509266055045e-10,1.010024,1.008012,True,True,True,0.10106904966667356,0.057499999999995055,0.06674536697247725,0.06674536697247725,True,True,True,True,True,0.2920597836116231,0.7142857142857142
1.02,1.13,0.64,0.2,0.1,0.952,0.9359999999999999,2.5300320714900002e-05,0.24383,1.2691850769230766e-10,0.0,1.2691850769230766e-10,1.010024,1.008012,True,True,True,0.10106904966667356,0.057499999999995055,0.1540746153846165,0.1540746153846165,True,True,True,True,True,0.4667182804359017,0.7142857142857142
1.02,1.13,0.66,0.2,0.1,0.952,0.9359999999999999,2.5300320714900002e-05,0.24383,1.2521870624999996e-10,0.0,1.2521870624999996e-10,1.010024,1.008012,True,True,True,0.10106904966667356,0.057499999999995055,0.23906468750000168,0.23906468750000168,True,True,True,True,True,0.6366984246666719,0.7142857142857142
1.02,1.13,0.68,0.2,0.1,0.952,0.9359999999999999,2.5300320714900002e-05,0.24383,1.235638334801762e-10,0.0,1.235638334801762e-10,1.010024,1.008012,True,True,True,0.10106904966667356,0.057499999999995055,0.32180832599118986,0.32180832599118986,True,True,True,True,True,0.8021857016490483,0.7142857142857142
1.02,1.13,0.7,0.2,0.1,0.952,0.9359999999999999,2.5300320714900002e-05,0.24383,1.2195213130434782e-10,0.0,1.2195213130434782e-10,1.010024,1.008012,True,True,True,0.10106904966667356,0.057499999999995055,0.40239343478260864,0.40239343478260864,True,True,True,True,True,0.9633559192318859,0.7142857142857142
1.02,1.13,0.72,0.2,0.1,0.952,0.9359999999999999,2.5300320714900002e-05,0.24383,1.203819321888412e-10,0.0,1.203819321888412e-10,1.010024,1.008012,True,True,True,0.10106904966667356,0.057499999999995055,0.48090339055793935,0.48090339055793935,True,True,True,True,True,1.1203758307825473,0.7142857142857142
1.02,1.15,0.56,0.2,0.1,0.952,0.9359999999999999,2.5300320714900002e-05,0.24383,1.3546584210526314e-10,0.0,1.3546584210526314e-10,1.010024,1.008012,True,True,True,0.10106904966667356,0.057499999999995055,0.2732921052631576,0.2732921052631576,True,True,True,True,True,0.7051532601929839,0.7142857142857142
1.02,1.15,0.58,0.2,0.1,0.952,0.9359999999999999,2.5300320714900002e-05,0.24383,1.3354887264150942e-10,0.0,1.3354887264150942e-10,1.010024,1.008012,True,True,True,0.10106904966667356,0.057499999999995055,0.1774436320754714,0.1774436320754714,True,True,True,True,True,0.5134563138176115,0.7142857142857142
1.02,1.15,0.6,0.2,0.1,0.952,0.9359999999999999,2.5300320714900002e-05,0.24383,1.3168539999999997e-10,0.0,1.3168539999999997e-10,1.010024,1.008012,True,True,True,0.10106904966667356,0.057499999999995055,0.08426999999999887,0.08426999999999887,True,True,True,True,True,0.3271090496666664,0.7142857142857142
1.02,1.15,0.62,0.2,0.1,0.952,0.9359999999999999,2.5300320714900002e-05,0.24383,1.2987321559633026e-10,0.0,1.2987321559633026e-10,1.010024,1.008012,True,True,True,0.10106904966667356,0.057499999999995055,0.006339220183486538,0.006339220183486538,True,True,True,True,True,0.1712474900336417,0.7142857142857142
1.02,1.15,0.64,0.2,0.1,0.952,0.9359999999999999,2.5300320714900002e-05,0.24383,1.2811023076923074e-10,0.0,1.2811023076923074e-10,1.010024,1.008012,True,True,True,0.10106904966667356,0.057499999999995055,0.09448846153846234,0.09448846153846234,True,True,True,True,True,0.34754597274359333,0.7142857142857142
1.02,1.15,0.66,0.2,0.1,0.952,0.9359999999999999,2.5300320714900002e-05,0.24383,1.2639446874999997e-10,0.0,1.2639446874999997e-10,1.010024,1.008012,True,True,True,0.10106904966667356,0.057499999999995055,0.1802765625000012,0.1802765625000012,True,True,True,True,True,0.5191221746666711,0.7142857142857142
1.02,1.15,0.68,0.2,0.1,0.952,0.9359999999999999,2.5300320714900002e-05,0.24383,1.2472405726872244e-10,0.0,1.2472405726872244e-10,1.010024,1.008012,True,True,True,0.10106904966667356,0.057499999999995055,0.2637971365638777,0.2637971365638777,True,True,True,True,True,0.686163322794424,0.7142857142857142
1.02,1.15,0.7,0.2,0.1,0.952,0.9359999999999999,2.5300320714900002e-05,0.24383,1.2309722173913043e-10,0.0,1.2309722173913043e-10,1.010024,1.008012,True,True,True,0.10106904966667356,0.057499999999995055,0.34513891304347816,0.34513891304347816,True,True,True,True,True,0.8488468757536249,0.7142857142857142
1.02,1.15,0.72,0.2,0.1,0.952,0.9359999999999999,2.5300320714900002e-05,0.24383,1.215122789699571e-10,0.0,1.215122789699571e-10,1.010024,1.008012,True,True,True,0.10106904966667356,0.057499999999995055,0.42438605150214503,0.42438605150214503,True,True,True,True,True,1.0073411526709588,0.7142857142857142
1.03,1.03,0.56,0.2,0.1,0.952,0.9359999999999999,2.5299055572350005e-05,0.24384,1.282863842105263e-10,0.0,1.282863842105263e-10,1.012036,1.011018,True,True,True,0.09685190783334886,0.059999999999997555,0.085680789473685,0.085680789473685,True,True,True,True,True,0.32821348678071643,0.7142857142857142
1.03,1.03,0.58,0.2,0.1,0.952,0.9359999999999999,2.5299055572350005e-05,0.24384,1.264710108490566e-10,0.0,1.264710108490566e-10,1.012036,1.011018,True,True,True,0.09685190783334886,0.059999999999997555,0.17644945754716962,0.17644945754716962,True,True,True,True,True,0.5097508229276857,0.7142857142857142
1.03,1.03,0.6,0.2,0.1,0.952,0.9359999999999999,2.5299055572350005e-05,0.24384,1.2470629906976745e-10,0.0,1.2470629906976745e-10,1.012036,1.011018,True,True,True,0.09685190783334886,0.059999999999997555,0.26468504651162683,0.26468504651162683,True,True,True,True,True,0.6862220008566,0.7142857142857142
1.03,1.03,0.62,0.2,0.1,0.952,0.9359999999999999,2.5299055572350005e-05,0.24384,1.2299015733944955e-10,0.0,1.2299015733944955e-10,1.012036,1.011018,True,True,True,0.09685190783334886,0.059999999999997555,0.3504921330275219,0.3504921330275219,True,True,True,True,True,0.8578361738883902,0.7142857142857142
1.03,1.03,0.64,0.2,0.1,0.952,0.9359999999999999,2.5299055572350005e-05,0.24384,1.213206076923077e-10,0.0,1.213206076923077e-10,1.012036,1.011018,True,True,True,0.09685190783334886,0.059999999999997555,0.43396961538461465,0.43396961538461465,True,True,True,True,True,1.0247911386025756,0.7142857142857142
1.03,1.03,0.66,0.2,0.1,0.952,0.9359999999999999,2.5299055572350005e-05,0.24384,1.19695778125e-10,0.0,1.19695778125e-10,1.012036,1.011018,True,True,True,0.09685190783334886,0.059999999999997555,0.5152110937499991,0.5152110937499991,True,True,True,True,True,1.1872740953333447,0.7142857142857142
1.03,1.03,0.68,0.2,0.1,0.952,0.9359999999999999,2.5299055572350005e-05,0.24384,1.1811389559471365e-10,0.0,1.1811389559471365e-10,1.012036,1.011018,True,True,True,0.09685190783334886,0.059999999999997555,0.5943052202643171,0.5943052202643171,True,True,True,True,True,1.3454623483619805,0.7142857142857142
1.03,1.03,0.7,0.2,0.1,0.952,0.9359999999999999,2.5299055572350005e-05,0.24384,1.165732795652174e-10,0.0,1.165732795652174e-10,1.012036,1.011018,True,True,True,0.09685190783334886,0.059999999999997555,0.6713360217391294,0.6713360217391294,True,True,True,True,True,1.4995239513116054,0.7142857142857142
1.03,1.03,0.72,0.2,0.1,0.952,0.9359999999999999,2.5299055572350005e-05,0.24384,1.1507233605150215e-10,0.0,1.1507233605150215e-10,1.012036,1.011018,True,True,True,0.09685190783334886,0.059999999999997555,0.7463831974248919,0.7463831974248919,True,True,True,True,True,1.6496183026831304,0.7142857142857142
1.03,1.05,0.56,0.2,0.1,0.952,0.9359999999999999,2.5299055572350005e-05,0.24384,1.295502894736842e-10,0.0,1.295502894736842e-10,1.012036,1.011018,True,True,True,0.09685190783334886,0.059999999999997555,0.022485526315790063,0.022485526315790063,True,True,True,True,True,0.20182296046492654,0.7142857142857142
1.03,1.05,0.58,0.2,0.1,0.952,0.9359999999999999,2.5299055572350005e-05,0.24384,1.2771703066037735e-10,0.0,1.2771703066037735e-10,1.012036,1.011018,True,True,True,0.09685190783334886,0.059999999999997555,0.11414846698113226,0.11414846698113226,True,True,True,True,True,0.38514884179561093,0.7142857142857142
1.03,1.05,0.6,0.2,0.1,0.952,0.9359999999999999,2.5299055572350005e-05,0.24384,1.259349325581395e-10,0.0,1.259349325581395e-10,1.012036,1.011018,True,True,True,0.09685190783334886,0.059999999999997555,0.20325337209302455,0.20325337209302455,True,True,True,True,True,0.5633586520193955,0.7142857142857142
1.03,1.05,0.62,0.2,0.1,0.952,0.9359999999999999,2.5299055572350005e-05,0.24384,1.242018830275229e-10,0.0,1.242018830275229e-10,1.012036,1.011018,True,True,True,0.09685190783334886,0.059999999999997555,0.28990584862385393,0.28990584862385393,True,True,True,True,True,0.7366636050810542,0.7142857142857142
1.03,1.05,0.64,0.2,0.1,0.952,0.9359999999999999,2.5299055572350005e-05,0.24384,1.225158846153846e-10,0.0,1.225158846153846e-10,1.012036,1.011018,True,True,True,0.09685190783334886,0.059999999999997555,0.37420576923076987,0.37420576923076987,True,True,True,True,True,0.9052634462948861,0.7142857142857142
1.03,1.05,0.66,0.2,0.1,0.952,0.9359999999999999,2.5299055572350005e-05,0.24384,1.2087504687499997e-10,0.0,1.2087504687499997e-10,1.012036,1.011018,True,True,True,0.09685190783334886,0.059999999999997555,0.4562476562500009,0.4562476562500009,True,True,True,True,True,1.0693472203333483,0.7142857142857142
1.03,1.05,0.68,0.2,0.1,0.952,0.9359999999999999,2.5299055572350005e-05,0.24384,1.1927757929515415e-10,0.0,1.1927757929515415e-10,1.012036,1.011018,True,True,True,0.09685190783334886,0.059999999999997555,0.5361210352422919,0.5361210352422919,True,True,True,True,True,1.2290939783179304,0.7142857142857142
1.03,1.05,0.7,0.2,0.1,0.952,0.9359999999999999,2.5299055572350005e-05,0.24384,1.177217847826087e-10,0.0,1.177217847826087e-10,1.012036,1.011018,True,True,True,0.09685190783334886,0.059999999999997555,0.6139107608695652,0.6139107608695652,True,True,True,True,True,1.384673429572477,0.7142857142857142
1.03,1.05,0.72,0.2,0.1,0.952,0.9359999999999999,2.5299055572350005e-05,0.24384,1.1620605364806864e-10,0.0,1.1620605364806864e-10,1.012036,1.011018,True,True,True,0.09685190783334886,0.059999999999997555,0.6896973175965674,0.6896973175965674,True,True,True,True,True,1.5362465430264813,0.7142857142857142
1.03,1.07,0.56,0.2,0.1,0.952,0.9359999999999999,2.5299055572350005e-05,0.24384,1.308141947368421e-10,0.0,1.308141947368421e-10,1.012036,1.011018,True,True,True,0.09685190783334886,0.059999999999997555,0.040709736842104875,0.040709736842104875,True,True,True,True,True,0.23827138151755617,0.7142857142857142
1.03,1.07,0.58,0.2,0.1,0.952,0.9359999999999999,2.5299055572350005e-05,0.24384,1.289630504716981e-10,0.0,1.289630504716981e-10,1.012036,1.011018,True,True,True,0.09685190783334886,0.059999999999997555,0.0518474764150949,0.0518474764150949,True,True,True,True,True,0.2605468606635362,0.7142857142857142
1.03,1.07,0.6,0.2,0.1,0.952,0.9359999999999999,2.5299055572350005e-05,0.24384,1.2716356604651162e-10,0.0,1.2716356604651162e-10,1.012036,1.011018,True,True,True,0.09685190783334886,0.059999999999997555,0.14182169767441838,0.14182169767441838,True,True,True,True,True,0.44049530318218316,0.7142857142857142
1.03,1.07,0.62,0.2,0.1,0.952,0.9359999999999999,2.5299055572350005e-05,0.24384,1.2541360871559632e-10,0.0,1.2541360871559632e-10,1.012036,1.011018,True,True,True,0.09685190783334886,0.059999999999997555,0.22931956422018332,0.22931956422018332,True,True,True,True,True,0.615491036273713,0.7142857142857142
1.03,1.07,0.64,0.2,0.1,0.952,0.9359999999999999,2.5299055572350005e-05,0.24384,1.2371116153846151e-10,0.0,1.2371116153846151e-10,1.012036,1.011018,True,True,True,0.09685190783334886,0.059999999999997555,0.31444192307692387,0.31444192307692387,True,True,True,True,True,0.7857357539871941,0.7142857142857142
1.03,1.07,0.66,0.2,0.1,0.952,0.9359999999999999,2.5299055572350005e-05,0.24384,1.22054315625e-10,0.0,1.22054315625e-10,1.012036,1.011018,True,True,True,0.09685190783334886,0.059999999999997555,0.3972842187500002,0.3972842187500002,True,True,True,True,True,0.9514203453333469,0.7142857142857142
1.03,1.07,0.68,0.2,0.1,0.952,0.9359999999999999,2.5299055572350005e-05,0.24384,1.204412629955947e-10,0.0,1.204412629955947e-10,1.012036,1.011018,True,True,True,0.09685190783334886,0.059999999999997555,0.4779368502202643,0.4779368502202643,True,True,True,True,True,1.112725608273875,0.7142857142857142
1.03,1.07,0.7,0.2,0.1,0.952,0.9359999999999999,2.5299055572350005e-05,0.24384,1.1887029e-10,0.0,1.1887029e-10,1.012036,1.011018,True,True,True,0.09685190783334886,0.059999999999997555,0.5564854999999996,0.5564854999999996,True,True,True,True,True,1.2698229078333458,0.7142857142857142
1.03,1.07,0.72,0.2,0.1,0.952,0.9359999999999999,2.5299055572350005e-05,0.24384,1.1733977124463519e-10,0.0,1.1733977124463519e-10,1.012036,1.011018,True,True,True,0.09685190783334886,0.059999999999997555,0.6330114377682403,0.6330114377682403,True,True,True,True,True,1.422874783369827,0.7142857142857142
1.03,1.09,0.56,0.2,0.1,0.952,0.9359999999999999,2.5299055572350005e-05,0.24384,1.3207809999999996e-10,0.0,1.3207809999999996e-10,1.012036,1.011018,True,True,True,0.09685190783334886,0.059999999999997555,0.10390499999999853,0.10390499999999853,True,True,True,True,True,0.36466190783334346,0.7142857142857142
1.03,1.09,0.58,0.2,0.1,0.952,0.9359999999999999,2.5299055572350005e-05,0.24384,1.3020907028301884e-10,0.0,1.3020907028301884e-10,1.012036,1.011018,True,True,True,0.09685190783334886,0.059999999999997555,0.010453514150942471,0.010453514150942471,True,True,True,True,True,0.17775893613523136,0.7142857142857142
1.03,1.09,0.6,0.2,0.1,0.952,0.9359999999999999,2.5299055572350005e-05,0.24384,1.283921995348837e-10,0.0,1.283921995348837e-10,1.012036,1.011018,True,True,True,0.09685190783334886,0.059999999999997555,0.0803900232558148,0.0803900232558148,True,True,True,True,True,0.317631954344976,0.7142857142857142
1.03,1.09,0.62,0.2,0.1,0.952,0.9359999999999999,2.5299055572350005e-05,0.24384,1.2662533440366968e-10,0.0,1.2662533440366968e-10,1.012036,1.011018,True,True,True,0.09685190783334886,0.059999999999997555,0.16873327981651529,0.16873327981651529,True,True,True,True,True,0.494318467466377,0.7142857142857142
1.03,1.09,0.64,0.2,0.1,0.952,0.9359999999999999,2.5299055572350005e-05,0.24384,1.249064384615384e-10,0.0,1.249064384615384e-10,1.012036,1.011018,True,True,True,0.09685190783334886,0.059999999999997555,0.2546780769230791,0.2546780769230791,True,True,True,True,True,0.6662080616795045,0.7142857142857142
1.03,1.09,0.66,0.2,0.1,0.952,0.9359999999999999,2.5299055572350005e-05,0.24384,1.2323358437499998e-10,0.0,1.2323358437499998e-10,1.012036,1.011018,True,True,True,0.09685190783334886,0.059999999999997555,0.3383207812500007,0.3383207812500007,True,True,True,True,True,0.8334934703333479,0.7142857142857142
1.03,1.09,0.68,0.2,0.1,0.952,0.9359999999999999,2.5299055572350005e-05,0.24384,1.216049466960352e-10,0.0,1.216049466960352e-10,1.012036,1.011018,True,True,True,0.09685190783334886,0.059999999999997555,0.4197526651982391,0.4197526651982391,True,True,True,True,True,0.9963572382298247,0.7142857142857142
1.03,1.09,0.7,0.2,0.1,0.952,0.9359999999999999,2.5299055572350005e-05,0.24384,1.2001879521739128e-10,0.0,1.2001879521739128e-10,1.012036,1.011018,True,True,True,0.09685190783334886,0.059999999999997555,0.49906023913043535,0.49906023913043535,True,True,True,True,True,1.1549723860942172,0.7142857142857142
1.03,1.09,0.72,0.2,0.1,0.952,0.9359999999999999,2.5299055572350005e-05,0.24384,1.184734888412017e-10,0.0,1.184734888412017e-10,1.012036,1.011018,True,True,True,0.09685190783334886,0.059999999999997555,0.5763255579399151,0.5763255579399151,True,True,True,True,True,1.3095030237131766,0.7142857142857142
1.03,1.11,0.56,0.2,0.1,0.952,0.9359999999999999,2.5299055572350005e-05,0.24384,1.3334200526315789e-10,0.0,1.3334200526315789e-10,1.012036,1.011018,True,True,True,0.09685190783334886,0.059999999999997555,0.16710026315789475,0.16710026315789475,True,True,True,True,True,0.4910524341491359,0.7142857142857142
1.03,1.11,0.58,0.2,0.1,0.952,0.9359999999999999,2.5299055572350005e-05,0.24384,1.3145509009433964e-10,0.0,1.3145509009433964e-10,1.012036,1.011018,True,True,True,0.09685190783334886,0.059999999999997555,0.07275450471698243,0.07275450471698243,True,True,True,True,True,0.30236091726731124,0.7142857142857142
1.03,1.11,0.6,0.2,0.1,0.952,0.9359999999999999,2.5299055572350005e-05,0.24384,1.2962083302325582e-10,0.0,1.2962083302325582e-10,1.012036,1.011018,True,True,True,0.09685190783334886,0.059999999999997555,0.018958348837208636,0.018958348837208636,True,True,True,True,True,0.1947686055077637,0.7142857142857142
1.03,1.11,0.62,0.2,0.1,0.952,0.9359999999999999,2.5299055572350005e-05,0.24384,1.2783706009174312e-10,0.0,1.2783706009174312e-10,1.012036,1.011018,True,True,True,0.09685190783334886,0.059999999999997555,0.10814699541284341,0.10814699541284341,True,True,True,True,True,0.3731458986590332,0.7142857142857142
1.03,1.11,0.64,0.2,0.1,0.952,0.9359999999999999,2.5299055572350005e-05,0.24384,1.2610171538461538e-10,0.0,1.2610171538461538e-10,1.012036,1.011018,True,True,True,0.09685190783334886,0.059999999999997555,0.19491423076923045,0.19491423076923045,True,True,True,True,True,0.5466803693718073,0.7142857142857142
1.03,1.11,0.66,0.2,0.1,0.952,0.9359999999999999,2.5299055572350005e-05,0.24384,1.24412853125e-10,0.0,1.24412853125e-10,1.012036,1.011018,True,True,True,0.09685190783334886,0.059999999999997555,0.27935734374999993,0.27935734374999993,True,True,True,True,True,0.7155665953333463,0.7142857142857142
1.03,1.11,0.68,0.2,0.1,0.952,0.9359999999999999,2.5299055572350005e-05,0.24384,1.2276863039647576e-10,0.0,1.2276863039647576e-10,1.012036,1.011018,True,True,True,0.09685190783334886,0.059999999999997555,0.36156848017621146,0.36156848017621146,True,True,True,True,True,0.8799888681857694,0.7142857142857142
1.03,1.11,0.7,0.2,0.1,0.952,0.9359999999999999,2.5299055572350005e-05,0.24384,1.2116730043478262e-10,0.0,1.2116730043478262e-10,1.012036,1.011018,True,True,True,0.09685190783334886,0.059999999999997555,0.4416349782608685,0.4416349782608685,True,True,True,True,True,1.0401218643550836,0.7142857142857142
1.03,1.11,0.72,0.2,0.1,0.952,0.9359999999999999,2.5299055572350005e-05,0.24384,1.1960720643776824e-10,0.0,1.1960720643776824e-10,1.012036,1.011018,True,True,True,0.09685190783334886,0.059999999999997555,0.5196396781115874,0.5196396781115874,True,True,True,True,True,1.1961312640565214,0.7142857142857142
1.03,1.13,0.56,0.2,0.1,0.952,0.9359999999999999,2.5299055572350005e-05,0.24384,1.3460591052631576e-10,0.0,1.3460591052631576e-10,1.012036,1.011018,True,True,True,0.09685190783334886,0.059999999999997555,0.2302955263157884,0.2302955263157884,True,True,True,True,True,0.6174429604649232,0.7142857142857142
1.03,1.13,0.58,0.2,0.1,0.952,0.9359999999999999,2.5299055572350005e-05,0.24384,1.3270110990566033e-10,0.0,1.3270110990566033e-10,1.012036,1.011018,True,True,True,0.09685190783334886,0.059999999999997555,0.13505549528301722,0.13505549528301722,True,True,True,True,True,0.42696289839938084,0.7142857142857142
1.03,1.13,0.6,0.2,0.1,0.952,0.9359999999999999,2.5299055572350005e-05,0.24384,1.3084946651162786e-10,0.0,1.3084946651162786e-10,1.012036,1.011018,True,True,True,0.09685190783334886,0.059999999999997555,0.04247332558139365,0.04247332558139365,True,True,True,True,True,0.24179855899613373,0.7142857142857142
1.03,1.13,0.62,0.2,0.1,0.952,0.9359999999999999,2.5299055572350005e-05,0.24384,1.2904878577981648e-10,0.0,1.2904878577981648e-10,1.012036,1.011018,True,True,True,0.09685190783334886,0.059999999999997555,0.047560711009175395,0.047560711009175395,True,True,True,True,True,0.2519733298516972,0.7142857142857142
1.03,1.13,0.64,0.2,0.1,0.952,0.9359999999999999,2.5299055572350005e-05,0.24384,1.2729699230769228e-10,0.0,1.2729699230769228e-10,1.012036,1.011018,True,True,True,0.09685190783334886,0.059999999999997555,0.1351503846153857,0.1351503846153857,True,True,True,True,True,0.4271526770641178,0.7142857142857142
1.03,1.13,0.66,0.2,0.1,0.952,0.9359999999999999,2.5299055572350005e-05,0.24384,1.2559212187499996e-10,0.0,1.2559212187499996e-10,1.012036,1.011018,True,True,True,0.09685190783334886,0.059999999999997555,0.22039390625000177,0.22039390625000177,True,True,True,True,True,0.5976397203333499,0.7142857142857142
1.03,1.13,0.68,0.2,0.1,0.952,0.9359999999999999,2.5299055572350005e-05,0.24384,1.2393231409691626e-10,0.0,1.2393231409691626e-10,1.012036,1.011018,True,True,True,0.09685190783334886,0.059999999999997555,0.3033842951541863,0.3033842951541863,True,True,True,True,True,0.763620498141719,0.7142857142857142
1.03,1.13,0.7,0.2,0.1,0.952,0.9359999999999999,2.5299055572350005e-05,0.24384,1.223158056521739e-10,0.0,1.223158056521739e-10,1.012036,1.011018,True,True,True,0.09685190783334886,0.059999999999997555,0.3842097173913042,0.3842097173913042,True,True,True,True,True,0.9252713426159549,0.7142857142857142
1.03,1.13,0.72,0.2,0.1,0.952,0.9359999999999999,2.5299055572350005e-05,0.24384,1.2074092403433475e-10,0.0,1.2074092403433475e-10,1.012036,1.011018,True,True,True,0.09685190783334886,0.059999999999997555,0.4629537982832622,0.4629537982832622,True,True,True,True,True,1.082759504399871,0.7142857142857142
1.03,1.15,0.56,0.2,0.1,0.952,0.9359999999999999,2.5299055572350005e-05,0.24384,1.3586981578947366e-10,0.0,1.3586981578947366e-10,1.012036,1.011018,True,True,True,0.09685190783334886,0.059999999999997555,0.29349078947368334,0.29349078947368334,True,True,True,True,True,0.743833486780713,0.7142857142857142
1.03,1.15,0.58,0.2,0.1,0.952,0.9359999999999999,2.5299055572350005e-05,0.24384,1.339471297169811e-10,0.0,1.339471297169811e-10,1.012036,1.011018,True,True,True,0.09685190783334886,0.059999999999997555,0.19735648584905588,0.19735648584905588,True,True,True,True,True,0.5515648795314582,0.7142857142857142
1.03,1.15,0.6,0.2,0.1,0.952,0.9359999999999999,2.5299055572350005e-05,0.24384,1.3207809999999999e-10,0.0,1.3207809999999999e-10,1.012036,1.011018,True,True,True,0.09685190783334886,0.059999999999997555,0.10390499999999982,0.10390499999999982,True,True,True,True,True,0.364661907833346,0.7142857142857142
1.03,1.15,0.62,0.2,0.1,0.952,0.9359999999999999,2.5299055572350005e-05,0.24384,1.302605114678899e-10,0.0,1.302605114678899e-10,1.012036,1.011018,True,True,True,0.09685190783334886,0.059999999999997555,0.013025573394495208,0.013025573394495208,True,True,True,True,True,0.1829030546223368,0.7142857142857142
1.03,1.15,0.64,0.2,0.1,0.952,0.9359999999999999,2.5299055572350005e-05,0.24384,1.284922692307692e-10,0.0,1.284922692307692e-10,1.012036,1.011018,True,True,True,0.09685190783334886,0.059999999999997555,0.07538653846153963,0.07538653846153963,True,True,True,True,True,0.3076249847564257,0.7142857142857142
1.03,1.15,0.66,0.2,0.1,0.952,0.9359999999999999,2.5299055572350005e-05,0.24384,1.2677139062499997e-10,0.0,1.2677139062499997e-10,1.012036,1.011018,True,True,True,0.09685190783334886,0.059999999999997555,0.16143046875000103,0.16143046875000103,True,True,True,True,True,0.47971284533334846,0.7142857142857142
1.03,1.15,0.68,0.2,0.1,0.952,0.9359999999999999,2.5299055572350005e-05,0.24384,1.250959977973568e-10,0.0,1.250959977973568e-10,1.012036,1.011018,True,True,True,0.09685190783334886,0.059999999999997555,0.24520011013215992,0.24520011013215992,True,True,True,True,True,0.6472521280976662,0.7142857142857142
1.03,1.15,0.7,0.2,0.1,0.952,0.9359999999999999,2.5299055572350005e-05,0.24384,1.2346431086956522e-10,0.0,1.2346431086956522e-10,1.012036,1.011018,True,True,True,0.09685190783334886,0.059999999999997555,0.32678445652173865,0.32678445652173865,True,True,True,True,True,0.8104208208768238,0.7142857142857142
1.03,1.15,0.72,0.2,0.1,0.952,0.9359999999999999,2.5299055572350005e-05,0.24384,1.2187464163090128e-10,0.0,1.2187464163090128e-10,1.012036,1.011018,True,True,True,0.09685190783334886,0.059999999999997555,0.40626791845493576,0.40626791845493576,True,True,True,True,True,0.969387744743218,0.7142857142857142
1.04,1.03,0.56,0.2,0.1,0.952,0.9359999999999999,2.5297790429800004e-05,0.24385,1.2866781052631581e-10,0.0,1.2866781052631581e-10,1.014048,1.014024,True,True,True,0.09263476600001287,0.06250000000000006,0.06660947368420884,0.06660947368420884,True,True,True,True,True,0.2883537133684306,0.7142857142857142
1.04,1.03,0.58,0.2,0.1,0.952,0.9359999999999999,2.5297790429800004e-05,0.24385,1.2684703962264153e-10,0.0,1.2684703962264153e-10,1.014048,1.014024,True,True,True,0.09263476600001287,0.06250000000000006,0.1576480188679232,0.1576480188679232,True,True,True,True,True,0.4704308037358593,0.7142857142857142
1.04,1.03,0.6,0.2,0.1,0.952,0.9359999999999999,2.5297790429800004e-05,0.24385,1.2507708093023257e-10,0.0,1.2507708093023257e-10,1.014048,1.014024,True,True,True,0.09263476600001287,0.06250000000000006,0.24614595348837087,0.24614595348837087,True,True,True,True,True,0.6474266729767546,0.7142857142857142
1.04,1.03,0.62,0.2,0.1,0.952,0.9359999999999999,2.5297790429800004e-05,0.24385,1.2335583669724773e-10,0.0,1.2335583669724773e-10,1.014048,1.014024,True,True,True,0.09263476600001287,0.06250000000000006,0.3322081651376131,0.3322081651376131,True,True,True,True,True,0.819551096275239,0.7142857142857142
1.04,1.03,0.64,0.2,0.1,0.952,0.9359999999999999,2.5297790429800004e-05,0.24385,1.2168132307692307e-10,0.0,1.2168132307692307e-10,1.014048,1.014024,True,True,True,0.09263476600001287,0.06250000000000006,0.4159338461538458,0.4159338461538458,True,True,True,True,True,0.9870024583077046,0.7142857142857142
1.04,1.03,0.66,0.2,0.1,0.952,0.9359999999999999,2.5297790429800004e-05,0.24385,1.200516625e-10,0.0,1.200516625e-10,1.014048,1.014024,True,True,True,0.09263476600001287,0.06250000000000006,0.4974168749999995,0.4974168749999995,True,True,True,True,True,1.149968516000012,0.7142857142857142
1.04,1.03,0.68,0.2,0.1,0.952,0.9359999999999999,2.5297790429800004e-05,0.24385,1.184650766519824e-10,0.0,1.184650766519824e-10,1.014048,1.014024,True,True,True,0.09263476600001287,0.06250000000000006,0.5767461674008798,0.5767461674008798,True,True,True,True,True,1.3086271008017725,0.7142857142857142
1.04,1.03,0.7,0.2,0.1,0.952,0.9359999999999999,2.5297790429800004e-05,0.24385,1.1691988000000003e-10,0.0,1.1691988000000003e-10,1.014048,1.014024,True,True,True,0.09263476600001287,0.06250000000000006,0.6540059999999981,0.6540059999999981,True,True,True,True,True,1.463146766000009,0.7142857142857142
1.04,1.03,0.72,0.2,0.1,0.952,0.9359999999999999,2.5297790429800004e-05,0.24385,1.1541447381974251e-10,0.0,1.1541447381974251e-10,1.014048,1.014024,True,True,True,0.09263476600001287,0.06250000000000006,0.7292763090128741,0.7292763090128741,True,True,True,True,True,1.613687384025761,0.7142857142857142
1.04,1.05,0.56,0.2,0.1,0.952,0.9359999999999999,2.5297790429800004e-05,0.24385,1.299354736842105e-10,0.0,1.299354736842105e-10,1.014048,1.014024,True,True,True,0.09263476600001287,0.06250000000000006,0.0032263157894749,0.0032263157894749,True,True,True,True,True,0.16158739757896273,0.7142857142857142
1.04,1.05,0.58,0.2,0.1,0.952,0.9359999999999999,2.5297790429800004e-05,0.24385,1.2809676415094337e-10,0.0,1.2809676415094337e-10,1.014048,1.014024,True,True,True,0.09263476600001287,0.06250000000000006,0.09516179245283099,0.09516179245283099,True,True,True,True,True,0.3454583509056749,0.7142857142857142
1.04,1.05,0.6,0.2,0.1,0.952,0.9359999999999999,2.5297790429800004e-05,0.24385,1.2630936744186045e-10,0.0,1.2630936744186045e-10,1.014048,1.014024,True,True,True,0.09263476600001287,0.06250000000000006,0.1845316279069771,0.1845316279069771,True,True,True,True,True,0.5241980218139671,0.7142857142857142
1.04,1.05,0.62,0.2,0.1,0.952,0.9359999999999999,2.5297790429800004e-05,0.24385,1.2457116513761466e-10,0.0,1.2457116513761466e-10,1.014048,1.014024,True,True,True,0.09263476600001287,0.06250000000000006,0.27144174311926644,0.27144174311926644,True,True,True,True,True,0.6980182522385459,0.7142857142857142
1.04,1.05,0.64,0.2,0.1,0.952,0.9359999999999999,2.5297790429800004e-05,0.24385,1.228801538461538e-10,0.0,1.228801538461538e-10,1.014048,1.014024,True,True,True,0.09263476600001287,0.06250000000000006,0.3559923076923092,0.3559923076923092,True,True,True,True,True,0.8671193813846314,0.7142857142857142
1.04,1.05,0.66,0.2,0.1,0.952,0.9359999999999999,2.5297790429800004e-05,0.24385,1.2123443749999997e-10,0.0,1.2123443749999997e-10,1.014048,1.014024,True,True,True,0.09263476600001287,0.06250000000000006,0.438278125000001,0.438278125000001,True,True,True,True,True,1.031691016000015,0.7142857142857142
1.04,1.05,0.68,0.2,0.1,0.952,0.9359999999999999,2.5297790429800004e-05,0.24385,1.1963222026431716e-10,0.0,1.1963222026431716e-10,1.014048,1.014024,True,True,True,0.09263476600001287,0.06250000000000006,0.5183889867841417,0.5183889867841417,True,True,True,True,True,1.1919127395682962,0.7142857142857142
1.04,1.05,0.7,0.2,0.1,0.952,0.9359999999999999,2.5297790429800004e-05,0.24385,1.180718e-10,0.0,1.180718e-10,1.014048,1.014024,True,True,True,0.09263476600001287,0.06250000000000006,0.59641,0.59641,True,True,True,True,True,1.3479547660000128,0.7142857142857142
1.04,1.05,0.72,0.2,0.1,0.952,0.9359999999999999,2.5297790429800004e-05,0.24385,1.1655156223175963e-10,0.0,1.1655156223175963e-10,1.014048,1.014024,True,True,True,0.09263476600001287,0.06250000000000006,0.6724218884120181,0.6724218884120181,True,True,True,True,True,1.499978542824049,0.7142857142857142
1.04,1.07,0.56,0.2,0.1,0.952,0.9359999999999999,2.5297790429800004e-05,0.24385,1.3120313684210525e-10,0.0,1.3120313684210525e-10,1.014048,1.014024,True,True,True,0.09263476600001287,0.06250000000000006,0.060156842105262925,0.060156842105262925,True,True,True,True,True,0.27544845021053876,0.7142857142857142
1.04,1.07,0.58,0.2,0.1,0.952,0.9359999999999999,2.5297790429800004e-05,0.24385,1.2934648867924527e-10,0.0,1.2934648867924527e-10,1.014048,1.014024,True,True,True,0.09263476600001287,0.06250000000000006,0.03267556603773621,0.03267556603773621,True,True,True,True,True,0.22048589807548535,0.7142857142857142
1.04,1.07,0.6,0.2,0.1,0.952,0.9359999999999999,2.5297790429800004e-05,0.24385,1.2754165395348838e-10,0.0,1.2754165395348838e-10,1.014048,1.014024,True,True,True,0.09263476600001287,0.06250000000000006,0.12291730232558076,0.12291730232558076,True,True,True,True,True,0.40096937065117444,0.7142857142857142
1.04,1.07,0.62,0.2,0.1,0.952,0.9359999999999999,2.5297790429800004e-05,0.24385,1.2578649357798165e-10,0.0,1.2578649357798165e-10,1.014048,1.014024,True,True,True,0.09263476600001287,0.06250000000000006,0.21067532110091725,0.21067532110091725,True,True,True,True,True,0.5764854082018473,0.7142857142857142
1.04,1.07,0.64,0.2,0.1,0.952,0.9359999999999999,2.5297790429800004e-05,0.24385,1.2407898461538462e-10,0.0,1.2407898461538462e-10,1.014048,1.014024,True,True,True,0.09263476600001287,0.06250000000000006,0.2960507692307687,0.2960507692307687,True,True,True,True,True,0.7472363044615502,0.7142857142857142
1.04,1.07,0.66,0.2,0.1,0.952,0.9359999999999999,2.5297790429800004e-05,0.24385,1.2241721250000002e-10,0.0,1.2241721250000002e-10,1.014048,1.014024,True,True,True,0.09263476600001287,0.06250000000000006,0.3791393749999986,0.3791393749999986,True,True,True,True,True,0.9134135160000102,0.7142857142857142
1.04,1.07,0.68,0.2,0.1,0.952,0.9359999999999999,2.5297790429800004e-05,0.24385,1.2079936387665197e-10,0.0,1.2079936387665197e-10,1.014048,1.014024,True,True,True,0.09263476600001287,0.06250000000000006,0.460031806167401,0.460031806167401,True,True,True,True,True,1.075198378334815,0.7142857142857142
1.04,1.07,0.7,0.2,0.1,0.952,0.9359999999999999,2.5297790429800004e-05,0.24385,1.1922372e-10,0.0,1.1922372e-10,1.014048,1.014024,True,True,True,0.09263476600001287,0.06250000000000006,0.5388139999999993,0.5388139999999993,True,True,True,True,True,1.2327627660000116,0.7142857142857142
1.04,1.07,0.72,0.2,0.1,0.952,0.9359999999999999,2.5297790429800004e-05,0.24385,1.1768865064377683e-10,0.0,1.1768865064377683e-10,1.014048,1.014024,True,True,True,0.09263476600001287,0.06250000000000006,0.6155674678111582,0.6155674678111582,True,True,True,True,True,1.3862697016223293,0.7142857142857142
1.04,1.09,0.56,0.2,0.1,0.952,0.9359999999999999,2.5297790429800004e-05,0.24385,1.3247079999999998e-10,0.0,1.3247079999999998e-10,1.014048,1.014024,True,True,True,0.09263476600001287,0.06250000000000006,0.12353999999999946,0.12353999999999946,True,True,True,True,True,0.4022147660000118,0.7142857142857142
1.04,1.09,0.58,0.2,0.1,0.952,0.9359999999999999,2.5297790429800004e-05,0.24385,1.3059621320754716e-10,0.0,1.3059621320754716e-10,1.014048,1.014024,True,True,True,0.09263476600001287,0.06250000000000006,0.029810660377358574,0.029810660377358574,True,True,True,True,True,0.21475608675473007,0.7142857142857142
1.04,1.09,0.6,0.2,0.1,0.952,0.9359999999999999,2.5297790429800004e-05,0.24385,1.2877394046511628e-10,0.0,1.2877394046511628e-10,1.014048,1.014024,True,True,True,0.09263476600001287,0.06250000000000006,0.0613029767441857,0.0613029767441857,True,True,True,True,True,0.2777407194883843,0.7142857142857142
1.04,1.09,0.62,0.2,0.1,0.952,0.9359999999999999,2.5297790429800004e-05,0.24385,1.2700182201834863e-10,0.0,1.2700182201834863e-10,1.014048,1.014024,True,True,True,0.09263476600001287,0.06250000000000006,0.14990889908256805,0.14990889908256805,True,True,True,True,True,0.454952564165149,0.7142857142857142
1.04,1.09,0.64,0.2,0.1,0.952,0.9359999999999999,2.5297790429800004e-05,0.24385,1.2527781538461535e-10,0.0,1.2527781538461535e-10,1.014048,1.014024,True,True,True,0.09263476600001287,0.06250000000000006,0.23610923076923204,0.23610923076923204,True,True,True,True,True,0.627353227538477,0.7142857142857142
1.04,1.09,0.66,0.2,0.1,0.952,0.9359999999999999,2.5297790429800004e-05,0.24385,1.2359998749999996e-10,0.0,1.2359998749999996e-10,1.014048,1.014024,True,True,True,0.09263476600001287,0.06250000000000006,0.3200006250000014,0.3200006250000014,True,True,True,True,True,0.7951360160000158,0.7142857142857142
1.04,1.09,0.68,0.2,0.1,0.952,0.9359999999999999,2.5297790429800004e-05,0.24385,1.2196650748898676e-10,0.0,1.2196650748898676e-10,1.014048,1.014024,True,True,True,0.09263476600001287,0.06250000000000006,0.4016746255506616,0.4016746255506616,True,True,True,True,True,0.958484017101336,0.7142857142857142
1.04,1.09,0.7,0.2,0.1,0.952,0.9359999999999999,2.5297790429800004e-05,0.24385,1.2037564e-10,0.0,1.2037564e-10,1.014048,1.014024,True,True,True,0.09263476600001287,0.06250000000000006,0.4812179999999999,0.4812179999999999,True,True,True,True,True,1.1175707660000127,0.7142857142857142
1.04,1.09,0.72,0.2,0.1,0.952,0.9359999999999999,2.5297790429800004e-05,0.24385,1.18825739055794e-10,0.0,1.18825739055794e-10,1.014048,1.014024,True,True,True,0.09263476600001287,0.06250000000000006,0.5587130472102996,0.5587130472102996,True,True,True,True,True,1.272560860420612,0.7142857142857142
1.04,1.11,0.56,0.2,0.1,0.952,0.9359999999999999,2.5297790429800004e-05,0.24385,1.3373846315789474e-10,0.0,1.3373846315789474e-10,1.014048,1.014024,True,True,True,0.09263476600001287,0.06250000000000006,0.1869231578947373,0.1869231578947373,True,True,True,True,True,0.5289810817894876,0.7142857142857142
1.04,1.11,0.58,0.2,0.1,0.952,0.9359999999999999,2.5297790429800004e-05,0.24385,1.3184593773584906e-10,0.0,1.3184593773584906e-10,1.014048,1.014024,True,True,True,0.09263476600001287,0.06250000000000006,0.09229688679245336,0.09229688679245336,True,True,True,True,True,0.3397285395849196,0.7142857142857142
1.04,1.11,0.6,0.2,0.1,0.952,0.9359999999999999,2.5297790429800004e-05,0.24385,1.300062269767442e-10,0.0,1.300062269767442e-10,1.014048,1.014024,True,True,True,0.09263476600001287,0.06250000000000006,0.0003113488372106423,0.0003113488372106423,True,True,True,True,True,0.15575746367443422,0.7142857142857142
1.04,1.11,0.62,0.2,0.1,0.952,0.9359999999999999,2.5297790429800004e-05,0.24385,1.2821715045871561e-10,0.0,1.2821715045871561e-10,1.014048,1.014024,True,True,True,0.09263476600001287,0.06250000000000006,0.08914247706421886,0.08914247706421886,True,True,True,True,True,0.3334197201284506,0.7142857142857142
1.04,1.11,0.64,0.2,0.1,0.952,0.9359999999999999,2.5297790429800004e-05,0.24385,1.2647664615384616e-10,0.0,1.2647664615384616e-10,1.014048,1.014024,True,True,True,0.09263476600001287,0.06250000000000006,0.1761676923076915,0.1761676923076915,True,True,True,True,True,0.5074701506153959,0.7142857142857142
1.04,1.11,0.66,0.2,0.1,0.952,0.9359999999999999,2.5297790429800004e-05,0.24385,1.247827625e-10,0.0,1.247827625e-10,1.014048,1.014024,True,True,True,0.09263476600001287,0.06250000000000006,0.2608618749999991,0.2608618749999991,True,True,True,True,True,0.6768585160000111,0.7142857142857142
1.04,1.11,0.68,0.2,0.1,0.952,0.9359999999999999,2.5297790429800004e-05,0.24385,1.231336511013216e-10,0.0,1.231336511013216e-10,1.014048,1.014024,True,True,True,0.09263476600001287,0.06250000000000006,0.34331744493391964,0.34331744493391964,True,True,True,True,True,0.8417696558678522,0.7142857142857142
1.04,1.11,0.7,0.2,0.1,0.952,0.9359999999999999,2.5297790429800004e-05,0.24385,1.2152756e-10,0.0,1.2152756e-10,1.014048,1.014024,True,True,True,0.09263476600001287,0.06250000000000006,0.4236219999999992,0.4236219999999992,True,True,True,True,True,1.0023787660000114,0.7142857142857142
1.04,1.11,0.72,0.2,0.1,0.952,0.9359999999999999,2.5297790429800004e-05,0.24385,1.1996282746781117e-10,0.0,1.1996282746781117e-10,1.014048,1.014024,True,True,True,0.09263476600001287,0.06250000000000006,0.501858626609441,0.501858626609441,True,True,True,True,True,1.158852019218895,0.7142857142857142
1.04,1.13,0.56,0.2,0.1,0.952,0.9359999999999999,2.5297790429800004e-05,0.24385,1.3500612631578941e-10,0.0,1.3500612631578941e-10,1.014048,1.014024,True,True,True,0.09263476600001287,0.06250000000000006,0.2503063157894712,0.2503063157894712,True,True,True,True,True,0.6557473975789554,0.7142857142857142
1.04,1.13,0.58,0.2,0.1,0.952,0.9359999999999999,2.5297790429800004e-05,0.24385,1.330956622641509e-10,0.0,1.330956622641509e-10,1.014048,1.014024,True,True,True,0.09263476600001287,0.06250000000000006,0.15478311320754556,0.15478311320754556,True,True,True,True,True,0.46470099241510404,0.7142857142857142
1.04,1.13,0.6,0.2,0.1,0.952,0.9359999999999999,2.5297790429800004e-05,0.24385,1.3123851348837205e-10,0.0,1.3123851348837205e-10,1.014048,1.014024,True,True,True,0.09263476600001287,0.06250000000000006,0.06192567441860311,0.06192567441860311,True,True,True,True,True,0.27898611483721913,0.7142857142857142
1.04,1.13,0.62,0.2,0.1,0.952,0.9359999999999999,2.5297790429800004e-05,0.24385,1.2943247889908255e-10,0.0,1.2943247889908255e-10,1.014048,1.014024,True,True,True,0.09263476600001287,0.06250000000000006,0.028376055045872248,0.028376055045872248,True,True,True,True,True,0.21188687609175744,0.7142857142857142
1.04,1.13,0.64,0.2,0.1,0.952,0.9359999999999999,2.5297790429800004e-05,0.24385,1.2767547692307692e-10,0.0,1.2767547692307692e-10,1.014048,1.014024,True,True,True,0.09263476600001287,0.06250000000000006,0.11622615384615358,0.11622615384615358,True,True,True,True,True,0.3875870736923201,0.7142857142857142
1.04,1.13,0.66,0.2,0.1,0.952,0.9359999999999999,2.5297790429800004e-05,0.24385,1.2596553749999998e-10,0.0,1.2596553749999998e-10,1.014048,1.014024,True,True,True,0.09263476600001287,0.06250000000000006,0.20172312500000059,0.20172312500000059,True,True,True,True,True,0.5585810160000141,0.7142857142857142
1.04,1.13,0.68,0.2,0.1,0.952,0.9359999999999999,2.5297790429800004e-05,0.24385,1.2430079471365636e-10,0.0,1.2430079471365636e-10,1.014048,1.014024,True,True,True,0.09263476600001287,0.06250000000000006,0.2849602643171815,0.2849602643171815,True,True,True,True,True,0.725055294634376,0.7142857142857142
1.04,1.13,0.7,0.2,0.1,0.952,0.9359999999999999,2.5297790429800004e-05,0.24385,1.2267948e-10,0.0,1.2267948e-10,1.014048,1.014024,True,True,True,0.09263476600001287,0.06250000000000006,0.36602599999999985,0.36602599999999985,True,True,True,True,True,0.8871867660000127,0.7142857142857142
1.04,1.13,0.72,0.2,0.1,0.952,0.9359999999999999,2.5297790429800004e-05,0.24385,1.2109991587982832e-10,0.0,1.2109991587982832e-10,1.014048,1.014024,True,True,True,0.09263476600001287,0.06250000000000006,0.44500420600858376,0.44500420600858376,True,True,True,True,True,1.0451431780171805,0.7142857142857142
1.04,1.15,0.56,0.2,0.1,0.952,0.9359999999999999,2.5297790429800004e-05,0.24385,1.362737894736842e-10,0.0,1.362737894736842e-10,1.014048,1.014024,True,True,True,0.09263476600001287,0.06250000000000006,0.31368947368421035,0.31368947368421035,True,True,True,True,True,0.7825137133684337,0.7142857142857142
1.04,1.15,0.58,0.2,0.1,0.952,0.9359999999999999,2.5297790429800004e-05,0.24385,1.3434538679245285e-10,0.0,1.3434538679245285e-10,1.014048,1.014024,True,True,True,0.09263476600001287,0.06250000000000006,0.21726933962264292,0.21726933962264292,True,True,True,True,True,0.5896734452452987,0.7142857142857142
1.04,1.15,0.6,0.2,0.1,0.952,0.9359999999999999,2.5297790429800004e-05,0.24385,1.324708e-10,0.0,1.324708e-10,1.014048,1.014024,True,True,True,0.09263476600001287,0.06250000000000006,0.12354000000000075,0.12354000000000075,True,True,True,True,True,0.40221476600001443,0.7142857142857142
1.04,1.15,0.62,0.2,0.1,0.952,0.9359999999999999,2.5297790429800004e-05,0.24385,1.3064780733944953e-10,0.0,1.3064780733944953e-10,1.014048,1.014024,True,True,True,0.09263476600001287,0.06250000000000006,0.03239036697247695,0.03239036697247695,True,True,True,True,True,0.21991549994496679,0.7142857142857142
1.04,1.15,0.64,0.2,0.1,0.952,0.9359999999999999,2.5297790429800004e-05,0.24385,1.288743076923077e-10,0.0,1.288743076923077e-10,1.014048,1.014024,True,True,True,0.09263476600001287,0.06250000000000006,0.05628461538461435,0.05628461538461435,True,True,True,True,True,0.2677039967692416,0.7142857142857142
1.04,1.15,0.66,0.2,0.1,0.952,0.9359999999999999,2.5297790429800004e-05,0.24385,1.271483125e-10,0.0,1.271483125e-10,1.014048,1.014024,True,True,True,0.09263476600001287,0.06250000000000006,0.14258437499999954,0.14258437499999954,True,True,True,True,True,0.440303516000012,0.7142857142857142
1.04,1.15,0.68,0.2,0.1,0.952,0.9359999999999999,2.5297790429800004e-05,0.24385,1.2546793832599117e-10,0.0,1.2546793832599117e-10,1.014048,1.014024,True,True,True,0.09263476600001287,0.06250000000000006,0.22660308370044083,0.22660308370044083,True,True,True,True,True,0.6083409334008946,0.7142857142857142
1.04,1.15,0.7,0.2,0.1,0.952,0.9359999999999999,2.5297790429800004e-05,0.24385,1.238314e-10,0.0,1.238314e-10,1.014048,1.014024,True,True,True,0.09263476600001287,0.06250000000000006,0.3084299999999992,0.3084299999999992,True,True,True,True,True,0.7719947660000113,0.7142857142857142
1.04,1.15,0.72,0.2,0.1,0.952,0.9359999999999999,2.5297790429800004e-05,0.24385,1.222370042918455e-10,0.0,1.222370042918455e-10,1.014048,1.014024,True,True,True,0.09263476600001287,0.06250000000000006,0.38814978540772516,0.38814978540772516,True,True,True,True,True,0.9314343368154632,0.7142857142857142
