beta_e_phys,gamma_exch_phys,gamma_drain_phys,B_eff,E_ind,em_scale,be7_scale,D_over_H,Y_p,Li7_over_H,Be7_over_H,Li_total_over_H,screening_eff,capture_eff,beta_response_ok,exchange_response_ok,drain_response_ok,chi_D,chi_Y,chi_Li7,chi_Li_total,passes_D,passes_Y,passes_Li7,passes_Li_total,passes_all,chi_sum,em_softness
0.96,1.03,0.56,0.4,0.2,0.904,0.872,2.5340769140400002e-05,0.24398,1.192828e-10,0.0,1.192828e-10,1.003904,0.991952,True,True,True,0.23589713466667225,0.09499999999999786,0.5358600000000001,0.5358600000000001,True,True,True,True,True,1.4026171346666705,0.5555555555555556
0.96,1.03,0.58,0.4,0.2,0.904,0.872,2.5340769140400002e-05,0.24398,1.175948358490566e-10,0.0,1.175948358490566e-10,1.003904,0.991952,True,True,True,0.23589713466667225,0.09499999999999786,0.6202582075471694,0.6202582075471694,True,True,True,True,True,1.5714135497610089,0.5555555555555556
0.96,1.03,0.6,0.4,0.2,0.904,0.872,2.5340769140400002e-05,0.24398,1.159539776744186e-10,0.0,1.159539776744186e-10,1.003904,0.991952,True,True,True,0.23589713466667225,0.09499999999999786,0.7023011162790694,0.7023011162790694,True,True,True,True,True,1.7354993672248091,0.5555555555555556
0.96,1.03,0.62,0.4,0.2,0.904,0.872,2.5340769140400002e-05,0.24398,1.1435828073394495e-10,0.0,1.1435828073394495e-10,1.003904,0.991952,True,True,True,0.23589713466667225,0.09499999999999786,0.7820859633027523,0.7820859633027523,True,True,True,True,True,1.8950690612721748,0.5555555555555556
0.96,1.03,0.64,0.4,0.2,0.904,0.872,2.5340769140400002e-05,0.24398,1.1280590588235294e-10,0.0,1.1280590588235294e-10,1.003904,0.991952,True,True,True,0.23589713466667225,0.09499999999999786,0.8597047058823525,0.8597047058823525,True,True,True,True,True,2.050306546431375,0.5555555555555556
0.96,1.03,0.66,0.4,0.2,0.904,0.872,2.5340769140400002e-05,0.24398,1.1129511250000001e-10,0.0,1.1129511250000001e-10,1.003904,0.991952,True,True,True,0.23589713466667225,0.09499999999999786,0.935244374999999,0.935244374999999,True,True,True,True,True,2.201385884666668,0.5555555555555556
0.96,1.03,0.68,0.4,0.2,0.904,0.872,2.5340769140400002e-05,0.24398,1.0982425198237884e-10,0.0,1.0982425198237884e-10,1.003904,0.991952,True,True,True,0.23589713466667225,0.09499999999999786,1.0087874008810573,1.0087874008810573,True,True,False,False,False,2.348471936428785,0.5555555555555556
0.96,1.03,0.7,0.4,0.2,0.904,0.872,2.5340769140400002e-05,0.24398,1.0839176173913044e-10,0.0,1.0839176173913044e-10,1.003904,0.991952,True,True,True,0.23589713466667225,0.09499999999999786,1.0804119130434775,1.0804119130434775,True,True,False,False,False,2.491720960753625,0.5555555555555556
0.96,1.03,0.72,0.4,0.2,0.904,0.872,2.5340769140400002e-05,0.24398,1.0699615965665238e-10,0.0,1.0699615965665238e-10,1.003904,0.991952,True,True,True,0.23589713466667225,0.09499999999999786,1.1501920171673805,1.1501920171673805,True,True,False,False,False,2.631281169001431,0.5555555555555556
0.96,1.05,0.56,0.4,0.2,0.904,0.872,2.5340769140400002e-05,0.24398,1.2045799999999997e-10,0.0,1.2045799999999997e-10,1.003904,0.991952,True,True,True,0.23589713466667225,0.09499999999999786,0.4771000000000009,0.4771000000000009,True,True,True,True,True,1.285097134666672,0.5555555555555556
0.96,1.05,0.58,0.4,0.2,0.904,0.872,2.5340769140400002e-05,0.24398,1.1875340566037734e-10,0.0,1.1875340566037734e-10,1.003904,0.991952,True,True,True,0.23589713466667225,0.09499999999999786,0.5623297169811325,0.5623297169811325,True,True,True,True,True,1.4555565686289351,0.5555555555555556
0.96,1.05,0.6,0.4,0.2,0.904,0.872,2.5340769140400002e-05,0.24398,1.1709638139534882e-10,0.0,1.1709638139534882e-10,1.003904,0.991952,True,True,True,0.23589713466667225,0.09499999999999786,0.6451809302325588,0.6451809302325588,True,True,True,True,True,1.6212589951317877,0.5555555555555556
0.96,1.05,0.62,0.4,0.2,0.904,0.872,2.5340769140400002e-05,0.24398,1.1548496330275228e-10,0.0,1.1548496330275228e-10,1.003904,0.991952,True,True,True,0.23589713466667225,0.09499999999999786,0.7257518348623856,0.7257518348623856,True,True,True,True,True,1.7824008043914414,0.5555555555555556
0.96,1.05,0.64,0.4,0.2,0.904,0.872,2.5340769140400002e-05,0.24398,1.1391729411764705e-10,0.0,1.1391729411764705e-10,1.003904,0.991952,True,True,True,0.23589713466667225,0.09499999999999786,0.8041352941176471,0.8041352941176471,True,True,True,True,True,1.9391677229019644,0.5555555555555556
0.96,1.05,0.66,0.4,0.2,0.904,0.872,2.5340769140400002e-05,0.24398,1.1239161607142855e-10,0.0,1.1239161607142855e-10,1.003904,0.991952,True,True,True,0.23589713466667225,0.09499999999999786,0.8804191964285722,0.8804191964285722,True,True,True,True,True,2.0917355275238148,0.5555555555555556
0.96,1.05,0.68,0.4,0.2,0.904,0.872,2.5340769140400002e-05,0.24398,1.109062643171806e-10,0.0,1.109062643171806e-10,1.003904,0.991952,True,True,True,0.23589713466667225,0.09499999999999786,0.9546867841409693,0.9546867841409693,True,True,True,True,True,2.240270702948609,0.5555555555555556
0.96,1.05,0.7,0.4,0.2,0.904,0.872,2.5340769140400002e-05,0.24398,1.0945966086956522e-10,0.0,1.0945966086956522e-10,1.003904,0.991952,True,True,True,0.23589713466667225,0.09499999999999786,1.0270169565217386,1.0270169565217386,True,True,False,False,False,2.3849310477101477,0.5555555555555556
0.96,1.05,0.72,0.4,0.2,0.904,0.872,2.5340769140400002e-05,0.24398,1.0805030901287553e-10,0.0,1.0805030901287553e-10,1.003904,0.991952,True,True,True,0.23589713466667225,0.09499999999999786,1.0974845493562233,1.0974845493562233,True,True,False,False,False,2.5258662333791166,0.5555555555555556
0.96,1.07,0.56,0.4,0.2,0.904,0.872,2.5340769140400002e-05,0.24398,1.2163319999999998e-10,0.0,1.2163319999999998e-10,1.003904,0.991952,True,True,True,0.23589713466667225,0.09499999999999786,0.4183400000000004,0.4183400000000004,True,True,True,True,True,1.1675771346666708,0.5555555555555556
0.96,1.07,0.58,0.4,0.2,0.904,0.872,2.5340769140400002e-05,0.24398,1.1991197547169813e-10,0.0,1.1991197547169813e-10,1.003904,0.991952,True,True,True,0.23589713466667225,0.09499999999999786,0.5044012264150932,0.5044012264150932,True,True,True,True,True,1.3396995874968565,0.5555555555555556
0.96,1.07,0.6,0.4,0.2,0.904,0.872,2.5340769140400002e-05,0.24398,1.182387851162791e-10,0.0,1.182387851162791e-10,1.003904,0.991952,True,True,True,0.23589713466667225,0.09499999999999786,0.5880607441860449,0.5880607441860449,True,True,True,True,True,1.50701862303876,0.5555555555555556
0.96,1.07,0.62,0.4,0.2,0.904,0.872,2.5340769140400002e-05,0.24398,1.1661164587155964e-10,0.0,1.1661164587155964e-10,1.003904,0.991952,True,True,True,0.23589713466667225,0.09499999999999786,0.6694177064220176,0.6694177064220176,True,True,True,True,True,1.6697325475107054,0.5555555555555556
0.96,1.07,0.64,0.4,0.2,0.904,0.872,2.5340769140400002e-05,0.24398,1.150286823529412e-10,0.0,1.150286823529412e-10,1.003904,0.991952,True,True,True,0.23589713466667225,0.09499999999999786,0.7485658823529399,0.7485658823529399,True,True,True,True,True,1.82802889937255,0.5555555555555556
0.96,1.07,0.66,0.4,0.2,0.904,0.872,2.5340769140400002e-05,0.24398,1.1348811964285713e-10,0.0,1.1348811964285713e-10,1.003904,0.991952,True,True,True,0.23589713466667225,0.09499999999999786,0.8255940178571429,0.8255940178571429,True,True,True,True,True,1.982085170380956,0.5555555555555556
0.96,1.07,0.68,0.4,0.2,0.904,0.872,2.5340769140400002e-05,0.24398,1.1198827665198238e-10,0.0,1.1198827665198238e-10,1.003904,0.991952,True,True,True,0.23589713466667225,0.09499999999999786,0.9005861674008805,0.9005861674008805,True,True,True,True,True,2.1320694694684312,0.5555555555555556
0.96,1.07,0.7,0.4,0.2,0.904,0.872,2.5340769140400002e-05,0.24398,1.1052756000000002e-10,0.0,1.1052756000000002e-10,1.003904,0.991952,True,True,True,0.23589713466667225,0.09499999999999786,0.9736219999999987,0.9736219999999987,True,True,True,True,True,2.278141134666668,0.5555555555555556
0.96,1.07,0.72,0.4,0.2,0.904,0.872,2.5340769140400002e-05,0.24398,1.0910445836909873e-10,0.0,1.0910445836909873e-10,1.003904,0.991952,True,True,True,0.23589713466667225,0.09499999999999786,1.0447770815450628,1.0447770815450628,True,True,False,False,False,2.420451297756796,0.5555555555555556
0.96,1.09,0.56,0.4,0.2,0.904,0.872,2.5340769140400002e-05,0.24398,1.2280839999999997e-10,0.0,1.2280839999999997e-10,1.003904,0.991952,True,True,True,0.23589713466667225,0.09499999999999786,0.3595800000000011,0.3595800000000011,True,True,True,True,True,1.0500571346666723,0.5555555555555556
0.96,1.09,0.58,0.4,0.2,0.904,0.872,2.5340769140400002e-05,0.24398,1.2107054528301884e-10,0.0,1.2107054528301884e-10,1.003904,0.991952,True,True,True,0.23589713466667225,0.09499999999999786,0.44647273584905767,0.44647273584905767,True,True,True,True,True,1.2238426063647854,0.5555555555555556
0.96,1.09,0.6,0.4,0.2,0.904,0.872,2.5340769140400002e-05,0.24398,1.193811888372093e-10,0.0,1.193811888372093e-10,1.003904,0.991952,True,True,True,0.23589713466667225,0.09499999999999786,0.530940558139535,0.530940558139535,True,True,True,True,True,1.39277825094574,0.5555555555555556
0.96,1.09,0.62,0.4,0.2,0.904,0.872,2.5340769140400002e-05,0.24398,1.1773832844036696e-10,0.0,1.1773832844036696e-10,1.003904,0.991952,True,True,True,0.23589713466667225,0.09499999999999786,0.6130835779816516,0.6130835779816516,True,True,True,True,True,1.5570642906299734,0.5555555555555556
0.96,1.09,0.64,0.4,0.2,0.904,0.872,2.5340769140400002e-05,0.24398,1.1614007058823528e-10,0.0,1.1614007058823528e-10,1.003904,0.991952,True,True,True,0.23589713466667225,0.09499999999999786,0.6929964705882358,0.6929964705882358,True,True,True,True,True,1.7168900758431418,0.5555555555555556
0.96,1.09,0.66,0.4,0.2,0.904,0.872,2.5340769140400002e-05,0.24398,1.145846232142857e-10,0.0,1.145846232142857e-10,1.003904,0.991952,True,True,True,0.23589713466667225,0.09499999999999786,0.7707688392857143,0.7707688392857143,True,True,True,True,True,1.8724348132380988,0.5555555555555556
0.96,1.09,0.68,0.4,0.2,0.904,0.872,2.5340769140400002e-05,0.24398,1.1307028898678413e-10,0.0,1.1307028898678413e-10,1.003904,0.991952,True,True,True,0.23589713466667225,0.09499999999999786,0.846485550660793,0.846485550660793,True,True,True,True,True,2.0238682359882563,0.5555555555555556
0.96,1.09,0.7,0.4,0.2,0.904,0.872,2.5340769140400002e-05,0.24398,1.1159545913043477e-10,0.0,1.1159545913043477e-10,1.003904,0.991952,True,True,True,0.23589713466667225,0.09499999999999786,0.9202270434782612,0.9202270434782612,True,True,True,True,True,2.1713512216231927,0.5555555555555556
0.96,1.09,0.72,0.4,0.2,0.904,0.872,2.5340769140400002e-05,0.24398,1.1015860772532188e-10,0.0,1.1015860772532188e-10,1.003904,0.991952,True,True,True,0.23589713466667225,0.09499999999999786,0.9920696137339057,0.9920696137339057,True,True,True,True,True,2.3150363621344816,0.5555555555555556
0.96,1.11,0.56,0.4,0.2,0.904,0.872,2.5340769140400002e-05,0.24398,1.2398359999999998e-10,0.0,1.2398359999999998e-10,1.003904,0.991952,True,True,True,0.23589713466667225,0.09499999999999786,0.3008200000000006,0.3008200000000006,True,True,True,True,True,0.9325371346666713,0.5555555555555556
0.96,1.11,0.58,0.4,0.2,0.904,0.872,2.5340769140400002e-05,0.24398,1.2222911509433963e-10,0.0,1.2222911509433963e-10,1.003904,0.991952,True,True,True,0.23589713466667225,0.09499999999999786,0.38854424528301823,0.38854424528301823,True,True,True,True,True,1.1079856252327067,0.5555555555555556
0.96,1.11,0.6,0.4,0.2,0.904,0.872,2.5340769140400002e-05,0.24398,1.2052359255813954e-10,0.0,1.2052359255813954e-10,1.003904,0.991952,True,True,True,0.23589713466667225,0.09499999999999786,0.4738203720930224,0.4738203720930224,True,True,True,True,True,1.278537878852715,0.5555555555555556
0.96,1.11,0.62,0.4,0.2,0.904,0.872,2.5340769140400002e-05,0.24398,1.188650110091743e-10,0.0,1.188650110091743e-10,1.003904,0.991952,True,True,True,0.23589713466667225,0.09499999999999786,0.5567494495412842,0.5567494495412842,True,True,True,True,True,1.4443960337492388,0.5555555555555556
0.96,1.11,0.64,0.4,0.2,0.904,0.872,2.5340769140400002e-05,0.24398,1.1725145882352942e-10,0.0,1.1725145882352942e-10,1.003904,0.991952,True,True,True,0.23589713466667225,0.09499999999999786,0.6374270588235285,0.6374270588235285,True,True,True,True,True,1.605751252313727,0.5555555555555556
0.96,1.11,0.66,0.4,0.2,0.904,0.872,2.5340769140400002e-05,0.24398,1.1568112678571429e-10,0.0,1.1568112678571429e-10,1.003904,0.991952,True,True,True,0.23589713466667225,0.09499999999999786,0.715943660714285,0.715943660714285,True,True,True,True,True,1.7627844560952401,0.5555555555555556
0.96,1.11,0.68,0.4,0.2,0.904,0.872,2.5340769140400002e-05,0.24398,1.1415230132158591e-10,0.0,1.1415230132158591e-10,1.003904,0.991952,True,True,True,0.23589713466667225,0.09499999999999786,0.7923849339207042,0.7923849339207042,True,True,True,True,True,1.9156670025080786,0.5555555555555556
0.96,1.11,0.7,0.4,0.2,0.904,0.872,2.5340769140400002e-05,0.24398,1.1266335826086959e-10,0.0,1.1266335826086959e-10,1.003904,0.991952,True,True,True,0.23589713466667225,0.09499999999999786,0.8668320869565199,0.8668320869565199,True,True,True,True,True,2.06456130857971,0.5555555555555556
0.96,1.11,0.72,0.4,0.2,0.904,0.872,2.5340769140400002e-05,0.24398,1.1121275708154509e-10,0.0,1.1121275708154509e-10,1.003904,0.991952,True,True,True,0.23589713466667225,0.09499999999999786,0.9393621459227454,0.9393621459227454,True,True,True,True,True,2.209621426512161,0.5555555555555556
0.96,1.13,0.56,0.4,0.2,0.904,0.872,2.5340769140400002e-05,0.24398,1.251588e-10,0.0,1.251588e-10,1.003904,0.991952,True,True,True,0.23589713466667225,0.09499999999999786,0.24206000000000005,0.24206000000000005,True,True,True,True,True,0.8150171346666703,0.5555555555555556
0.96,1.13,0.58,0.4,0.2,0.904,0.872,2.5340769140400002e-05,0.24398,1.2338768490566036e-10,0.0,1.2338768490566036e-10,1.003904,0.991952,True,True,True,0.23589713466667225,0.09499999999999786,0.3306157547169814,0.3306157547169814,True,True,True,True,True,0.992128644100633,0.5555555555555556
0.96,1.13,0.6,0.4,0.2,0.904,0.872,2.5340769140400002e-05,0.24398,1.2166599627906977e-10,0.0,1.2166599627906977e-10,1.003904,0.991952,True,True,True,0.23589713466667225,0.09499999999999786,0.4167001860465111,0.4167001860465111,True,True,True,True,True,1.1642975067596923,0.5555555555555556
0.96,1.13,0.62,0.4,0.2,0.904,0.872,2.5340769140400002e-05,0.24398,1.1999169357798163e-10,0.0,1.1999169357798163e-10,1.003904,0.991952,True,True,True,0.23589713466667225,0.09499999999999786,0.5004153211009181,0.5004153211009181,True,True,True,True,True,1.3317277768685063,0.5555555555555556
0.96,1.13,0.64,0.4,0.2,0.904,0.872,2.5340769140400002e-05,0.24398,1.1836284705882352e-10,0.0,1.1836284705882352e-10,1.003904,0.991952,True,True,True,0.23589713466667225,0.09499999999999786,0.5818576470588238,0.5818576470588238,True,True,True,True,True,1.4946124287843179,0.5555555555555556
0.96,1.13,0.66,0.4,0.2,0.904,0.872,2.5340769140400002e-05,0.24398,1.1677763035714283e-10,0.0,1.1677763035714283e-10,1.003904,0.991952,True,True,True,0.23589713466667225,0.09499999999999786,0.6611184821428582,0.6611184821428582,True,True,True,True,True,1.6531340989523864,0.5555555555555556
0.96,1.13,0.68,0.4,0.2,0.904,0.872,2.5340769140400002e-05,0.24398,1.1523431365638766e-10,0.0,1.1523431365638766e-10,1.003904,0.991952,True,True,True,0.23589713466667225,0.09499999999999786,0.7382843171806167,0.7382843171806167,True,True,True,True,True,1.8074657690279037,0.5555555555555556
0.96,1.13,0.7,0.4,0.2,0.904,0.872,2.5340769140400002e-05,0.24398,1.1373125739130434e-10,0.0,1.1373125739130434e-10,1.003904,0.991952,True,True,True,0.23589713466667225,0.09499999999999786,0.8134371304347825,0.8134371304347825,True,True,True,True,True,1.957771395536235,0.5555555555555556
0.96,1.13,0.72,0.4,0.2,0.904,0.872,2.5340769140400002e-05,0.24398,1.1226690643776823e-10,0.0,1.1226690643776823e-10,1.003904,0.991952,True,True,True,0.23589713466667225,0.09499999999999786,0.8866546781115882,0.8866546781115882,True,True,True,True,True,2.1042064908898466,0.5555555555555556
0.96,1.15,0.56,0.4,0.2,0.904,0.872,2.5340769140400002e-05,0.24398,1.2633399999999997e-10,0.0,1.2633399999999997e-10,1.003904,0.991952,True,True,True,0.23589713466667225,0.09499999999999786,0.18330000000000082,0.18330000000000082,True,True,True,True,True,0.6974971346666717,0.5555555555555556
0.96,1.15,0.58,0.4,0.2,0.904,0.872,2.5340769140400002e-05,0.24398,1.2454625471698112e-10,0.0,1.2454625471698112e-10,1.003904,0.991952,True,True,True,0.23589713466667225,0.09499999999999786,0.2726872641509433,0.2726872641509433,True,True,True,True,True,0.8762716629685567,0.5555555555555556
0.96,1.15,0.6,0.4,0.2,0.904,0.872,2.5340769140400002e-05,0.24398,1.2280839999999997e-10,0.0,1.2280839999999997e-10,1.003904,0.991952,True,True,True,0.23589713466667225,0.09499999999999786,0.3595800000000011,0.3595800000000011,True,True,True,True,True,1.0500571346666723,0.5555555555555556
0.96,1.15,0.62,0.4,0.2,0.904,0.872,2.5340769140400002e-05,0.24398,1.2111837614678897e-10,0.0,1.2111837614678897e-10,1.003904,0.991952,True,True,True,0.23589713466667225,0.09499999999999786,0.44408119266055085,0.44408119266055085,True,True,True,True,True,1.2190595199877718,0.5555555555555556
0.96,1.15,0.64,0.4,0.2,0.904,0.872,2.5340769140400002e-05,0.24398,1.1947423529411764e-10,0.0,1.1947423529411764e-10,1.003904,0.991952,True,True,True,0.23589713466667225,0.09499999999999786,0.5262882352941178,0.5262882352941178,True,True,True,True,True,1.3834736052549057,0.5555555555555556
0.96,1.15,0.66,0.4,0.2,0.904,0.872,2.5340769140400002e-05,0.24398,1.178741339285714e-10,0.0,1.178741339285714e-10,1.003904,0.991952,True,True,True,0.23589713466667225,0.09499999999999786,0.6062933035714295,0.6062933035714295,True,True,True,True,True,1.543483741809529,0.5555555555555556
0.96,1.15,0.68,0.4,0.2,0.904,0.872,2.5340769140400002e-05,0.24398,1.1631632599118942e-10,0.0,1.1631632599118942e-10,1.003904,0.991952,True,True,True,0.23589713466667225,0.09499999999999786,0.6841837004405287,0.6841837004405287,True,True,True,True,True,1.6992645355477274,0.5555555555555556
0.96,1.15,0.7,0.4,0.2,0.904,0.872,2.5340769140400002e-05,0.24398,1.1479915652173913e-10,0.0,1.1479915652173913e-10,1.003904,0.991952,True,True,True,0.23589713466667225,0.09499999999999786,0.7600421739130432,0.7600421739130432,True,True,True,True,True,1.8509814824927566,0.5555555555555556
0.96,1.15,0.72,0.4,0.2,0.904,0.872,2.5340769140400002e-05,0.24398,1.1332105579399141e-10,0.0,1.1332105579399141e-10,1.003904,0.991952,True,True,True,0.23589713466667225,0.09499999999999786,0.8339472103004291,0.8339472103004291,True,True,True,True,True,1.9987915552675284,0.5555555555555556
0.97,1.03,0.56,0.4,0.2,0.904,0.872,2.5339502355300007e-05,0.24399,1.196449947368421e-10,0.0,1.196449947368421e-10,1.005928,0.994964,True,True,True,0.23167451766668826,0.09750000000000036,0.517750263157894,0.517750263157894,True,True,True,True,True,1.3646750439824764,0.5555555555555556
0.97,1.03,0.58,0.4,0.2,0.904,0.872,2.5339502355300007e-05,0.24399,1.1795190518867928e-10,0.0,1.1795190518867928e-10,1.005928,0.994964,True,True,True,0.23167451766668826,0.09750000000000036,0.6024047405660358,0.6024047405660358,True,True,True,True,True,1.5339839987987602,0.5555555555555556
0.97,1.03,0.6,0.4,0.2,0.904,0.872,2.5339502355300007e-05,0.24399,1.1630606465116281e-10,0.0,1.1630606465116281e-10,1.005928,0.994964,True,True,True,0.23167451766668826,0.09750000000000036,0.6846967674418591,0.6846967674418591,True,True,True,True,True,1.698568052550407,0.5555555555555556
0.97,1.03,0.62,0.4,0.2,0.904,0.872,2.5339502355300007e-05,0.24399,1.1470552247706424e-10,0.0,1.1470552247706424e-10,1.005928,0.994964,True,True,True,0.23167451766668826,0.09750000000000036,0.7647238761467875,0.7647238761467875,True,True,True,True,True,1.8586222699602635,0.5555555555555556
0.97,1.03,0.64,0.4,0.2,0.904,0.872,2.5339502355300007e-05,0.24399,1.1314843393665158e-10,0.0,1.1314843393665158e-10,1.005928,0.994964,True,True,True,0.23167451766668826,0.09750000000000036,0.8425783031674206,0.8425783031674206,True,True,True,True,True,2.01433112400153,0.5555555555555556
0.97,1.03,0.66,0.4,0.2,0.904,0.872,2.5339502355300007e-05,0.24399,1.1163305312500001e-10,0.0,1.1163305312500001e-10,1.005928,0.994964,True,True,True,0.23167451766668826,0.09750000000000036,0.918347343749999,0.918347343749999,True,True,True,True,True,2.1658692051666866,0.5555555555555556
0.97,1.03,0.68,0.4,0.2,0.904,0.872,2.5339502355300007e-05,0.24399,1.1015772643171808e-10,0.0,1.1015772643171808e-10,1.005928,0.994964,True,True,True,0.23167451766668826,0.09750000000000036,0.9921136784140958,0.9921136784140958,True,True,True,True,True,2.3134018744948803,0.5555555555555556
0.97,1.03,0.7,0.4,0.2,0.904,0.872,2.5339502355300007e-05,0.24399,1.0872088652173914e-10,0.0,1.0872088652173914e-10,1.005928,0.994964,True,True,True,0.23167451766668826,0.09750000000000036,1.0639556739130427,1.0639556739130427,True,True,False,False,False,2.457085865492774,0.5555555555555556
0.97,1.03,0.72,0.4,0.2,0.904,0.872,2.5339502355300007e-05,0.24399,1.0732104678111589e-10,0.0,1.0732104678111589e-10,1.005928,0.994964,True,True,True,0.23167451766668826,0.09750000000000036,1.1339476609442052,1.1339476609442052,True,True,False,False,False,2.597069839555099,0.5555555555555556
0.97,1.05,0.56,0.4,0.2,0.904,0.872,2.5339502355300007e-05,0.24399,1.208237631578947e-10,0.0,1.208237631578947e-10,1.005928,0.994964,True,True,True,0.23167451766668826,0.09750000000000036,0.4588118421052645,0.4588118421052645,True,True,True,True,True,1.2467982018772177,0.5555555555555556
0.97,1.05,0.58,0.4,0.2,0.904,0.872,2.5339502355300007e-05,0.24399,1.191139929245283e-10,0.0,1.191139929245283e-10,1.005928,0.994964,True,True,True,0.23167451766668826,0.09750000000000036,0.5443003537735852,0.5443003537735852,True,True,True,True,True,1.417775225213859,0.5555555555555556
0.97,1.05,0.6,0.4,0.2,0.904,0.872,2.5339502355300007e-05,0.24399,1.1745193720930233e-10,0.0,1.1745193720930233e-10,1.005928,0.994964,True,True,True,0.23167451766668826,0.09750000000000036,0.627403139534883,0.627403139534883,True,True,True,True,True,1.5839807967364545,0.5555555555555556
0.97,1.05,0.62,0.4,0.2,0.904,0.872,2.5339502355300007e-05,0.24399,1.1583562614678897e-10,0.0,1.1583562614678897e-10,1.005928,0.994964,True,True,True,0.23167451766668826,0.09750000000000036,0.708218692660551,0.708218692660551,True,True,True,True,True,1.7456119029877906,0.5555555555555556
0.97,1.05,0.64,0.4,0.2,0.904,0.872,2.5339502355300007e-05,0.24399,1.1426319683257917e-10,0.0,1.1426319683257917e-10,1.005928,0.994964,True,True,True,0.23167451766668826,0.09750000000000036,0.7868401583710413,0.7868401583710413,True,True,True,True,True,1.902854834408771,0.5555555555555556
0.97,1.05,0.66,0.4,0.2,0.904,0.872,2.5339502355300007e-05,0.24399,1.1273288616071426e-10,0.0,1.1273288616071426e-10,1.005928,0.994964,True,True,True,0.23167451766668826,0.09750000000000036,0.8633556919642866,0.8633556919642866,True,True,True,True,True,2.055885901595262,0.5555555555555556
0.97,1.05,0.68,0.4,0.2,0.904,0.872,2.5339502355300007e-05,0.24399,1.1124302422907487e-10,0.0,1.1124302422907487e-10,1.005928,0.994964,True,True,True,0.23167451766668826,0.09750000000000036,0.937848788546256,0.937848788546256,True,True,True,True,True,2.2048720947592004,0.5555555555555556
0.97,1.05,0.7,0.4,0.2,0.904,0.872,2.5339502355300007e-05,0.24399,1.0979202826086955e-10,0.0,1.0979202826086955e-10,1.005928,0.994964,True,True,True,0.23167451766668826,0.09750000000000036,1.0103985869565222,1.0103985869565222,True,True,False,False,False,2.349971691579733,0.5555555555555556
0.97,1.05,0.72,0.4,0.2,0.904,0.872,2.5339502355300007e-05,0.24399,1.0837839699570815e-10,0.0,1.0837839699570815e-10,1.005928,0.994964,True,True,True,0.23167451766668826,0.09750000000000036,1.0810801502145921,1.0810801502145921,True,True,False,False,False,2.491334818095873,0.5555555555555556
0.97,1.07,0.56,0.4,0.2,0.904,0.872,2.5339502355300007e-05,0.24399,1.2200253157894734e-10,0.0,1.2200253157894734e-10,1.005928,0.994964,True,True,True,0.23167451766668826,0.09750000000000036,0.39987342105263246,0.39987342105263246,True,True,True,True,True,1.1289213597719536,0.5555555555555556
0.97,1.07,0.58,0.4,0.2,0.904,0.872,2.5339502355300007e-05,0.24399,1.2027608066037735e-10,0.0,1.2027608066037735e-10,1.005928,0.994964,True,True,True,0.23167451766668826,0.09750000000000036,0.48619596698113204,0.48619596698113204,True,True,True,True,True,1.3015664516289527,0.5555555555555556
0.97,1.07,0.6,0.4,0.2,0.904,0.872,2.5339502355300007e-05,0.24399,1.1859780976744187e-10,0.0,1.1859780976744187e-10,1.005928,0.994964,True,True,True,0.23167451766668826,0.09750000000000036,0.5701095116279062,0.5701095116279062,True,True,True,True,True,1.4693935409225012,0.5555555555555556
0.97,1.07,0.62,0.4,0.2,0.904,0.872,2.5339502355300007e-05,0.24399,1.1696572981651375e-10,0.0,1.1696572981651375e-10,1.005928,0.994964,True,True,True,0.23167451766668826,0.09750000000000036,0.651713509174312,0.651713509174312,True,True,True,True,True,1.6326015360153128,0.5555555555555556
0.97,1.07,0.64,0.4,0.2,0.904,0.872,2.5339502355300007e-05,0.24399,1.1537795972850678e-10,0.0,1.1537795972850678e-10,1.005928,0.994964,True,True,True,0.23167451766668826,0.09750000000000036,0.7311020135746606,0.7311020135746606,True,True,True,True,True,1.7913785448160098,0.5555555555555556
0.97,1.07,0.66,0.4,0.2,0.904,0.872,2.5339502355300007e-05,0.24399,1.1383271919642857e-10,0.0,1.1383271919642857e-10,1.005928,0.994964,True,True,True,0.23167451766668826,0.09750000000000036,0.808364040178571,0.808364040178571,True,True,True,True,True,1.9459025980238305,0.5555555555555556
0.97,1.07,0.68,0.4,0.2,0.904,0.872,2.5339502355300007e-05,0.24399,1.1232832202643172e-10,0.0,1.1232832202643172e-10,1.005928,0.994964,True,True,True,0.23167451766668826,0.09750000000000036,0.8835838986784137,0.8835838986784137,True,True,True,True,True,2.096342315023516,0.5555555555555556
0.97,1.07,0.7,0.4,0.2,0.904,0.872,2.5339502355300007e-05,0.24399,1.1086317000000003e-10,0.0,1.1086317000000003e-10,1.005928,0.994964,True,True,True,0.23167451766668826,0.09750000000000036,0.9568414999999982,0.9568414999999982,True,True,True,True,True,2.242857517666685,0.5555555555555556
0.97,1.07,0.72,0.4,0.2,0.904,0.872,2.5339502355300007e-05,0.24399,1.0943574721030044e-10,0.0,1.0943574721030044e-10,1.005928,0.994964,True,True,True,0.23167451766668826,0.09750000000000036,1.0282126394849775,1.0282126394849775,True,True,False,False,False,2.385599796636644,0.5555555555555556
0.97,1.09,0.56,0.4,0.2,0.904,0.872,2.5339502355300007e-05,0.24399,1.2318129999999998e-10,0.0,1.2318129999999998e-10,1.005928,0.994964,True,True,True,0.23167451766668826,0.09750000000000036,0.34093500000000043,0.34093500000000043,True,True,True,True,True,1.0110445176666896,0.5555555555555556
0.97,1.09,0.58,0.4,0.2,0.904,0.872,2.5339502355300007e-05,0.24399,1.2143816839622641e-10,0.0,1.2143816839622641e-10,1.005928,0.994964,True,True,True,0.23167451766668826,0.09750000000000036,0.4280915801886789,0.4280915801886789,True,True,True,True,True,1.1853576780440465,0.5555555555555556
0.97,1.09,0.6,0.4,0.2,0.904,0.872,2.5339502355300007e-05,0.24399,1.197436823255814e-10,0.0,1.197436823255814e-10,1.005928,0.994964,True,True,True,0.23167451766668826,0.09750000000000036,0.5128158837209295,0.5128158837209295,True,True,True,True,True,1.3548062851085474,0.5555555555555556
0.97,1.09,0.62,0.4,0.2,0.904,0.872,2.5339502355300007e-05,0.24399,1.1809583348623853e-10,0.0,1.1809583348623853e-10,1.005928,0.994964,True,True,True,0.23167451766668826,0.09750000000000036,0.5952083256880729,0.5952083256880729,True,True,True,True,True,1.5195911690428345,0.5555555555555556
0.97,1.09,0.64,0.4,0.2,0.904,0.872,2.5339502355300007e-05,0.24399,1.164927226244344e-10,0.0,1.164927226244344e-10,1.005928,0.994964,True,True,True,0.23167451766668826,0.09750000000000036,0.67536386877828,0.67536386877828,True,True,True,True,True,1.6799022552232485,0.5555555555555556
0.97,1.09,0.66,0.4,0.2,0.904,0.872,2.5339502355300007e-05,0.24399,1.1493255223214285e-10,0.0,1.1493255223214285e-10,1.005928,0.994964,True,True,True,0.23167451766668826,0.09750000000000036,0.7533723883928573,0.7533723883928573,True,True,True,True,True,1.835919294452403,0.5555555555555556
0.97,1.09,0.68,0.4,0.2,0.904,0.872,2.5339502355300007e-05,0.24399,1.1341361982378853e-10,0.0,1.1341361982378853e-10,1.005928,0.994964,True,True,True,0.23167451766668826,0.09750000000000036,0.8293190088105732,0.8293190088105732,True,True,True,True,True,1.9878125352878349,0.5555555555555556
0.97,1.09,0.7,0.4,0.2,0.904,0.872,2.5339502355300007e-05,0.24399,1.1193431173913042e-10,0.0,1.1193431173913042e-10,1.005928,0.994964,True,True,True,0.23167451766668826,0.09750000000000036,0.9032844130434784,0.9032844130434784,True,True,True,True,True,2.1357433437536453,0.5555555555555556
0.97,1.09,0.72,0.4,0.2,0.904,0.872,2.5339502355300007e-05,0.24399,1.104930974248927e-10,0.0,1.104930974248927e-10,1.005928,0.994964,True,True,True,0.23167451766668826,0.09750000000000036,0.9753451287553644,0.9753451287553644,True,True,True,True,True,2.2798647751774173,0.5555555555555556
0.97,1.11,0.56,0.4,0.2,0.904,0.872,2.5339502355300007e-05,0.24399,1.2436006842105265e-10,0.0,1.2436006842105265e-10,1.005928,0.994964,True,True,True,0.23167451766668826,0.09750000000000036,0.28199657894736707,0.28199657894736707,True,True,True,True,True,0.8931676755614227,0.5555555555555556
0.97,1.11,0.58,0.4,0.2,0.904,0.872,2.5339502355300007e-05,0.24399,1.226002561320755e-10,0.0,1.226002561320755e-10,1.005928,0.994964,True,True,True,0.23167451766668826,0.09750000000000036,0.3699871933962244,0.3699871933962244,True,True,True,True,True,1.0691489044591374,0.5555555555555556
0.97,1.11,0.6,0.4,0.2,0.904,0.872,2.5339502355300007e-05,0.24399,1.2088955488372096e-10,0.0,1.2088955488372096e-10,1.005928,0.994964,True,True,True,0.23167451766668826,0.09750000000000036,0.4555222558139514,0.4555222558139514,True,True,True,True,True,1.2402190292945914,0.5555555555555556
0.97,1.11,0.62,0.4,0.2,0.904,0.872,2.5339502355300007e-05,0.24399,1.1922593715596331e-10,0.0,1.1922593715596331e-10,1.005928,0.994964,True,True,True,0.23167451766668826,0.09750000000000036,0.5387031422018339,0.5387031422018339,True,True,True,True,True,1.4065808020703563,0.5555555555555556
0.97,1.11,0.64,0.4,0.2,0.904,0.872,2.5339502355300007e-05,0.24399,1.1760748552036201e-10,0.0,1.1760748552036201e-10,1.005928,0.994964,True,True,True,0.23167451766668826,0.09750000000000036,0.6196257239818989,0.6196257239818989,True,True,True,True,True,1.5684259656304862,0.5555555555555556
0.97,1.11,0.66,0.4,0.2,0.904,0.872,2.5339502355300007e-05,0.24399,1.1603238526785715e-10,0.0,1.1603238526785715e-10,1.005928,0.994964,True,True,True,0.23167451766668826,0.09750000000000036,0.6983807366071422,0.6983807366071422,True,True,True,True,True,1.725935990880973,0.5555555555555556
0.97,1.11,0.68,0.4,0.2,0.904,0.872,2.5339502355300007e-05,0.24399,1.144989176211454e-10,0.0,1.144989176211454e-10,1.005928,0.994964,True,True,True,0.23167451766668826,0.09750000000000036,0.7750541189427296,0.7750541189427296,True,True,True,True,True,1.8792827555521476,0.5555555555555556
0.97,1.11,0.7,0.4,0.2,0.904,0.872,2.5339502355300007e-05,0.24399,1.1300545347826089e-10,0.0,1.1300545347826089e-10,1.005928,0.994964,True,True,True,0.23167451766668826,0.09750000000000036,0.8497273260869552,0.8497273260869552,True,True,True,True,True,2.028629169840599,0.5555555555555556
0.97,1.11,0.72,0.4,0.2,0.904,0.872,2.5339502355300007e-05,0.24399,1.1155044763948502e-10,0.0,1.1155044763948502e-10,1.005928,0.994964,True,True,True,0.23167451766668826,0.09750000000000036,0.9224776180257486,0.9224776180257486,True,True,True,True,True,2.174129753718186,0.5555555555555556
0.97,1.13,0.56,0.4,0.2,0.904,0.872,2.5339502355300007e-05,0.24399,1.2553883684210524e-10,0.0,1.2553883684210524e-10,1.005928,0.994964,True,True,True,0.23167451766668826,0.09750000000000036,0.2230581578947376,0.2230581578947376,True,True,True,True,True,0.7752908334561638,0.5555555555555556
0.97,1.13,0.58,0.4,0.2,0.904,0.872,2.5339502355300007e-05,0.24399,1.2376234386792451e-10,0.0,1.2376234386792451e-10,1.005928,0.994964,True,True,True,0.23167451766668826,0.09750000000000036,0.3118828066037738,0.3118828066037738,True,True,True,True,True,0.9529401308742362,0.5555555555555556
0.97,1.13,0.6,0.4,0.2,0.904,0.872,2.5339502355300007e-05,0.24399,1.2203542744186047e-10,0.0,1.2203542744186047e-10,1.005928,0.994964,True,True,True,0.23167451766668826,0.09750000000000036,0.3982286279069759,0.3982286279069759,True,True,True,True,True,1.1256317734806403,0.5555555555555556
0.97,1.13,0.62,0.4,0.2,0.904,0.872,2.5339502355300007e-05,0.24399,1.2035604082568807e-10,0.0,1.2035604082568807e-10,1.005928,0.994964,True,True,True,0.23167451766668826,0.09750000000000036,0.4821979587155961,0.4821979587155961,True,True,True,True,True,1.2935704350978807,0.5555555555555556
0.97,1.13,0.64,0.4,0.2,0.904,0.872,2.5339502355300007e-05,0.24399,1.187222484162896e-10,0.0,1.187222484162896e-10,1.005928,0.994964,True,True,True,0.23167451766668826,0.09750000000000036,0.5638875791855202,0.5638875791855202,True,True,True,True,True,1.4569496760377292,0.5555555555555556
0.97,1.13,0.66,0.4,0.2,0.904,0.872,2.5339502355300007e-05,0.24399,1.1713221830357142e-10,0.0,1.1713221830357142e-10,1.005928,0.994964,True,True,True,0.23167451766668826,0.09750000000000036,0.6433890848214285,0.6433890848214285,True,True,True,True,True,1.6159526873095458,0.5555555555555556
0.97,1.13,0.68,0.4,0.2,0.904,0.872,2.5339502355300007e-05,0.24399,1.155842154185022e-10,0.0,1.155842154185022e-10,1.005928,0.994964,True,True,True,0.23167451766668826,0.09750000000000036,0.7207892290748898,0.7207892290748898,True,True,True,True,True,1.7707529758164682,0.5555555555555556
0.97,1.13,0.7,0.4,0.2,0.904,0.872,2.5339502355300007e-05,0.24399,1.1407659521739131e-10,0.0,1.1407659521739131e-10,1.005928,0.994964,True,True,True,0.23167451766668826,0.09750000000000036,0.7961702391304339,0.7961702391304339,True,True,True,True,True,1.9215149959275564,0.5555555555555556
0.97,1.13,0.72,0.4,0.2,0.904,0.872,2.5339502355300007e-05,0.24399,1.1260779785407726e-10,0.0,1.1260779785407726e-10,1.005928,0.994964,True,True,True,0.23167451766668826,0.09750000000000036,0.8696101072961367,0.8696101072961367,True,True,True,True,True,2.068394732258962,0.5555555555555556
0.97,1.15,0.56,0.4,0.2,0.904,0.872,2.5339502355300007e-05,0.24399,1.267176052631579e-10,0.0,1.267176052631579e-10,1.005928,0.994964,True,True,True,0.23167451766668826,0.09750000000000036,0.16411973684210426,0.16411973684210426,True,True,True,True,True,0.6574139913508971,0.5555555555555556
0.97,1.15,0.58,0.4,0.2,0.904,0.872,2.5339502355300007e-05,0.24399,1.249244316037736e-10,0.0,1.249244316037736e-10,1.005928,0.994964,True,True,True,0.23167451766668826,0.09750000000000036,0.2537784198113194,0.2537784198113194,True,True,True,True,True,0.8367313572893273,0.5555555555555556
0.97,1.15,0.6,0.4,0.2,0.904,0.872,2.5339502355300007e-05,0.24399,1.231813e-10,0.0,1.231813e-10,1.005928,0.994964,True,True,True,0.23167451766668826,0.09750000000000036,0.3409349999999991,0.3409349999999991,True,True,True,True,True,1.011044517666687,0.5555555555555556
0.97,1.15,0.62,0.4,0.2,0.904,0.872,2.5339502355300007e-05,0.24399,1.2148614449541285e-10,0.0,1.2148614449541285e-10,1.005928,0.994964,True,True,True,0.23167451766668826,0.09750000000000036,0.42569277522935706,0.42569277522935706,True,True,True,True,True,1.1805600681254027,0.5555555555555556
0.97,1.15,0.64,0.4,0.2,0.904,0.872,2.5339502355300007e-05,0.24399,1.198370113122172e-10,0.0,1.198370113122172e-10,1.005928,0.994964,True,True,True,0.23167451766668826,0.09750000000000036,0.508149434389139,0.508149434389139,True,True,True,True,True,1.3454733864449664,0.5555555555555556
0.97,1.15,0.66,0.4,0.2,0.904,0.872,2.5339502355300007e-05,0.24399,1.182320513392857e-10,0.0,1.182320513392857e-10,1.005928,0.994964,True,True,True,0.23167451766668826,0.09750000000000036,0.5883974330357148,0.5883974330357148,True,True,True,True,True,1.505969383738118,0.5555555555555556
0.97,1.15,0.68,0.4,0.2,0.904,0.872,2.5339502355300007e-05,0.24399,1.1666951321585903e-10,0.0,1.1666951321585903e-10,1.005928,0.994964,True,True,True,0.23167451766668826,0.09750000000000036,0.6665243392070481,0.6665243392070481,True,True,True,True,True,1.662223196080785,0.5555555555555556
0.97,1.15,0.7,0.4,0.2,0.904,0.872,2.5339502355300007e-05,0.24399,1.1514773695652175e-10,0.0,1.1514773695652175e-10,1.005928,0.994964,True,True,True,0.23167451766668826,0.09750000000000036,0.7426131521739121,0.7426131521739121,True,True,True,True,True,1.814400822014513,0.5555555555555556
0.97,1.15,0.72,0.4,0.2,0.904,0.872,2.5339502355300007e-05,0.24399,1.1366514806866955e-10,0.0,1.1366514806866955e-10,1.005928,0.994964,True,True,True,0.23167451766668826,0.09750000000000036,0.8167425965665223,0.8167425965665223,True,True,True,True,True,1.962659710799733,0.5555555555555556
0.98,1.03,0.56,0.4,0.2,0.904,0.872,2.5338235570200005e-05,0.24400000000000002,1.200071894736842e-10,0.0,1.200071894736842e-10,1.007952,0.997976,True,True,True,0.22745190066668167,0.10000000000000286,0.4996405263157891,0.4996405263157891,True,True,True,True,True,1.3267329532982626,0.5555555555555556
0.98,1.03,0.58,0.4,0.2,0.904,0.872,2.5338235570200005e-05,0.24400000000000002,1.183089745283019e-10,0.0,1.183089745283019e-10,1.007952,0.997976,True,True,True,0.22745190066668167,0.10000000000000286,0.5845512735849048,0.5845512735849048,True,True,True,True,True,1.496554447836494,0.5555555555555556
0.98,1.03,0.6,0.4,0.2,0.904,0.872,2.5338235570200005e-05,0.24400000000000002,1.1665815162790697e-10,0.0,1.1665815162790697e-10,1.007952,0.997976,True,True,True,0.22745190066668167,0.10000000000000286,0.6670924186046508,0.6670924186046508,True,True,True,True,True,1.6616367378759862,0.5555555555555556
0.98,1.03,0.62,0.4,0.2,0.904,0.872,2.5338235570200005e-05,0.24400000000000002,1.150527642201835e-10,0.0,1.150527642201835e-10,1.007952,0.997976,True,True,True,0.22745190066668167,0.10000000000000286,0.7473617889908247,0.7473617889908247,True,True,True,True,True,1.822175478648334,0.5555555555555556
0.98,1.03,0.64,0.4,0.2,0.904,0.872,2.5338235570200005e-05,0.24400000000000002,1.1349096199095023e-10,0.0,1.1349096199095023e-10,1.007952,0.997976,True,True,True,0.22745190066668167,0.10000000000000286,0.8254519004524881,0.8254519004524881,True,True,True,True,True,1.9783557015716606,0.5555555555555556
0.98,1.03,0.66,0.4,0.2,0.904,0.872,2.5338235570200005e-05,0.24400000000000002,1.1197099375000001e-10,0.0,1.1197099375000001e-10,1.007952,0.997976,True,True,True,0.22745190066668167,0.10000000000000286,0.9014503124999992,0.9014503124999992,True,True,True,True,True,2.130352525666683,0.5555555555555556
0.98,1.03,0.68,0.4,0.2,0.904,0.872,2.5338235570200005e-05,0.24400000000000002,1.1049120088105727e-10,0.0,1.1049120088105727e-10,1.007952,0.997976,True,True,True,0.22745190066668167,0.10000000000000286,0.9754399559471361,0.9754399559471361,True,True,True,True,True,2.278331812560957,0.5555555555555556
0.98,1.03,0.7,0.4,0.2,0.904,0.872,2.5338235570200005e-05,0.24400000000000002,1.0905001130434783e-10,0.0,1.0905001130434783e-10,1.007952,0.997976,True,True,True,0.22745190066668167,0.10000000000000286,1.0474994347826079,1.0474994347826079,True,True,False,False,False,2.4224507702319,0.5555555555555556
0.98,1.03,0.72,0.4,0.2,0.904,0.872,2.5338235570200005e-05,0.24400000000000002,1.0764593390557943e-10,0.0,1.0764593390557943e-10,1.007952,0.997976,True,True,True,0.22745190066668167,0.10000000000000286,1.117703304721028,1.117703304721028,True,True,False,False,False,2.5628585101087404,0.5555555555555556
0.98,1.05,0.56,0.4,0.2,0.904,0.872,2.5338235570200005e-05,0.24400000000000002,1.2118952631578945e-10,0.0,1.2118952631578945e-10,1.007952,0.997976,True,True,True,0.22745190066668167,0.10000000000000286,0.44052368421052684,0.44052368421052684,True,True,True,True,True,1.2084992690877383,0.5555555555555556
0.98,1.05,0.58,0.4,0.2,0.904,0.872,2.5338235570200005e-05,0.24400000000000002,1.1947458018867923e-10,0.0,1.1947458018867923e-10,1.007952,0.997976,True,True,True,0.22745190066668167,0.10000000000000286,0.5262709905660378,0.5262709905660378,True,True,True,True,True,1.37999388179876,0.5555555555555556
0.98,1.05,0.6,0.4,0.2,0.904,0.872,2.5338235570200005e-05,0.24400000000000002,1.178074930232558e-10,0.0,1.178074930232558e-10,1.007952,0.997976,True,True,True,0.22745190066668167,0.10000000000000286,0.6096253488372099,0.6096253488372099,True,True,True,True,True,1.5467025983411042,0.5555555555555556
0.98,1.05,0.62,0.4,0.2,0.904,0.872,2.5338235570200005e-05,0.24400000000000002,1.1618628899082567e-10,0.0,1.1618628899082567e-10,1.007952,0.997976,True,True,True,0.22745190066668167,0.10000000000000286,0.6906855504587159,0.6906855504587159,True,True,True,True,True,1.7088230015841164,0.5555555555555556
0.98,1.05,0.64,0.4,0.2,0.904,0.872,2.5338235570200005e-05,0.24400000000000002,1.146090995475113e-10,0.0,1.146090995475113e-10,1.007952,0.997976,True,True,True,0.22745190066668167,0.10000000000000286,0.7695450226244348,0.7695450226244348,True,True,True,True,True,1.8665419459155541,0.5555555555555556
0.98,1.05,0.66,0.4,0.2,0.904,0.872,2.5338235570200005e-05,0.24400000000000002,1.1307415624999997e-10,0.0,1.1307415624999997e-10,1.007952,0.997976,True,True,True,0.22745190066668167,0.10000000000000286,0.846292187500001,0.846292187500001,True,True,True,True,True,2.0200362756666865,0.5555555555555556
0.98,1.05,0.68,0.4,0.2,0.904,0.872,2.5338235570200005e-05,0.24400000000000002,1.1157978414096915e-10,0.0,1.1157978414096915e-10,1.007952,0.997976,True,True,True,0.22745190066668167,0.10000000000000286,0.9210107929515421,0.9210107929515421,True,True,True,True,True,2.1694734865697685,0.5555555555555556
0.98,1.05,0.7,0.4,0.2,0.904,0.872,2.5338235570200005e-05,0.24400000000000002,1.1012439565217392e-10,0.0,1.1012439565217392e-10,1.007952,0.997976,True,True,True,0.22745190066668167,0.10000000000000286,0.9937802173913035,0.9937802173913035,True,True,True,True,True,2.3150123354492917,0.5555555555555556
0.98,1.05,0.72,0.4,0.2,0.904,0.872,2.5338235570200005e-05,0.24400000000000002,1.0870648497854078e-10,0.0,1.0870648497854078e-10,1.007952,0.997976,True,True,True,0.22745190066668167,0.10000000000000286,1.0646757510729608,1.0646757510729608,True,True,False,False,False,2.4568034028126062,0.5555555555555556
0.98,1.07,0.56,0.4,0.2,0.904,0.872,2.5338235570200005e-05,0.24400000000000002,1.2237186315789473e-10,0.0,1.2237186315789473e-10,1.007952,0.997976,True,True,True,0.22745190066668167,0.10000000000000286,0.38140684210526327,0.38140684210526327,True,True,True,True,True,1.090265584877211,0.5555555555555556
0.98,1.07,0.58,0.4,0.2,0.904,0.872,2.5338235570200005e-05,0.24400000000000002,1.2064018584905663e-10,0.0,1.2064018584905663e-10,1.007952,0.997976,True,True,True,0.22745190066668167,0.10000000000000286,0.4679907075471683,0.4679907075471683,True,True,True,True,True,1.2634333157610211,0.5555555555555556
0.98,1.07,0.6,0.4,0.2,0.904,0.872,2.5338235570200005e-05,0.24400000000000002,1.1895683441860467e-10,0.0,1.1895683441860467e-10,1.007952,0.997976,True,True,True,0.22745190066668167,0.10000000000000286,0.5521582790697663,0.5521582790697663,True,True,True,True,True,1.4317684588062172,0.5555555555555556
0.98,1.07,0.62,0.4,0.2,0.904,0.872,2.5338235570200005e-05,0.24400000000000002,1.1731981376146791e-10,0.0,1.1731981376146791e-10,1.007952,0.997976,True,True,True,0.22745190066668167,0.10000000000000286,0.6340093119266038,0.6340093119266038,True,True,True,True,True,1.5954705245198921,0.5555555555555556
0.98,1.07,0.64,0.4,0.2,0.904,0.872,2.5338235570200005e-05,0.24400000000000002,1.1572723710407243e-10,0.0,1.1572723710407243e-10,1.007952,0.997976,True,True,True,0.22745190066668167,0.10000000000000286,0.7136381447963783,0.7136381447963783,True,True,True,True,True,1.7547281902594412,0.5555555555555556
0.98,1.07,0.66,0.4,0.2,0.904,0.872,2.5338235570200005e-05,0.24400000000000002,1.1417731875000002e-10,0.0,1.1417731875000002e-10,1.007952,0.997976,True,True,True,0.22745190066668167,0.10000000000000286,0.7911340624999984,0.7911340624999984,True,True,True,True,True,1.9097200256666813,0.5555555555555556
0.98,1.07,0.68,0.4,0.2,0.904,0.872,2.5338235570200005e-05,0.24400000000000002,1.1266836740088107e-10,0.0,1.1266836740088107e-10,1.007952,0.997976,True,True,True,0.22745190066668167,0.10000000000000286,0.8665816299559461,0.8665816299559461,True,True,True,True,True,2.0606151605785765,0.5555555555555556
0.98,1.07,0.7,0.4,0.2,0.904,0.872,2.5338235570200005e-05,0.24400000000000002,1.1119878000000003e-10,0.0,1.1119878000000003e-10,1.007952,0.997976,True,True,True,0.22745190066668167,0.10000000000000286,0.9400609999999979,0.9400609999999979,True,True,True,True,True,2.2075739006666804,0.5555555555555556
0.98,1.07,0.72,0.4,0.2,0.904,0.872,2.5338235570200005e-05,0.24400000000000002,1.0976703605150217e-10,0.0,1.0976703605150217e-10,1.007952,0.997976,True,True,True,0.22745190066668167,0.10000000000000286,1.011648197424891,1.011648197424891,True,True,False,False,False,2.3507482955164667,0.5555555555555556
0.98,1.09,0.56,0.4,0.2,0.904,0.872,2.5338235570200005e-05,0.24400000000000002,1.2355419999999997e-10,0.0,1.2355419999999997e-10,1.007952,0.997976,True,True,True,0.22745190066668167,0.10000000000000286,0.32229000000000096,0.32229000000000096,True,True,True,True,True,0.9720319006666864,0.5555555555555556
0.98,1.09,0.58,0.4,0.2,0.904,0.872,2.5338235570200005e-05,0.24400000000000002,1.2180579150943394e-10,0.0,1.2180579150943394e-10,1.007952,0.997976,True,True,True,0.22745190066668167,0.10000000000000286,0.40971042452830264,0.40971042452830264,True,True,True,True,True,1.1468727497232898,0.5555555555555556
0.98,1.09,0.6,0.4,0.2,0.904,0.872,2.5338235570200005e-05,0.24400000000000002,1.2010617581395346e-10,0.0,1.2010617581395346e-10,1.007952,0.997976,True,True,True,0.22745190066668167,0.10000000000000286,0.4946912093023266,0.4946912093023266,True,True,True,True,True,1.3168343192713376,0.5555555555555556
0.98,1.09,0.62,0.4,0.2,0.904,0.872,2.5338235570200005e-05,0.24400000000000002,1.1845333853211005e-10,0.0,1.1845333853211005e-10,1.007952,0.997976,True,True,True,0.22745190066668167,0.10000000000000286,0.5773330733944969,0.5773330733944969,True,True,True,True,True,1.4821180474556783,0.5555555555555556
0.98,1.09,0.64,0.4,0.2,0.904,0.872,2.5338235570200005e-05,0.24400000000000002,1.1684537466063348e-10,0.0,1.1684537466063348e-10,1.007952,0.997976,True,True,True,0.22745190066668167,0.10000000000000286,0.6577312669683257,0.6577312669683257,True,True,True,True,True,1.642914434603336,0.5555555555555556
0.98,1.09,0.66,0.4,0.2,0.904,0.872,2.5338235570200005e-05,0.24400000000000002,1.1528048124999999e-10,0.0,1.1528048124999999e-10,1.007952,0.997976,True,True,True,0.22745190066668167,0.10000000000000286,0.7359759375000002,0.7359759375000002,True,True,True,True,True,1.799403775666685,0.5555555555555556
0.98,1.09,0.68,0.4,0.2,0.904,0.872,2.5338235570200005e-05,0.24400000000000002,1.1375695066079292e-10,0.0,1.1375695066079292e-10,1.007952,0.997976,True,True,True,0.22745190066668167,0.10000000000000286,0.8121524669603535,0.8121524669603535,True,True,True,True,True,1.9517568345873915,0.5555555555555556
0.98,1.09,0.7,0.4,0.2,0.904,0.872,2.5338235570200005e-05,0.24400000000000002,1.122731643478261e-10,0.0,1.122731643478261e-10,1.007952,0.997976,True,True,True,0.22745190066668167,0.10000000000000286,0.8863417826086948,0.8863417826086948,True,True,True,True,True,2.1001354658840743,0.5555555555555556
0.98,1.09,0.72,0.4,0.2,0.904,0.872,2.5338235570200005e-05,0.24400000000000002,1.108275871244635e-10,0.0,1.108275871244635e-10,1.007952,0.997976,True,True,True,0.22745190066668167,0.10000000000000286,0.9586206437768243,0.9586206437768243,True,True,True,True,True,2.2446931882203334,0.5555555555555556
0.98,1.11,0.56,0.4,0.2,0.904,0.872,2.5338235570200005e-05,0.24400000000000002,1.2473653684210527e-10,0.0,1.2473653684210527e-10,1.007952,0.997976,True,True,True,0.22745190066668167,0.10000000000000286,0.2631731578947361,0.2631731578947361,True,True,True,True,True,0.8537982164561566,0.5555555555555556
0.98,1.11,0.58,0.4,0.2,0.904,0.872,2.5338235570200005e-05,0.24400000000000002,1.2297139716981135e-10,0.0,1.2297139716981135e-10,1.007952,0.997976,True,True,True,0.22745190066668167,0.10000000000000286,0.35143014150943186,0.35143014150943186,True,True,True,True,True,1.0303121836855482,0.5555555555555556
0.98,1.11,0.6,0.4,0.2,0.904,0.872,2.5338235570200005e-05,0.24400000000000002,1.2125551720930236e-10,0.0,1.2125551720930236e-10,1.007952,0.997976,True,True,True,0.22745190066668167,0.10000000000000286,0.4372241395348817,0.4372241395348817,True,True,True,True,True,1.201900179736448,0.5555555555555556
0.98,1.11,0.62,0.4,0.2,0.904,0.872,2.5338235570200005e-05,0.24400000000000002,1.1958686330275232e-10,0.0,1.1958686330275232e-10,1.007952,0.997976,True,True,True,0.22745190066668167,0.10000000000000286,0.5206568348623836,0.5206568348623836,True,True,True,True,True,1.3687655703914516,0.5555555555555556
0.98,1.11,0.64,0.4,0.2,0.904,0.872,2.5338235570200005e-05,0.24400000000000002,1.1796351221719458e-10,0.0,1.1796351221719458e-10,1.007952,0.997976,True,True,True,0.22745190066668167,0.10000000000000286,0.6018243891402705,0.6018243891402705,True,True,True,True,True,1.5311006789472255,0.5555555555555556
0.98,1.11,0.66,0.4,0.2,0.904,0.872,2.5338235570200005e-05,0.24400000000000002,1.1638364375e-10,0.0,1.1638364375e-10,1.007952,0.997976,True,True,True,0.22745190066668167,0.10000000000000286,0.6808178124999995,0.6808178124999995,True,True,True,True,True,1.6890875256666835,0.5555555555555556
0.98,1.11,0.68,0.4,0.2,0.904,0.872,2.5338235570200005e-05,0.24400000000000002,1.1484553392070487e-10,0.0,1.1484553392070487e-10,1.007952,0.997976,True,True,True,0.22745190066668167,0.10000000000000286,0.7577233039647562,0.7577233039647562,True,True,True,True,True,1.8428985085961969,0.5555555555555556
0.98,1.11,0.7,0.4,0.2,0.904,0.872,2.5338235570200005e-05,0.24400000000000002,1.133475486956522e-10,0.0,1.133475486956522e-10,1.007952,0.997976,True,True,True,0.22745190066668167,0.10000000000000286,0.8326225652173899,0.8326225652173899,True,True,True,True,True,1.9926970311014642,0.5555555555555556
0.98,1.11,0.72,0.4,0.2,0.904,0.872,2.5338235570200005e-05,0.24400000000000002,1.1188813819742493e-10,0.0,1.1188813819742493e-10,1.007952,0.997976,True,True,True,0.22745190066668167,0.10000000000000286,0.9055930901287532,0.9055930901287532,True,True,True,True,True,2.138638080924191,0.5555555555555556
0.98,1.13,0.56,0.4,0.2,0.904,0.872,2.5338235570200005e-05,0.24400000000000002,1.259188736842105e-10,0.0,1.259188736842105e-10,1.007952,0.997976,True,True,True,0.22745190066668167,0.10000000000000286,0.20405631578947514,0.20405631578947514,True,True,True,True,True,0.7355645322456348,0.5555555555555556
0.98,1.13,0.58,0.4,0.2,0.904,0.872,2.5338235570200005e-05,0.24400000000000002,1.2413700283018867e-10,0.0,1.2413700283018867e-10,1.007952,0.997976,True,True,True,0.22745190066668167,0.10000000000000286,0.29314985849056624,0.29314985849056624,True,True,True,True,True,0.9137516176478171,0.5555555555555556
0.98,1.13,0.6,0.4,0.2,0.904,0.872,2.5338235570200005e-05,0.24400000000000002,1.2240485860465115e-10,0.0,1.2240485860465115e-10,1.007952,0.997976,True,True,True,0.22745190066668167,0.10000000000000286,0.379757069767442,0.379757069767442,True,True,True,True,True,1.0869660402015684,0.5555555555555556
0.98,1.13,0.62,0.4,0.2,0.904,0.872,2.5338235570200005e-05,0.24400000000000002,1.2072038807339448e-10,0.0,1.2072038807339448e-10,1.007952,0.997976,True,True,True,0.22745190066668167,0.10000000000000286,0.46398059633027533,0.46398059633027533,True,True,True,True,True,1.2554130933272352,0.5555555555555556
0.98,1.13,0.64,0.4,0.2,0.904,0.872,2.5338235570200005e-05,0.24400000000000002,1.1908164977375563e-10,0.0,1.1908164977375563e-10,1.007952,0.997976,True,True,True,0.22745190066668167,0.10000000000000286,0.5459175113122179,0.5459175113122179,True,True,True,True,True,1.4192869232911203,0.5555555555555556
0.98,1.13,0.66,0.4,0.2,0.904,0.872,2.5338235570200005e-05,0.24400000000000002,1.1748680624999996e-10,0.0,1.1748680624999996e-10,1.007952,0.997976,True,True,True,0.22745190066668167,0.10000000000000286,0.6256596875000013,0.6256596875000013,True,True,True,True,True,1.5787712756666872,0.5555555555555556
0.98,1.13,0.68,0.4,0.2,0.904,0.872,2.5338235570200005e-05,0.24400000000000002,1.1593411718061672e-10,0.0,1.1593411718061672e-10,1.007952,0.997976,True,True,True,0.22745190066668167,0.10000000000000286,0.7032941409691635,0.7032941409691635,True,True,True,True,True,1.7340401826050116,0.5555555555555556
0.98,1.13,0.7,0.4,0.2,0.904,0.872,2.5338235570200005e-05,0.24400000000000002,1.1442193304347826e-10,0.0,1.1442193304347826e-10,1.007952,0.997976,True,True,True,0.22745190066668167,0.10000000000000286,0.7789033478260867,0.7789033478260867,True,True,True,True,True,1.885258596318858,0.5555555555555556
0.98,1.13,0.72,0.4,0.2,0.904,0.872,2.5338235570200005e-05,0.24400000000000002,1.1294868927038625e-10,0.0,1.1294868927038625e-10,1.007952,0.997976,True,True,True,0.22745190066668167,0.10000000000000286,0.8525655364806872,0.8525655364806872,True,True,True,True,True,2.0325829736280587,0.5555555555555556
0.98,1.15,0.56,0.4,0.2,0.904,0.872,2.5338235570200005e-05,0.24400000000000002,1.2710121052631579e-10,0.0,1.2710121052631579e-10,1.007952,0.997976,True,True,True,0.22745190066668167,0.10000000000000286,0.14493947368421028,0.14493947368421028,True,True,True,True,True,0.6173308480351051,0.5555555555555556
0.98,1.15,0.58,0.4,0.2,0.904,0.872,2.5338235570200005e-05,0.24400000000000002,1.2530260849056603e-10,0.0,1.2530260849056603e-10,1.007952,0.997976,True,True,True,0.22745190066668167,0.10000000000000286,0.234869575471698,0.234869575471698,True,True,True,True,True,0.7971910516100806,0.5555555555555556
0.98,1.15,0.6,0.4,0.2,0.904,0.872,2.5338235570200005e-05,0.24400000000000002,1.235542e-10,0.0,1.235542e-10,1.007952,0.997976,True,True,True,0.22745190066668167,0.10000000000000286,0.3222899999999997,0.3222899999999997,True,True,True,True,True,0.972031900666684,0.5555555555555556
0.98,1.15,0.62,0.4,0.2,0.904,0.872,2.5338235570200005e-05,0.24400000000000002,1.218539128440367e-10,0.0,1.218539128440367e-10,1.007952,0.997976,True,True,True,0.22745190066668167,0.10000000000000286,0.4073043577981646,0.4073043577981646,True,True,True,True,True,1.1420606162630136,0.5555555555555556
0.98,1.15,0.64,0.4,0.2,0.904,0.872,2.5338235570200005e-05,0.24400000000000002,1.2019978733031674e-10,0.0,1.2019978733031674e-10,1.007952,0.997976,True,True,True,0.22745190066668167,0.10000000000000286,0.4900106334841627,0.4900106334841627,True,True,True,True,True,1.30747316763501,0.5555555555555556
0.98,1.15,0.66,0.4,0.2,0.904,0.872,2.5338235570200005e-05,0.24400000000000002,1.1858996875e-10,0.0,1.1858996875e-10,1.007952,0.997976,True,True,True,0.22745190066668167,0.10000000000000286,0.5705015625000001,0.5705015625000001,True,True,True,True,True,1.4684550256666846,0.5555555555555556
0.98,1.15,0.68,0.4,0.2,0.904,0.872,2.5338235570200005e-05,0.24400000000000002,1.1702270044052864e-10,0.0,1.1702270044052864e-10,1.007952,0.997976,True,True,True,0.22745190066668167,0.10000000000000286,0.6488649779735676,0.6488649779735676,True,True,True,True,True,1.6251818566138196,0.5555555555555556
0.98,1.15,0.7,0.4,0.2,0.904,0.872,2.5338235570200005e-05,0.24400000000000002,1.1549631739130434e-10,0.0,1.1549631739130434e-10,1.007952,0.997976,True,True,True,0.22745190066668167,0.10000000000000286,0.7251841304347824,0.7251841304347824,True,True,True,True,True,1.7778201615362492,0.5555555555555556
0.98,1.15,0.72,0.4,0.2,0.904,0.872,2.5338235570200005e-05,0.24400000000000002,1.1400924034334766e-10,0.0,1.1400924034334766e-10,1.007952,0.997976,True,True,True,0.22745190066668167,0.10000000000000286,0.7995379828326168,0.7995379828326168,True,True,True,True,True,1.926527866331918,0.5555555555555556
0.99,1.03,0.56,0.4,0.2,0.904,0.872,2.5336968785100006e-05,0.24401,1.2036938421052633e-10,0.0,1.2036938421052633e-10,1.009976,1.000988,True,True,True,0.22322928366668637,0.10249999999999843,0.48153078947368294,0.48153078947368294,True,True,True,True,True,1.2887908626140507,0.5555555555555556
0.99,1.03,0.58,0.4,0.2,0.904,0.872,2.5336968785100006e-05,0.24401,1.1866604386792454e-10,0.0,1.1866604386792454e-10,1.009976,1.000988,True,True,True,0.22322928366668637,0.10249999999999843,0.5666978066037724,0.5666978066037724,True,True,True,True,True,1.4591248968742296,0.5555555555555556
0.99,1.03,0.6,0.4,0.2,0.904,0.872,2.5336968785100006e-05,0.24401,1.1701023860465118e-10,0.0,1.1701023860465118e-10,1.009976,1.000988,True,True,True,0.22322928366668637,0.10249999999999843,0.6494880697674407,0.6494880697674407,True,True,True,True,True,1.6247054232015663,0.5555555555555556
0.99,1.03,0.62,0.4,0.2,0.904,0.872,2.5336968785100006e-05,0.24401,1.1540000596330275e-10,0.0,1.1540000596330275e-10,1.009976,1.000988,True,True,True,0.22322928366668637,0.10249999999999843,0.729999701834862,0.729999701834862,True,True,True,True,True,1.7857286873364089,0.5555555555555556
0.99,1.03,0.64,0.4,0.2,0.904,0.872,2.5336968785100006e-05,0.24401,1.1383349004524887e-10,0.0,1.1383349004524887e-10,1.009976,1.000988,True,True,True,0.22322928366668637,0.10249999999999843,0.8083254977375561,0.8083254977375561,True,True,True,True,True,1.9423802791417972,0.5555555555555556
0.99,1.03,0.66,0.4,0.2,0.904,0.872,2.5336968785100006e-05,0.24401,1.1230893437500001e-10,0.0,1.1230893437500001e-10,1.009976,1.000988,True,True,True,0.22322928366668637,0.10249999999999843,0.8845532812499992,0.8845532812499992,True,True,True,True,True,2.094835846166683,0.5555555555555556
0.99,1.03,0.68,0.4,0.2,0.904,0.872,2.5336968785100006e-05,0.24401,1.1082467533039648e-10,0.0,1.1082467533039648e-10,1.009976,1.000988,True,True,True,0.22322928366668637,0.10249999999999843,0.9587662334801758,0.9587662334801758,True,True,True,True,True,2.2432617506270365,0.5555555555555556
0.99,1.03,0.7,0.4,0.2,0.904,0.872,2.5336968785100006e-05,0.24401,1.0937913608695655e-10,0.0,1.0937913608695655e-10,1.009976,1.000988,True,True,True,0.22322928366668637,0.10249999999999843,1.031043195652172,1.031043195652172,True,True,False,False,False,2.3878156749710286,0.5555555555555556
0.99,1.03,0.72,0.4,0.2,0.904,0.872,2.5336968785100006e-05,0.24401,1.0797082103004293e-10,0.0,1.0797082103004293e-10,1.009976,1.000988,True,True,True,0.22322928366668637,0.10249999999999843,1.101458948497853,1.101458948497853,True,True,False,False,False,2.5286471806623907,0.5555555555555556
0.99,1.05,0.56,0.4,0.2,0.904,0.872,2.5336968785100006e-05,0.24401,1.2155528947368418e-10,0.0,1.2155528947368418e-10,1.009976,1.000988,True,True,True,0.22322928366668637,0.10249999999999843,0.4222355263157904,0.4222355263157904,True,True,True,True,True,1.1702003362982656,0.5555555555555556
0.99,1.05,0.58,0.4,0.2,0.904,0.872,2.5336968785100006e-05,0.24401,1.1983516745283018e-10,0.0,1.1983516745283018e-10,1.009976,1.000988,True,True,True,0.22322928366668637,0.10249999999999843,0.5082416273584904,0.5082416273584904,True,True,True,True,True,1.3422125383836656,0.5555555555555556
0.99,1.05,0.6,0.4,0.2,0.904,0.872,2.5336968785100006e-05,0.24401,1.1816304883720928e-10,0.0,1.1816304883720928e-10,1.009976,1.000988,True,True,True,0.22322928366668637,0.10249999999999843,0.5918475581395354,0.5918475581395354,True,True,True,True,True,1.5094243999457557,0.5555555555555556
0.99,1.05,0.62,0.4,0.2,0.904,0.872,2.5336968785100006e-05,0.24401,1.1653695183486235e-10,0.0,1.1653695183486235e-10,1.009976,1.000988,True,True,True,0.22322928366668637,0.10249999999999843,0.673152408256882,0.673152408256882,True,True,True,True,True,1.6720341001804488,0.5555555555555556
0.99,1.05,0.64,0.4,0.2,0.904,0.872,2.5336968785100006e-05,0.24401,1.1495500226244343e-10,0.0,1.1495500226244343e-10,1.009976,1.000988,True,True,True,0.22322928366668637,0.10249999999999843,0.7522498868778283,0.7522498868778283,True,True,True,True,True,1.8302290574223417,0.5555555555555556
0.99,1.05,0.66,0.4,0.2,0.904,0.872,2.5336968785100006e-05,0.24401,1.134154263392857e-10,0.0,1.134154263392857e-10,1.009976,1.000988,True,True,True,0.22322928366668637,0.10249999999999843,0.8292286830357147,0.8292286830357147,True,True,True,True,True,1.9841866497381142,0.5555555555555556
0.99,1.05,0.68,0.4,0.2,0.904,0.872,2.5336968785100006e-05,0.24401,1.1191654405286343e-10,0.0,1.1191654405286343e-10,1.009976,1.000988,True,True,True,0.22322928366668637,0.10249999999999843,0.9041727973568282,0.9041727973568282,True,True,True,True,True,2.1340748783803414,0.5555555555555556
0.99,1.05,0.7,0.4,0.2,0.904,0.872,2.5336968785100006e-05,0.24401,1.1045676304347824e-10,0.0,1.1045676304347824e-10,1.009976,1.000988,True,True,True,0.22322928366668637,0.10249999999999843,0.9771618478260876,0.9771618478260876,True,True,True,True,True,2.28005297931886,0.5555555555555556
0.99,1.05,0.72,0.4,0.2,0.904,0.872,2.5336968785100006e-05,0.24401,1.0903457296137337e-10,0.0,1.0903457296137337e-10,1.009976,1.000988,True,True,True,0.22322928366668637,0.10249999999999843,1.048271351931331,1.048271351931331,True,True,False,False,False,2.4222719875293466,0.5555555555555556
0.99,1.07,0.56,0.4,0.2,0.904,0.872,2.5336968785100006e-05,0.24401,1.227411947368421e-10,0.0,1.227411947368421e-10,1.009976,1.000988,True,True,True,0.22322928366668637,0.10249999999999843,0.36294026315789407,0.36294026315789407,True,True,True,True,True,1.051609809982473,0.5555555555555556
0.99,1.07,0.58,0.4,0.2,0.904,0.872,2.5336968785100006e-05,0.24401,1.2100429103773587e-10,0.0,1.2100429103773587e-10,1.009976,1.000988,True,True,True,0.22322928366668637,0.10249999999999843,0.44978544811320587,0.44978544811320587,True,True,True,True,True,1.2253001798930967,0.5555555555555556
0.99,1.07,0.6,0.4,0.2,0.904,0.872,2.5336968785100006e-05,0.24401,1.1931585906976744e-10,0.0,1.1931585906976744e-10,1.009976,1.000988,True,True,True,0.22322928366668637,0.10249999999999843,0.5342070465116276,0.5342070465116276,True,True,True,True,True,1.3941433766899403,0.5555555555555556
0.99,1.07,0.62,0.4,0.2,0.904,0.872,2.5336968785100006e-05,0.24401,1.1767389770642203e-10,0.0,1.1767389770642203e-10,1.009976,1.000988,True,True,True,0.22322928366668637,0.10249999999999843,0.6163051146788983,0.6163051146788983,True,True,True,True,True,1.5583395130244813,0.5555555555555556
0.99,1.07,0.64,0.4,0.2,0.904,0.872,2.5336968785100006e-05,0.24401,1.1607651447963803e-10,0.0,1.1607651447963803e-10,1.009976,1.000988,True,True,True,0.22322928366668637,0.10249999999999843,0.6961742760180979,0.6961742760180979,True,True,True,True,True,1.7180778357028808,0.5555555555555556
0.99,1.07,0.66,0.4,0.2,0.904,0.872,2.5336968785100006e-05,0.24401,1.1452191830357145e-10,0.0,1.1452191830357145e-10,1.009976,1.000988,True,True,True,0.22322928366668637,0.10249999999999843,0.773904084821427,0.773904084821427,True,True,True,True,True,1.873537453309539,0.5555555555555556
0.99,1.07,0.68,0.4,0.2,0.904,0.872,2.5336968785100006e-05,0.24401,1.1300841277533042e-10,0.0,1.1300841277533042e-10,1.009976,1.000988,True,True,True,0.22322928366668637,0.10249999999999843,0.8495793612334787,0.8495793612334787,True,True,True,True,True,2.0248880061336423,0.5555555555555556
0.99,1.07,0.7,0.4,0.2,0.904,0.872,2.5336968785100006e-05,0.24401,1.1153439000000003e-10,0.0,1.1153439000000003e-10,1.009976,1.000988,True,True,True,0.22322928366668637,0.10249999999999843,0.9232804999999982,0.9232804999999982,True,True,True,True,True,2.172290283666681,0.5555555555555556
0.99,1.07,0.72,0.4,0.2,0.904,0.872,2.5336968785100006e-05,0.24401,1.1009832489270389e-10,0.0,1.1009832489270389e-10,1.009976,1.000988,True,True,True,0.22322928366668637,0.10249999999999843,0.995083755364805,0.995083755364805,True,True,True,True,True,2.315896794396295,0.5555555555555556
0.99,1.09,0.56,0.4,0.2,0.904,0.872,2.5336968785100006e-05,0.24401,1.2392709999999999e-10,0.0,1.2392709999999999e-10,1.009976,1.000988,True,True,True,0.22322928366668637,0.10249999999999843,0.3036450000000003,0.3036450000000003,True,True,True,True,True,0.9330192836666854,0.5555555555555556
0.99,1.09,0.58,0.4,0.2,0.904,0.872,2.5336968785100006e-05,0.24401,1.221734146226415e-10,0.0,1.221734146226415e-10,1.009976,1.000988,True,True,True,0.22322928366668637,0.10249999999999843,0.3913292688679252,0.3913292688679252,True,True,True,True,True,1.1083878214025353,0.5555555555555556
0.99,1.09,0.6,0.4,0.2,0.904,0.872,2.5336968785100006e-05,0.24401,1.2046866930232557e-10,0.0,1.2046866930232557e-10,1.009976,1.000988,True,True,True,0.22322928366668637,0.10249999999999843,0.4765665348837211,0.4765665348837211,True,True,True,True,True,1.278862353434127,0.5555555555555556
0.99,1.09,0.62,0.4,0.2,0.904,0.872,2.5336968785100006e-05,0.24401,1.1881084357798165e-10,0.0,1.1881084357798165e-10,1.009976,1.000988,True,True,True,0.22322928366668637,0.10249999999999843,0.559457821100917,0.559457821100917,True,True,True,True,True,1.444644925868519,0.5555555555555556
0.99,1.09,0.64,0.4,0.2,0.904,0.872,2.5336968785100006e-05,0.24401,1.1719802669683257e-10,0.0,1.1719802669683257e-10,1.009976,1.000988,True,True,True,0.22322928366668637,0.10249999999999843,0.6400986651583713,0.6400986651583713,True,True,True,True,True,1.6059266139834274,0.5555555555555556
0.99,1.09,0.66,0.4,0.2,0.904,0.872,2.5336968785100006e-05,0.24401,1.1562841026785713e-10,0.0,1.1562841026785713e-10,1.009976,1.000988,True,True,True,0.22322928366668637,0.10249999999999843,0.7185794866071432,0.7185794866071432,True,True,True,True,True,1.7628882568809714,0.5555555555555556
0.99,1.09,0.68,0.4,0.2,0.904,0.872,2.5336968785100006e-05,0.24401,1.1410028149779734e-10,0.0,1.1410028149779734e-10,1.009976,1.000988,True,True,True,0.22322928366668637,0.10249999999999843,0.7949859251101323,0.7949859251101323,True,True,True,True,True,1.9157011338869494,0.5555555555555556
0.99,1.09,0.7,0.4,0.2,0.904,0.872,2.5336968785100006e-05,0.24401,1.1261201695652173e-10,0.0,1.1261201695652173e-10,1.009976,1.000988,True,True,True,0.22322928366668637,0.10249999999999843,0.8693991521739133,0.8693991521739133,True,True,True,True,True,2.0645275880145113,0.5555555555555556
0.99,1.09,0.72,0.4,0.2,0.904,0.872,2.5336968785100006e-05,0.24401,1.1116207682403433e-10,0.0,1.1116207682403433e-10,1.009976,1.000988,True,True,True,0.22322928366668637,0.10249999999999843,0.941896158798283,0.941896158798283,True,True,True,True,True,2.209521601263251,0.5555555555555556
0.99,1.11,0.56,0.4,0.2,0.904,0.872,2.5336968785100006e-05,0.24401,1.251130052631579e-10,0.0,1.251130052631579e-10,1.009976,1.000988,True,True,True,0.22322928366668637,0.10249999999999843,0.24434973684210518,0.24434973684210518,True,True,True,True,True,0.8144287573508951,0.5555555555555556
0.99,1.11,0.58,0.4,0.2,0.904,0.872,2.5336968785100006e-05,0.24401,1.2334253820754718e-10,0.0,1.2334253820754718e-10,1.009976,1.000988,True,True,True,0.22322928366668637,0.10249999999999843,0.3328730896226406,0.3328730896226406,True,True,True,True,True,0.991475462911966,0.5555555555555556
0.99,1.11,0.6,0.4,0.2,0.904,0.872,2.5336968785100006e-05,0.24401,1.2162147953488373e-10,0.0,1.2162147953488373e-10,1.009976,1.000988,True,True,True,0.22322928366668637,0.10249999999999843,0.4189260232558133,0.4189260232558133,True,True,True,True,True,1.1635813301783116,0.5555555555555556
0.99,1.11,0.62,0.4,0.2,0.904,0.872,2.5336968785100006e-05,0.24401,1.199477894495413e-10,0.0,1.199477894495413e-10,1.009976,1.000988,True,True,True,0.22322928366668637,0.10249999999999843,0.5026105275229344,0.5026105275229344,True,True,True,True,True,1.3309503387125536,0.5555555555555556
0.99,1.11,0.64,0.4,0.2,0.904,0.872,2.5336968785100006e-05,0.24401,1.1831953891402715e-10,0.0,1.1831953891402715e-10,1.009976,1.000988,True,True,True,0.22322928366668637,0.10249999999999843,0.5840230542986422,0.5840230542986422,True,True,True,True,True,1.4937753922639692,0.5555555555555556
0.99,1.11,0.66,0.4,0.2,0.904,0.872,2.5336968785100006e-05,0.24401,1.1673490223214286e-10,0.0,1.1673490223214286e-10,1.009976,1.000988,True,True,True,0.22322928366668637,0.10249999999999843,0.6632548883928568,0.6632548883928568,True,True,True,True,True,1.6522390604523984,0.5555555555555556
0.99,1.11,0.68,0.4,0.2,0.904,0.872,2.5336968785100006e-05,0.24401,1.1519215022026433e-10,0.0,1.1519215022026433e-10,1.009976,1.000988,True,True,True,0.22322928366668637,0.10249999999999843,0.7403924889867829,0.7403924889867829,True,True,True,True,True,1.8065142616402508,0.5555555555555556
0.99,1.11,0.7,0.4,0.2,0.904,0.872,2.5336968785100006e-05,0.24401,1.1368964391304349e-10,0.0,1.1368964391304349e-10,1.009976,1.000988,True,True,True,0.22322928366668637,0.10249999999999843,0.8155178043478251,0.8155178043478251,True,True,True,True,True,1.9567648923623349,0.5555555555555556
0.99,1.11,0.72,0.4,0.2,0.904,0.872,2.5336968785100006e-05,0.24401,1.1222582875536481e-10,0.0,1.1222582875536481e-10,1.009976,1.000988,True,True,True,0.22322928366668637,0.10249999999999843,0.8887085622317591,0.8887085622317591,True,True,True,True,True,2.103146408130203,0.5555555555555556
0.99,1.13,0.56,0.4,0.2,0.904,0.872,2.5336968785100006e-05,0.24401,1.2629891052631574e-10,0.0,1.2629891052631574e-10,1.009976,1.000988,True,True,True,0.22322928366668637,0.10249999999999843,0.18505447368421268,0.18505447368421268,True,True,True,True,True,0.6958382310351102,0.5555555555555556
0.99,1.13,0.58,0.4,0.2,0.904,0.872,2.5336968785100006e-05,0.24401,1.2451166179245282e-10,0.0,1.2451166179245282e-10,1.009976,1.000988,True,True,True,0.22322928366668637,0.10249999999999843,0.2744169103773586,0.2744169103773586,True,True,True,True,True,0.874563104421402,0.5555555555555556
0.99,1.13,0.6,0.4,0.2,0.904,0.872,2.5336968785100006e-05,0.24401,1.2277428976744183e-10,0.0,1.2277428976744183e-10,1.009976,1.000988,True,True,True,0.22322928366668637,0.10249999999999843,0.36128551162790806,0.36128551162790806,True,True,True,True,True,1.048300306922501,0.5555555555555556
0.99,1.13,0.62,0.4,0.2,0.904,0.872,2.5336968785100006e-05,0.24401,1.210847353211009e-10,0.0,1.210847353211009e-10,1.009976,1.000988,True,True,True,0.22322928366668637,0.10249999999999843,0.4457632339449546,0.4457632339449546,True,True,True,True,True,1.217255751556594,0.5555555555555556
0.99,1.13,0.64,0.4,0.2,0.904,0.872,2.5336968785100006e-05,0.24401,1.194410511312217e-10,0.0,1.194410511312217e-10,1.009976,1.000988,True,True,True,0.22322928366668637,0.10249999999999843,0.5279474434389143,0.5279474434389143,True,True,True,True,True,1.3816241705445136,0.5555555555555556
0.99,1.13,0.66,0.4,0.2,0.904,0.872,2.5336968785100006e-05,0.24401,1.1784139419642856e-10,0.0,1.1784139419642856e-10,1.009976,1.000988,True,True,True,0.22322928366668637,0.10249999999999843,0.6079302901785717,0.6079302901785717,True,True,True,True,True,1.5415898640238281,0.5555555555555556
0.99,1.13,0.68,0.4,0.2,0.904,0.872,2.5336968785100006e-05,0.24401,1.1628401894273126e-10,0.0,1.1628401894273126e-10,1.009976,1.000988,True,True,True,0.22322928366668637,0.10249999999999843,0.6857990528634366,0.6857990528634366,True,True,True,True,True,1.6973273893935579,0.5555555555555556
0.99,1.13,0.7,0.4,0.2,0.904,0.872,2.5336968785100006e-05,0.24401,1.147672708695652e-10,0.0,1.147672708695652e-10,1.009976,1.000988,True,True,True,0.22322928366668637,0.10249999999999843,0.7616364565217395,0.7616364565217395,True,True,True,True,True,1.8490021967101637,0.5555555555555556
0.99,1.13,0.72,0.4,0.2,0.904,0.872,2.5336968785100006e-05,0.24401,1.1328958068669528e-10,0.0,1.1328958068669528e-10,1.009976,1.000988,True,True,True,0.22322928366668637,0.10249999999999843,0.8355209656652358,0.8355209656652358,True,True,True,True,True,1.9967712149971564,0.5555555555555556
0.99,1.15,0.56,0.4,0.2,0.904,0.872,2.5336968785100006e-05,0.24401,1.2748481578947366e-10,0.0,1.2748481578947366e-10,1.009976,1.000988,True,True,True,0.22322928366668637,0.10249999999999843,0.1257592105263163,0.1257592105263163,True,True,True,True,True,0.5772477047193174,0.5555555555555556
0.99,1.15,0.58,0.4,0.2,0.904,0.872,2.5336968785100006e-05,0.24401,1.2568078537735848e-10,0.0,1.2568078537735848e-10,1.009976,1.000988,True,True,True,0.22322928366668637,0.10249999999999843,0.21596073113207537,0.21596073113207537,True,True,True,True,True,0.7576507459308356,0.5555555555555556
0.99,1.15,0.6,0.4,0.2,0.904,0.872,2.5336968785100006e-05,0.24401,1.2392709999999999e-10,0.0,1.2392709999999999e-10,1.009976,1.000988,True,True,True,0.22322928366668637,0.10249999999999843,0.3036450000000003,0.3036450000000003,True,True,True,True,True,0.9330192836666854,0.5555555555555556
0.99,1.15,0.62,0.4,0.2,0.904,0.872,2.5336968785100006e-05,0.24401,1.2222168119266055e-10,0.0,1.2222168119266055e-10,1.009976,1.000988,True,True,True,0.22322928366668637,0.10249999999999843,0.3889159403669721,0.3889159403669721,True,True,True,True,True,1.1035611644006291,0.5555555555555556
0.99,1.15,0.64,0.4,0.2,0.904,0.872,2.5336968785100006e-05,0.24401,1.205625633484163e-10,0.0,1.205625633484163e-10,1.009976,1.000988,True,True,True,0.22322928366668637,0.10249999999999843,0.47187183257918514,0.47187183257918514,True,True,True,True,True,1.2694729488250551,0.5555555555555556
0.99,1.15,0.66,0.4,0.2,0.904,0.872,2.5336968785100006e-05,0.24401,1.1894788616071429e-10,0.0,1.1894788616071429e-10,1.009976,1.000988,True,True,True,0.22322928366668637,0.10249999999999843,0.5526056919642852,0.5526056919642852,True,True,True,True,True,1.4309406675952552,0.5555555555555556
0.99,1.15,0.68,0.4,0.2,0.904,0.872,2.5336968785100006e-05,0.24401,1.1737588766519822e-10,0.0,1.1737588766519822e-10,1.009976,1.000988,True,True,True,0.22322928366668637,0.10249999999999843,0.6312056167400883,0.6312056167400883,True,True,True,True,True,1.5881405171468614,0.5555555555555556
0.99,1.15,0.7,0.4,0.2,0.904,0.872,2.5336968785100006e-05,0.24401,1.1584489782608695e-10,0.0,1.1584489782608695e-10,1.009976,1.000988,True,True,True,0.22322928366668637,0.10249999999999843,0.7077551086956521,0.7077551086956521,True,True,True,True,True,1.741239501057989,0.5555555555555556
0.99,1.15,0.72,0.4,0.2,0.904,0.872,2.5336968785100006e-05,0.24401,1.1435333261802574e-10,0.0,1.1435333261802574e-10,1.009976,1.000988,True,True,True,0.22322928366668637,0.10249999999999843,0.7823333690987125,0.7823333690987125,True,True,True,True,True,1.89039602186411,0.5555555555555556
1.0,1.03,0.56,0.4,0.2,0.904,0.872,2.5335702000000004e-05,0.24402000000000001,1.2073157894736843e-10,0.0,1.2073157894736843e-10,1.012,1.004,True,True,True,0.21900666666667978,0.10500000000000093,0.46342105263157807,0.46342105263157807,True,True,True,True,True,1.250848771929837,0.5555555555555556
1.0,1.03,0.58,0.4,0.2,0.904,0.872,2.5335702000000004e-05,0.24402000000000001,1.190231132075472e-10,0.0,1.190231132075472e-10,1.012,1.004,True,True,True,0.21900666666667978,0.10500000000000093,0.5488443396226401,0.5488443396226401,True,True,True,True,True,1.421695345911961,0.5555555555555556
1.0,1.03,0.6,0.4,0.2,0.904,0.872,2.5335702000000004e-05,0.24402000000000001,1.1736232558139538e-10,0.0,1.1736232558139538e-10,1.012,1.004,True,True,True,0.21900666666667978,0.10500000000000093,0.6318837209302304,0.6318837209302304,True,True,True,True,True,1.5877741085271415,0.5555555555555556
1.0,1.03,0.62,0.4,0.2,0.904,0.872,2.5335702000000004e-05,0.24402000000000001,1.1574724770642205e-10,0.0,1.1574724770642205e-10,1.012,1.004,True,True,True,0.21900666666667978,0.10500000000000093,0.7126376146788972,0.7126376146788972,True,True,True,True,True,1.749281896024475,0.5555555555555556
1.0,1.03,0.64,0.4,0.2,0.904,0.872,2.5335702000000004e-05,0.24402000000000001,1.1417601809954752e-10,0.0,1.1417601809954752e-10,1.012,1.004,True,True,True,0.21900666666667978,0.10500000000000093,0.7911990950226236,0.7911990950226236,True,True,True,True,True,1.9064048567119278,0.5555555555555556
1.0,1.03,0.66,0.4,0.2,0.904,0.872,2.5335702000000004e-05,0.24402000000000001,1.12646875e-10,0.0,1.12646875e-10,1.012,1.004,True,True,True,0.21900666666667978,0.10500000000000093,0.8676562499999994,0.8676562499999994,True,True,True,True,True,2.0593191666666795,0.5555555555555556
1.0,1.03,0.68,0.4,0.2,0.904,0.872,2.5335702000000004e-05,0.24402000000000001,1.111581497797357e-10,0.0,1.111581497797357e-10,1.012,1.004,True,True,True,0.21900666666667978,0.10500000000000093,0.9420925110132148,0.9420925110132148,True,True,True,True,True,2.2081916886931103,0.5555555555555556
1.0,1.03,0.7,0.4,0.2,0.904,0.872,2.5335702000000004e-05,0.24402000000000001,1.0970826086956525e-10,0.0,1.0970826086956525e-10,1.012,1.004,True,True,True,0.21900666666667978,0.10500000000000093,1.0145869565217371,1.0145869565217371,True,True,False,False,False,2.353180579710155,0.5555555555555556
1.0,1.03,0.72,0.4,0.2,0.904,0.872,2.5335702000000004e-05,0.24402000000000001,1.0829570815450645e-10,0.0,1.0829570815450645e-10,1.012,1.004,True,True,True,0.21900666666667978,0.10500000000000093,1.085214592274677,1.085214592274677,True,True,False,False,False,2.4944358512160347,0.5555555555555556
1.0,1.05,0.56,0.4,0.2,0.904,0.872,2.5335702000000004e-05,0.24402000000000001,1.219210526315789e-10,0.0,1.219210526315789e-10,1.012,1.004,True,True,True,0.21900666666667978,0.10500000000000093,0.40394736842105405,0.40394736842105405,True,True,True,True,True,1.1319014035087887,0.5555555555555556
1.0,1.05,0.58,0.4,0.2,0.904,0.872,2.5335702000000004e-05,0.24402000000000001,1.2019575471698113e-10,0.0,1.2019575471698113e-10,1.012,1.004,True,True,True,0.21900666666667978,0.10500000000000093,0.49021226415094304,0.49021226415094304,True,True,True,True,True,1.3044311949685667,0.5555555555555556
1.0,1.05,0.6,0.4,0.2,0.904,0.872,2.5335702000000004e-05,0.24402000000000001,1.185186046511628e-10,0.0,1.185186046511628e-10,1.012,1.004,True,True,True,0.21900666666667978,0.10500000000000093,0.5740697674418597,0.5740697674418597,True,True,True,True,True,1.4721462015503999,0.5555555555555556
1.0,1.05,0.62,0.4,0.2,0.904,0.872,2.5335702000000004e-05,0.24402000000000001,1.1688761467889905e-10,0.0,1.1688761467889905e-10,1.012,1.004,True,True,True,0.21900666666667978,0.10500000000000093,0.6556192660550468,0.6556192660550468,True,True,True,True,True,1.6352451987767744,0.5555555555555556
1.0,1.05,0.64,0.4,0.2,0.904,0.872,2.5335702000000004e-05,0.24402000000000001,1.1530090497737555e-10,0.0,1.1530090497737555e-10,1.012,1.004,True,True,True,0.21900666666667978,0.10500000000000093,0.7349547511312219,0.7349547511312219,True,True,True,True,True,1.7939161689291243,0.5555555555555556
1.0,1.05,0.66,0.4,0.2,0.904,0.872,2.5335702000000004e-05,0.24402000000000001,1.1375669642857141e-10,0.0,1.1375669642857141e-10,1.012,1.004,True,True,True,0.21900666666667978,0.10500000000000093,0.8121651785714291,0.8121651785714291,True,True,True,True,True,1.9483370238095388,0.5555555555555556
1.0,1.05,0.68,0.4,0.2,0.904,0.872,2.5335702000000004e-05,0.24402000000000001,1.1225330396475769e-10,0.0,1.1225330396475769e-10,1.012,1.004,True,True,True,0.21900666666667978,0.10500000000000093,0.8873348017621149,0.8873348017621149,True,True,True,True,True,2.0986762701909103,0.5555555555555556
1.0,1.05,0.7,0.4,0.2,0.904,0.872,2.5335702000000004e-05,0.24402000000000001,1.107891304347826e-10,0.0,1.107891304347826e-10,1.012,1.004,True,True,True,0.21900666666667978,0.10500000000000093,0.9605434782608697,0.9605434782608697,True,True,True,True,True,2.24509362318842,0.5555555555555556
1.0,1.05,0.72,0.4,0.2,0.904,0.872,2.5335702000000004e-05,0.24402000000000001,1.09362660944206e-10,0.0,1.09362660944206e-10,1.012,1.004,True,True,True,0.21900666666667978,0.10500000000000093,1.0318669527896998,1.0318669527896998,True,True,False,False,False,2.3877405722460803,0.5555555555555556
1.0,1.07,0.56,0.4,0.2,0.904,0.872,2.5335702000000004e-05,0.24402000000000001,1.231105263157895e-10,0.0,1.231105263157895e-10,1.012,1.004,True,True,True,0.21900666666667978,0.10500000000000093,0.3444736842105249,0.3444736842105249,True,True,True,True,True,1.0129540350877304,0.5555555555555556
1.0,1.07,0.58,0.4,0.2,0.904,0.872,2.5335702000000004e-05,0.24402000000000001,1.213683962264151e-10,0.0,1.213683962264151e-10,1.012,1.004,True,True,True,0.21900666666667978,0.10500000000000093,0.4315801886792447,0.4315801886792447,True,True,True,True,True,1.18716704402517,0.5555555555555556
1.0,1.07,0.6,0.4,0.2,0.904,0.872,2.5335702000000004e-05,0.24402000000000001,1.1967488372093024e-10,0.0,1.1967488372093024e-10,1.012,1.004,True,True,True,0.21900666666667978,0.10500000000000093,0.5162558139534876,0.5162558139534876,True,True,True,True,True,1.356518294573656,0.5555555555555556
1.0,1.07,0.62,0.4,0.2,0.904,0.872,2.5335702000000004e-05,0.24402000000000001,1.1802798165137617e-10,0.0,1.1802798165137617e-10,1.012,1.004,True,True,True,0.21900666666667978,0.10500000000000093,0.5986009174311913,0.5986009174311913,True,True,True,True,True,1.5212085015290633,0.5555555555555556
1.0,1.07,0.64,0.4,0.2,0.904,0.872,2.5335702000000004e-05,0.24402000000000001,1.1642579185520362e-10,0.0,1.1642579185520362e-10,1.012,1.004,True,True,True,0.21900666666667978,0.10500000000000093,0.6787104072398187,0.6787104072398187,True,True,True,True,True,1.6814274811463181,0.5555555555555556
1.0,1.07,0.66,0.4,0.2,0.904,0.872,2.5335702000000004e-05,0.24402000000000001,1.1486651785714288e-10,0.0,1.1486651785714288e-10,1.012,1.004,True,True,True,0.21900666666667978,0.10500000000000093,0.7566741071428558,0.7566741071428558,True,True,True,True,True,1.8373548809523923,0.5555555555555556
1.0,1.07,0.68,0.4,0.2,0.904,0.872,2.5335702000000004e-05,0.24402000000000001,1.1334845814977974e-10,0.0,1.1334845814977974e-10,1.012,1.004,True,True,True,0.21900666666667978,0.10500000000000093,0.8325770925110124,0.8325770925110124,True,True,True,True,True,1.9891608516887054,0.5555555555555556
1.0,1.07,0.7,0.4,0.2,0.904,0.872,2.5335702000000004e-05,0.24402000000000001,1.1187000000000001e-10,0.0,1.1187000000000001e-10,1.012,1.004,True,True,True,0.21900666666667978,0.10500000000000093,0.9064999999999991,0.9064999999999991,True,True,True,True,True,2.1370066666666787,0.5555555555555556
1.0,1.07,0.72,0.4,0.2,0.904,0.872,2.5335702000000004e-05,0.24402000000000001,1.104296137339056e-10,0.0,1.104296137339056e-10,1.012,1.004,True,True,True,0.21900666666667978,0.10500000000000093,0.9785193133047198,0.9785193133047198,True,True,True,True,True,2.28104529327612,0.5555555555555556
1.0,1.09,0.56,0.4,0.2,0.904,0.872,2.5335702000000004e-05,0.24402000000000001,1.2429999999999997e-10,0.0,1.2429999999999997e-10,1.012,1.004,True,True,True,0.21900666666667978,0.10500000000000093,0.28500000000000086,0.28500000000000086,True,True,True,True,True,0.8940066666666824,0.5555555555555556
1.0,1.09,0.58,0.4,0.2,0.904,0.872,2.5335702000000004e-05,0.24402000000000001,1.2254103773584906e-10,0.0,1.2254103773584906e-10,1.012,1.004,True,True,True,0.21900666666667978,0.10500000000000093,0.3729481132075464,0.3729481132075464,True,True,True,True,True,1.0699028930817733,0.5555555555555556
1.0,1.09,0.6,0.4,0.2,0.904,0.872,2.5335702000000004e-05,0.24402000000000001,1.2083116279069765e-10,0.0,1.2083116279069765e-10,1.012,1.004,True,True,True,0.21900666666667978,0.10500000000000093,0.4584418604651169,0.4584418604651169,True,True,True,True,True,1.2408903875969144,0.5555555555555556
1.0,1.09,0.62,0.4,0.2,0.904,0.872,2.5335702000000004e-05,0.24402000000000001,1.191683486238532e-10,0.0,1.191683486238532e-10,1.012,1.004,True,True,True,0.21900666666667978,0.10500000000000093,0.5415825688073397,0.5415825688073397,True,True,True,True,True,1.4071718042813601,0.5555555555555556
1.0,1.09,0.64,0.4,0.2,0.904,0.872,2.5335702000000004e-05,0.24402000000000001,1.1755067873303168e-10,0.0,1.1755067873303168e-10,1.012,1.004,True,True,True,0.21900666666667978,0.10500000000000093,0.6224660633484156,0.6224660633484156,True,True,True,True,True,1.568938793363512,0.5555555555555556
1.0,1.09,0.66,0.4,0.2,0.904,0.872,2.5335702000000004e-05,0.24402000000000001,1.1597633928571427e-10,0.0,1.1597633928571427e-10,1.012,1.004,True,True,True,0.21900666666667978,0.10500000000000093,0.7011830357142862,0.7011830357142862,True,True,True,True,True,1.726372738095253,0.5555555555555556
1.0,1.09,0.68,0.4,0.2,0.904,0.872,2.5335702000000004e-05,0.24402000000000001,1.1444361233480175e-10,0.0,1.1444361233480175e-10,1.012,1.004,True,True,True,0.21900666666667978,0.10500000000000093,0.777819383259912,0.777819383259912,True,True,True,True,True,1.8796454331865045,0.5555555555555556
1.0,1.09,0.7,0.4,0.2,0.904,0.872,2.5335702000000004e-05,0.24402000000000001,1.1295086956521738e-10,0.0,1.1295086956521738e-10,1.012,1.004,True,True,True,0.21900666666667978,0.10500000000000093,0.8524565217391303,0.8524565217391303,True,True,True,True,True,2.028919710144941,0.5555555555555556
1.0,1.09,0.72,0.4,0.2,0.904,0.872,2.5335702000000004e-05,0.24402000000000001,1.1149656652360514e-10,0.0,1.1149656652360514e-10,1.012,1.004,True,True,True,0.21900666666667978,0.10500000000000093,0.9251716738197423,0.9251716738197423,True,True,True,True,True,2.174350014306165,0.5555555555555556
1.0,1.11,0.56,0.4,0.2,0.904,0.872,2.5335702000000004e-05,0.24402000000000001,1.2548947368421053e-10,0.0,1.2548947368421053e-10,1.012,1.004,True,True,True,0.21900666666667978,0.10500000000000093,0.22552631578947294,0.22552631578947294,True,True,True,True,True,0.7750592982456266,0.5555555555555556
1.0,1.11,0.58,0.4,0.2,0.904,0.872,2.5335702000000004e-05,0.24402000000000001,1.2371367924528303e-10,0.0,1.2371367924528303e-10,1.012,1.004,True,True,True,0.21900666666667978,0.10500000000000093,0.31431603773584804,0.31431603773584804,True,True,True,True,True,0.9526387421383768,0.5555555555555556
1.0,1.11,0.6,0.4,0.2,0.904,0.872,2.5335702000000004e-05,0.24402000000000001,1.2198744186046515e-10,0.0,1.2198744186046515e-10,1.012,1.004,True,True,True,0.21900666666667978,0.10500000000000093,0.4006279069767423,0.4006279069767423,True,True,True,True,True,1.1252624806201652,0.5555555555555556
1.0,1.11,0.62,0.4,0.2,0.904,0.872,2.5335702000000004e-05,0.24402000000000001,1.203087155963303e-10,0.0,1.203087155963303e-10,1.012,1.004,True,True,True,0.21900666666667978,0.10500000000000093,0.48456422018348416,0.48456422018348416,True,True,True,True,True,1.293135107033649,0.5555555555555556
1.0,1.11,0.64,0.4,0.2,0.904,0.872,2.5335702000000004e-05,0.24402000000000001,1.1867556561085977e-10,0.0,1.1867556561085977e-10,1.012,1.004,True,True,True,0.21900666666667978,0.10500000000000093,0.5662217194570113,0.5662217194570113,True,True,True,True,True,1.456450105580703,0.5555555555555556
1.0,1.11,0.66,0.4,0.2,0.904,0.872,2.5335702000000004e-05,0.24402000000000001,1.1708616071428575e-10,0.0,1.1708616071428575e-10,1.012,1.004,True,True,True,0.21900666666667978,0.10500000000000093,0.6456919642857122,0.6456919642857122,True,True,True,True,True,1.6153905952381051,0.5555555555555556
1.0,1.11,0.68,0.4,0.2,0.904,0.872,2.5335702000000004e-05,0.24402000000000001,1.155387665198238e-10,0.0,1.155387665198238e-10,1.012,1.004,True,True,True,0.21900666666667978,0.10500000000000093,0.7230616740088095,0.7230616740088095,True,True,True,True,True,1.7701300146842995,0.5555555555555556
1.0,1.11,0.7,0.4,0.2,0.904,0.872,2.5335702000000004e-05,0.24402000000000001,1.140317391304348e-10,0.0,1.140317391304348e-10,1.012,1.004,True,True,True,0.21900666666667978,0.10500000000000093,0.7984130434782597,0.7984130434782597,True,True,True,True,True,1.9208327536232002,0.5555555555555556
1.0,1.11,0.72,0.4,0.2,0.904,0.872,2.5335702000000004e-05,0.24402000000000001,1.1256351931330474e-10,0.0,1.1256351931330474e-10,1.012,1.004,True,True,True,0.21900666666667978,0.10500000000000093,0.8718240343347624,0.8718240343347624,True,True,True,True,True,2.0676547353362054,0.5555555555555556
1.0,1.13,0.56,0.4,0.2,0.904,0.872,2.5335702000000004e-05,0.24402000000000001,1.26678947368421e-10,0.0,1.26678947368421e-10,1.012,1.004,True,True,True,0.21900666666667978,0.10500000000000093,0.16605263157894892,0.16605263157894892,True,True,True,True,True,0.6561119298245786,0.5555555555555556
1.0,1.13,0.58,0.4,0.2,0.904,0.872,2.5335702000000004e-05,0.24402000000000001,1.2488632075471697e-10,0.0,1.2488632075471697e-10,1.012,1.004,True,True,True,0.21900666666667978,0.10500000000000093,0.255683962264151,0.255683962264151,True,True,True,True,True,0.8353745911949827,0.5555555555555556
1.0,1.13,0.6,0.4,0.2,0.904,0.872,2.5335702000000004e-05,0.24402000000000001,1.2314372093023253e-10,0.0,1.2314372093023253e-10,1.012,1.004,True,True,True,0.21900666666667978,0.10500000000000093,0.34281395348837285,0.34281395348837285,True,True,True,True,True,1.0096345736434262,0.5555555555555556
1.0,1.13,0.62,0.4,0.2,0.904,0.872,2.5335702000000004e-05,0.24402000000000001,1.2144908256880731e-10,0.0,1.2144908256880731e-10,1.012,1.004,True,True,True,0.21900666666667978,0.10500000000000093,0.4275458715596338,0.4275458715596338,True,True,True,True,True,1.1790984097859483,0.5555555555555556
1.0,1.13,0.64,0.4,0.2,0.904,0.872,2.5335702000000004e-05,0.24402000000000001,1.1980045248868775e-10,0.0,1.1980045248868775e-10,1.012,1.004,True,True,True,0.21900666666667978,0.10500000000000093,0.509977375565612,0.509977375565612,True,True,True,True,True,1.3439614177979045,0.5555555555555556
1.0,1.13,0.66,0.4,0.2,0.904,0.872,2.5335702000000004e-05,0.24402000000000001,1.1819598214285713e-10,0.0,1.1819598214285713e-10,1.012,1.004,True,True,True,0.21900666666667978,0.10500000000000093,0.5902008928571433,0.5902008928571433,True,True,True,True,True,1.504408452380967,0.5555555555555556
1.0,1.13,0.68,0.4,0.2,0.904,0.872,2.5335702000000004e-05,0.24402000000000001,1.166339207048458e-10,0.0,1.166339207048458e-10,1.012,1.004,True,True,True,0.21900666666667978,0.10500000000000093,0.6683039647577096,0.6683039647577096,True,True,True,True,True,1.6606145961821,0.5555555555555556
1.0,1.13,0.7,0.4,0.2,0.904,0.872,2.5335702000000004e-05,0.24402000000000001,1.1511260869565217e-10,0.0,1.1511260869565217e-10,1.012,1.004,True,True,True,0.21900666666667978,0.10500000000000093,0.7443695652173911,0.7443695652173911,True,True,True,True,True,1.8127457971014627,0.5555555555555556
1.0,1.13,0.72,0.4,0.2,0.904,0.872,2.5335702000000004e-05,0.24402000000000001,1.1363047210300428e-10,0.0,1.1363047210300428e-10,1.012,1.004,True,True,True,0.21900666666667978,0.10500000000000093,0.8184763948497856,0.8184763948497856,True,True,True,True,True,1.9609594563662518,0.5555555555555556
1.0,1.15,0.56,0.4,0.2,0.904,0.872,2.5335702000000004e-05,0.24402000000000001,1.2786842105263157e-10,0.0,1.2786842105263157e-10,1.012,1.004,True,True,True,0.21900666666667978,0.10500000000000093,0.10657894736842104,0.10657894736842104,True,True,True,True,True,0.5371645614035228,0.5555555555555556
1.0,1.15,0.58,0.4,0.2,0.904,0.872,2.5335702000000004e-05,0.24402000000000001,1.2605896226415094e-10,0.0,1.2605896226415094e-10,1.012,1.004,True,True,True,0.21900666666667978,0.10500000000000093,0.19705188679245272,0.19705188679245272,True,True,True,True,True,0.7181104402515861,0.5555555555555556
1.0,1.15,0.6,0.4,0.2,0.904,0.872,2.5335702000000004e-05,0.24402000000000001,1.243e-10,0.0,1.243e-10,1.012,1.004,True,True,True,0.21900666666667978,0.10500000000000093,0.28499999999999953,0.28499999999999953,True,True,True,True,True,0.8940066666666797,0.5555555555555556
1.0,1.15,0.62,0.4,0.2,0.904,0.872,2.5335702000000004e-05,0.24402000000000001,1.2258944954128437e-10,0.0,1.2258944954128437e-10,1.012,1.004,True,True,True,0.21900666666667978,0.10500000000000093,0.3705275229357809,0.3705275229357809,True,True,True,True,True,1.0650617125382424,0.5555555555555556
1.0,1.15,0.64,0.4,0.2,0.904,0.872,2.5335702000000004e-05,0.24402000000000001,1.2092533936651581e-10,0.0,1.2092533936651581e-10,1.012,1.004,True,True,True,0.21900666666667978,0.10500000000000093,0.45373303167420886,0.45373303167420886,True,True,True,True,True,1.2314727300150983,0.5555555555555556
1.0,1.15,0.66,0.4,0.2,0.904,0.872,2.5335702000000004e-05,0.24402000000000001,1.1930580357142856e-10,0.0,1.1930580357142856e-10,1.012,1.004,True,True,True,0.21900666666667978,0.10500000000000093,0.5347098214285718,0.5347098214285718,True,True,True,True,True,1.3934263095238242,0.5555555555555556
1.0,1.15,0.68,0.4,0.2,0.904,0.872,2.5335702000000004e-05,0.24402000000000001,1.177290748898678e-10,0.0,1.177290748898678e-10,1.012,1.004,True,True,True,0.21900666666667978,0.10500000000000093,0.6135462555066091,0.6135462555066091,True,True,True,True,True,1.551099177679899,0.5555555555555556
1.0,1.15,0.7,0.4,0.2,0.904,0.872,2.5335702000000004e-05,0.24402000000000001,1.1619347826086955e-10,0.0,1.1619347826086955e-10,1.012,1.004,True,True,True,0.21900666666667978,0.10500000000000093,0.6903260869565223,0.6903260869565223,True,True,True,True,True,1.7046588405797252,0.5555555555555556
1.0,1.15,0.72,0.4,0.2,0.904,0.872,2.5335702000000004e-05,0.24402000000000001,1.1469742489270385e-10,0.0,1.1469742489270385e-10,1.012,1.004,True,True,True,0.21900666666667978,0.10500000000000093,0.765128755364807,0.765128755364807,True,True,True,True,True,1.8542641773962947,0.5555555555555556
1.01,1.03,0.56,0.4,0.2,0.904,0.872,2.5334435214900006e-05,0.24403000000000002,1.2109377368421053e-10,0.0,1.2109377368421053e-10,1.014024,1.007012,True,True,True,0.2147840496666845,0.10750000000000343,0.4453113157894732,0.4453113157894732,True,True,True,True,True,1.2129066812456344,0.5555555555555556
1.01,1.03,0.58,0.4,0.2,0.904,0.872,2.5334435214900006e-05,0.24403000000000002,1.1938018254716984e-10,0.0,1.1938018254716984e-10,1.014024,1.007012,True,True,True,0.2147840496666845,0.10750000000000343,0.5309908726415077,0.5309908726415077,True,True,True,True,True,1.3842657949497033,0.5555555555555556
1.01,1.03,0.6,0.4,0.2,0.904,0.872,2.5334435214900006e-05,0.24403000000000002,1.1771441255813956e-10,0.0,1.1771441255813956e-10,1.014024,1.007012,True,True,True,0.2147840496666845,0.10750000000000343,0.6142793720930214,0.6142793720930214,True,True,True,True,True,1.5508427938527307,0.5555555555555556
1.01,1.03,0.62,0.4,0.2,0.904,0.872,2.5334435214900006e-05,0.24403000000000002,1.160944894495413e-10,0.0,1.160944894495413e-10,1.014024,1.007012,True,True,True,0.2147840496666845,0.10750000000000343,0.6952755275229343,0.6952755275229343,True,True,True,True,True,1.7128351047125565,0.5555555555555556
1.01,1.03,0.64,0.4,0.2,0.904,0.872,2.5334435214900006e-05,0.24403000000000002,1.1451854615384618e-10,0.0,1.1451854615384618e-10,1.014024,1.007012,True,True,True,0.2147840496666845,0.10750000000000343,0.7740726923076905,0.7740726923076905,True,True,True,True,True,1.870429434282069,0.5555555555555556
1.01,1.03,0.66,0.4,0.2,0.904,0.872,2.5334435214900006e-05,0.24403000000000002,1.1298481562500003e-10,0.0,1.1298481562500003e-10,1.014024,1.007012,True,True,True,0.2147840496666845,0.10750000000000343,0.850759218749998,0.850759218749998,True,True,True,True,True,2.023802487166684,0.5555555555555556
1.01,1.03,0.68,0.4,0.2,0.904,0.872,2.5334435214900006e-05,0.24403000000000002,1.114916242290749e-10,0.0,1.114916242290749e-10,1.014024,1.007012,True,True,True,0.2147840496666845,0.10750000000000343,0.9254187885462545,0.9254187885462545,True,True,True,True,True,2.173121626759197,0.5555555555555556
1.01,1.03,0.7,0.4,0.2,0.904,0.872,2.5334435214900006e-05,0.24403000000000002,1.1003738565217394e-10,0.0,1.1003738565217394e-10,1.014024,1.007012,True,True,True,0.2147840496666845,0.10750000000000343,0.9981307173913024,0.9981307173913024,True,True,True,True,True,2.318545484449293,0.5555555555555556
1.01,1.03,0.72,0.4,0.2,0.904,0.872,2.5334435214900006e-05,0.24403000000000002,1.0862059527896998e-10,0.0,1.0862059527896998e-10,1.014024,1.007012,True,True,True,0.2147840496666845,0.10750000000000343,1.0689702360515005,1.0689702360515005,True,True,False,False,False,2.460224521769689,0.5555555555555556
1.01,1.05,0.56,0.4,0.2,0.904,0.872,2.5334435214900006e-05,0.24403000000000002,1.222868157894737e-10,0.0,1.222868157894737e-10,1.014024,1.007012,True,True,True,0.2147840496666845,0.10750000000000343,0.3856592105263151,0.3856592105263151,True,True,True,True,True,1.093602470719318,0.5555555555555556
1.01,1.05,0.58,0.4,0.2,0.904,0.872,2.5334435214900006e-05,0.24403000000000002,1.205563419811321e-10,0.0,1.205563419811321e-10,1.014024,1.007012,True,True,True,0.2147840496666845,0.10750000000000343,0.4721829009433944,0.4721829009433944,True,True,True,True,True,1.2666498515534768,0.5555555555555556
1.01,1.05,0.6,0.4,0.2,0.904,0.872,2.5334435214900006e-05,0.24403000000000002,1.188741604651163e-10,0.0,1.188741604651163e-10,1.014024,1.007012,True,True,True,0.2147840496666845,0.10750000000000343,0.5562919767441852,0.5562919767441852,True,True,True,True,True,1.4348680031550582,0.5555555555555556
1.01,1.05,0.62,0.4,0.2,0.904,0.872,2.5334435214900006e-05,0.24403000000000002,1.1723827752293578e-10,0.0,1.1723827752293578e-10,1.014024,1.007012,True,True,True,0.2147840496666845,0.10750000000000343,0.6380861238532104,0.6380861238532104,True,True,True,True,True,1.5984562973731087,0.5555555555555556
1.01,1.05,0.64,0.4,0.2,0.904,0.872,2.5334435214900006e-05,0.24403000000000002,1.156468076923077e-10,0.0,1.156468076923077e-10,1.014024,1.007012,True,True,True,0.2147840496666845,0.10750000000000343,0.7176596153846148,0.7176596153846148,True,True,True,True,True,1.7576032804359172,0.5555555555555556
1.01,1.05,0.66,0.4,0.2,0.904,0.872,2.5334435214900006e-05,0.24403000000000002,1.1409796651785715e-10,0.0,1.1409796651785715e-10,1.014024,1.007012,True,True,True,0.2147840496666845,0.10750000000000343,0.7951016741071422,0.7951016741071422,True,True,True,True,True,1.9124873978809722,0.5555555555555556
1.01,1.05,0.68,0.4,0.2,0.904,0.872,2.5334435214900006e-05,0.24403000000000002,1.12590063876652e-10,0.0,1.12590063876652e-10,1.014024,1.007012,True,True,True,0.2147840496666845,0.10750000000000343,0.8704968061673998,0.8704968061673998,True,True,True,True,True,2.063277662001487,0.5555555555555556
1.01,1.05,0.7,0.4,0.2,0.904,0.872,2.5334435214900006e-05,0.24403000000000002,1.1112149782608697e-10,0.0,1.1112149782608697e-10,1.014024,1.007012,True,True,True,0.2147840496666845,0.10750000000000343,0.9439251086956512,0.9439251086956512,True,True,True,True,True,2.2101342670579904,0.5555555555555556
1.01,1.05,0.72,0.4,0.2,0.904,0.872,2.5334435214900006e-05,0.24403000000000002,1.0969074892703865e-10,0.0,1.0969074892703865e-10,1.014024,1.007012,True,True,True,0.2147840496666845,0.10750000000000343,1.0154625536480673,1.0154625536480673,True,True,False,False,False,2.3532091569628224,0.5555555555555556
1.01,1.07,0.56,0.4,0.2,0.904,0.872,2.5334435214900006e-05,0.24403000000000002,1.2347985789473685e-10,0.0,1.2347985789473685e-10,1.014024,1.007012,True,True,True,0.2147840496666845,0.10750000000000343,0.32600710526315696,0.32600710526315696,True,True,True,True,True,0.9742982601930019,0.5555555555555556
1.01,1.07,0.58,0.4,0.2,0.904,0.872,2.5334435214900006e-05,0.24403000000000002,1.2173250141509437e-10,0.0,1.2173250141509437e-10,1.014024,1.007012,True,True,True,0.2147840496666845,0.10750000000000343,0.41337492924528096,0.41337492924528096,True,True,True,True,True,1.1490339081572498,0.5555555555555556
1.01,1.07,0.6,0.4,0.2,0.904,0.872,2.5334435214900006e-05,0.24403000000000002,1.2003390837209304e-10,0.0,1.2003390837209304e-10,1.014024,1.007012,True,True,True,0.2147840496666845,0.10750000000000343,0.49830458139534767,0.49830458139534767,True,True,True,True,True,1.3188932124573833,0.5555555555555556
1.01,1.07,0.62,0.4,0.2,0.904,0.872,2.5334435214900006e-05,0.24403000000000002,1.183820655963303e-10,0.0,1.183820655963303e-10,1.014024,1.007012,True,True,True,0.2147840496666845,0.10750000000000343,0.5808967201834844,0.5808967201834844,True,True,True,True,True,1.4840774900336566,0.5555555555555556
1.01,1.07,0.64,0.4,0.2,0.904,0.872,2.5334435214900006e-05,0.24403000000000002,1.1677506923076925e-10,0.0,1.1677506923076925e-10,1.014024,1.007012,True,True,True,0.2147840496666845,0.10750000000000343,0.661246538461537,0.661246538461537,True,True,True,True,True,1.644777126589762,0.5555555555555556
1.01,1.07,0.66,0.4,0.2,0.904,0.872,2.5334435214900006e-05,0.24403000000000002,1.152111174107143e-10,0.0,1.152111174107143e-10,1.014024,1.007012,True,True,True,0.2147840496666845,0.10750000000000343,0.7394441294642844,0.7394441294642844,True,True,True,True,True,1.8011723085952567,0.5555555555555556
1.01,1.07,0.68,0.4,0.2,0.904,0.872,2.5334435214900006e-05,0.24403000000000002,1.136885035242291e-10,0.0,1.136885035242291e-10,1.014024,1.007012,True,True,True,0.2147840496666845,0.10750000000000343,0.8155748237885443,0.8155748237885443,True,True,True,True,True,1.9534336972437765,0.5555555555555556
1.01,1.07,0.7,0.4,0.2,0.904,0.872,2.5334435214900006e-05,0.24403000000000002,1.1220561000000004e-10,0.0,1.1220561000000004e-10,1.014024,1.007012,True,True,True,0.2147840496666845,0.10750000000000343,0.8897194999999974,0.8897194999999974,True,True,True,True,True,2.1017230496666826,0.5555555555555556
1.01,1.07,0.72,0.4,0.2,0.904,0.872,2.5334435214900006e-05,0.24403000000000002,1.1076090257510733e-10,0.0,1.1076090257510733e-10,1.014024,1.007012,True,True,True,0.2147840496666845,0.10750000000000343,0.9619548712446332,0.9619548712446332,True,True,True,True,True,2.2461937921559545,0.5555555555555556
1.01,1.09,0.56,0.4,0.2,0.904,0.872,2.5334435214900006e-05,0.24403000000000002,1.246729e-10,0.0,1.246729e-10,1.014024,1.007012,True,True,True,0.2147840496666845,0.10750000000000343,0.2663550000000001,0.2663550000000001,True,True,True,True,True,0.8549940496666881,0.5555555555555556
1.01,1.09,0.58,0.4,0.2,0.904,0.872,2.5334435214900006e-05,0.24403000000000002,1.2290866084905661e-10,0.0,1.2290866084905661e-10,1.014024,1.007012,True,True,True,0.2147840496666845,0.10750000000000343,0.3545669575471689,0.3545669575471689,True,True,True,True,True,1.0314179647610255,0.5555555555555556
1.01,1.09,0.6,0.4,0.2,0.904,0.872,2.5334435214900006e-05,0.24403000000000002,1.211936562790698e-10,0.0,1.211936562790698e-10,1.014024,1.007012,True,True,True,0.2147840496666845,0.10750000000000343,0.4403171860465101,0.4403171860465101,True,True,True,True,True,1.202918421759708,0.5555555555555556
1.01,1.09,0.62,0.4,0.2,0.904,0.872,2.5334435214900006e-05,0.24403000000000002,1.1952585366972477e-10,0.0,1.1952585366972477e-10,1.014024,1.007012,True,True,True,0.2147840496666845,0.10750000000000343,0.523707316513761,0.523707316513761,True,True,True,True,True,1.36969868269421,0.5555555555555556
1.01,1.09,0.64,0.4,0.2,0.904,0.872,2.5334435214900006e-05,0.24403000000000002,1.1790333076923077e-10,0.0,1.1790333076923077e-10,1.014024,1.007012,True,True,True,0.2147840496666845,0.10750000000000343,0.6048334615384613,0.6048334615384613,True,True,True,True,True,1.5319509727436105,0.5555555555555556
1.01,1.09,0.66,0.4,0.2,0.904,0.872,2.5334435214900006e-05,0.24403000000000002,1.1632426830357143e-10,0.0,1.1632426830357143e-10,1.014024,1.007012,True,True,True,0.2147840496666845,0.10750000000000343,0.6837865848214278,0.6837865848214278,True,True,True,True,True,1.6898572193095434,0.5555555555555556
1.01,1.09,0.68,0.4,0.2,0.904,0.872,2.5334435214900006e-05,0.24403000000000002,1.1478694317180617e-10,0.0,1.1478694317180617e-10,1.014024,1.007012,True,True,True,0.2147840496666845,0.10750000000000343,0.7606528414096909,0.7606528414096909,True,True,True,True,True,1.8435897324860697,0.5555555555555556
1.01,1.09,0.7,0.4,0.2,0.904,0.872,2.5334435214900006e-05,0.24403000000000002,1.1328972217391307e-10,0.0,1.1328972217391307e-10,1.014024,1.007012,True,True,True,0.2147840496666845,0.10750000000000343,0.8355138913043462,0.8355138913043462,True,True,True,True,True,1.99331183227538,0.5555555555555556
1.01,1.09,0.72,0.4,0.2,0.904,0.872,2.5334435214900006e-05,0.24403000000000002,1.1183105622317597e-10,0.0,1.1183105622317597e-10,1.014024,1.007012,True,True,True,0.2147840496666845,0.10750000000000343,0.908447188841201,0.908447188841201,True,True,True,True,True,2.13917842734909,0.5555555555555556
1.01,1.11,0.56,0.4,0.2,0.904,0.872,2.5334435214900006e-05,0.24403000000000002,1.2586594210526318e-10,0.0,1.2586594210526318e-10,1.014024,1.007012,True,True,True,0.2147840496666845,0.10750000000000343,0.20670289473684073,0.20670289473684073,True,True,True,True,True,0.7356898391403695,0.5555555555555556
1.01,1.11,0.58,0.4,0.2,0.904,0.872,2.5334435214900006e-05,0.24403000000000002,1.240848202830189e-10,0.0,1.240848202830189e-10,1.014024,1.007012,True,True,True,0.2147840496666845,0.10750000000000343,0.29575898584905425,0.29575898584905425,True,True,True,True,True,0.9138020213647964,0.5555555555555556
1.01,1.11,0.6,0.4,0.2,0.904,0.872,2.5334435214900006e-05,0.24403000000000002,1.2235340418604654e-10,0.0,1.2235340418604654e-10,1.014024,1.007012,True,True,True,0.2147840496666845,0.10750000000000343,0.3823297906976726,0.3823297906976726,True,True,True,True,True,1.086943631062033,0.5555555555555556
1.01,1.11,0.62,0.4,0.2,0.904,0.872,2.5334435214900006e-05,0.24403000000000002,1.206696417431193e-10,0.0,1.206696417431193e-10,1.014024,1.007012,True,True,True,0.2147840496666845,0.10750000000000343,0.4665179128440351,0.4665179128440351,True,True,True,True,True,1.255319875354758,0.5555555555555556
1.01,1.11,0.64,0.4,0.2,0.904,0.872,2.5334435214900006e-05,0.24403000000000002,1.1903159230769233e-10,0.0,1.1903159230769233e-10,1.014024,1.007012,True,True,True,0.2147840496666845,0.10750000000000343,0.5484203846153829,0.5484203846153829,True,True,True,True,True,1.4191248188974537,0.5555555555555556
1.01,1.11,0.66,0.4,0.2,0.904,0.872,2.5334435214900006e-05,0.24403000000000002,1.174374191964286e-10,0.0,1.174374191964286e-10,1.014024,1.007012,True,True,True,0.2147840496666845,0.10750000000000343,0.6281290401785701,0.6281290401785701,True,True,True,True,True,1.578542130023828,0.5555555555555556
1.01,1.11,0.68,0.4,0.2,0.904,0.872,2.5334435214900006e-05,0.24403000000000002,1.158853828193833e-10,0.0,1.158853828193833e-10,1.014024,1.007012,True,True,True,0.2147840496666845,0.10750000000000343,0.7057308590308349,0.7057308590308349,True,True,True,True,True,1.7337457677283576,0.5555555555555556
1.01,1.11,0.7,0.4,0.2,0.904,0.872,2.5334435214900006e-05,0.24403000000000002,1.1437383434782612e-10,0.0,1.1437383434782612e-10,1.014024,1.007012,True,True,True,0.2147840496666845,0.10750000000000343,0.7813082826086937,0.7813082826086937,True,True,True,True,True,1.8849006148840752,0.5555555555555556
1.01,1.11,0.72,0.4,0.2,0.904,0.872,2.5334435214900006e-05,0.24403000000000002,1.1290120987124465e-10,0.0,1.1290120987124465e-10,1.014024,1.007012,True,True,True,0.2147840496666845,0.10750000000000343,0.854939506437767,0.854939506437767,True,True,True,True,True,2.032163062542222,0.5555555555555556
1.01,1.13,0.56,0.4,0.2,0.904,0.872,2.5334435214900006e-05,0.24403000000000002,1.2705898421052631e-10,0.0,1.2705898421052631e-10,1.014024,1.007012,True,True,True,0.2147840496666845,0.10750000000000343,0.14705078947368388,0.14705078947368388,True,True,True,True,True,0.6163856286140557,0.5555555555555556
1.01,1.13,0.58,0.4,0.2,0.904,0.872,2.5334435214900006e-05,0.24403000000000002,1.2526097971698112e-10,0.0,1.2526097971698112e-10,1.014024,1.007012,True,True,True,0.2147840496666845,0.10750000000000343,0.23695101415094344,0.23695101415094344,True,True,True,True,True,0.7961860779685748,0.5555555555555556
1.01,1.13,0.6,0.4,0.2,0.904,0.872,2.5334435214900006e-05,0.24403000000000002,1.2351315209302326e-10,0.0,1.2351315209302326e-10,1.014024,1.007012,True,True,True,0.2147840496666845,0.10750000000000343,0.32434239534883635,0.32434239534883635,True,True,True,True,True,0.9709688403643606,0.5555555555555556
1.01,1.13,0.62,0.4,0.2,0.904,0.872,2.5334435214900006e-05,0.24403000000000002,1.2181342981651378e-10,0.0,1.2181342981651378e-10,1.014024,1.007012,True,True,True,0.2147840496666845,0.10750000000000343,0.40932850917431046,0.40932850917431046,True,True,True,True,True,1.1409410680153087,0.5555555555555556
1.01,1.13,0.64,0.4,0.2,0.904,0.872,2.5334435214900006e-05,0.24403000000000002,1.2015985384615385e-10,0.0,1.2015985384615385e-10,1.014024,1.007012,True,True,True,0.2147840496666845,0.10750000000000343,0.4920073076923071,0.4920073076923071,True,True,True,True,True,1.306298665051302,0.5555555555555556
1.01,1.13,0.66,0.4,0.2,0.904,0.872,2.5334435214900006e-05,0.24403000000000002,1.1855057008928572e-10,0.0,1.1855057008928572e-10,1.014024,1.007012,True,True,True,0.2147840496666845,0.10750000000000343,0.5724714955357135,0.5724714955357135,True,True,True,True,True,1.467227040738115,0.5555555555555556
1.01,1.13,0.68,0.4,0.2,0.904,0.872,2.5334435214900006e-05,0.24403000000000002,1.1698382246696035e-10,0.0,1.1698382246696035e-10,1.014024,1.007012,True,True,True,0.2147840496666845,0.10750000000000343,0.6508088766519821,0.6508088766519821,True,True,True,True,True,1.623901802970652,0.5555555555555556
1.01,1.13,0.7,0.4,0.2,0.904,0.872,2.5334435214900006e-05,0.24403000000000002,1.1545794652173914e-10,0.0,1.1545794652173914e-10,1.014024,1.007012,True,True,True,0.2147840496666845,0.10750000000000343,0.7271026739130425,0.7271026739130425,True,True,True,True,True,1.7764893974927731,0.5555555555555556
1.01,1.13,0.72,0.4,0.2,0.904,0.872,2.5334435214900006e-05,0.24403000000000002,1.1397136351931332e-10,0.0,1.1397136351931332e-10,1.014024,1.007012,True,True,True,0.2147840496666845,0.10750000000000343,0.8014318240343336,0.8014318240343336,True,True,True,True,True,1.9251476977353552,0.5555555555555556
1.01,1.15,0.56,0.4,0.2,0.904,0.872,2.5334435214900006e-05,0.24403000000000002,1.2825202631578948e-10,0.0,1.2825202631578948e-10,1.014024,1.007012,True,True,True,0.2147840496666845,0.10750000000000343,0.08739868421052577,0.08739868421052577,True,True,True,True,True,0.4970814180877394,0.5555555555555556
1.01,1.15,0.58,0.4,0.2,0.904,0.872,2.5334435214900006e-05,0.24403000000000002,1.264371391509434e-10,0.0,1.264371391509434e-10,1.014024,1.007012,True,True,True,0.2147840496666845,0.10750000000000343,0.17814304245283005,0.17814304245283005,True,True,True,True,True,0.678570134572348,0.5555555555555556
1.01,1.15,0.6,0.4,0.2,0.904,0.872,2.5334435214900006e-05,0.24403000000000002,1.246729e-10,0.0,1.246729e-10,1.014024,1.007012,True,True,True,0.2147840496666845,0.10750000000000343,0.2663550000000001,0.2663550000000001,True,True,True,True,True,0.8549940496666881,0.5555555555555556
1.01,1.15,0.62,0.4,0.2,0.904,0.872,2.5334435214900006e-05,0.24403000000000002,1.2295721788990825e-10,0.0,1.2295721788990825e-10,1.014024,1.007012,True,True,True,0.2147840496666845,0.10750000000000343,0.3521391055045871,0.3521391055045871,True,True,True,True,True,1.026562260675862,0.5555555555555556
1.01,1.15,0.64,0.4,0.2,0.904,0.872,2.5334435214900006e-05,0.24403000000000002,1.2128811538461536e-10,0.0,1.2128811538461536e-10,1.014024,1.007012,True,True,True,0.2147840496666845,0.10750000000000343,0.4355942307692313,0.4355942307692313,True,True,True,True,True,1.1934725112051505,0.5555555555555556
1.01,1.15,0.66,0.4,0.2,0.904,0.872,2.5334435214900006e-05,0.24403000000000002,1.1966372098214285e-10,0.0,1.1966372098214285e-10,1.014024,1.007012,True,True,True,0.2147840496666845,0.10750000000000343,0.5168139508928571,0.5168139508928571,True,True,True,True,True,1.355911951452402,0.5555555555555556
1.01,1.15,0.68,0.4,0.2,0.904,0.872,2.5334435214900006e-05,0.24403000000000002,1.1808226211453745e-10,0.0,1.1808226211453745e-10,1.014024,1.007012,True,True,True,0.2147840496666845,0.10750000000000343,0.5958868942731272,0.5958868942731272,True,True,True,True,True,1.5140578382129424,0.5555555555555556
1.01,1.15,0.7,0.4,0.2,0.904,0.872,2.5334435214900006e-05,0.24403000000000002,1.165420586956522e-10,0.0,1.165420586956522e-10,1.014024,1.007012,True,True,True,0.2147840496666845,0.10750000000000343,0.6728970652173893,0.6728970652173893,True,True,True,True,True,1.6680781801014666,0.5555555555555556
1.01,1.15,0.72,0.4,0.2,0.904,0.872,2.5334435214900006e-05,0.24403000000000002,1.1504151716738199e-10,0.0,1.1504151716738199e-10,1.014024,1.007012,True,True,True,0.2147840496666845,0.10750000000000343,0.7479241416309002,0.7479241416309002,True,True,True,True,True,1.8181323329284882,0.5555555555555556
1.02,1.03,0.56,0.4,0.2,0.904,0.872,2.5333168429800004e-05,0.24404,1.2145596842105265e-10,0.0,1.2145596842105265e-10,1.016048,1.010024,True,True,True,0.2105614326666779,0.10999999999999899,0.42720157894736704,0.42720157894736704,True,True,True,True,True,1.174964590561411,0.5555555555555556
1.02,1.03,0.58,0.4,0.2,0.904,0.872,2.5333168429800004e-05,0.24404,1.1973725188679248e-10,0.0,1.1973725188679248e-10,1.016048,1.010024,True,True,True,0.2105614326666779,0.10999999999999899,0.5131374056603754,0.5131374056603754,True,True,True,True,True,1.3468362439874277,0.5555555555555556
1.02,1.03,0.6,0.4,0.2,0.904,0.872,2.5333168429800004e-05,0.24404,1.1806649953488374e-10,0.0,1.1806649953488374e-10,1.016048,1.010024,True,True,True,0.2105614326666779,0.10999999999999899,0.5966750232558125,0.5966750232558125,True,True,True,True,True,1.5139114791783017,0.5555555555555556
1.02,1.03,0.62,0.4,0.2,0.904,0.872,2.5333168429800004e-05,0.24404,1.1644173119266056e-10,0.0,1.1644173119266056e-10,1.016048,1.010024,True,True,True,0.2105614326666779,0.10999999999999899,0.6779134403669715,0.6779134403669715,True,True,True,True,True,1.67638831340062,0.5555555555555556
1.02,1.03,0.64,0.4,0.2,0.904,0.872,2.5333168429800004e-05,0.24404,1.148610742081448e-10,0.0,1.148610742081448e-10,1.016048,1.010024,True,True,True,0.2105614326666779,0.10999999999999899,0.7569462895927592,0.7569462895927592,True,True,True,True,True,1.8344540118521953,0.5555555555555556
1.02,1.03,0.66,0.4,0.2,0.904,0.872,2.5333168429800004e-05,0.24404,1.1332275625e-10,0.0,1.1332275625e-10,1.016048,1.010024,True,True,True,0.2105614326666779,0.10999999999999899,0.8338621874999994,0.8338621874999994,True,True,True,True,True,1.9882858076666756,0.5555555555555556
1.02,1.03,0.68,0.4,0.2,0.904,0.872,2.5333168429800004e-05,0.24404,1.1182509867841411e-10,0.0,1.1182509867841411e-10,1.016048,1.010024,True,True,True,0.2105614326666779,0.10999999999999899,0.9087450660792942,0.9087450660792942,True,True,True,True,True,2.138051564825265,0.5555555555555556
1.02,1.03,0.7,0.4,0.2,0.904,0.872,2.5333168429800004e-05,0.24404,1.1036651043478264e-10,0.0,1.1036651043478264e-10,1.016048,1.010024,True,True,True,0.2105614326666779,0.10999999999999899,0.9816744782608676,0.9816744782608676,True,True,True,True,True,2.2839103891884123,0.5555555555555556
1.02,1.03,0.72,0.4,0.2,0.904,0.872,2.5333168429800004e-05,0.24404,1.089454824034335e-10,0.0,1.089454824034335e-10,1.016048,1.010024,True,True,True,0.2105614326666779,0.10999999999999899,1.0527258798283248,1.0527258798283248,True,True,False,False,False,2.4260131923233264,0.5555555555555556
1.02,1.05,0.56,0.4,0.2,0.904,0.872,2.5333168429800004e-05,0.24404,1.226525789473684e-10,0.0,1.226525789473684e-10,1.016048,1.010024,True,True,True,0.2105614326666779,0.10999999999999899,0.36737105263158,0.36737105263158,True,True,True,True,True,1.055303537929837,0.5555555555555556
1.02,1.05,0.58,0.4,0.2,0.904,0.872,2.5333168429800004e-05,0.24404,1.2091692924528303e-10,0.0,1.2091692924528303e-10,1.016048,1.010024,True,True,True,0.2105614326666779,0.10999999999999899,0.45415353773584827,0.45415353773584827,True,True,True,True,True,1.2288685081383734,0.5555555555555556
1.02,1.05,0.6,0.4,0.2,0.904,0.872,2.5333168429800004e-05,0.24404,1.1922971627906975e-10,0.0,1.1922971627906975e-10,1.016048,1.010024,True,True,True,0.2105614326666779,0.10999999999999899,0.538514186046512,0.538514186046512,True,True,True,True,True,1.397589804759701,0.5555555555555556
1.02,1.05,0.62,0.4,0.2,0.904,0.872,2.5333168429800004e-05,0.24404,1.1758894036697246e-10,0.0,1.1758894036697246e-10,1.016048,1.010024,True,True,True,0.2105614326666779,0.10999999999999899,0.6205529816513765,0.6205529816513765,True,True,True,True,True,1.56166739596943,0.5555555555555556
1.02,1.05,0.64,0.4,0.2,0.904,0.872,2.5333168429800004e-05,0.24404,1.1599271040723981e-10,0.0,1.1599271040723981e-10,1.016048,1.010024,True,True,True,0.2105614326666779,0.10999999999999899,0.7003644796380089,0.7003644796380089,True,True,True,True,True,1.7212903919426945,0.5555555555555556
1.02,1.05,0.66,0.4,0.2,0.904,0.872,2.5333168429800004e-05,0.24404,1.1443923660714283e-10,0.0,1.1443923660714283e-10,1.016048,1.010024,True,True,True,0.2105614326666779,0.10999999999999899,0.7780381696428579,0.7780381696428579,True,True,True,True,True,1.8766377719523928,0.5555555555555556
1.02,1.05,0.68,0.4,0.2,0.904,0.872,2.5333168429800004e-05,0.24404,1.1292682378854625e-10,0.0,1.1292682378854625e-10,1.016048,1.010024,True,True,True,0.2105614326666779,0.10999999999999899,0.8536588105726871,0.8536588105726871,True,True,True,True,True,2.0278790538120512,0.5555555555555556
1.02,1.05,0.7,0.4,0.2,0.904,0.872,2.5333168429800004e-05,0.24404,1.114538652173913e-10,0.0,1.114538652173913e-10,1.016048,1.010024,True,True,True,0.2105614326666779,0.10999999999999899,0.9273067391304346,0.9273067391304346,True,True,True,True,True,2.175174910927546,0.5555555555555556
1.02,1.05,0.72,0.4,0.2,0.904,0.872,2.5333168429800004e-05,0.24404,1.1001883690987125e-10,0.0,1.1001883690987125e-10,1.016048,1.010024,True,True,True,0.2105614326666779,0.10999999999999899,0.9990581545064373,0.9990581545064373,True,True,True,True,True,2.3186777416795517,0.5555555555555556
1.02,1.07,0.56,0.4,0.2,0.904,0.872,2.5333168429800004e-05,0.24404,1.2384918947368424e-10,0.0,1.2384918947368424e-10,1.016048,1.010024,True,True,True,0.2105614326666779,0.10999999999999899,0.30754052631578777,0.30754052631578777,True,True,True,True,True,0.9356424852982524,0.5555555555555556
1.02,1.07,0.58,0.4,0.2,0.904,0.872,2.5333168429800004e-05,0.24404,1.220966066037736e-10,0.0,1.220966066037736e-10,1.016048,1.010024,True,True,True,0.2105614326666779,0.10999999999999899,0.39516966981131985,0.39516966981131985,True,True,True,True,True,1.1109007722893165,0.5555555555555556
1.02,1.07,0.6,0.4,0.2,0.904,0.872,2.5333168429800004e-05,0.24404,1.203929330232558e-10,0.0,1.203929330232558e-10,1.016048,1.010024,True,True,True,0.2105614326666779,0.10999999999999899,0.480353348837209,0.480353348837209,True,True,True,True,True,1.2812681303410949,0.5555555555555556
1.02,1.07,0.62,0.4,0.2,0.904,0.872,2.5333168429800004e-05,0.24404,1.1873614954128442e-10,0.0,1.1873614954128442e-10,1.016048,1.010024,True,True,True,0.2105614326666779,0.10999999999999899,0.5631925229357788,0.5631925229357788,True,True,True,True,True,1.4469464785382344,0.5555555555555556
1.02,1.07,0.64,0.4,0.2,0.904,0.872,2.5333168429800004e-05,0.24404,1.1712434660633486e-10,0.0,1.1712434660633486e-10,1.016048,1.010024,True,True,True,0.2105614326666779,0.10999999999999899,0.6437826696832566,0.6437826696832566,True,True,True,True,True,1.6081267720331902,0.5555555555555556
1.02,1.07,0.66,0.4,0.2,0.904,0.872,2.5333168429800004e-05,0.24404,1.1555571696428573e-10,0.0,1.1555571696428573e-10,1.016048,1.010024,True,True,True,0.2105614326666779,0.10999999999999899,0.7222141517857131,0.7222141517857131,True,True,True,True,True,1.7649897362381033,0.5555555555555556
1.02,1.07,0.68,0.4,0.2,0.904,0.872,2.5333168429800004e-05,0.24404,1.1402854889867843e-10,0.0,1.1402854889867843e-10,1.016048,1.010024,True,True,True,0.2105614326666779,0.10999999999999899,0.7985725550660782,0.7985725550660782,True,True,True,True,True,1.9177065427988333,0.5555555555555556
1.02,1.07,0.7,0.4,0.2,0.904,0.872,2.5333168429800004e-05,0.24404,1.1254122000000003e-10,0.0,1.1254122000000003e-10,1.016048,1.010024,True,True,True,0.2105614326666779,0.10999999999999899,0.8729389999999982,0.8729389999999982,True,True,True,True,True,2.0664394326666735,0.5555555555555556
1.02,1.07,0.72,0.4,0.2,0.904,0.872,2.5333168429800004e-05,0.24404,1.1109219141630905e-10,0.0,1.1109219141630905e-10,1.016048,1.010024,True,True,True,0.2105614326666779,0.10999999999999899,0.9453904291845472,0.9453904291845472,True,True,True,True,True,2.211342291035771,0.5555555555555556
1.02,1.09,0.56,0.4,0.2,0.904,0.872,2.5333168429800004e-05,0.24404,1.2504579999999998e-10,0.0,1.2504579999999998e-10,1.016048,1.010024,True,True,True,0.2105614326666779,0.10999999999999899,0.2477100000000007,0.2477100000000007,True,True,True,True,True,0.8159814326666783,0.5555555555555556
1.02,1.09,0.58,0.4,0.2,0.904,0.872,2.5333168429800004e-05,0.24404,1.2327628396226416e-10,0.0,1.2327628396226416e-10,1.016048,1.010024,True,True,True,0.2105614326666779,0.10999999999999899,0.3361858018867914,0.3361858018867914,True,True,True,True,True,0.9929330364402598,0.5555555555555556
1.02,1.09,0.6,0.4,0.2,0.904,0.872,2.5333168429800004e-05,0.24404,1.2155614976744185e-10,0.0,1.2155614976744185e-10,1.016048,1.010024,True,True,True,0.2105614326666779,0.10999999999999899,0.4221925116279072,0.4221925116279072,True,True,True,True,True,1.1649464559224914,0.5555555555555556
1.02,1.09,0.62,0.4,0.2,0.904,0.872,2.5333168429800004e-05,0.24404,1.1988335871559632e-10,0.0,1.1988335871559632e-10,1.016048,1.010024,True,True,True,0.2105614326666779,0.10999999999999899,0.5058320642201837,0.5058320642201837,True,True,True,True,True,1.3322255611070442,0.5555555555555556
1.02,1.09,0.64,0.4,0.2,0.904,0.872,2.5333168429800004e-05,0.24404,1.1825598280542985e-10,0.0,1.1825598280542985e-10,1.016048,1.010024,True,True,True,0.2105614326666779,0.10999999999999899,0.5872008597285069,0.5872008597285069,True,True,True,True,True,1.4949631521236908,0.5555555555555556
1.02,1.09,0.66,0.4,0.2,0.904,0.872,2.5333168429800004e-05,0.24404,1.1667219732142855e-10,0.0,1.1667219732142855e-10,1.016048,1.010024,True,True,True,0.2105614326666779,0.10999999999999899,0.6663901339285722,0.6663901339285722,True,True,True,True,True,1.6533417005238213,0.5555555555555556
1.02,1.09,0.68,0.4,0.2,0.904,0.872,2.5333168429800004e-05,0.24404,1.1513027400881054e-10,0.0,1.1513027400881054e-10,1.016048,1.010024,True,True,True,0.2105614326666779,0.10999999999999899,0.7434862995594724,0.7434862995594724,True,True,True,True,True,1.8075340317856219,0.5555555555555556
1.02,1.09,0.7,0.4,0.2,0.904,0.872,2.5333168429800004e-05,0.24404,1.1362857478260869e-10,0.0,1.1362857478260869e-10,1.016048,1.010024,True,True,True,0.2105614326666779,0.10999999999999899,0.8185712608695652,0.8185712608695652,True,True,True,True,True,1.9577039544058075,0.5555555555555556
1.02,1.09,0.72,0.4,0.2,0.904,0.872,2.5333168429800004e-05,0.24404,1.1216554592274677e-10,0.0,1.1216554592274677e-10,1.016048,1.010024,True,True,True,0.2105614326666779,0.10999999999999899,0.891722703862661,0.891722703862661,True,True,True,True,True,2.1040068403919987,0.5555555555555556
1.02,1.11,0.56,0.4,0.2,0.904,0.872,2.5333168429800004e-05,0.24404,1.262424105263158e-10,0.0,1.262424105263158e-10,1.016048,1.010024,True,True,True,0.2105614326666779,0.10999999999999899,0.18787947368420976,0.18787947368420976,True,True,True,True,True,0.6963203800350964,0.5555555555555556
1.02,1.11,0.58,0.4,0.2,0.904,0.872,2.5333168429800004e-05,0.24404,1.2445596132075473e-10,0.0,1.2445596132075473e-10,1.016048,1.010024,True,True,True,0.2105614326666779,0.10999999999999899,0.277201933962263,0.277201933962263,True,True,True,True,True,0.8749653005912029,0.5555555555555556
1.02,1.11,0.6,0.4,0.2,0.904,0.872,2.5333168429800004e-05,0.24404,1.2271936651162793e-10,0.0,1.2271936651162793e-10,1.016048,1.010024,True,True,True,0.2105614326666779,0.10999999999999899,0.3640316744186029,0.3640316744186029,True,True,True,True,True,1.0486247815038827,0.5555555555555556
1.02,1.11,0.62,0.4,0.2,0.904,0.872,2.5333168429800004e-05,0.24404,1.2103056788990827e-10,0.0,1.2103056788990827e-10,1.016048,1.010024,True,True,True,0.2105614326666779,0.10999999999999899,0.44847160550458604,0.44847160550458604,True,True,True,True,True,1.217504643675849,0.5555555555555556
1.02,1.11,0.64,0.4,0.2,0.904,0.872,2.5333168429800004e-05,0.24404,1.193876190045249e-10,0.0,1.193876190045249e-10,1.016048,1.010024,True,True,True,0.2105614326666779,0.10999999999999899,0.5306190497737545,0.5306190497737545,True,True,True,True,True,1.381799532214186,0.5555555555555556
1.02,1.11,0.66,0.4,0.2,0.904,0.872,2.5333168429800004e-05,0.24404,1.1778867767857146e-10,0.0,1.1778867767857146e-10,1.016048,1.010024,True,True,True,0.2105614326666779,0.10999999999999899,0.6105661160714267,0.6105661160714267,True,True,True,True,True,1.5416936648095305,0.5555555555555556
1.02,1.11,0.68,0.4,0.2,0.904,0.872,2.5333168429800004e-05,0.24404,1.1623199911894276e-10,0.0,1.1623199911894276e-10,1.016048,1.010024,True,True,True,0.2105614326666779,0.10999999999999899,0.6884000440528615,0.6884000440528615,True,True,True,True,True,1.6973615207723998,0.5555555555555556
1.02,1.11,0.7,0.4,0.2,0.904,0.872,2.5333168429800004e-05,0.24404,1.1471592956521743e-10,0.0,1.1471592956521743e-10,1.016048,1.010024,True,True,True,0.2105614326666779,0.10999999999999899,0.7642035217391283,0.7642035217391283,True,True,True,True,True,1.8489684761449336,0.5555555555555556
1.02,1.11,0.72,0.4,0.2,0.904,0.872,2.5333168429800004e-05,0.24404,1.1323890042918457e-10,0.0,1.1323890042918457e-10,1.016048,1.010024,True,True,True,0.2105614326666779,0.10999999999999899,0.8380549785407709,0.8380549785407709,True,True,True,True,True,1.996671389748219,0.5555555555555556
1.02,1.13,0.56,0.4,0.2,0.904,0.872,2.5333168429800004e-05,0.24404,1.2743902105263154e-10,0.0,1.2743902105263154e-10,1.016048,1.010024,True,True,True,0.2105614326666779,0.10999999999999899,0.1280489473684227,0.1280489473684227,True,True,True,True,True,0.5766593274035223,0.5555555555555556
1.02,1.13,0.58,0.4,0.2,0.904,0.872,2.5333168429800004e-05,0.24404,1.2563563867924527e-10,0.0,1.2563563867924527e-10,1.016048,1.010024,True,True,True,0.2105614326666779,0.10999999999999899,0.21821806603773583,0.21821806603773583,True,True,True,True,True,0.7569975647421486,0.5555555555555556
1.02,1.13,0.6,0.4,0.2,0.904,0.872,2.5333168429800004e-05,0.24404,1.2388258325581394e-10,0.0,1.2388258325581394e-10,1.016048,1.010024,True,True,True,0.2105614326666779,0.10999999999999899,0.30587083720930247,0.30587083720930247,True,True,True,True,True,0.9323031070852819,0.5555555555555556
1.02,1.13,0.62,0.4,0.2,0.904,0.872,2.5333168429800004e-05,0.24404,1.2217777706422017e-10,0.0,1.2217777706422017e-10,1.016048,1.010024,True,True,True,0.2105614326666779,0.10999999999999899,0.391111146788991,0.391111146788991,True,True,True,True,True,1.102783726244659,0.5555555555555556
1.02,1.13,0.64,0.4,0.2,0.904,0.872,2.5333168429800004e-05,0.24404,1.205192552036199e-10,0.0,1.205192552036199e-10,1.016048,1.010024,True,True,True,0.2105614326666779,0.10999999999999899,0.4740372398190048,0.4740372398190048,True,True,True,True,True,1.2686359123046866,0.5555555555555556
1.02,1.13,0.66,0.4,0.2,0.904,0.872,2.5333168429800004e-05,0.24404,1.1890515803571426e-10,0.0,1.1890515803571426e-10,1.016048,1.010024,True,True,True,0.2105614326666779,0.10999999999999899,0.5547420982142864,0.5547420982142864,True,True,True,True,True,1.43004562909525,0.5555555555555556
1.02,1.13,0.68,0.4,0.2,0.904,0.872,2.5333168429800004e-05,0.24404,1.1733372422907488e-10,0.0,1.1733372422907488e-10,1.016048,1.010024,True,True,True,0.2105614326666779,0.10999999999999899,0.6333137885462558,0.6333137885462558,True,True,True,True,True,1.5871890097591885,0.5555555555555556
1.02,1.13,0.7,0.4,0.2,0.904,0.872,2.5333168429800004e-05,0.24404,1.1580328434782609e-10,0.0,1.1580328434782609e-10,1.016048,1.010024,True,True,True,0.2105614326666779,0.10999999999999899,0.7098357826086953,0.7098357826086953,True,True,True,True,True,1.7402329978840676,0.5555555555555556
1.02,1.13,0.72,0.4,0.2,0.904,0.872,2.5333168429800004e-05,0.24404,1.1431225493562232e-10,0.0,1.1431225493562232e-10,1.016048,1.010024,True,True,True,0.2105614326666779,0.10999999999999899,0.7843872532188834,0.7843872532188834,True,True,True,True,True,1.8893359391044435,0.5555555555555556
1.02,1.15,0.56,0.4,0.2,0.904,0.872,2.5333168429800004e-05,0.24404,1.2863563157894735e-10,0.0,1.2863563157894735e-10,1.016048,1.010024,True,True,True,0.2105614326666779,0.10999999999999899,0.06821842105263179,0.06821842105263179,True,True,True,True,True,0.45699827477194044,0.5555555555555556
1.02,1.15,0.58,0.4,0.2,0.904,0.872,2.5333168429800004e-05,0.24404,1.2681531603773584e-10,0.0,1.2681531603773584e-10,1.016048,1.010024,True,True,True,0.2105614326666779,0.10999999999999899,0.1592341981132074,0.1592341981132074,True,True,True,True,True,0.6390298288930917,0.5555555555555556
1.02,1.15,0.6,0.4,0.2,0.904,0.872,2.5333168429800004e-05,0.24404,1.250458e-10,0.0,1.250458e-10,1.016048,1.010024,True,True,True,0.2105614326666779,0.10999999999999899,0.2477099999999994,0.2477099999999994,True,True,True,True,True,0.8159814326666758,0.5555555555555556
1.02,1.15,0.62,0.4,0.2,0.904,0.872,2.5333168429800004e-05,0.24404,1.233249862385321e-10,0.0,1.233249862385321e-10,1.016048,1.010024,True,True,True,0.2105614326666779,0.10999999999999899,0.3337506880733946,0.3337506880733946,True,True,True,True,True,0.9880628088134661,0.5555555555555556
1.02,1.15,0.64,0.4,0.2,0.904,0.872,2.5333168429800004e-05,0.24404,1.2165089140271492e-10,0.0,1.2165089140271492e-10,1.016048,1.010024,True,True,True,0.2105614326666779,0.10999999999999899,0.41745542986425377,0.41745542986425377,True,True,True,True,True,1.1554722923951846,0.5555555555555556
1.02,1.15,0.66,0.4,0.2,0.904,0.872,2.5333168429800004e-05,0.24404,1.2002163839285712e-10,0.0,1.2002163839285712e-10,1.016048,1.010024,True,True,True,0.2105614326666779,0.10999999999999899,0.4989180803571436,0.4989180803571436,True,True,True,True,True,1.318397593380964,0.5555555555555556
1.02,1.15,0.68,0.4,0.2,0.904,0.872,2.5333168429800004e-05,0.24404,1.1843544933920703e-10,0.0,1.1843544933920703e-10,1.016048,1.010024,True,True,True,0.2105614326666779,0.10999999999999899,0.578227533039648,0.578227533039648,True,True,True,True,True,1.4770164987459729,0.5555555555555556
1.02,1.15,0.7,0.4,0.2,0.904,0.872,2.5333168429800004e-05,0.24404,1.1689063913043479e-10,0.0,1.1689063913043479e-10,1.016048,1.010024,True,True,True,0.2105614326666779,0.10999999999999899,0.6554680434782603,0.6554680434782603,True,True,True,True,True,1.6314975196231973,0.5555555555555556
1.02,1.15,0.72,0.4,0.2,0.904,0.872,2.5333168429800004e-05,0.24404,1.153856094420601e-10,0.0,1.153856094420601e-10,1.016048,1.010024,True,True,True,0.2105614326666779,0.10999999999999899,0.7307195278969947,0.7307195278969947,True,True,True,True,True,1.7820004884606662,0.5555555555555556
1.03,1.03,0.56,0.4,0.2,0.904,0.872,2.5331901644700005e-05,0.24405000000000002,1.2181816315789472e-10,0.0,1.2181816315789472e-10,1.018072,1.0130359999999998,True,True,True,0.2063388156666826,0.11250000000000149,0.40909184210526345,0.40909184210526345,True,True,True,True,True,1.137022499877211,0.5555555555555556
1.03,1.03,0.58,0.4,0.2,0.904,0.872,2.5331901644700005e-05,0.24405000000000002,1.200943212264151e-10,0.0,1.200943212264151e-10,1.018072,1.0130359999999998,True,True,True,0.2063388156666826,0.11250000000000149,0.49528393867924436,0.49528393867924436,True,True,True,True,True,1.3094066930251729,0.5555555555555556
1.03,1.03,0.6,0.4,0.2,0.904,0.872,2.5331901644700005e-05,0.24405000000000002,1.1841858651162792e-10,0.0,1.1841858651162792e-10,1.018072,1.0130359999999998,True,True,True,0.2063388156666826,0.11250000000000149,0.5790706744186035,0.5790706744186035,True,True,True,True,True,1.4769801645038911,0.5555555555555556
1.03,1.03,0.62,0.4,0.2,0.904,0.872,2.5331901644700005e-05,0.24405000000000002,1.1678897293577983e-10,0.0,1.1678897293577983e-10,1.018072,1.0130359999999998,True,True,True,0.2063388156666826,0.11250000000000149,0.6605513532110081,0.6605513532110081,True,True,True,True,True,1.6399415220887004,0.5555555555555556
1.03,1.03,0.64,0.4,0.2,0.904,0.872,2.5331901644700005e-05,0.24405000000000002,1.1520360226244344e-10,0.0,1.1520360226244344e-10,1.018072,1.0130359999999998,True,True,True,0.2063388156666826,0.11250000000000149,0.7398198868778274,0.7398198868778274,True,True,True,True,True,1.798478589422339,0.5555555555555556
1.03,1.03,0.66,0.4,0.2,0.904,0.872,2.5331901644700005e-05,0.24405000000000002,1.13660696875e-10,0.0,1.13660696875e-10,1.018072,1.0130359999999998,True,True,True,0.2063388156666826,0.11250000000000149,0.8169651562499995,0.8169651562499995,True,True,True,True,True,1.9527691281666832,0.5555555555555556
1.03,1.03,0.68,0.4,0.2,0.904,0.872,2.5331901644700005e-05,0.24405000000000002,1.121585731277533e-10,0.0,1.121585731277533e-10,1.018072,1.0130359999999998,True,True,True,0.2063388156666826,0.11250000000000149,0.8920713436123344,0.8920713436123344,True,True,True,True,True,2.102981502891353,0.5555555555555556
1.03,1.03,0.7,0.4,0.2,0.904,0.872,2.5331901644700005e-05,0.24405000000000002,1.1069563521739131e-10,0.0,1.1069563521739131e-10,1.018072,1.0130359999999998,True,True,True,0.2063388156666826,0.11250000000000149,0.9652182391304341,0.9652182391304341,True,True,True,True,True,2.2492752939275524,0.5555555555555556
1.03,1.03,0.72,0.4,0.2,0.904,0.872,2.5331901644700005e-05,0.24405000000000002,1.0927036952789701e-10,0.0,1.0927036952789701e-10,1.018072,1.0130359999999998,True,True,True,0.2063388156666826,0.11250000000000149,1.036481523605149,1.036481523605149,True,True,False,False,False,2.3918018628769824,0.5555555555555556
1.03,1.05,0.56,0.4,0.2,0.904,0.872,2.5331901644700005e-05,0.24405000000000002,1.2301834210526314e-10,0.0,1.2301834210526314e-10,1.018072,1.0130359999999998,True,True,True,0.2063388156666826,0.11250000000000149,0.3490828947368423,0.3490828947368423,True,True,True,True,True,1.0170046051403687,0.5555555555555556
1.03,1.05,0.58,0.4,0.2,0.904,0.872,2.5331901644700005e-05,0.24405000000000002,1.2127751650943395e-10,0.0,1.2127751650943395e-10,1.018072,1.0130359999999998,True,True,True,0.2063388156666826,0.11250000000000149,0.43612417452830216,0.43612417452830216,True,True,True,True,True,1.1910871647232883,0.5555555555555556
1.03,1.05,0.6,0.4,0.2,0.904,0.872,2.5331901644700005e-05,0.24405000000000002,1.1958527209302324e-10,0.0,1.1958527209302324e-10,1.018072,1.0130359999999998,True,True,True,0.2063388156666826,0.11250000000000149,0.5207363953488375,0.5207363953488375,True,True,True,True,True,1.3603116063643592,0.5555555555555556
1.03,1.05,0.62,0.4,0.2,0.904,0.872,2.5331901644700005e-05,0.24405000000000002,1.1793960321100917e-10,0.0,1.1793960321100917e-10,1.018072,1.0130359999999998,True,True,True,0.2063388156666826,0.11250000000000149,0.6030198394495413,0.6030198394495413,True,True,True,True,True,1.5248784945657667,0.5555555555555556
1.03,1.05,0.64,0.4,0.2,0.904,0.872,2.5331901644700005e-05,0.24405000000000002,1.1633861312217193e-10,0.0,1.1633861312217193e-10,1.018072,1.0130359999999998,True,True,True,0.2063388156666826,0.11250000000000149,0.6830693438914031,0.6830693438914031,True,True,True,True,True,1.6849775034494903,0.5555555555555556
1.03,1.05,0.66,0.4,0.2,0.904,0.872,2.5331901644700005e-05,0.24405000000000002,1.1478050669642855e-10,0.0,1.1478050669642855e-10,1.018072,1.0130359999999998,True,True,True,0.2063388156666826,0.11250000000000149,0.7609746651785723,0.7609746651785723,True,True,True,True,True,1.8407881460238287,0.5555555555555556
1.03,1.05,0.68,0.4,0.2,0.904,0.872,2.5331901644700005e-05,0.24405000000000002,1.132635837004405e-10,0.0,1.132635837004405e-10,1.018072,1.0130359999999998,True,True,True,0.2063388156666826,0.11250000000000149,0.8368208149779744,0.8368208149779744,True,True,True,True,True,1.992480445622633,0.5555555555555556
1.03,1.05,0.7,0.4,0.2,0.904,0.872,2.5331901644700005e-05,0.24405000000000002,1.1178623260869564e-10,0.0,1.1178623260869564e-10,1.018072,1.0130359999999998,True,True,True,0.2063388156666826,0.11250000000000149,0.9106883695652174,0.9106883695652174,True,True,True,True,True,2.140215554797119,0.5555555555555556
1.03,1.05,0.72,0.4,0.2,0.904,0.872,2.5331901644700005e-05,0.24405000000000002,1.1034692489270384e-10,0.0,1.1034692489270384e-10,1.018072,1.0130359999999998,True,True,True,0.2063388156666826,0.11250000000000149,0.9826537553648074,0.9826537553648074,True,True,True,True,True,2.284146326396299,0.5555555555555556
1.03,1.07,0.56,0.4,0.2,0.904,0.872,2.5331901644700005e-05,0.24405000000000002,1.2421852105263157e-10,0.0,1.2421852105263157e-10,1.018072,1.0130359999999998,True,True,True,0.2063388156666826,0.11250000000000149,0.2890739473684211,0.2890739473684211,True,True,True,True,True,0.8969867104035263,0.5555555555555556
1.03,1.07,0.58,0.4,0.2,0.904,0.872,2.5331901644700005e-05,0.24405000000000002,1.2246071179245284e-10,0.0,1.2246071179245284e-10,1.018072,1.0130359999999998,True,True,True,0.2063388156666826,0.11250000000000149,0.3769644103773574,0.3769644103773574,True,True,True,True,True,1.072767636421399,0.5555555555555556
1.03,1.07,0.6,0.4,0.2,0.904,0.872,2.5331901644700005e-05,0.24405000000000002,1.207519576744186e-10,0.0,1.207519576744186e-10,1.018072,1.0130359999999998,True,True,True,0.2063388156666826,0.11250000000000149,0.46240211627906896,0.46240211627906896,True,True,True,True,True,1.243643048224822,0.5555555555555556
1.03,1.07,0.62,0.4,0.2,0.904,0.872,2.5331901644700005e-05,0.24405000000000002,1.1909023348623853e-10,0.0,1.1909023348623853e-10,1.018072,1.0130359999999998,True,True,True,0.2063388156666826,0.11250000000000149,0.5454883256880732,0.5454883256880732,True,True,True,True,True,1.4098154670428305,0.5555555555555556
1.03,1.07,0.64,0.4,0.2,0.904,0.872,2.5331901644700005e-05,0.24405000000000002,1.1747362398190044e-10,0.0,1.1747362398190044e-10,1.018072,1.0130359999999998,True,True,True,0.2063388156666826,0.11250000000000149,0.6263188009049775,0.6263188009049775,True,True,True,True,True,1.5714764174766391,0.5555555555555556
1.03,1.07,0.66,0.4,0.2,0.904,0.872,2.5331901644700005e-05,0.24405000000000002,1.1590031651785713e-10,0.0,1.1590031651785713e-10,1.018072,1.0130359999999998,True,True,True,0.2063388156666826,0.11250000000000149,0.7049841741071431,0.7049841741071431,True,True,True,True,True,1.7288071638809703,0.5555555555555556
1.03,1.07,0.68,0.4,0.2,0.904,0.872,2.5331901644700005e-05,0.24405000000000002,1.1436859427312775e-10,0.0,1.1436859427312775e-10,1.018072,1.0130359999999998,True,True,True,0.2063388156666826,0.11250000000000149,0.7815702863436119,0.7815702863436119,True,True,True,True,True,1.881979388353908,0.5555555555555556
1.03,1.07,0.7,0.4,0.2,0.904,0.872,2.5331901644700005e-05,0.24405000000000002,1.1287683000000001e-10,0.0,1.1287683000000001e-10,1.018072,1.0130359999999998,True,True,True,0.2063388156666826,0.11250000000000149,0.8561584999999992,0.8561584999999992,True,True,True,True,True,2.0311558156666827,0.5555555555555556
1.03,1.07,0.72,0.4,0.2,0.904,0.872,2.5331901644700005e-05,0.24405000000000002,1.1142348025751073e-10,0.0,1.1142348025751073e-10,1.018072,1.0130359999999998,True,True,True,0.2063388156666826,0.11250000000000149,0.9288259871244632,0.9288259871244632,True,True,True,True,True,2.1764907899156105,0.5555555555555556
1.03,1.09,0.56,0.4,0.2,0.904,0.872,2.5331901644700005e-05,0.24405000000000002,1.2541869999999997e-10,0.0,1.2541869999999997e-10,1.018072,1.0130359999999998,True,True,True,0.2063388156666826,0.11250000000000149,0.22906500000000127,0.22906500000000127,True,True,True,True,True,0.7769688156666866,0.5555555555555556
1.03,1.09,0.58,0.4,0.2,0.904,0.872,2.5331901644700005e-05,0.24405000000000002,1.2364390707547169e-10,0.0,1.2364390707547169e-10,1.018072,1.0130359999999998,True,True,True,0.2063388156666826,0.11250000000000149,0.3178046462264152,0.3178046462264152,True,True,True,True,True,0.9544481081195144,0.5555555555555556
1.03,1.09,0.6,0.4,0.2,0.904,0.872,2.5331901644700005e-05,0.24405000000000002,1.2191864325581393e-10,0.0,1.2191864325581393e-10,1.018072,1.0130359999999998,True,True,True,0.2063388156666826,0.11250000000000149,0.404067837209303,0.404067837209303,True,True,True,True,True,1.12697449008529,0.5555555555555556
1.03,1.09,0.62,0.4,0.2,0.904,0.872,2.5331901644700005e-05,0.24405000000000002,1.2024086376146786e-10,0.0,1.2024086376146786e-10,1.018072,1.0130359999999998,True,True,True,0.2063388156666826,0.11250000000000149,0.4879568119266064,0.4879568119266064,True,True,True,True,True,1.2947524395198968,0.5555555555555556
1.03,1.09,0.64,0.4,0.2,0.904,0.872,2.5331901644700005e-05,0.24405000000000002,1.1860863484162894e-10,0.0,1.1860863484162894e-10,1.018072,1.0130359999999998,True,True,True,0.2063388156666826,0.11250000000000149,0.5695682579185525,0.5695682579185525,True,True,True,True,True,1.457975331503789,0.5555555555555556
1.03,1.09,0.66,0.4,0.2,0.904,0.872,2.5331901644700005e-05,0.24405000000000002,1.170201263392857e-10,0.0,1.170201263392857e-10,1.018072,1.0130359999999998,True,True,True,0.2063388156666826,0.11250000000000149,0.6489936830357151,0.6489936830357151,True,True,True,True,True,1.6168261817381144,0.5555555555555556
1.03,1.09,0.68,0.4,0.2,0.904,0.872,2.5331901644700005e-05,0.24405000000000002,1.1547360484581494e-10,0.0,1.1547360484581494e-10,1.018072,1.0130359999999998,True,True,True,0.2063388156666826,0.11250000000000149,0.7263197577092526,0.7263197577092526,True,True,True,True,True,1.7714783310851894,0.5555555555555556
1.03,1.09,0.7,0.4,0.2,0.904,0.872,2.5331901644700005e-05,0.24405000000000002,1.1396742739130434e-10,0.0,1.1396742739130434e-10,1.018072,1.0130359999999998,True,True,True,0.2063388156666826,0.11250000000000149,0.8016286304347824,0.8016286304347824,True,True,True,True,True,1.922096076536249,0.5555555555555556
1.03,1.09,0.72,0.4,0.2,0.904,0.872,2.5331901644700005e-05,0.24405000000000002,1.1250003562231757e-10,0.0,1.1250003562231757e-10,1.018072,1.0130359999999998,True,True,True,0.2063388156666826,0.11250000000000149,0.874998218884121,0.874998218884121,True,True,True,True,True,2.0688352534349264,0.5555555555555556
1.03,1.11,0.56,0.4,0.2,0.904,0.872,2.5331901644700005e-05,0.24405000000000002,1.2661887894736841e-10,0.0,1.2661887894736841e-10,1.018072,1.0130359999999998,True,True,True,0.2063388156666826,0.11250000000000149,0.16905605263157883,0.16905605263157883,True,True,True,True,True,0.6569509209298418,0.5555555555555556
1.03,1.11,0.58,0.4,0.2,0.904,0.872,2.5331901644700005e-05,0.24405000000000002,1.2482710235849058e-10,0.0,1.2482710235849058e-10,1.018072,1.0130359999999998,True,True,True,0.2063388156666826,0.11250000000000149,0.25864488207547043,0.25864488207547043,True,True,True,True,True,0.8361285798176249,0.5555555555555556
1.03,1.11,0.6,0.4,0.2,0.904,0.872,2.5331901644700005e-05,0.24405000000000002,1.230853288372093e-10,0.0,1.230853288372093e-10,1.018072,1.0130359999999998,True,True,True,0.2063388156666826,0.11250000000000149,0.3457335581395345,0.3457335581395345,True,True,True,True,True,1.010305931945753,0.5555555555555556
1.03,1.11,0.62,0.4,0.2,0.904,0.872,2.5331901644700005e-05,0.24405000000000002,1.2139149403669725e-10,0.0,1.2139149403669725e-10,1.018072,1.0130359999999998,True,True,True,0.2063388156666826,0.11250000000000149,0.430425298165137,0.430425298165137,True,True,True,True,True,1.179689411996958,0.5555555555555556
1.03,1.11,0.64,0.4,0.2,0.904,0.872,2.5331901644700005e-05,0.24405000000000002,1.1974364570135747e-10,0.0,1.1974364570135747e-10,1.018072,1.0130359999999998,True,True,True,0.2063388156666826,0.11250000000000149,0.5128177149321262,0.5128177149321262,True,True,True,True,True,1.3444742455309366,0.5555555555555556
1.03,1.11,0.66,0.4,0.2,0.904,0.872,2.5331901644700005e-05,0.24405000000000002,1.181399361607143e-10,0.0,1.181399361607143e-10,1.018072,1.0130359999999998,True,True,True,0.2063388156666826,0.11250000000000149,0.5930031919642846,0.5930031919642846,True,True,True,True,True,1.5048451995952534,0.5555555555555556
1.03,1.11,0.68,0.4,0.2,0.904,0.872,2.5331901644700005e-05,0.24405000000000002,1.165786154185022e-10,0.0,1.165786154185022e-10,1.018072,1.0130359999999998,True,True,True,0.2063388156666826,0.11250000000000149,0.6710692290748901,0.6710692290748901,True,True,True,True,True,1.6609772738164643,0.5555555555555556
1.03,1.11,0.7,0.4,0.2,0.904,0.872,2.5331901644700005e-05,0.24405000000000002,1.1505802478260872e-10,0.0,1.1505802478260872e-10,1.018072,1.0130359999999998,True,True,True,0.2063388156666826,0.11250000000000149,0.7470987608695636,0.7470987608695636,True,True,True,True,True,1.8130363374058114,0.5555555555555556
1.03,1.11,0.72,0.4,0.2,0.904,0.872,2.5331901644700005e-05,0.24405000000000002,1.1357659098712448e-10,0.0,1.1357659098712448e-10,1.018072,1.0130359999999998,True,True,True,0.2063388156666826,0.11250000000000149,0.8211704506437755,0.8211704506437755,True,True,True,True,True,1.961179716954235,0.5555555555555556
1.03,1.13,0.56,0.4,0.2,0.904,0.872,2.5331901644700005e-05,0.24405000000000002,1.278190578947368e-10,0.0,1.278190578947368e-10,1.018072,1.0130359999999998,True,True,True,0.2063388156666826,0.11250000000000149,0.10904710526315897,0.10904710526315897,True,True,True,True,True,0.5369330261930021,0.5555555555555556
1.03,1.13,0.58,0.4,0.2,0.904,0.872,2.5331901644700005e-05,0.24405000000000002,1.2601029764150943e-10,0.0,1.2601029764150943e-10,1.018072,1.0130359999999998,True,True,True,0.2063388156666826,0.11250000000000149,0.19948511792452825,0.19948511792452825,True,True,True,True,True,0.7178090515157406,0.5555555555555556
1.03,1.13,0.6,0.4,0.2,0.904,0.872,2.5331901644700005e-05,0.24405000000000002,1.2425201441860462e-10,0.0,1.2425201441860462e-10,1.018072,1.0130359999999998,True,True,True,0.2063388156666826,0.11250000000000149,0.28739927906976853,0.28739927906976853,True,True,True,True,True,0.8936373738062211,0.5555555555555556
1.03,1.13,0.62,0.4,0.2,0.904,0.872,2.5331901644700005e-05,0.24405000000000002,1.2254212431192659e-10,0.0,1.2254212431192659e-10,1.018072,1.0130359999999998,True,True,True,0.2063388156666826,0.11250000000000149,0.3728937844036702,0.3728937844036702,True,True,True,True,True,1.0646263844740245,0.5555555555555556
1.03,1.13,0.64,0.4,0.2,0.904,0.872,2.5331901644700005e-05,0.24405000000000002,1.2087865656108594e-10,0.0,1.2087865656108594e-10,1.018072,1.0130359999999998,True,True,True,0.2063388156666826,0.11250000000000149,0.4560671719457025,0.4560671719457025,True,True,True,True,True,1.230973159558089,0.5555555555555556
1.03,1.13,0.66,0.4,0.2,0.904,0.872,2.5331901644700005e-05,0.24405000000000002,1.1925974598214283e-10,0.0,1.1925974598214283e-10,1.018072,1.0130359999999998,True,True,True,0.2063388156666826,0.11250000000000149,0.537012700892858,0.537012700892858,True,True,True,True,True,1.3928642174524002,0.5555555555555556
1.03,1.13,0.68,0.4,0.2,0.904,0.872,2.5331901644700005e-05,0.24405000000000002,1.176836259911894e-10,0.0,1.176836259911894e-10,1.018072,1.0130359999999998,True,True,True,0.2063388156666826,0.11250000000000149,0.6158187004405294,0.6158187004405294,True,True,True,True,True,1.550476216547743,0.5555555555555556
1.03,1.13,0.7,0.4,0.2,0.904,0.872,2.5331901644700005e-05,0.24405000000000002,1.1614862217391303e-10,0.0,1.1614862217391303e-10,1.018072,1.0130359999999998,True,True,True,0.2063388156666826,0.11250000000000149,0.6925688913043481,0.6925688913043481,True,True,True,True,True,1.7039765982753803,0.5555555555555556
1.03,1.13,0.72,0.4,0.2,0.904,0.872,2.5331901644700005e-05,0.24405000000000002,1.1465314635193131e-10,0.0,1.1465314635193131e-10,1.018072,1.0130359999999998,True,True,True,0.2063388156666826,0.11250000000000149,0.767342682403434,0.767342682403434,True,True,True,True,True,1.853524180473552,0.5555555555555556
1.03,1.15,0.56,0.4,0.2,0.904,0.872,2.5331901644700005e-05,0.24405000000000002,1.2901923684210523e-10,0.0,1.2901923684210523e-10,1.018072,1.0130359999999998,True,True,True,0.2063388156666826,0.11250000000000149,0.04903815789473781,0.04903815789473781,True,True,True,True,True,0.4169151314561597,0.5555555555555556
1.03,1.15,0.58,0.4,0.2,0.904,0.872,2.5331901644700005e-05,0.24405000000000002,1.271934929245283e-10,0.0,1.271934929245283e-10,1.018072,1.0130359999999998,True,True,True,0.2063388156666826,0.11250000000000149,0.14032535377358477,0.14032535377358477,True,True,True,True,True,0.5994895232138536,0.5555555555555556
1.03,1.15,0.6,0.4,0.2,0.904,0.872,2.5331901644700005e-05,0.24405000000000002,1.254187e-10,0.0,1.254187e-10,1.018072,1.0130359999999998,True,True,True,0.2063388156666826,0.11250000000000149,0.229065,0.229065,True,True,True,True,True,0.7769688156666841,0.5555555555555556
1.03,1.15,0.62,0.4,0.2,0.904,0.872,2.5331901644700005e-05,0.24405000000000002,1.2369275458715595e-10,0.0,1.2369275458715595e-10,1.018072,1.0130359999999998,True,True,True,0.2063388156666826,0.11250000000000149,0.3153622706422021,0.3153622706422021,True,True,True,True,True,0.9495633569510884,0.5555555555555556
1.03,1.15,0.64,0.4,0.2,0.904,0.872,2.5331901644700005e-05,0.24405000000000002,1.2201366742081447e-10,0.0,1.2201366742081447e-10,1.018072,1.0130359999999998,True,True,True,0.2063388156666826,0.11250000000000149,0.3993166289592762,0.3993166289592762,True,True,True,True,True,1.1174720735852366,0.5555555555555556
1.03,1.15,0.66,0.4,0.2,0.904,0.872,2.5331901644700005e-05,0.24405000000000002,1.2037955580357141e-10,0.0,1.2037955580357141e-10,1.018072,1.0130359999999998,True,True,True,0.2063388156666826,0.11250000000000149,0.48102220982142885,0.48102220982142885,True,True,True,True,True,1.2808832353095418,0.5555555555555556
1.03,1.15,0.68,0.4,0.2,0.904,0.872,2.5331901644700005e-05,0.24405000000000002,1.1878863656387661e-10,0.0,1.1878863656387661e-10,1.018072,1.0130359999999998,True,True,True,0.2063388156666826,0.11250000000000149,0.5605681718061688,0.5605681718061688,True,True,True,True,True,1.4399751592790218,0.5555555555555556
1.03,1.15,0.7,0.4,0.2,0.904,0.872,2.5331901644700005e-05,0.24405000000000002,1.172392195652174e-10,0.0,1.172392195652174e-10,1.018072,1.0130359999999998,True,True,True,0.2063388156666826,0.11250000000000149,0.6380390217391299,0.6380390217391299,True,True,True,True,True,1.5949168591449439,0.5555555555555556
1.03,1.15,0.72,0.4,0.2,0.904,0.872,2.5331901644700005e-05,0.24405000000000002,1.1572970171673821e-10,0.0,1.1572970171673821e-10,1.018072,1.0130359999999998,True,True,True,0.2063388156666826,0.11250000000000149,0.7135149141630891,0.7135149141630891,True,True,True,True,True,1.7458686439928623,0.5555555555555556
1.04,1.03,0.56,0.4,0.2,0.904,0.872,2.5330634859600007e-05,0.24406000000000003,1.2218035789473687e-10,0.0,1.2218035789473687e-10,1.0200960000000001,1.016048,True,True,True,0.20211619866668734,0.11500000000000399,0.390982105263156,0.390982105263156,True,True,True,True,True,1.0990804091930033,0.5555555555555556
1.04,1.03,0.58,0.4,0.2,0.904,0.872,2.5330634859600007e-05,0.24406000000000003,1.2045139056603775e-10,0.0,1.2045139056603775e-10,1.0200960000000001,1.016048,True,True,True,0.20211619866668734,0.11500000000000399,0.47743047169811204,0.47743047169811204,True,True,True,True,True,1.2719771420629153,0.5555555555555556
1.04,1.03,0.6,0.4,0.2,0.904,0.872,2.5330634859600007e-05,0.24406000000000003,1.1877067348837213e-10,0.0,1.1877067348837213e-10,1.0200960000000001,1.016048,True,True,True,0.20211619866668734,0.11500000000000399,0.5614663255813932,0.5614663255813932,True,True,True,True,True,1.4400488498294777,0.5555555555555556
1.04,1.03,0.62,0.4,0.2,0.904,0.872,2.5330634859600007e-05,0.24406000000000003,1.1713621467889912e-10,0.0,1.1713621467889912e-10,1.0200960000000001,1.016048,True,True,True,0.20211619866668734,0.11500000000000399,0.6431892660550433,0.6431892660550433,True,True,True,True,True,1.603494730776778,0.5555555555555556
1.04,1.03,0.64,0.4,0.2,0.904,0.872,2.5330634859600007e-05,0.24406000000000003,1.1554613031674209e-10,0.0,1.1554613031674209e-10,1.0200960000000001,1.016048,True,True,True,0.20211619866668734,0.11500000000000399,0.7226934841628949,0.7226934841628949,True,True,True,True,True,1.762503166992481,0.5555555555555556
1.04,1.03,0.66,0.4,0.2,0.904,0.872,2.5330634859600007e-05,0.24406000000000003,1.1399863750000001e-10,0.0,1.1399863750000001e-10,1.0200960000000001,1.016048,True,True,True,0.20211619866668734,0.11500000000000399,0.800068124999999,0.800068124999999,True,True,True,True,True,1.9172524486666893,0.5555555555555556
1.04,1.03,0.68,0.4,0.2,0.904,0.872,2.5330634859600007e-05,0.24406000000000003,1.1249204757709254e-10,0.0,1.1249204757709254e-10,1.0200960000000001,1.016048,True,True,True,0.20211619866668734,0.11500000000000399,0.8753976211453728,0.8753976211453728,True,True,True,True,True,2.067911440957437,0.5555555555555556
1.04,1.03,0.7,0.4,0.2,0.904,0.872,2.5330634859600007e-05,0.24406000000000003,1.1102476000000003e-10,0.0,1.1102476000000003e-10,1.0200960000000001,1.016048,True,True,True,0.20211619866668734,0.11500000000000399,0.9487619999999981,0.9487619999999981,True,True,True,True,True,2.2146401986666877,0.5555555555555556
1.04,1.03,0.72,0.4,0.2,0.904,0.872,2.5330634859600007e-05,0.24406000000000003,1.0959525665236054e-10,0.0,1.0959525665236054e-10,1.0200960000000001,1.016048,True,True,True,0.20211619866668734,0.11500000000000399,1.0202371673819726,1.0202371673819726,True,True,False,False,False,2.3575905334306366,0.5555555555555556
1.04,1.05,0.56,0.4,0.2,0.904,0.872,2.5330634859600007e-05,0.24406000000000003,1.2338410526315787e-10,0.0,1.2338410526315787e-10,1.0200960000000001,1.016048,True,True,True,0.20211619866668734,0.11500000000000399,0.3307947368421059,0.3307947368421059,True,True,True,True,True,0.9787056723509032,0.5555555555555556
1.04,1.05,0.58,0.4,0.2,0.904,0.872,2.5330634859600007e-05,0.24406000000000003,1.216381037735849e-10,0.0,1.216381037735849e-10,1.0200960000000001,1.016048,True,True,True,0.20211619866668734,0.11500000000000399,0.41809481132075477,0.41809481132075477,True,True,True,True,True,1.1533058213082008,0.5555555555555556
1.04,1.05,0.6,0.4,0.2,0.904,0.872,2.5330634859600007e-05,0.24406000000000003,1.1994082790697673e-10,0.0,1.1994082790697673e-10,1.0200960000000001,1.016048,True,True,True,0.20211619866668734,0.11500000000000399,0.502958604651163,0.502958604651163,True,True,True,True,True,1.3230334079690174,0.5555555555555556
1.04,1.05,0.62,0.4,0.2,0.904,0.872,2.5330634859600007e-05,0.24406000000000003,1.1829026605504587e-10,0.0,1.1829026605504587e-10,1.0200960000000001,1.016048,True,True,True,0.20211619866668734,0.11500000000000399,0.5854866972477061,0.5854866972477061,True,True,True,True,True,1.4880895931621034,0.5555555555555556
1.04,1.05,0.64,0.4,0.2,0.904,0.872,2.5330634859600007e-05,0.24406000000000003,1.1668451583710405e-10,0.0,1.1668451583710405e-10,1.0200960000000001,1.016048,True,True,True,0.20211619866668734,0.11500000000000399,0.6657742081447973,0.6657742081447973,True,True,True,True,True,1.6486646149562858,0.5555555555555556
1.04,1.05,0.66,0.4,0.2,0.904,0.872,2.5330634859600007e-05,0.24406000000000003,1.1512177678571426e-10,0.0,1.1512177678571426e-10,1.0200960000000001,1.016048,True,True,True,0.20211619866668734,0.11500000000000399,0.7439111607142866,0.7439111607142866,True,True,True,True,True,1.8049385200952646,0.5555555555555556
1.04,1.05,0.68,0.4,0.2,0.904,0.872,2.5330634859600007e-05,0.24406000000000003,1.1360034361233479e-10,0.0,1.1360034361233479e-10,1.0200960000000001,1.016048,True,True,True,0.20211619866668734,0.11500000000000399,0.8199828193832599,0.8199828193832599,True,True,True,True,True,1.957081837433211,0.5555555555555556
1.04,1.05,0.7,0.4,0.2,0.904,0.872,2.5330634859600007e-05,0.24406000000000003,1.121186e-10,0.0,1.121186e-10,1.0200960000000001,1.016048,True,True,True,0.20211619866668734,0.11500000000000399,0.8940699999999995,0.8940699999999995,True,True,True,True,True,2.10525619866669,0.5555555555555556
1.04,1.05,0.72,0.4,0.2,0.904,0.872,2.5330634859600007e-05,0.24406000000000003,1.1067501287553647e-10,0.0,1.1067501287553647e-10,1.0200960000000001,1.016048,True,True,True,0.20211619866668734,0.11500000000000399,0.9662493562231761,0.9662493562231761,True,True,True,True,True,2.2496149111130435,0.5555555555555556
1.04,1.07,0.56,0.4,0.2,0.904,0.872,2.5330634859600007e-05,0.24406000000000003,1.2458785263157895e-10,0.0,1.2458785263157895e-10,1.0200960000000001,1.016048,True,True,True,0.20211619866668734,0.11500000000000399,0.27060736842105193,0.27060736842105193,True,True,True,True,True,0.8583309355087951,0.5555555555555556
1.04,1.07,0.58,0.4,0.2,0.904,0.872,2.5330634859600007e-05,0.24406000000000003,1.228248169811321e-10,0.0,1.228248169811321e-10,1.0200960000000001,1.016048,True,True,True,0.20211619866668734,0.11500000000000399,0.35875915094339494,0.35875915094339494,True,True,True,True,True,1.0346345005534812,0.5555555555555556
1.04,1.07,0.6,0.4,0.2,0.904,0.872,2.5330634859600007e-05,0.24406000000000003,1.211109823255814e-10,0.0,1.211109823255814e-10,1.0200960000000001,1.016048,True,True,True,0.20211619866668734,0.11500000000000399,0.444450883720929,0.444450883720929,True,True,True,True,True,1.2060179661085493,0.5555555555555556
1.04,1.07,0.62,0.4,0.2,0.904,0.872,2.5330634859600007e-05,0.24406000000000003,1.1944431743119267e-10,0.0,1.1944431743119267e-10,1.0200960000000001,1.016048,True,True,True,0.20211619866668734,0.11500000000000399,0.5277841284403663,0.5277841284403663,True,True,True,True,True,1.3726844555474238,0.5555555555555556
1.04,1.07,0.64,0.4,0.2,0.904,0.872,2.5330634859600007e-05,0.24406000000000003,1.1782290135746608e-10,0.0,1.1782290135746608e-10,1.0200960000000001,1.016048,True,True,True,0.20211619866668734,0.11500000000000399,0.6088549321266957,0.6088549321266957,True,True,True,True,True,1.5348260629200827,0.5555555555555556
1.04,1.07,0.66,0.4,0.2,0.904,0.872,2.5330634859600007e-05,0.24406000000000003,1.1624491607142858e-10,0.0,1.1624491607142858e-10,1.0200960000000001,1.016048,True,True,True,0.20211619866668734,0.11500000000000399,0.6877541964285705,0.6877541964285705,True,True,True,True,True,1.6926245915238323,0.5555555555555556
1.04,1.07,0.68,0.4,0.2,0.904,0.872,2.5330634859600007e-05,0.24406000000000003,1.147086396475771e-10,0.0,1.147086396475771e-10,1.0200960000000001,1.016048,True,True,True,0.20211619866668734,0.11500000000000399,0.7645680176211445,0.7645680176211445,True,True,True,True,True,1.8462522339089802,0.5555555555555556
1.04,1.07,0.7,0.4,0.2,0.904,0.872,2.5330634859600007e-05,0.24406000000000003,1.1321244000000002e-10,0.0,1.1321244000000002e-10,1.0200960000000001,1.016048,True,True,True,0.20211619866668734,0.11500000000000399,0.8393779999999988,0.8393779999999988,True,True,True,True,True,1.995872198666689,0.5555555555555556
1.04,1.07,0.72,0.4,0.2,0.904,0.872,2.5330634859600007e-05,0.24406000000000003,1.1175476909871247e-10,0.0,1.1175476909871247e-10,1.0200960000000001,1.016048,True,True,True,0.20211619866668734,0.11500000000000399,0.912261545064376,0.912261545064376,True,True,True,True,True,2.141639288795443,0.5555555555555556
1.04,1.09,0.56,0.4,0.2,0.904,0.872,2.5330634859600007e-05,0.24406000000000003,1.2579159999999998e-10,0.0,1.2579159999999998e-10,1.0200960000000001,1.016048,True,True,True,0.20211619866668734,0.11500000000000399,0.21042000000000055,0.21042000000000055,True,True,True,True,True,0.7379561986666925,0.5555555555555556
1.04,1.09,0.58,0.4,0.2,0.904,0.872,2.5330634859600007e-05,0.24406000000000003,1.2401153018867924e-10,0.0,1.2401153018867924e-10,1.0200960000000001,1.016048,True,True,True,0.20211619866668734,0.11500000000000399,0.29942349056603773,0.29942349056603773,True,True,True,True,True,0.9159631797987668,0.5555555555555556
1.04,1.09,0.6,0.4,0.2,0.904,0.872,2.5330634859600007e-05,0.24406000000000003,1.2228113674418604e-10,0.0,1.2228113674418604e-10,1.0200960000000001,1.016048,True,True,True,0.20211619866668734,0.11500000000000399,0.3859431627906975,0.3859431627906975,True,True,True,True,True,1.0890025242480863,0.5555555555555556
1.04,1.09,0.62,0.4,0.2,0.904,0.872,2.5330634859600007e-05,0.24406000000000003,1.2059836880733946e-10,0.0,1.2059836880733946e-10,1.0200960000000001,1.016048,True,True,True,0.20211619866668734,0.11500000000000399,0.4700815596330265,0.4700815596330265,True,True,True,True,True,1.2572793179327444,0.5555555555555556
1.04,1.09,0.64,0.4,0.2,0.904,0.872,2.5330634859600007e-05,0.24406000000000003,1.1896128687782803e-10,0.0,1.1896128687782803e-10,1.0200960000000001,1.016048,True,True,True,0.20211619866668734,0.11500000000000399,0.5519356561085981,0.5519356561085981,True,True,True,True,True,1.4209875108838874,0.5555555555555556
1.04,1.09,0.66,0.4,0.2,0.904,0.872,2.5330634859600007e-05,0.24406000000000003,1.1736805535714283e-10,0.0,1.1736805535714283e-10,1.0200960000000001,1.016048,True,True,True,0.20211619866668734,0.11500000000000399,0.6315972321428581,0.6315972321428581,True,True,True,True,True,1.5803106629524075,0.5555555555555556
1.04,1.09,0.68,0.4,0.2,0.904,0.872,2.5330634859600007e-05,0.24406000000000003,1.1581693568281936e-10,0.0,1.1581693568281936e-10,1.0200960000000001,1.016048,True,True,True,0.20211619866668734,0.11500000000000399,0.7091532158590316,0.7091532158590316,True,True,True,True,True,1.7354226303847544,0.5555555555555556
1.04,1.09,0.7,0.4,0.2,0.904,0.872,2.5330634859600007e-05,0.24406000000000003,1.1430628e-10,0.0,1.1430628e-10,1.0200960000000001,1.016048,True,True,True,0.20211619866668734,0.11500000000000399,0.7846859999999994,0.7846859999999994,True,True,True,True,True,1.8864881986666902,0.5555555555555556
1.04,1.09,0.72,0.4,0.2,0.904,0.872,2.5330634859600007e-05,0.24406000000000003,1.1283452532188841e-10,0.0,1.1283452532188841e-10,1.0200960000000001,1.016048,True,True,True,0.20211619866668734,0.11500000000000399,0.858273733905579,0.858273733905579,True,True,True,True,True,2.0336636664778496,0.5555555555555556
1.04,1.11,0.56,0.4,0.2,0.904,0.872,2.5330634859600007e-05,0.24406000000000003,1.2699534736842106e-10,0.0,1.2699534736842106e-10,1.0200960000000001,1.016048,True,True,True,0.20211619866668734,0.11500000000000399,0.1502326315789466,0.1502326315789466,True,True,True,True,True,0.6175814618245845,0.5555555555555556
1.04,1.11,0.58,0.4,0.2,0.904,0.872,2.5330634859600007e-05,0.24406000000000003,1.2519824339622643e-10,0.0,1.2519824339622643e-10,1.0200960000000001,1.016048,True,True,True,0.20211619866668734,0.11500000000000399,0.24008783018867788,0.24008783018867788,True,True,True,True,True,0.7972918590440471,0.5555555555555556
1.04,1.11,0.6,0.4,0.2,0.904,0.872,2.5330634859600007e-05,0.24406000000000003,1.2345129116279072e-10,0.0,1.2345129116279072e-10,1.0200960000000001,1.016048,True,True,True,0.20211619866668734,0.11500000000000399,0.32743544186046347,0.32743544186046347,True,True,True,True,True,0.9719870823876182,0.5555555555555556
1.04,1.11,0.62,0.4,0.2,0.904,0.872,2.5330634859600007e-05,0.24406000000000003,1.2175242018348626e-10,0.0,1.2175242018348626e-10,1.0200960000000001,1.016048,True,True,True,0.20211619866668734,0.11500000000000399,0.4123789908256867,0.4123789908256867,True,True,True,True,True,1.1418741803180648,0.5555555555555556
1.04,1.11,0.64,0.4,0.2,0.904,0.872,2.5330634859600007e-05,0.24406000000000003,1.2009967239819006e-10,0.0,1.2009967239819006e-10,1.0200960000000001,1.016048,True,True,True,0.20211619866668734,0.11500000000000399,0.49501638009049653,0.49501638009049653,True,True,True,True,True,1.3071489588476843,0.5555555555555556
1.04,1.11,0.66,0.4,0.2,0.904,0.872,2.5330634859600007e-05,0.24406000000000003,1.1849119464285717e-10,0.0,1.1849119464285717e-10,1.0200960000000001,1.016048,True,True,True,0.20211619866668734,0.11500000000000399,0.5754402678571413,0.5754402678571413,True,True,True,True,True,1.4679967343809739,0.5555555555555556
1.04,1.11,0.68,0.4,0.2,0.904,0.872,2.5330634859600007e-05,0.24406000000000003,1.1692523171806168e-10,0.0,1.1692523171806168e-10,1.0200960000000001,1.016048,True,True,True,0.20211619866668734,0.11500000000000399,0.6537384140969154,0.6537384140969154,True,True,True,True,True,1.624593026860522,0.5555555555555556
1.04,1.11,0.7,0.4,0.2,0.904,0.872,2.5330634859600007e-05,0.24406000000000003,1.1540012000000001e-10,0.0,1.1540012000000001e-10,1.0200960000000001,1.016048,True,True,True,0.20211619866668734,0.11500000000000399,0.7299939999999988,0.7299939999999988,True,True,True,True,True,1.777104198666689,0.5555555555555556
1.04,1.11,0.72,0.4,0.2,0.904,0.872,2.5330634859600007e-05,0.24406000000000003,1.1391428154506439e-10,0.0,1.1391428154506439e-10,1.0200960000000001,1.016048,True,True,True,0.20211619866668734,0.11500000000000399,0.8042859227467801,0.8042859227467801,True,True,True,True,True,1.9256880441602515,0.5555555555555556
1.04,1.13,0.56,0.4,0.2,0.904,0.872,2.5330634859600007e-05,0.24406000000000003,1.2819909473684206e-10,0.0,1.2819909473684206e-10,1.0200960000000001,1.016048,True,True,True,0.20211619866668734,0.11500000000000399,0.0900452631578965,0.0900452631578965,True,True,True,True,True,0.49720672498248436,0.5555555555555556
1.04,1.13,0.58,0.4,0.2,0.904,0.872,2.5330634859600007e-05,0.24406000000000003,1.2638495660377358e-10,0.0,1.2638495660377358e-10,1.0200960000000001,1.016048,True,True,True,0.20211619866668734,0.11500000000000399,0.18075216981132064,0.18075216981132064,True,True,True,True,True,0.6786205382893327,0.5555555555555556
1.04,1.13,0.6,0.4,0.2,0.904,0.872,2.5330634859600007e-05,0.24406000000000003,1.2462144558139532e-10,0.0,1.2462144558139532e-10,1.0200960000000001,1.016048,True,True,True,0.20211619866668734,0.11500000000000399,0.2689277209302333,0.2689277209302333,True,True,True,True,True,0.854971640527158,0.5555555555555556
1.04,1.13,0.62,0.4,0.2,0.904,0.872,2.5330634859600007e-05,0.24406000000000003,1.22906471559633e-10,0.0,1.22906471559633e-10,1.0200960000000001,1.016048,True,True,True,0.20211619866668734,0.11500000000000399,0.3546764220183494,0.3546764220183494,True,True,True,True,True,1.0264690427033902,0.5555555555555556
1.04,1.13,0.64,0.4,0.2,0.904,0.872,2.5330634859600007e-05,0.24406000000000003,1.2123805791855204e-10,0.0,1.2123805791855204e-10,1.0200960000000001,1.016048,True,True,True,0.20211619866668734,0.11500000000000399,0.4380971040723976,0.4380971040723976,True,True,True,True,True,1.1933104068114866,0.5555555555555556
1.04,1.13,0.66,0.4,0.2,0.904,0.872,2.5330634859600007e-05,0.24406000000000003,1.1961433392857142e-10,0.0,1.1961433392857142e-10,1.0200960000000001,1.016048,True,True,True,0.20211619866668734,0.11500000000000399,0.5192833035714284,0.5192833035714284,True,True,True,True,True,1.355682805809548,0.5555555555555556
1.04,1.13,0.68,0.4,0.2,0.904,0.872,2.5330634859600007e-05,0.24406000000000003,1.1803352775330395e-10,0.0,1.1803352775330395e-10,1.0200960000000001,1.016048,True,True,True,0.20211619866668734,0.11500000000000399,0.5983236123348018,0.5983236123348018,True,True,True,True,True,1.5137634233362949,0.5555555555555556
1.04,1.13,0.7,0.4,0.2,0.904,0.872,2.5330634859600007e-05,0.24406000000000003,1.1649396000000001e-10,0.0,1.1649396000000001e-10,1.0200960000000001,1.016048,True,True,True,0.20211619866668734,0.11500000000000399,0.6753019999999988,0.6753019999999988,True,True,True,True,True,1.667720198666689,0.5555555555555556
1.04,1.13,0.72,0.4,0.2,0.904,0.872,2.5330634859600007e-05,0.24406000000000003,1.1499403776824034e-10,0.0,1.1499403776824034e-10,1.0200960000000001,1.016048,True,True,True,0.20211619866668734,0.11500000000000399,0.7502981115879824,0.7502981115879824,True,True,True,True,True,1.8177124218426561,0.5555555555555556
1.04,1.15,0.56,0.4,0.2,0.904,0.872,2.5330634859600007e-05,0.24406000000000003,1.2940284210526317e-10,0.0,1.2940284210526317e-10,1.0200960000000001,1.016048,True,True,True,0.20211619866668734,0.11500000000000399,0.029857894736841247,0.029857894736841247,True,True,True,True,True,0.37683198814037383,0.5555555555555556
1.04,1.15,0.58,0.4,0.2,0.904,0.872,2.5330634859600007e-05,0.24406000000000003,1.2757166981132077e-10,0.0,1.2757166981132077e-10,1.0200960000000001,1.016048,True,True,True,0.20211619866668734,0.11500000000000399,0.12141650943396083,0.12141650943396083,True,True,True,True,True,0.559949217534613,0.5555555555555556
1.04,1.15,0.6,0.4,0.2,0.904,0.872,2.5330634859600007e-05,0.24406000000000003,1.257916e-10,0.0,1.257916e-10,1.0200960000000001,1.016048,True,True,True,0.20211619866668734,0.11500000000000399,0.21041999999999927,0.21041999999999927,True,True,True,True,True,0.7379561986666899,0.5555555555555556
1.04,1.15,0.62,0.4,0.2,0.904,0.872,2.5330634859600007e-05,0.24406000000000003,1.2406052293577982e-10,0.0,1.2406052293577982e-10,1.0200960000000001,1.016048,True,True,True,0.20211619866668734,0.11500000000000399,0.29697385321100833,0.29697385321100833,True,True,True,True,True,0.911063905088708,0.5555555555555556
1.04,1.15,0.64,0.4,0.2,0.904,0.872,2.5330634859600007e-05,0.24406000000000003,1.2237644343891404e-10,0.0,1.2237644343891404e-10,1.0200960000000001,1.016048,True,True,True,0.20211619866668734,0.11500000000000399,0.3811778280542974,0.3811778280542974,True,True,True,True,True,1.0794718547752862,0.5555555555555556
1.04,1.15,0.66,0.4,0.2,0.904,0.872,2.5330634859600007e-05,0.24406000000000003,1.207374732142857e-10,0.0,1.207374732142857e-10,1.0200960000000001,1.016048,True,True,True,0.20211619866668734,0.11500000000000399,0.46312633928571406,0.46312633928571406,True,True,True,True,True,1.2433688772381195,0.5555555555555556
1.04,1.15,0.68,0.4,0.2,0.904,0.872,2.5330634859600007e-05,0.24406000000000003,1.1914182378854625e-10,0.0,1.1914182378854625e-10,1.0200960000000001,1.016048,True,True,True,0.20211619866668734,0.11500000000000399,0.542908810572687,0.542908810572687,True,True,True,True,True,1.4029338198120653,0.5555555555555556
1.04,1.15,0.7,0.4,0.2,0.904,0.872,2.5330634859600007e-05,0.24406000000000003,1.1758780000000003e-10,0.0,1.1758780000000003e-10,1.0200960000000001,1.016048,True,True,True,0.20211619866668734,0.11500000000000399,0.6206099999999982,0.6206099999999982,True,True,True,True,True,1.5583361986666877,0.5555555555555556
1.04,1.15,0.72,0.4,0.2,0.904,0.872,2.5330634859600007e-05,0.24406000000000003,1.1607379399141632e-10,0.0,1.1607379399141632e-10,1.0200960000000001,1.016048,True,True,True,0.20211619866668734,0.11500000000000399,0.6963103004291836,0.6963103004291836,True,True,True,True,True,1.7097367995250585,0.5555555555555556
