beta_e_phys,gamma_exch_phys,gamma_drain_phys,B_eff,E_ind,em_scale,be7_scale,D_over_H,Y_p,Li7_over_H,Be7_over_H,Li_total_over_H,screening_eff,capture_eff,beta_response_ok,exchange_response_ok,drain_response_ok,chi_D,chi_Y,chi_Li7,chi_Li_total,passes_D,passes_Y,passes_Li7,passes_Li_total,passes_all,chi_sum,em_softness
0.96,1.03,0.56,0.0,0.0,1.0,1.0,2.5275054e-05,0.24356,1.3195e-10,0.0,1.3195e-10,0.992,0.988,True,True,True,0.016846666666661594,0.010000000000003062,0.09750000000000018,0.09750000000000018,True,True,True,True,True,0.22184666666666503,1.0
0.96,1.03,0.58,0.0,0.0,1.0,1.0,2.5275054e-05,0.24356,1.3008278301886793e-10,0.0,1.3008278301886793e-10,0.992,0.988,True,True,True,0.016846666666661594,0.010000000000003062,0.0041391509433968375,0.0041391509433968375,True,True,True,True,True,0.03512496855345833,1.0
0.96,1.03,0.6,0.0,0.0,1.0,1.0,2.5275054e-05,0.24356,1.2826767441860465e-10,0.0,1.2826767441860465e-10,0.992,0.988,True,True,True,0.016846666666661594,0.010000000000003062,0.08661627906976699,0.08661627906976699,True,True,True,True,True,0.20007922480619864,1.0
0.96,1.03,0.62,0.0,0.0,1.0,1.0,2.5275054e-05,0.24356,1.265025229357798e-10,0.0,1.265025229357798e-10,0.992,0.988,True,True,True,0.016846666666661594,0.010000000000003062,0.1748738532110091,0.1748738532110091,True,True,True,True,True,0.3765943730886828,1.0
0.96,1.03,0.64,0.0,0.0,1.0,1.0,2.5275054e-05,0.24356,1.2478529411764706e-10,0.0,1.2478529411764706e-10,0.992,0.988,True,True,True,0.016846666666661594,0.010000000000003062,0.2607352941176468,0.2607352941176468,True,True,True,True,True,0.5483172549019582,1.0
0.96,1.03,0.66,0.0,0.0,1.0,1.0,2.5275054e-05,0.24356,1.231140625e-10,0.0,1.231140625e-10,0.992,0.988,True,True,True,0.016846666666661594,0.010000000000003062,0.34429687499999934,0.34429687499999934,True,True,True,True,True,0.7154404166666632,1.0
0.96,1.03,0.68,0.0,0.0,1.0,1.0,2.5275054e-05,0.24356,1.2148700440528633e-10,0.0,1.2148700440528633e-10,0.992,0.988,True,True,True,0.016846666666661594,0.010000000000003062,0.42564977973568296,0.42564977973568296,True,True,True,True,True,0.8781462261380306,1.0
0.96,1.03,0.7,0.0,0.0,1.0,1.0,2.5275054e-05,0.24356,1.1990239130434783e-10,0.0,1.1990239130434783e-10,0.992,0.988,True,True,True,0.016846666666661594,0.010000000000003062,0.504880434782608,0.504880434782608,True,True,True,True,True,1.0366075362318807,1.0
0.96,1.03,0.72,0.0,0.0,1.0,1.0,2.5275054e-05,0.24356,1.1835858369098714e-10,0.0,1.1835858369098714e-10,0.992,0.988,True,True,True,0.016846666666661594,0.010000000000003062,0.5820708154506424,0.5820708154506424,True,True,True,True,True,1.1909882975679495,1.0
0.96,1.05,0.56,0.0,0.0,1.0,1.0,2.5275054e-05,0.24356,1.3324999999999998e-10,0.0,1.3324999999999998e-10,0.992,0.988,True,True,True,0.016846666666661594,0.010000000000003062,0.16249999999999945,0.16249999999999945,True,True,True,True,True,0.35184666666666353,1.0
0.96,1.05,0.58,0.0,0.0,1.0,1.0,2.5275054e-05,0.24356,1.3136438679245282e-10,0.0,1.3136438679245282e-10,0.992,0.988,True,True,True,0.016846666666661594,0.010000000000003062,0.06821933962264125,0.06821933962264125,True,True,True,True,True,0.16328534591194716,1.0
0.96,1.05,0.6,0.0,0.0,1.0,1.0,2.5275054e-05,0.24356,1.295313953488372e-10,0.0,1.295313953488372e-10,0.992,0.988,True,True,True,0.016846666666661594,0.010000000000003062,0.02343023255814014,0.02343023255814014,True,True,True,True,True,0.07370713178294494,1.0
0.96,1.05,0.62,0.0,0.0,1.0,1.0,2.5275054e-05,0.24356,1.2774885321100915e-10,0.0,1.2774885321100915e-10,0.992,0.988,True,True,True,0.016846666666661594,0.010000000000003062,0.11255733944954208,0.11255733944954208,True,True,True,True,True,0.2519613455657488,1.0
0.96,1.05,0.64,0.0,0.0,1.0,1.0,2.5275054e-05,0.24356,1.2601470588235292e-10,0.0,1.2601470588235292e-10,0.992,0.988,True,True,True,0.016846666666661594,0.010000000000003062,0.19926470588235348,0.19926470588235348,True,True,True,True,True,0.4253760784313716,1.0
0.96,1.05,0.66,0.0,0.0,1.0,1.0,2.5275054e-05,0.24356,1.243270089285714e-10,0.0,1.243270089285714e-10,0.992,0.988,True,True,True,0.016846666666661594,0.010000000000003062,0.2836495535714295,0.2836495535714295,True,True,True,True,True,0.5941457738095237,1.0
0.96,1.05,0.68,0.0,0.0,1.0,1.0,2.5275054e-05,0.24356,1.226839207048458e-10,0.0,1.226839207048458e-10,0.992,0.988,True,True,True,0.016846666666661594,0.010000000000003062,0.3658039647577099,0.3658039647577099,True,True,True,True,True,0.7584545961820843,1.0
0.96,1.05,0.7,0.0,0.0,1.0,1.0,2.5275054e-05,0.24356,1.210836956521739e-10,0.0,1.210836956521739e-10,0.992,0.988,True,True,True,0.016846666666661594,0.010000000000003062,0.44581521739130403,0.44581521739130403,True,True,True,True,True,0.9184771014492727,1.0
0.96,1.05,0.72,0.0,0.0,1.0,1.0,2.5275054e-05,0.24356,1.1952467811158797e-10,0.0,1.1952467811158797e-10,0.992,0.988,True,True,True,0.016846666666661594,0.010000000000003062,0.5237660944206008,0.5237660944206008,True,True,True,True,True,1.0743788555078664,1.0
0.96,1.07,0.56,0.0,0.0,1.0,1.0,2.5275054e-05,0.24356,1.3455e-10,0.0,1.3455e-10,0.992,0.988,True,True,True,0.016846666666661594,0.010000000000003062,0.2275,0.2275,True,True,True,True,True,0.48184666666666465,1.0
0.96,1.07,0.58,0.0,0.0,1.0,1.0,2.5275054e-05,0.24356,1.3264599056603776e-10,0.0,1.3264599056603776e-10,0.992,0.988,True,True,True,0.016846666666661594,0.010000000000003062,0.13229952830188824,0.13229952830188824,True,True,True,True,True,0.29144572327044116,1.0
0.96,1.07,0.6,0.0,0.0,1.0,1.0,2.5275054e-05,0.24356,1.3079511627906978e-10,0.0,1.3079511627906978e-10,0.992,0.988,True,True,True,0.016846666666661594,0.010000000000003062,0.03975581395348929,0.03975581395348929,True,True,True,True,True,0.10635829457364324,1.0
0.96,1.07,0.62,0.0,0.0,1.0,1.0,2.5275054e-05,0.24356,1.2899518348623854e-10,0.0,1.2899518348623854e-10,0.992,0.988,True,True,True,0.016846666666661594,0.010000000000003062,0.05024082568807249,0.05024082568807249,True,True,True,True,True,0.12732831804280964,1.0
0.96,1.07,0.64,0.0,0.0,1.0,1.0,2.5275054e-05,0.24356,1.2724411764705884e-10,0.0,1.2724411764705884e-10,0.992,0.988,True,True,True,0.016846666666661594,0.010000000000003062,0.13779411764705762,0.13779411764705762,True,True,True,True,True,0.30243490196077993,1.0
0.96,1.07,0.66,0.0,0.0,1.0,1.0,2.5275054e-05,0.24356,1.2553995535714285e-10,0.0,1.2553995535714285e-10,0.992,0.988,True,True,True,0.016846666666661594,0.010000000000003062,0.2230022321428571,0.2230022321428571,True,True,True,True,True,0.47285113095237885,1.0
0.96,1.07,0.68,0.0,0.0,1.0,1.0,2.5275054e-05,0.24356,1.2388083700440528e-10,0.0,1.2388083700440528e-10,0.992,0.988,True,True,True,0.016846666666661594,0.010000000000003062,0.3059581497797355,0.3059581497797355,True,True,True,True,True,0.6387629662261356,1.0
0.96,1.07,0.7,0.0,0.0,1.0,1.0,2.5275054e-05,0.24356,1.2226500000000002e-10,0.0,1.2226500000000002e-10,0.992,0.988,True,True,True,0.016846666666661594,0.010000000000003062,0.3867499999999987,0.3867499999999987,True,True,True,True,True,0.8003466666666621,1.0
0.96,1.07,0.72,0.0,0.0,1.0,1.0,2.5275054e-05,0.24356,1.2069077253218886e-10,0.0,1.2069077253218886e-10,0.992,0.988,True,True,True,0.016846666666661594,0.010000000000003062,0.4654613733905567,0.4654613733905567,True,True,True,True,True,0.9577694134477781,1.0
0.96,1.09,0.56,0.0,0.0,1.0,1.0,2.5275054e-05,0.24356,1.3584999999999998e-10,0.0,1.3584999999999998e-10,0.992,0.988,True,True,True,0.016846666666661594,0.010000000000003062,0.29249999999999926,0.29249999999999926,True,True,True,True,True,0.6118466666666631,1.0
0.96,1.09,0.58,0.0,0.0,1.0,1.0,2.5275054e-05,0.24356,1.3392759433962262e-10,0.0,1.3392759433962262e-10,0.992,0.988,True,True,True,0.016846666666661594,0.010000000000003062,0.19637971698113135,0.19637971698113135,True,True,True,True,True,0.41960610062892734,1.0
0.96,1.09,0.6,0.0,0.0,1.0,1.0,2.5275054e-05,0.24356,1.3205883720930231e-10,0.0,1.3205883720930231e-10,0.992,0.988,True,True,True,0.016846666666661594,0.010000000000003062,0.10294186046511614,0.10294186046511614,True,True,True,True,True,0.23273038759689693,1.0
0.96,1.09,0.62,0.0,0.0,1.0,1.0,2.5275054e-05,0.24356,1.3024151376146788e-10,0.0,1.3024151376146788e-10,0.992,0.988,True,True,True,0.016846666666661594,0.010000000000003062,0.012075688073394512,0.012075688073394512,True,True,True,True,True,0.05099804281345368,1.0
0.96,1.09,0.64,0.0,0.0,1.0,1.0,2.5275054e-05,0.24356,1.2847352941176468e-10,0.0,1.2847352941176468e-10,0.992,0.988,True,True,True,0.016846666666661594,0.010000000000003062,0.07632352941176562,0.07632352941176562,True,True,True,True,True,0.1794937254901959,1.0
0.96,1.09,0.66,0.0,0.0,1.0,1.0,2.5275054e-05,0.24356,1.2675290178571427e-10,0.0,1.2675290178571427e-10,0.992,0.988,True,True,True,0.016846666666661594,0.010000000000003062,0.16235491071428598,0.16235491071428598,True,True,True,True,True,0.35155648809523665,1.0
0.96,1.09,0.68,0.0,0.0,1.0,1.0,2.5275054e-05,0.24356,1.2507775330396474e-10,0.0,1.2507775330396474e-10,0.992,0.988,True,True,True,0.016846666666661594,0.010000000000003062,0.2461123348017624,0.2461123348017624,True,True,True,True,True,0.5190713362701894,1.0
0.96,1.09,0.7,0.0,0.0,1.0,1.0,2.5275054e-05,0.24356,1.2344630434782607e-10,0.0,1.2344630434782607e-10,0.992,0.988,True,True,True,0.016846666666661594,0.010000000000003062,0.327684782608696,0.327684782608696,True,True,True,True,True,0.6822162318840566,1.0
0.96,1.09,0.72,0.0,0.0,1.0,1.0,2.5275054e-05,0.24356,1.218568669527897e-10,0.0,1.218568669527897e-10,0.992,0.988,True,True,True,0.016846666666661594,0.010000000000003062,0.4071566523605151,0.4071566523605151,True,True,True,True,True,0.8411599713876949,1.0
0.96,1.11,0.56,0.0,0.0,1.0,1.0,2.5275054e-05,0.24356,1.3714999999999999e-10,0.0,1.3714999999999999e-10,0.992,0.988,True,True,True,0.016846666666661594,0.010000000000003062,0.3574999999999998,0.3574999999999998,True,True,True,True,True,0.7418466666666643,1.0
0.96,1.11,0.58,0.0,0.0,1.0,1.0,2.5275054e-05,0.24356,1.3520919811320756e-10,0.0,1.3520919811320756e-10,0.992,0.988,True,True,True,0.016846666666661594,0.010000000000003062,0.26045990566037835,0.26045990566037835,True,True,True,True,True,0.5477664779874214,1.0
0.96,1.11,0.6,0.0,0.0,1.0,1.0,2.5275054e-05,0.24356,1.333225581395349e-10,0.0,1.333225581395349e-10,0.992,0.988,True,True,True,0.016846666666661594,0.010000000000003062,0.16612790697674557,0.16612790697674557,True,True,True,True,True,0.3591024806201558,1.0
0.96,1.11,0.62,0.0,0.0,1.0,1.0,2.5275054e-05,0.24356,1.3148784403669725e-10,0.0,1.3148784403669725e-10,0.992,0.988,True,True,True,0.016846666666661594,0.010000000000003062,0.07439220183486281,0.07439220183486281,True,True,True,True,True,0.17563107033639028,1.0
0.96,1.11,0.64,0.0,0.0,1.0,1.0,2.5275054e-05,0.24356,1.297029411764706e-10,0.0,1.297029411764706e-10,0.992,0.988,True,True,True,0.016846666666661594,0.010000000000003062,0.014852941176469747,0.014852941176469747,True,True,True,True,True,0.056552549019604145,1.0
0.96,1.11,0.66,0.0,0.0,1.0,1.0,2.5275054e-05,0.24356,1.2796584821428572e-10,0.0,1.2796584821428572e-10,0.992,0.988,True,True,True,0.016846666666661594,0.010000000000003062,0.10170758928571359,0.10170758928571359,True,True,True,True,True,0.23026184523809184,1.0
0.96,1.11,0.68,0.0,0.0,1.0,1.0,2.5275054e-05,0.24356,1.2627466960352423e-10,0.0,1.2627466960352423e-10,0.992,0.988,True,True,True,0.016846666666661594,0.010000000000003062,0.18626651982378803,0.18626651982378803,True,True,True,True,True,0.3993797063142407,1.0
0.96,1.11,0.7,0.0,0.0,1.0,1.0,2.5275054e-05,0.24356,1.246276086956522e-10,0.0,1.246276086956522e-10,0.992,0.988,True,True,True,0.016846666666661594,0.010000000000003062,0.2686195652173894,0.2686195652173894,True,True,True,True,True,0.5640857971014435,1.0
0.96,1.11,0.72,0.0,0.0,1.0,1.0,2.5275054e-05,0.24356,1.2302296137339057e-10,0.0,1.2302296137339057e-10,0.992,0.988,True,True,True,0.016846666666661594,0.010000000000003062,0.348851931330471,0.348851931330471,True,True,True,True,True,0.7245505293276067,1.0
0.96,1.13,0.56,0.0,0.0,1.0,1.0,2.5275054e-05,0.24356,1.3844999999999997e-10,0.0,1.3844999999999997e-10,0.992,0.988,True,True,True,0.016846666666661594,0.010000000000003062,0.4224999999999991,0.4224999999999991,True,True,True,True,True,0.8718466666666629,1.0
0.96,1.13,0.58,0.0,0.0,1.0,1.0,2.5275054e-05,0.24356,1.3649080188679245e-10,0.0,1.3649080188679245e-10,0.992,0.988,True,True,True,0.016846666666661594,0.010000000000003062,0.3245400943396228,0.3245400943396228,True,True,True,True,True,0.6759268553459101,1.0
0.96,1.13,0.6,0.0,0.0,1.0,1.0,2.5275054e-05,0.24356,1.3458627906976744e-10,0.0,1.3458627906976744e-10,0.992,0.988,True,True,True,0.016846666666661594,0.010000000000003062,0.2293139534883724,0.2293139534883724,True,True,True,True,True,0.48547457364340946,1.0
0.96,1.13,0.62,0.0,0.0,1.0,1.0,2.5275054e-05,0.24356,1.3273417431192659e-10,0.0,1.3273417431192659e-10,0.992,0.988,True,True,True,0.016846666666661594,0.010000000000003062,0.13670871559632983,0.13670871559632983,True,True,True,True,True,0.3002640978593243,1.0
0.96,1.13,0.64,0.0,0.0,1.0,1.0,2.5275054e-05,0.24356,1.3093235294117646e-10,0.0,1.3093235294117646e-10,0.992,0.988,True,True,True,0.016846666666661594,0.010000000000003062,0.04661764705882354,0.04661764705882354,True,True,True,True,True,0.12008196078431174,1.0
0.96,1.13,0.66,0.0,0.0,1.0,1.0,2.5275054e-05,0.24356,1.2917879464285712e-10,0.0,1.2917879464285712e-10,0.992,0.988,True,True,True,0.016846666666661594,0.010000000000003062,0.04106026785714378,0.04106026785714378,True,True,True,True,True,0.1089672023809522,1.0
0.96,1.13,0.68,0.0,0.0,1.0,1.0,2.5275054e-05,0.24356,1.274715859030837e-10,0.0,1.274715859030837e-10,0.992,0.988,True,True,True,0.016846666666661594,0.010000000000003062,0.12642070484581494,0.12642070484581494,True,True,True,True,True,0.2796880763582945,1.0
0.96,1.13,0.7,0.0,0.0,1.0,1.0,2.5275054e-05,0.24356,1.2580891304347826e-10,0.0,1.2580891304347826e-10,0.992,0.988,True,True,True,0.016846666666661594,0.010000000000003062,0.2095543478260867,0.2095543478260867,True,True,True,True,True,0.44595536231883803,1.0
0.96,1.13,0.72,0.0,0.0,1.0,1.0,2.5275054e-05,0.24356,1.241890557939914e-10,0.0,1.241890557939914e-10,0.992,0.988,True,True,True,0.016846666666661594,0.010000000000003062,0.2905472103004294,0.2905472103004294,True,True,True,True,True,0.6079410872675235,1.0
0.96,1.15,0.56,0.0,0.0,1.0,1.0,2.5275054e-05,0.24356,1.3974999999999996e-10,0.0,1.3974999999999996e-10,0.992,0.988,True,True,True,0.016846666666661594,0.010000000000003062,0.4874999999999983,0.4874999999999983,True,True,True,True,True,1.0018466666666612,1.0
0.96,1.15,0.58,0.0,0.0,1.0,1.0,2.5275054e-05,0.24356,1.3777240566037733e-10,0.0,1.3777240566037733e-10,0.992,0.988,True,True,True,0.016846666666661594,0.010000000000003062,0.3886202830188672,0.3886202830188672,True,True,True,True,True,0.8040872327043991,1.0
0.96,1.15,0.6,0.0,0.0,1.0,1.0,2.5275054e-05,0.24356,1.3584999999999998e-10,0.0,1.3584999999999998e-10,0.992,0.988,True,True,True,0.016846666666661594,0.010000000000003062,0.29249999999999926,0.29249999999999926,True,True,True,True,True,0.6118466666666631,1.0
0.96,1.15,0.62,0.0,0.0,1.0,1.0,2.5275054e-05,0.24356,1.3398050458715595e-10,0.0,1.3398050458715595e-10,0.992,0.988,True,True,True,0.016846666666661594,0.010000000000003062,0.19902522935779812,0.19902522935779812,True,True,True,True,True,0.4248971253822609,1.0
0.96,1.15,0.64,0.0,0.0,1.0,1.0,2.5275054e-05,0.24356,1.3216176470588233e-10,0.0,1.3216176470588233e-10,0.992,0.988,True,True,True,0.016846666666661594,0.010000000000003062,0.10808823529411682,0.10808823529411682,True,True,True,True,True,0.2430231372548983,1.0
0.96,1.15,0.66,0.0,0.0,1.0,1.0,2.5275054e-05,0.24356,1.3039174107142854e-10,0.0,1.3039174107142854e-10,0.992,0.988,True,True,True,0.016846666666661594,0.010000000000003062,0.019587053571427333,0.019587053571427333,True,True,True,True,True,0.06602077380951932,1.0
0.96,1.15,0.68,0.0,0.0,1.0,1.0,2.5275054e-05,0.24356,1.2866850220264315e-10,0.0,1.2866850220264315e-10,0.992,0.988,True,True,True,0.016846666666661594,0.010000000000003062,0.06657488986784185,0.06657488986784185,True,True,True,True,True,0.15999644640234836,1.0
0.96,1.15,0.7,0.0,0.0,1.0,1.0,2.5275054e-05,0.24356,1.2699021739130434e-10,0.0,1.2699021739130434e-10,0.992,0.988,True,True,True,0.016846666666661594,0.010000000000003062,0.1504891304347827,0.1504891304347827,True,True,True,True,True,0.32782492753623005,1.0
0.96,1.15,0.72,0.0,0.0,1.0,1.0,2.5275054e-05,0.24356,1.2535515021459226e-10,0.0,1.2535515021459226e-10,0.992,0.988,True,True,True,0.016846666666661594,0.010000000000003062,0.23224248927038654,0.23224248927038654,True,True,True,True,True,0.4913316452074377,1.0
0.97,1.03,0.56,0.0,0.0,1.0,1.0,2.5273790500000003e-05,0.24357,1.3235065789473684e-10,0.0,1.3235065789473684e-10,0.994,0.991,True,True,True,0.01263500000000749,0.007500000000000562,0.11753289473684245,0.11753289473684245,True,True,True,True,True,0.25520078947369296,1.0
0.97,1.03,0.58,0.0,0.0,1.0,1.0,2.5273790500000003e-05,0.24357,1.304777712264151e-10,0.0,1.304777712264151e-10,0.994,0.991,True,True,True,0.01263500000000749,0.007500000000000562,0.023888561320756084,0.023888561320756084,True,True,True,True,True,0.06791212264152022,1.0
0.97,1.03,0.6,0.0,0.0,1.0,1.0,2.5273790500000003e-05,0.24357,1.286571511627907e-10,0.0,1.286571511627907e-10,0.994,0.991,True,True,True,0.01263500000000749,0.007500000000000562,0.06714244186046403,0.06714244186046403,True,True,True,True,True,0.15441988372093612,1.0
0.97,1.03,0.62,0.0,0.0,1.0,1.0,2.5273790500000003e-05,0.24357,1.268866399082569e-10,0.0,1.268866399082569e-10,0.994,0.991,True,True,True,0.01263500000000749,0.007500000000000562,0.15566800458715482,0.15566800458715482,True,True,True,True,True,0.3314710091743177,1.0
0.97,1.03,0.64,0.0,0.0,1.0,1.0,2.5273790500000003e-05,0.24357,1.2516419683257918e-10,0.0,1.2516419683257918e-10,0.994,0.991,True,True,True,0.01263500000000749,0.007500000000000562,0.24179015837104037,0.24179015837104037,True,True,True,True,True,0.5037153167420888,1.0
0.97,1.03,0.66,0.0,0.0,1.0,1.0,2.5273790500000003e-05,0.24357,1.23487890625e-10,0.0,1.23487890625e-10,0.994,0.991,True,True,True,0.01263500000000749,0.007500000000000562,0.32560546874999935,0.32560546874999935,True,True,True,True,True,0.6713459375000068,1.0
0.97,1.03,0.68,0.0,0.0,1.0,1.0,2.5273790500000003e-05,0.24357,1.218558920704846e-10,0.0,1.218558920704846e-10,0.994,0.991,True,True,True,0.01263500000000749,0.007500000000000562,0.40720539647577003,0.40720539647577003,True,True,True,True,True,0.8345457929515481,1.0
0.97,1.03,0.7,0.0,0.0,1.0,1.0,2.5273790500000003e-05,0.24357,1.2026646739130435e-10,0.0,1.2026646739130435e-10,0.994,0.991,True,True,True,0.01263500000000749,0.007500000000000562,0.48667663043478193,0.48667663043478193,True,True,True,True,True,0.9934882608695719,1.0
0.97,1.03,0.72,0.0,0.0,1.0,1.0,2.5273790500000003e-05,0.24357,1.187179721030043e-10,0.0,1.187179721030043e-10,0.994,0.991,True,True,True,0.01263500000000749,0.007500000000000562,0.5641013948497845,0.5641013948497845,True,True,True,True,True,1.148337789699577,1.0
0.97,1.05,0.56,0.0,0.0,1.0,1.0,2.5273790500000003e-05,0.24357,1.3365460526315786e-10,0.0,1.3365460526315786e-10,0.994,0.991,True,True,True,0.01263500000000749,0.007500000000000562,0.1827302631578934,0.1827302631578934,True,True,True,True,True,0.38559552631579486,1.0
0.97,1.05,0.58,0.0,0.0,1.0,1.0,2.5273790500000003e-05,0.24357,1.3176326650943394e-10,0.0,1.3176326650943394e-10,0.994,0.991,True,True,True,0.01263500000000749,0.007500000000000562,0.0881633254716977,0.0881633254716977,True,True,True,True,True,0.19646165094340345,1.0
0.97,1.05,0.6,0.0,0.0,1.0,1.0,2.5273790500000003e-05,0.24357,1.2992470930232557e-10,0.0,1.2992470930232557e-10,0.994,0.991,True,True,True,0.01263500000000749,0.007500000000000562,0.0037645348837210334,0.0037645348837210334,True,True,True,True,True,0.027664069767450117,1.0
0.97,1.05,0.62,0.0,0.0,1.0,1.0,2.5273790500000003e-05,0.24357,1.2813675458715594e-10,0.0,1.2813675458715594e-10,0.994,0.991,True,True,True,0.01263500000000749,0.007500000000000562,0.09316227064220235,0.09316227064220235,True,True,True,True,True,0.20645954128441274,1.0
0.97,1.05,0.64,0.0,0.0,1.0,1.0,2.5273790500000003e-05,0.24357,1.2639734162895925e-10,0.0,1.2639734162895925e-10,0.994,0.991,True,True,True,0.01263500000000749,0.007500000000000562,0.18013291855203725,0.18013291855203725,True,True,True,True,True,0.38040083710408257,1.0
0.97,1.05,0.66,0.0,0.0,1.0,1.0,2.5273790500000003e-05,0.24357,1.2470452008928569e-10,0.0,1.2470452008928569e-10,0.994,0.991,True,True,True,0.01263500000000749,0.007500000000000562,0.26477399553571523,0.26477399553571523,True,True,True,True,True,0.5496829910714385,1.0
0.97,1.05,0.68,0.0,0.0,1.0,1.0,2.5273790500000003e-05,0.24357,1.230564427312775e-10,0.0,1.230564427312775e-10,0.994,0.991,True,True,True,0.01263500000000749,0.007500000000000562,0.3471778634361239,0.3471778634361239,True,True,True,True,True,0.7144907268722558,1.0
0.97,1.05,0.7,0.0,0.0,1.0,1.0,2.5273790500000003e-05,0.24357,1.2145135869565215e-10,0.0,1.2145135869565215e-10,0.994,0.991,True,True,True,0.01263500000000749,0.007500000000000562,0.42743206521739213,0.42743206521739213,True,True,True,True,True,0.8749991304347924,1.0
0.97,1.05,0.72,0.0,0.0,1.0,1.0,2.5273790500000003e-05,0.24357,1.1988760729613734e-10,0.0,1.1988760729613734e-10,0.994,0.991,True,True,True,0.01263500000000749,0.007500000000000562,0.5056196351931328,0.5056196351931328,True,True,True,True,True,1.0313742703862736,1.0
0.97,1.07,0.56,0.0,0.0,1.0,1.0,2.5273790500000003e-05,0.24357,1.3495855263157893e-10,0.0,1.3495855263157893e-10,0.994,0.991,True,True,True,0.01263500000000749,0.007500000000000562,0.2479276315789469,0.2479276315789469,True,True,True,True,True,0.5159902631579019,1.0
0.97,1.07,0.58,0.0,0.0,1.0,1.0,2.5273790500000003e-05,0.24357,1.3304876179245283e-10,0.0,1.3304876179245283e-10,0.994,0.991,True,True,True,0.01263500000000749,0.007500000000000562,0.15243808962264188,0.15243808962264188,True,True,True,True,True,0.3250111792452918,1.0
0.97,1.07,0.6,0.0,0.0,1.0,1.0,2.5273790500000003e-05,0.24357,1.3119226744186048e-10,0.0,1.3119226744186048e-10,0.994,0.991,True,True,True,0.01263500000000749,0.007500000000000562,0.05961337209302455,0.05961337209302455,True,True,True,True,True,0.13936174418605715,1.0
0.97,1.07,0.62,0.0,0.0,1.0,1.0,2.5273790500000003e-05,0.24357,1.2938686926605504e-10,0.0,1.2938686926605504e-10,0.994,0.991,True,True,True,0.01263500000000749,0.007500000000000562,0.030656536697247282,0.030656536697247282,True,True,True,True,True,0.08144807339450262,1.0
0.97,1.07,0.64,0.0,0.0,1.0,1.0,2.5273790500000003e-05,0.24357,1.2763048642533936e-10,0.0,1.2763048642533936e-10,0.994,0.991,True,True,True,0.01263500000000749,0.007500000000000562,0.11847567873303158,0.11847567873303158,True,True,True,True,True,0.2570863574660712,1.0
0.97,1.07,0.66,0.0,0.0,1.0,1.0,2.5273790500000003e-05,0.24357,1.2592114955357142e-10,0.0,1.2592114955357142e-10,0.994,0.991,True,True,True,0.01263500000000749,0.007500000000000562,0.20394252232142857,0.20394252232142857,True,True,True,True,True,0.4280200446428652,1.0
0.97,1.07,0.68,0.0,0.0,1.0,1.0,2.5273790500000003e-05,0.24357,1.242569933920705e-10,0.0,1.242569933920705e-10,0.994,0.991,True,True,True,0.01263500000000749,0.007500000000000562,0.2871503303964752,0.2871503303964752,True,True,True,True,True,0.5944356607929584,1.0
0.97,1.07,0.7,0.0,0.0,1.0,1.0,2.5273790500000003e-05,0.24357,1.2263625000000002e-10,0.0,1.2263625000000002e-10,0.994,0.991,True,True,True,0.01263500000000749,0.007500000000000562,0.36818749999999845,0.36818749999999845,True,True,True,True,True,0.7565100000000049,1.0
0.97,1.07,0.72,0.0,0.0,1.0,1.0,2.5273790500000003e-05,0.24357,1.210572424892704e-10,0.0,1.210572424892704e-10,0.994,0.991,True,True,True,0.01263500000000749,0.007500000000000562,0.44713787553647977,0.44713787553647977,True,True,True,True,True,0.9144107510729675,1.0
0.97,1.09,0.56,0.0,0.0,1.0,1.0,2.5273790500000003e-05,0.24357,1.3626249999999997e-10,0.0,1.3626249999999997e-10,0.994,0.991,True,True,True,0.01263500000000749,0.007500000000000562,0.31312499999999915,0.31312499999999915,True,True,True,True,True,0.6463850000000064,1.0
0.97,1.09,0.58,0.0,0.0,1.0,1.0,2.5273790500000003e-05,0.24357,1.3433425707547169e-10,0.0,1.3433425707547169e-10,0.994,0.991,True,True,True,0.01263500000000749,0.007500000000000562,0.2167128537735848,0.2167128537735848,True,True,True,True,True,0.45356070754717764,1.0
0.97,1.09,0.6,0.0,0.0,1.0,1.0,2.5273790500000003e-05,0.24357,1.3245982558139534e-10,0.0,1.3245982558139534e-10,0.994,0.991,True,True,True,0.01263500000000749,0.007500000000000562,0.12299127906976755,0.12299127906976755,True,True,True,True,True,0.26611755813954313,1.0
0.97,1.09,0.62,0.0,0.0,1.0,1.0,2.5273790500000003e-05,0.24357,1.3063698394495412e-10,0.0,1.3063698394495412e-10,0.994,0.991,True,True,True,0.01263500000000749,0.007500000000000562,0.0318491972477065,0.0318491972477065,True,True,True,True,True,0.08383339449542104,1.0
0.97,1.09,0.64,0.0,0.0,1.0,1.0,2.5273790500000003e-05,0.24357,1.2886363122171945e-10,0.0,1.2886363122171945e-10,0.994,0.991,True,True,True,0.01263500000000749,0.007500000000000562,0.05681843891402719,0.05681843891402719,True,True,True,True,True,0.13377187782806244,1.0
0.97,1.09,0.66,0.0,0.0,1.0,1.0,2.5273790500000003e-05,0.24357,1.2713777901785713e-10,0.0,1.2713777901785713e-10,0.994,0.991,True,True,True,0.01263500000000749,0.007500000000000562,0.14311104910714317,0.14311104910714317,True,True,True,True,True,0.3063570982142944,1.0
0.97,1.09,0.68,0.0,0.0,1.0,1.0,2.5273790500000003e-05,0.24357,1.254575440528634e-10,0.0,1.254575440528634e-10,0.994,0.991,True,True,True,0.01263500000000749,0.007500000000000562,0.22712279735682905,0.22712279735682905,True,True,True,True,True,0.47438059471366617,1.0
0.97,1.09,0.7,0.0,0.0,1.0,1.0,2.5273790500000003e-05,0.24357,1.2382114130434782e-10,0.0,1.2382114130434782e-10,0.994,0.991,True,True,True,0.01263500000000749,0.007500000000000562,0.30894293478260865,0.30894293478260865,True,True,True,True,True,0.6380208695652254,1.0
0.97,1.09,0.72,0.0,0.0,1.0,1.0,2.5273790500000003e-05,0.24357,1.2222687768240343e-10,0.0,1.2222687768240343e-10,0.994,0.991,True,True,True,0.01263500000000749,0.007500000000000562,0.388656115879828,0.388656115879828,True,True,True,True,True,0.7974472317596641,1.0
0.97,1.11,0.56,0.0,0.0,1.0,1.0,2.5273790500000003e-05,0.24357,1.3756644736842107e-10,0.0,1.3756644736842107e-10,0.994,0.991,True,True,True,0.01263500000000749,0.007500000000000562,0.37832236842105393,0.37832236842105393,True,True,True,True,True,0.7767797368421159,1.0
0.97,1.11,0.58,0.0,0.0,1.0,1.0,2.5273790500000003e-05,0.24357,1.356197523584906e-10,0.0,1.356197523584906e-10,0.994,0.991,True,True,True,0.01263500000000749,0.007500000000000562,0.28098761792453025,0.28098761792453025,True,True,True,True,True,0.5821102358490686,1.0
0.97,1.11,0.6,0.0,0.0,1.0,1.0,2.5273790500000003e-05,0.24357,1.3372738372093025e-10,0.0,1.3372738372093025e-10,0.994,0.991,True,True,True,0.01263500000000749,0.007500000000000562,0.18636918604651315,0.18636918604651315,True,True,True,True,True,0.39287337209303436,1.0
0.97,1.11,0.62,0.0,0.0,1.0,1.0,2.5273790500000003e-05,0.24357,1.3188709862385322e-10,0.0,1.3188709862385322e-10,0.994,0.991,True,True,True,0.01263500000000749,0.007500000000000562,0.09435493119266156,0.09435493119266156,True,True,True,True,True,0.20884486238533118,1.0
0.97,1.11,0.64,0.0,0.0,1.0,1.0,2.5273790500000003e-05,0.24357,1.3009677601809956e-10,0.0,1.3009677601809956e-10,0.994,0.991,True,True,True,0.01263500000000749,0.007500000000000562,0.004838800904978486,0.004838800904978486,True,True,True,True,True,0.02981260180996502,1.0
0.97,1.11,0.66,0.0,0.0,1.0,1.0,2.5273790500000003e-05,0.24357,1.2835440848214286e-10,0.0,1.2835440848214286e-10,0.994,0.991,True,True,True,0.01263500000000749,0.007500000000000562,0.0822795758928565,0.0822795758928565,True,True,True,True,True,0.18469415178572107,1.0
0.97,1.11,0.68,0.0,0.0,1.0,1.0,2.5273790500000003e-05,0.24357,1.266580947136564e-10,0.0,1.266580947136564e-10,0.994,0.991,True,True,True,0.01263500000000749,0.007500000000000562,0.16709526431717903,0.16709526431717903,True,True,True,True,True,0.3543255286343661,1.0
0.97,1.11,0.7,0.0,0.0,1.0,1.0,2.5273790500000003e-05,0.24357,1.2500603260869567e-10,0.0,1.2500603260869567e-10,0.994,0.991,True,True,True,0.01263500000000749,0.007500000000000562,0.24969836956521627,0.24969836956521627,True,True,True,True,True,0.5195317391304406,1.0
0.97,1.11,0.72,0.0,0.0,1.0,1.0,2.5273790500000003e-05,0.24357,1.2339651287553652e-10,0.0,1.2339651287553652e-10,0.994,0.991,True,True,True,0.01263500000000749,0.007500000000000562,0.3301743562231737,0.3301743562231737,True,True,True,True,True,0.6804837124463554,1.0
0.97,1.13,0.56,0.0,0.0,1.0,1.0,2.5273790500000003e-05,0.24357,1.388703947368421e-10,0.0,1.388703947368421e-10,0.994,0.991,True,True,True,0.01263500000000749,0.007500000000000562,0.4435197368421049,0.4435197368421049,True,True,True,True,True,0.9071744736842178,1.0
0.97,1.13,0.58,0.0,0.0,1.0,1.0,2.5273790500000003e-05,0.24357,1.3690524764150943e-10,0.0,1.3690524764150943e-10,0.994,0.991,True,True,True,0.01263500000000749,0.007500000000000562,0.3452623820754719,0.3452623820754719,True,True,True,True,True,0.7106597641509518,1.0
0.97,1.13,0.6,0.0,0.0,1.0,1.0,2.5273790500000003e-05,0.24357,1.349949418604651e-10,0.0,1.349949418604651e-10,0.994,0.991,True,True,True,0.01263500000000749,0.007500000000000562,0.24974709302325612,0.24974709302325612,True,True,True,True,True,0.5196291860465203,1.0
0.97,1.13,0.62,0.0,0.0,1.0,1.0,2.5273790500000003e-05,0.24357,1.3313721330275227e-10,0.0,1.3313721330275227e-10,0.994,0.991,True,True,True,0.01263500000000749,0.007500000000000562,0.15686066513761404,0.15686066513761404,True,True,True,True,True,0.33385633027523615,1.0
0.97,1.13,0.64,0.0,0.0,1.0,1.0,2.5273790500000003e-05,0.24357,1.3132992081447962e-10,0.0,1.3132992081447962e-10,0.994,0.991,True,True,True,0.01263500000000749,0.007500000000000562,0.06649604072398158,0.06649604072398158,True,True,True,True,True,0.15312708144797121,1.0
0.97,1.13,0.66,0.0,0.0,1.0,1.0,2.5273790500000003e-05,0.24357,1.2957103794642857e-10,0.0,1.2957103794642857e-10,0.994,0.991,True,True,True,0.01263500000000749,0.007500000000000562,0.02144810267857112,0.02144810267857112,True,True,True,True,True,0.06303120535715029,1.0
0.97,1.13,0.68,0.0,0.0,1.0,1.0,2.5273790500000003e-05,0.24357,1.2785864537444933e-10,0.0,1.2785864537444933e-10,0.994,0.991,True,True,True,0.01263500000000749,0.007500000000000562,0.1070677312775329,0.1070677312775329,True,True,True,True,True,0.23427046255507383,1.0
0.97,1.13,0.7,0.0,0.0,1.0,1.0,2.5273790500000003e-05,0.24357,1.261909239130435e-10,0.0,1.261909239130435e-10,0.994,0.991,True,True,True,0.01263500000000749,0.007500000000000562,0.19045380434782516,0.19045380434782516,True,True,True,True,True,0.4010426086956584,1.0
0.97,1.13,0.72,0.0,0.0,1.0,1.0,2.5273790500000003e-05,0.24357,1.2456614806866952e-10,0.0,1.2456614806866952e-10,0.994,0.991,True,True,True,0.01263500000000749,0.007500000000000562,0.2716925965665233,0.2716925965665233,True,True,True,True,True,0.5635201931330547,1.0
0.97,1.15,0.56,0.0,0.0,1.0,1.0,2.5273790500000003e-05,0.24357,1.4017434210526316e-10,0.0,1.4017434210526316e-10,0.994,0.991,True,True,True,0.01263500000000749,0.007500000000000562,0.5087171052631584,0.5087171052631584,True,True,True,True,True,1.0375692105263248,1.0
0.97,1.15,0.58,0.0,0.0,1.0,1.0,2.5273790500000003e-05,0.24357,1.381907429245283e-10,0.0,1.381907429245283e-10,0.994,0.991,True,True,True,0.01263500000000749,0.007500000000000562,0.40953714622641607,0.40953714622641607,True,True,True,True,True,0.8392092924528403,1.0
0.97,1.15,0.6,0.0,0.0,1.0,1.0,2.5273790500000003e-05,0.24357,1.362625e-10,0.0,1.362625e-10,0.994,0.991,True,True,True,0.01263500000000749,0.007500000000000562,0.31312500000000043,0.31312500000000043,True,True,True,True,True,0.6463850000000089,1.0
0.97,1.15,0.62,0.0,0.0,1.0,1.0,2.5273790500000003e-05,0.24357,1.3438732798165137e-10,0.0,1.3438732798165137e-10,0.994,0.991,True,True,True,0.01263500000000749,0.007500000000000562,0.2193663990825691,0.2193663990825691,True,True,True,True,True,0.4588677981651463,1.0
0.97,1.15,0.64,0.0,0.0,1.0,1.0,2.5273790500000003e-05,0.24357,1.3256306561085974e-10,0.0,1.3256306561085974e-10,0.994,0.991,True,True,True,0.01263500000000749,0.007500000000000562,0.12815328054298727,0.12815328054298727,True,True,True,True,True,0.2764415610859826,1.0
0.97,1.15,0.66,0.0,0.0,1.0,1.0,2.5273790500000003e-05,0.24357,1.3078766741071428e-10,0.0,1.3078766741071428e-10,0.994,0.991,True,True,True,0.01263500000000749,0.007500000000000562,0.039383370535714265,0.039383370535714265,True,True,True,True,True,0.09890174107143658,1.0
0.97,1.15,0.68,0.0,0.0,1.0,1.0,2.5273790500000003e-05,0.24357,1.2905919603524228e-10,0.0,1.2905919603524228e-10,0.994,0.991,True,True,True,0.01263500000000749,0.007500000000000562,0.04704019823788546,0.04704019823788546,True,True,True,True,True,0.11421539647577897,1.0
0.97,1.15,0.7,0.0,0.0,1.0,1.0,2.5273790500000003e-05,0.24357,1.273758152173913e-10,0.0,1.273758152173913e-10,0.994,0.991,True,True,True,0.01263500000000749,0.007500000000000562,0.13120923913043409,0.13120923913043409,True,True,True,True,True,0.28255347826087623,1.0
0.97,1.15,0.72,0.0,0.0,1.0,1.0,2.5273790500000003e-05,0.24357,1.2573578326180259e-10,0.0,1.2573578326180259e-10,0.994,0.991,True,True,True,0.01263500000000749,0.007500000000000562,0.21321083690987028,0.21321083690987028,True,True,True,True,True,0.4465566738197486,1.0
0.98,1.03,0.56,0.0,0.0,1.0,1.0,2.5272527e-05,0.24358000000000002,1.3275131578947368e-10,0.0,1.3275131578947368e-10,0.996,0.994,True,True,True,0.008423333333330797,0.0049999999999980616,0.13756578947368472,0.13756578947368472,True,True,True,True,True,0.2885549122806983,1.0
0.98,1.03,0.58,0.0,0.0,1.0,1.0,2.5272527e-05,0.24358000000000002,1.3087275943396227e-10,0.0,1.3087275943396227e-10,0.996,0.994,True,True,True,0.008423333333330797,0.0049999999999980616,0.043637971698114036,0.043637971698114036,True,True,True,True,True,0.10069927672955693,1.0
0.98,1.03,0.6,0.0,0.0,1.0,1.0,2.5272527e-05,0.24358000000000002,1.2904662790697674e-10,0.0,1.2904662790697674e-10,0.996,0.994,True,True,True,0.008423333333330797,0.0049999999999980616,0.04766860465116237,0.04766860465116237,True,True,True,True,True,0.1087605426356536,1.0
0.98,1.03,0.62,0.0,0.0,1.0,1.0,2.5272527e-05,0.24358000000000002,1.2727075688073395e-10,0.0,1.2727075688073395e-10,0.996,0.994,True,True,True,0.008423333333330797,0.0049999999999980616,0.13646215596330188,0.13646215596330188,True,True,True,True,True,0.2863476452599326,1.0
0.98,1.03,0.64,0.0,0.0,1.0,1.0,2.5272527e-05,0.24358000000000002,1.255430995475113e-10,0.0,1.255430995475113e-10,0.996,0.994,True,True,True,0.008423333333330797,0.0049999999999980616,0.22284502262443395,0.22284502262443395,True,True,True,True,True,0.45911337858219675,1.0
0.98,1.03,0.66,0.0,0.0,1.0,1.0,2.5272527e-05,0.24358000000000002,1.2386171875e-10,0.0,1.2386171875e-10,0.996,0.994,True,True,True,0.008423333333330797,0.0049999999999980616,0.3069140624999993,0.3069140624999993,True,True,True,True,True,0.6272514583333275,1.0
0.98,1.03,0.68,0.0,0.0,1.0,1.0,2.5272527e-05,0.24358000000000002,1.2222477973568282e-10,0.0,1.2222477973568282e-10,0.996,0.994,True,True,True,0.008423333333330797,0.0049999999999980616,0.38876101321585843,0.38876101321585843,True,True,True,True,True,0.7909453597650458,1.0
0.98,1.03,0.7,0.0,0.0,1.0,1.0,2.5272527e-05,0.24358000000000002,1.2063054347826087e-10,0.0,1.2063054347826087e-10,0.996,0.994,True,True,True,0.008423333333330797,0.0049999999999980616,0.46847282608695584,0.46847282608695584,True,True,True,True,True,0.9503689855072406,1.0
0.98,1.03,0.72,0.0,0.0,1.0,1.0,2.5272527e-05,0.24358000000000002,1.1907736051502149e-10,0.0,1.1907736051502149e-10,0.996,0.994,True,True,True,0.008423333333330797,0.0049999999999980616,0.5461319742489252,0.5461319742489252,True,True,True,True,True,1.1056872818311794,1.0
0.98,1.05,0.56,0.0,0.0,1.0,1.0,2.5272527e-05,0.24358000000000002,1.3405921052631576e-10,0.0,1.3405921052631576e-10,0.996,0.994,True,True,True,0.008423333333330797,0.0049999999999980616,0.20296052631578862,0.20296052631578862,True,True,True,True,True,0.4193443859649061,1.0
0.98,1.05,0.58,0.0,0.0,1.0,1.0,2.5272527e-05,0.24358000000000002,1.3216214622641507e-10,0.0,1.3216214622641507e-10,0.996,0.994,True,True,True,0.008423333333330797,0.0049999999999980616,0.10810731132075413,0.10810731132075413,True,True,True,True,True,0.2296379559748371,1.0
0.98,1.05,0.6,0.0,0.0,1.0,1.0,2.5272527e-05,0.24358000000000002,1.3031802325581393e-10,0.0,1.3031802325581393e-10,0.996,0.994,True,True,True,0.008423333333330797,0.0049999999999980616,0.015901162790696782,0.015901162790696782,True,True,True,True,True,0.045225658914722425,1.0
0.98,1.05,0.62,0.0,0.0,1.0,1.0,2.5272527e-05,0.24358000000000002,1.2852465596330274e-10,0.0,1.2852465596330274e-10,0.996,0.994,True,True,True,0.008423333333330797,0.0049999999999980616,0.07376720183486261,0.07376720183486261,True,True,True,True,True,0.1609577370030541,1.0
0.98,1.05,0.64,0.0,0.0,1.0,1.0,2.5272527e-05,0.24358000000000002,1.267799773755656e-10,0.0,1.267799773755656e-10,0.996,0.994,True,True,True,0.008423333333330797,0.0049999999999980616,0.16100113122171975,0.16100113122171975,True,True,True,True,True,0.33542559577676834,1.0
0.98,1.05,0.66,0.0,0.0,1.0,1.0,2.5272527e-05,0.24358000000000002,1.2508203124999997e-10,0.0,1.2508203124999997e-10,0.996,0.994,True,True,True,0.008423333333330797,0.0049999999999980616,0.24589843750000095,0.24589843750000095,True,True,True,True,True,0.5052202083333308,1.0
0.98,1.05,0.68,0.0,0.0,1.0,1.0,2.5272527e-05,0.24358000000000002,1.2342896475770923e-10,0.0,1.2342896475770923e-10,0.996,0.994,True,True,True,0.008423333333330797,0.0049999999999980616,0.32855176211453796,0.32855176211453796,True,True,True,True,True,0.6705268575624048,1.0
0.98,1.05,0.7,0.0,0.0,1.0,1.0,2.5272527e-05,0.24358000000000002,1.2181902173913044e-10,0.0,1.2181902173913044e-10,0.996,0.994,True,True,True,0.008423333333330797,0.0049999999999980616,0.4090489130434777,0.4090489130434777,True,True,True,True,True,0.8315211594202843,1.0
0.98,1.05,0.72,0.0,0.0,1.0,1.0,2.5272527e-05,0.24358000000000002,1.202505364806867e-10,0.0,1.202505364806867e-10,0.996,0.994,True,True,True,0.008423333333330797,0.0049999999999980616,0.4874731759656647,0.4874731759656647,True,True,True,True,True,0.9883696852646582,1.0
0.98,1.07,0.56,0.0,0.0,1.0,1.0,2.5272527e-05,0.24358000000000002,1.353671052631579e-10,0.0,1.353671052631579e-10,0.996,0.994,True,True,True,0.008423333333330797,0.0049999999999980616,0.2683552631578951,0.2683552631578951,True,True,True,True,True,0.550133859649119,1.0
0.98,1.07,0.58,0.0,0.0,1.0,1.0,2.5272527e-05,0.24358000000000002,1.3345153301886795e-10,0.0,1.3345153301886795e-10,0.996,0.994,True,True,True,0.008423333333330797,0.0049999999999980616,0.1725766509433981,0.1725766509433981,True,True,True,True,True,0.35857663522012506,1.0
0.98,1.07,0.6,0.0,0.0,1.0,1.0,2.5272527e-05,0.24358000000000002,1.3158941860465119e-10,0.0,1.3158941860465119e-10,0.996,0.994,True,True,True,0.008423333333330797,0.0049999999999980616,0.07947093023255981,0.07947093023255981,True,True,True,True,True,0.1723651937984485,1.0
0.98,1.07,0.62,0.0,0.0,1.0,1.0,2.5272527e-05,0.24358000000000002,1.2977855504587157e-10,0.0,1.2977855504587157e-10,0.996,0.994,True,True,True,0.008423333333330797,0.0049999999999980616,0.01107224770642078,0.01107224770642078,True,True,True,True,True,0.03556782874617041,1.0
0.98,1.07,0.64,0.0,0.0,1.0,1.0,2.5272527e-05,0.24358000000000002,1.2801685520361993e-10,0.0,1.2801685520361993e-10,0.996,0.994,True,True,True,0.008423333333330797,0.0049999999999980616,0.09915723981900297,0.09915723981900297,True,True,True,True,True,0.21173781297133482,1.0
0.98,1.07,0.66,0.0,0.0,1.0,1.0,2.5272527e-05,0.24358000000000002,1.2630234375000002e-10,0.0,1.2630234375000002e-10,0.996,0.994,True,True,True,0.008423333333330797,0.0049999999999980616,0.18488281249999872,0.18488281249999872,True,True,True,True,True,0.3831889583333263,1.0
0.98,1.07,0.68,0.0,0.0,1.0,1.0,2.5272527e-05,0.24358000000000002,1.246331497797357e-10,0.0,1.246331497797357e-10,0.996,0.994,True,True,True,0.008423333333330797,0.0049999999999980616,0.2683425110132149,0.2683425110132149,True,True,True,True,True,0.5501083553597585,1.0
0.98,1.07,0.7,0.0,0.0,1.0,1.0,2.5272527e-05,0.24358000000000002,1.2300750000000003e-10,0.0,1.2300750000000003e-10,0.996,0.994,True,True,True,0.008423333333330797,0.0049999999999980616,0.3496249999999982,0.3496249999999982,True,True,True,True,True,0.7126733333333253,1.0
0.98,1.07,0.72,0.0,0.0,1.0,1.0,2.5272527e-05,0.24358000000000002,1.2142371244635196e-10,0.0,1.2142371244635196e-10,0.996,0.994,True,True,True,0.008423333333330797,0.0049999999999980616,0.4288143776824015,0.4288143776824015,True,True,True,True,True,0.8710520886981319,1.0
0.98,1.09,0.56,0.0,0.0,1.0,1.0,2.5272527e-05,0.24358000000000002,1.3667499999999997e-10,0.0,1.3667499999999997e-10,0.996,0.994,True,True,True,0.008423333333330797,0.0049999999999980616,0.333749999999999,0.333749999999999,True,True,True,True,True,0.6809233333333269,1.0
0.98,1.09,0.58,0.0,0.0,1.0,1.0,2.5272527e-05,0.24358000000000002,1.3474091981132073e-10,0.0,1.3474091981132073e-10,0.996,0.994,True,True,True,0.008423333333330797,0.0049999999999980616,0.23704599056603692,0.23704599056603692,True,True,True,True,True,0.4875153144654027,1.0
0.98,1.09,0.6,0.0,0.0,1.0,1.0,2.5272527e-05,0.24358000000000002,1.3286081395348834e-10,0.0,1.3286081395348834e-10,0.996,0.994,True,True,True,0.008423333333330797,0.0049999999999980616,0.14304069767441766,0.14304069767441766,True,True,True,True,True,0.29950472868216416,1.0
0.98,1.09,0.62,0.0,0.0,1.0,1.0,2.5272527e-05,0.24358000000000002,1.3103245412844033e-10,0.0,1.3103245412844033e-10,0.996,0.994,True,True,True,0.008423333333330797,0.0049999999999980616,0.05162270642201718,0.05162270642201718,True,True,True,True,True,0.11666874617736323,1.0
0.98,1.09,0.64,0.0,0.0,1.0,1.0,2.5272527e-05,0.24358000000000002,1.292537330316742e-10,0.0,1.292537330316742e-10,0.996,0.994,True,True,True,0.008423333333330797,0.0049999999999980616,0.03731334841629006,0.03731334841629006,True,True,True,True,True,0.08805003016590898,1.0
0.98,1.09,0.66,0.0,0.0,1.0,1.0,2.5272527e-05,0.24358000000000002,1.2752265624999998e-10,0.0,1.2752265624999998e-10,0.996,0.994,True,True,True,0.008423333333330797,0.0049999999999980616,0.12386718750000036,0.12386718750000036,True,True,True,True,True,0.2611577083333296,1.0
0.98,1.09,0.68,0.0,0.0,1.0,1.0,2.5272527e-05,0.24358000000000002,1.2583733480176208e-10,0.0,1.2583733480176208e-10,0.996,0.994,True,True,True,0.008423333333330797,0.0049999999999980616,0.20813325991189568,0.20813325991189568,True,True,True,True,True,0.4296898531571202,1.0
0.98,1.09,0.7,0.0,0.0,1.0,1.0,2.5272527e-05,0.24358000000000002,1.2419597826086957e-10,0.0,1.2419597826086957e-10,0.996,0.994,True,True,True,0.008423333333330797,0.0049999999999980616,0.2902010869565213,0.2902010869565213,True,True,True,True,True,0.5938255072463714,1.0
0.98,1.09,0.72,0.0,0.0,1.0,1.0,2.5272527e-05,0.24358000000000002,1.2259688841201715e-10,0.0,1.2259688841201715e-10,0.996,0.994,True,True,True,0.008423333333330797,0.0049999999999980616,0.37015557939914223,0.37015557939914223,True,True,True,True,True,0.7537344921316134,1.0
0.98,1.11,0.56,0.0,0.0,1.0,1.0,2.5272527e-05,0.24358000000000002,1.379828947368421e-10,0.0,1.379828947368421e-10,0.996,0.994,True,True,True,0.008423333333330797,0.0049999999999980616,0.3991447368421055,0.3991447368421055,True,True,True,True,True,0.8117128070175399,1.0
0.98,1.11,0.58,0.0,0.0,1.0,1.0,2.5272527e-05,0.24358000000000002,1.360303066037736e-10,0.0,1.360303066037736e-10,0.996,0.994,True,True,True,0.008423333333330797,0.0049999999999980616,0.3015153301886809,0.3015153301886809,True,True,True,True,True,0.6164539937106905,1.0
0.98,1.11,0.6,0.0,0.0,1.0,1.0,2.5272527e-05,0.24358000000000002,1.341322093023256e-10,0.0,1.341322093023256e-10,0.996,0.994,True,True,True,0.008423333333330797,0.0049999999999980616,0.2066104651162807,0.2066104651162807,True,True,True,True,True,0.42664426356589025,1.0
0.98,1.11,0.62,0.0,0.0,1.0,1.0,2.5272527e-05,0.24358000000000002,1.322863532110092e-10,0.0,1.322863532110092e-10,0.996,0.994,True,True,True,0.008423333333330797,0.0049999999999980616,0.11431766055046032,0.11431766055046032,True,True,True,True,True,0.2420586544342495,1.0
0.98,1.11,0.64,0.0,0.0,1.0,1.0,2.5272527e-05,0.24358000000000002,1.3049061085972852e-10,0.0,1.3049061085972852e-10,0.996,0.994,True,True,True,0.008423333333330797,0.0049999999999980616,0.02453054298642672,0.02453054298642672,True,True,True,True,True,0.0624844193061823,1.0
0.98,1.11,0.66,0.0,0.0,1.0,1.0,2.5272527e-05,0.24358000000000002,1.2874296875e-10,0.0,1.2874296875e-10,0.996,0.994,True,True,True,0.008423333333330797,0.0049999999999980616,0.06285156249999942,0.06285156249999942,True,True,True,True,True,0.1391264583333277,1.0
0.98,1.11,0.68,0.0,0.0,1.0,1.0,2.5272527e-05,0.24358000000000002,1.2704151982378856e-10,0.0,1.2704151982378856e-10,0.996,0.994,True,True,True,0.008423333333330797,0.0049999999999980616,0.14792400881057133,0.14792400881057133,True,True,True,True,True,0.3092713509544715,1.0
0.98,1.11,0.7,0.0,0.0,1.0,1.0,2.5272527e-05,0.24358000000000002,1.2538445652173915e-10,0.0,1.2538445652173915e-10,0.996,0.994,True,True,True,0.008423333333330797,0.0049999999999980616,0.2307771739130418,0.2307771739130418,True,True,True,True,True,0.47497768115941247,1.0
0.98,1.11,0.72,0.0,0.0,1.0,1.0,2.5272527e-05,0.24358000000000002,1.2377006437768244e-10,0.0,1.2377006437768244e-10,0.996,0.994,True,True,True,0.008423333333330797,0.0049999999999980616,0.31149678111587775,0.31149678111587775,True,True,True,True,True,0.6364168955650844,1.0
0.98,1.13,0.56,0.0,0.0,1.0,1.0,2.5272527e-05,0.24358000000000002,1.3929078947368418e-10,0.0,1.3929078947368418e-10,0.996,0.994,True,True,True,0.008423333333330797,0.0049999999999980616,0.4645394736842094,0.4645394736842094,True,True,True,True,True,0.9425022807017476,1.0
0.98,1.13,0.58,0.0,0.0,1.0,1.0,2.5272527e-05,0.24358000000000002,1.3731969339622638e-10,0.0,1.3731969339622638e-10,0.996,0.994,True,True,True,0.008423333333330797,0.0049999999999980616,0.3659846698113197,0.3659846698113197,True,True,True,True,True,0.7453926729559683,1.0
0.98,1.13,0.6,0.0,0.0,1.0,1.0,2.5272527e-05,0.24358000000000002,1.3540360465116276e-10,0.0,1.3540360465116276e-10,0.996,0.994,True,True,True,0.008423333333330797,0.0049999999999980616,0.27018023255813856,0.27018023255813856,True,True,True,True,True,0.5537837984496059,1.0
0.98,1.13,0.62,0.0,0.0,1.0,1.0,2.5272527e-05,0.24358000000000002,1.3354025229357796e-10,0.0,1.3354025229357796e-10,0.996,0.994,True,True,True,0.008423333333330797,0.0049999999999980616,0.17701261467889828,0.17701261467889828,True,True,True,True,True,0.3674485626911254,1.0
0.98,1.13,0.64,0.0,0.0,1.0,1.0,2.5272527e-05,0.24358000000000002,1.3172748868778278e-10,0.0,1.3172748868778278e-10,0.996,0.994,True,True,True,0.008423333333330797,0.0049999999999980616,0.08637443438913962,0.08637443438913962,True,True,True,True,True,0.18617220211160812,1.0
0.98,1.13,0.66,0.0,0.0,1.0,1.0,2.5272527e-05,0.24358000000000002,1.2996328124999997e-10,0.0,1.2996328124999997e-10,0.996,0.994,True,True,True,0.008423333333330797,0.0049999999999980616,0.0018359375000010479,0.0018359375000010479,True,True,True,True,True,0.017095208333330954,1.0
0.98,1.13,0.68,0.0,0.0,1.0,1.0,2.5272527e-05,0.24358000000000002,1.2824570484581495e-10,0.0,1.2824570484581495e-10,0.996,0.994,True,True,True,0.008423333333330797,0.0049999999999980616,0.08771475770925213,0.08771475770925213,True,True,True,True,True,0.1888528487518331,1.0
0.98,1.13,0.7,0.0,0.0,1.0,1.0,2.5272527e-05,0.24358000000000002,1.265729347826087e-10,0.0,1.265729347826087e-10,0.996,0.994,True,True,True,0.008423333333330797,0.0049999999999980616,0.17135326086956493,0.17135326086956493,True,True,True,True,True,0.3561298550724587,1.0
0.98,1.13,0.72,0.0,0.0,1.0,1.0,2.5272527e-05,0.24358000000000002,1.2494324034334762e-10,0.0,1.2494324034334762e-10,0.996,0.994,True,True,True,0.008423333333330797,0.0049999999999980616,0.2528379828326185,0.2528379828326185,True,True,True,True,True,0.5190992989985659,1.0
0.98,1.15,0.56,0.0,0.0,1.0,1.0,2.5272527e-05,0.24358000000000002,1.405986842105263e-10,0.0,1.405986842105263e-10,0.996,0.994,True,True,True,0.008423333333330797,0.0049999999999980616,0.5299342105263158,0.5299342105263158,True,True,True,True,True,1.0732917543859606,1.0
0.98,1.15,0.58,0.0,0.0,1.0,1.0,2.5272527e-05,0.24358000000000002,1.3860908018867924e-10,0.0,1.3860908018867924e-10,0.996,0.994,True,True,True,0.008423333333330797,0.0049999999999980616,0.4304540094339624,0.4304540094339624,True,True,True,True,True,0.8743313522012537,1.0
0.98,1.15,0.6,0.0,0.0,1.0,1.0,2.5272527e-05,0.24358000000000002,1.36675e-10,0.0,1.36675e-10,0.996,0.994,True,True,True,0.008423333333330797,0.0049999999999980616,0.33375000000000027,0.33375000000000027,True,True,True,True,True,0.6809233333333293,1.0
0.98,1.15,0.62,0.0,0.0,1.0,1.0,2.5272527e-05,0.24358000000000002,1.347941513761468e-10,0.0,1.347941513761468e-10,0.996,0.994,True,True,True,0.008423333333330797,0.0049999999999980616,0.23970756880734012,0.23970756880734012,True,True,True,True,True,0.4928384709480091,1.0
0.98,1.15,0.64,0.0,0.0,1.0,1.0,2.5272527e-05,0.24358000000000002,1.329643665158371e-10,0.0,1.329643665158371e-10,0.996,0.994,True,True,True,0.008423333333330797,0.0049999999999980616,0.14821832579185512,0.14821832579185512,True,True,True,True,True,0.3098599849170391,1.0
0.98,1.15,0.66,0.0,0.0,1.0,1.0,2.5272527e-05,0.24358000000000002,1.3118359375e-10,0.0,1.3118359375e-10,0.996,0.994,True,True,True,0.008423333333330797,0.0049999999999980616,0.0591796874999999,0.0591796874999999,True,True,True,True,True,0.13178270833332867,1.0
0.98,1.15,0.68,0.0,0.0,1.0,1.0,2.5272527e-05,0.24358000000000002,1.294498898678414e-10,0.0,1.294498898678414e-10,0.996,0.994,True,True,True,0.008423333333330797,0.0049999999999980616,0.02750550660792907,0.02750550660792907,True,True,True,True,True,0.068434346549187,1.0
0.98,1.15,0.7,0.0,0.0,1.0,1.0,2.5272527e-05,0.24358000000000002,1.2776141304347826e-10,0.0,1.2776141304347826e-10,0.996,0.994,True,True,True,0.008423333333330797,0.0049999999999980616,0.11192934782608674,0.11192934782608674,True,True,True,True,True,0.23728202898550232,1.0
0.98,1.15,0.72,0.0,0.0,1.0,1.0,2.5272527e-05,0.24358000000000002,1.2611641630901288e-10,0.0,1.2611641630901288e-10,0.996,0.994,True,True,True,0.008423333333330797,0.0049999999999980616,0.19417918454935532,0.19417918454935532,True,True,True,True,True,0.4017817024320395,1.0
0.99,1.03,0.56,0.0,0.0,1.0,1.0,2.5271263500000003e-05,0.24359,1.3315197368421053e-10,0.0,1.3315197368421053e-10,0.998,0.997,True,True,True,0.004211666666676692,0.0025000000000025002,0.15759868421052697,0.15759868421052697,True,True,True,True,True,0.32190903508773316,1.0
0.99,1.03,0.58,0.0,0.0,1.0,1.0,2.5271263500000003e-05,0.24359,1.3126774764150946e-10,0.0,1.3126774764150946e-10,0.998,0.997,True,True,True,0.004211666666676692,0.0025000000000025002,0.06338738207547329,0.06338738207547329,True,True,True,True,True,0.13348643081762576,1.0
0.99,1.03,0.6,0.0,0.0,1.0,1.0,2.5271263500000003e-05,0.24359,1.294361046511628e-10,0.0,1.294361046511628e-10,0.998,0.997,True,True,True,0.004211666666676692,0.0025000000000025002,0.028194767441859413,0.028194767441859413,True,True,True,True,True,0.06310120155039803,1.0
0.99,1.03,0.62,0.0,0.0,1.0,1.0,2.5271263500000003e-05,0.24359,1.27654873853211e-10,0.0,1.27654873853211e-10,0.998,0.997,True,True,True,0.004211666666676692,0.0025000000000025002,0.11725630733944892,0.11725630733944892,True,True,True,True,True,0.24122428134557702,1.0
0.99,1.03,0.64,0.0,0.0,1.0,1.0,2.5271263500000003e-05,0.24359,1.2592200226244344e-10,0.0,1.2592200226244344e-10,0.998,0.997,True,True,True,0.004211666666676692,0.0025000000000025002,0.20389988687782754,0.20389988687782754,True,True,True,True,True,0.41451144042233423,1.0
0.99,1.03,0.66,0.0,0.0,1.0,1.0,2.5271263500000003e-05,0.24359,1.24235546875e-10,0.0,1.24235546875e-10,0.998,0.997,True,True,True,0.004211666666676692,0.0025000000000025002,0.2882226562499993,0.2882226562499993,True,True,True,True,True,0.5831569791666779,1.0
0.99,1.03,0.68,0.0,0.0,1.0,1.0,2.5271263500000003e-05,0.24359,1.2259366740088105e-10,0.0,1.2259366740088105e-10,0.998,0.997,True,True,True,0.004211666666676692,0.0025000000000025002,0.37031662995594683,0.37031662995594683,True,True,True,True,True,0.7473449265785729,1.0
0.99,1.03,0.7,0.0,0.0,1.0,1.0,2.5271263500000003e-05,0.24359,1.2099461956521742e-10,0.0,1.2099461956521742e-10,0.998,0.997,True,True,True,0.004211666666676692,0.0025000000000025002,0.45026902173912847,0.45026902173912847,True,True,True,True,True,0.9072497101449362,1.0
0.99,1.03,0.72,0.0,0.0,1.0,1.0,2.5271263500000003e-05,0.24359,1.1943674892703864e-10,0.0,1.1943674892703864e-10,0.998,0.997,True,True,True,0.004211666666676692,0.0025000000000025002,0.5281625536480673,0.5281625536480673,True,True,True,True,True,1.0630367739628137,1.0
0.99,1.05,0.56,0.0,0.0,1.0,1.0,2.5271263500000003e-05,0.24359,1.3446381578947364e-10,0.0,1.3446381578947364e-10,0.998,0.997,True,True,True,0.004211666666676692,0.0025000000000025002,0.22319078947368254,0.22319078947368254,True,True,True,True,True,0.4530932456140443,1.0
0.99,1.05,0.58,0.0,0.0,1.0,1.0,2.5271263500000003e-05,0.24359,1.325610259433962e-10,0.0,1.325610259433962e-10,0.998,0.997,True,True,True,0.004211666666676692,0.0025000000000025002,0.1280512971698106,0.1280512971698106,True,True,True,True,True,0.26281426100630034,1.0
0.99,1.05,0.6,0.0,0.0,1.0,1.0,2.5271263500000003e-05,0.24359,1.307113372093023e-10,0.0,1.307113372093023e-10,0.998,0.997,True,True,True,0.004211666666676692,0.0025000000000025002,0.03556686046511589,0.03556686046511589,True,True,True,True,True,0.07784538759691098,1.0
0.99,1.05,0.62,0.0,0.0,1.0,1.0,2.5271263500000003e-05,0.24359,1.289125573394495e-10,0.0,1.289125573394495e-10,0.998,0.997,True,True,True,0.004211666666676692,0.0025000000000025002,0.05437213302752418,0.05437213302752418,True,True,True,True,True,0.11545593272172755,1.0
0.99,1.05,0.64,0.0,0.0,1.0,1.0,2.5271263500000003e-05,0.24359,1.2716261312217192e-10,0.0,1.2716261312217192e-10,0.998,0.997,True,True,True,0.004211666666676692,0.0025000000000025002,0.14186934389140354,0.14186934389140354,True,True,True,True,True,0.2904503544494863,1.0
0.99,1.05,0.66,0.0,0.0,1.0,1.0,2.5271263500000003e-05,0.24359,1.2545954241071426e-10,0.0,1.2545954241071426e-10,0.998,0.997,True,True,True,0.004211666666676692,0.0025000000000025002,0.2270228794642867,0.2270228794642867,True,True,True,True,True,0.46075742559525257,1.0
0.99,1.05,0.68,0.0,0.0,1.0,1.0,2.5271263500000003e-05,0.24359,1.2380148678414095e-10,0.0,1.2380148678414095e-10,0.998,0.997,True,True,True,0.004211666666676692,0.0025000000000025002,0.309925660792952,0.309925660792952,True,True,True,True,True,0.6265629882525832,1.0
0.99,1.05,0.7,0.0,0.0,1.0,1.0,2.5271263500000003e-05,0.24359,1.2218668478260868e-10,0.0,1.2218668478260868e-10,0.998,0.997,True,True,True,0.004211666666676692,0.0025000000000025002,0.3906657608695658,0.3906657608695658,True,True,True,True,True,0.7880431884058108,1.0
0.99,1.05,0.72,0.0,0.0,1.0,1.0,2.5271263500000003e-05,0.24359,1.2061346566523603e-10,0.0,1.2061346566523603e-10,0.998,0.997,True,True,True,0.004211666666676692,0.0025000000000025002,0.46932671673819787,0.46932671673819787,True,True,True,True,True,0.945365100143075,1.0
0.99,1.07,0.56,0.0,0.0,1.0,1.0,2.5271263500000003e-05,0.24359,1.3577565789473686e-10,0.0,1.3577565789473686e-10,0.998,0.997,True,True,True,0.004211666666676692,0.0025000000000025002,0.28878289473684327,0.28878289473684327,True,True,True,True,True,0.5842774561403657,1.0
0.99,1.07,0.58,0.0,0.0,1.0,1.0,2.5271263500000003e-05,0.24359,1.3385430424528305e-10,0.0,1.3385430424528305e-10,0.998,0.997,True,True,True,0.004211666666676692,0.0025000000000025002,0.19271521226415303,0.19271521226415303,True,True,True,True,True,0.3921420911949852,1.0
0.99,1.07,0.6,0.0,0.0,1.0,1.0,2.5271263500000003e-05,0.24359,1.3198656976744187e-10,0.0,1.3198656976744187e-10,0.998,0.997,True,True,True,0.004211666666676692,0.0025000000000025002,0.09932848837209378,0.09932848837209378,True,True,True,True,True,0.20536864341086675,1.0
0.99,1.07,0.62,0.0,0.0,1.0,1.0,2.5271263500000003e-05,0.24359,1.3017024082568808e-10,0.0,1.3017024082568808e-10,0.998,0.997,True,True,True,0.004211666666676692,0.0025000000000025002,0.008512041284404432,0.008512041284404432,True,True,True,True,True,0.023735749235488057,1.0
0.99,1.07,0.64,0.0,0.0,1.0,1.0,2.5271263500000003e-05,0.24359,1.2840322398190048e-10,0.0,1.2840322398190048e-10,0.998,0.997,True,True,True,0.004211666666676692,0.0025000000000025002,0.07983880090497565,0.07983880090497565,True,True,True,True,True,0.1663892684766305,1.0
0.99,1.07,0.66,0.0,0.0,1.0,1.0,2.5271263500000003e-05,0.24359,1.266835379464286e-10,0.0,1.266835379464286e-10,0.998,0.997,True,True,True,0.004211666666676692,0.0025000000000025002,0.16582310267857017,0.16582310267857017,True,True,True,True,True,0.3383578720238195,1.0
0.99,1.07,0.68,0.0,0.0,1.0,1.0,2.5271263500000003e-05,0.24359,1.250093061674009e-10,0.0,1.250093061674009e-10,0.998,0.997,True,True,True,0.004211666666676692,0.0025000000000025002,0.24953469162995456,0.24953469162995456,True,True,True,True,True,0.5057810499265883,1.0
0.99,1.07,0.7,0.0,0.0,1.0,1.0,2.5271263500000003e-05,0.24359,1.2337875000000003e-10,0.0,1.2337875000000003e-10,0.998,0.997,True,True,True,0.004211666666676692,0.0025000000000025002,0.33106249999999793,0.33106249999999793,True,True,True,True,True,0.6688366666666751,1.0
0.99,1.07,0.72,0.0,0.0,1.0,1.0,2.5271263500000003e-05,0.24359,1.217901824034335e-10,0.0,1.217901824034335e-10,0.998,0.997,True,True,True,0.004211666666676692,0.0025000000000025002,0.41049087982832455,0.41049087982832455,True,True,True,True,True,0.8276934263233283,1.0
0.99,1.09,0.56,0.0,0.0,1.0,1.0,2.5271263500000003e-05,0.24359,1.3708749999999997e-10,0.0,1.3708749999999997e-10,0.998,0.997,True,True,True,0.004211666666676692,0.0025000000000025002,0.3543749999999989,0.3543749999999989,True,True,True,True,True,0.715461666666677,1.0
0.99,1.09,0.58,0.0,0.0,1.0,1.0,2.5271263500000003e-05,0.24359,1.351475825471698e-10,0.0,1.351475825471698e-10,0.998,0.997,True,True,True,0.004211666666676692,0.0025000000000025002,0.25737912735849033,0.25737912735849033,True,True,True,True,True,0.5214699213836599,1.0
0.99,1.09,0.6,0.0,0.0,1.0,1.0,2.5271263500000003e-05,0.24359,1.3326180232558137e-10,0.0,1.3326180232558137e-10,0.998,0.997,True,True,True,0.004211666666676692,0.0025000000000025002,0.16309011627906908,0.16309011627906908,True,True,True,True,True,0.3328918992248173,1.0
0.99,1.09,0.62,0.0,0.0,1.0,1.0,2.5271263500000003e-05,0.24359,1.314279243119266e-10,0.0,1.314279243119266e-10,0.998,0.997,True,True,True,0.004211666666676692,0.0025000000000025002,0.07139621559633046,0.07139621559633046,True,True,True,True,True,0.1495040978593401,1.0
0.99,1.09,0.64,0.0,0.0,1.0,1.0,2.5271263500000003e-05,0.24359,1.2964383484162893e-10,0.0,1.2964383484162893e-10,0.998,0.997,True,True,True,0.004211666666676692,0.0025000000000025002,0.017808257918552933,0.017808257918552933,True,True,True,True,True,0.04232818250378506,1.0
0.99,1.09,0.66,0.0,0.0,1.0,1.0,2.5271263500000003e-05,0.24359,1.2790753348214284e-10,0.0,1.2790753348214284e-10,0.998,0.997,True,True,True,0.004211666666676692,0.0025000000000025002,0.10462332589285754,0.10462332589285754,True,True,True,True,True,0.21595831845239427,1.0
0.99,1.09,0.68,0.0,0.0,1.0,1.0,2.5271263500000003e-05,0.24359,1.2621712555066077e-10,0.0,1.2621712555066077e-10,0.998,0.997,True,True,True,0.004211666666676692,0.0025000000000025002,0.18914372246696104,0.18914372246696104,True,True,True,True,True,0.3849991116006013,1.0
0.99,1.09,0.7,0.0,0.0,1.0,1.0,2.5271263500000003e-05,0.24359,1.2457081521739129e-10,0.0,1.2457081521739129e-10,0.998,0.997,True,True,True,0.004211666666676692,0.0025000000000025002,0.27145923913043524,0.27145923913043524,True,True,True,True,True,0.5496301449275497,1.0
0.99,1.09,0.72,0.0,0.0,1.0,1.0,2.5271263500000003e-05,0.24359,1.229668991416309e-10,0.0,1.229668991416309e-10,0.998,0.997,True,True,True,0.004211666666676692,0.0025000000000025002,0.3516550429184551,0.3516550429184551,True,True,True,True,True,0.7100217525035895,1.0
0.99,1.11,0.56,0.0,0.0,1.0,1.0,2.5271263500000003e-05,0.24359,1.3839934210526316e-10,0.0,1.3839934210526316e-10,0.998,0.997,True,True,True,0.004211666666676692,0.0025000000000025002,0.41996710526315834,0.41996710526315834,True,True,True,True,True,0.8466458771929959,1.0
0.99,1.11,0.58,0.0,0.0,1.0,1.0,2.5271263500000003e-05,0.24359,1.3644086084905662e-10,0.0,1.3644086084905662e-10,0.998,0.997,True,True,True,0.004211666666676692,0.0025000000000025002,0.3220430424528315,0.3220430424528315,True,True,True,True,True,0.6507977515723422,1.0
0.99,1.11,0.6,0.0,0.0,1.0,1.0,2.5271263500000003e-05,0.24359,1.3453703488372093e-10,0.0,1.3453703488372093e-10,0.998,0.997,True,True,True,0.004211666666676692,0.0025000000000025002,0.22685174418604698,0.22685174418604698,True,True,True,True,True,0.46041515503877317,1.0
0.99,1.11,0.62,0.0,0.0,1.0,1.0,2.5271263500000003e-05,0.24359,1.3268560779816515e-10,0.0,1.3268560779816515e-10,0.998,0.997,True,True,True,0.004211666666676692,0.0025000000000025002,0.13428038990825777,0.13428038990825777,True,True,True,True,True,0.2752724464831947,1.0
0.99,1.11,0.64,0.0,0.0,1.0,1.0,2.5271263500000003e-05,0.24359,1.3088444570135746e-10,0.0,1.3088444570135746e-10,0.998,0.997,True,True,True,0.004211666666676692,0.0025000000000025002,0.04422228506787366,0.04422228506787366,True,True,True,True,True,0.09515623680242652,1.0
0.99,1.11,0.66,0.0,0.0,1.0,1.0,2.5271263500000003e-05,0.24359,1.2913152901785714e-10,0.0,1.2913152901785714e-10,0.998,0.997,True,True,True,0.004211666666676692,0.0025000000000025002,0.04342354910714232,0.04342354910714232,True,True,True,True,True,0.09355876488096385,1.0
0.99,1.11,0.68,0.0,0.0,1.0,1.0,2.5271263500000003e-05,0.24359,1.2742494493392072e-10,0.0,1.2742494493392072e-10,0.998,0.997,True,True,True,0.004211666666676692,0.0025000000000025002,0.12875275330396363,0.12875275330396363,True,True,True,True,True,0.2642171732746065,1.0
0.99,1.11,0.7,0.0,0.0,1.0,1.0,2.5271263500000003e-05,0.24359,1.2576288043478262e-10,0.0,1.2576288043478262e-10,0.998,0.997,True,True,True,0.004211666666676692,0.0025000000000025002,0.21185597826086866,0.21185597826086866,True,True,True,True,True,0.43042362318841654,1.0
0.99,1.11,0.72,0.0,0.0,1.0,1.0,2.5271263500000003e-05,0.24359,1.2414361587982833e-10,0.0,1.2414361587982833e-10,0.998,0.997,True,True,True,0.004211666666676692,0.0025000000000025002,0.2928192060085831,0.2928192060085831,True,True,True,True,True,0.5923500786838454,1.0
0.99,1.13,0.56,0.0,0.0,1.0,1.0,2.5271263500000003e-05,0.24359,1.3971118421052627e-10,0.0,1.3971118421052627e-10,0.998,0.997,True,True,True,0.004211666666676692,0.0025000000000025002,0.4855592105263139,0.4855592105263139,True,True,True,True,True,0.977830087719307,1.0
0.99,1.13,0.58,0.0,0.0,1.0,1.0,2.5271263500000003e-05,0.24359,1.3773413915094337e-10,0.0,1.3773413915094337e-10,0.998,0.997,True,True,True,0.004211666666676692,0.0025000000000025002,0.38670695754716883,0.38670695754716883,True,True,True,True,True,0.7801255817610169,1.0
0.99,1.13,0.6,0.0,0.0,1.0,1.0,2.5271263500000003e-05,0.24359,1.3581226744186044e-10,0.0,1.3581226744186044e-10,0.998,0.997,True,True,True,0.004211666666676692,0.0025000000000025002,0.2906133720930223,0.2906133720930223,True,True,True,True,True,0.5879384108527238,1.0
0.99,1.13,0.62,0.0,0.0,1.0,1.0,2.5271263500000003e-05,0.24359,1.3394329128440364e-10,0.0,1.3394329128440364e-10,0.998,0.997,True,True,True,0.004211666666676692,0.0025000000000025002,0.1971645642201825,0.1971645642201825,True,True,True,True,True,0.40104079510704416,1.0
0.99,1.13,0.64,0.0,0.0,1.0,1.0,2.5271263500000003e-05,0.24359,1.3212505656108594e-10,0.0,1.3212505656108594e-10,0.998,0.997,True,True,True,0.004211666666676692,0.0025000000000025002,0.10625282805429767,0.10625282805429767,True,True,True,True,True,0.21921732277527453,1.0
0.99,1.13,0.66,0.0,0.0,1.0,1.0,2.5271263500000003e-05,0.24359,1.303555245535714e-10,0.0,1.303555245535714e-10,0.998,0.997,True,True,True,0.004211666666676692,0.0025000000000025002,0.017776227678570317,0.017776227678570317,True,True,True,True,True,0.04226412202381982,1.0
0.99,1.13,0.68,0.0,0.0,1.0,1.0,2.5271263500000003e-05,0.24359,1.286327643171806e-10,0.0,1.286327643171806e-10,0.998,0.997,True,True,True,0.004211666666676692,0.0025000000000025002,0.06836178414097009,0.06836178414097009,True,True,True,True,True,0.14343523494861937,1.0
0.99,1.13,0.7,0.0,0.0,1.0,1.0,2.5271263500000003e-05,0.24359,1.269549456521739e-10,0.0,1.269549456521739e-10,0.998,0.997,True,True,True,0.004211666666676692,0.0025000000000025002,0.15225271739130466,0.15225271739130466,True,True,True,True,True,0.3112171014492885,1.0
0.99,1.13,0.72,0.0,0.0,1.0,1.0,2.5271263500000003e-05,0.24359,1.2532033261802574e-10,0.0,1.2532033261802574e-10,0.998,0.997,True,True,True,0.004211666666676692,0.0025000000000025002,0.23398336909871237,0.23398336909871237,True,True,True,True,True,0.47467840486410395,1.0
0.99,1.15,0.56,0.0,0.0,1.0,1.0,2.5271263500000003e-05,0.24359,1.4102302631578946e-10,0.0,1.4102302631578946e-10,0.998,0.997,True,True,True,0.004211666666676692,0.0025000000000025002,0.5511513157894733,0.5511513157894733,True,True,True,True,True,1.1090142982456257,1.0
0.99,1.15,0.58,0.0,0.0,1.0,1.0,2.5271263500000003e-05,0.24359,1.390274174528302e-10,0.0,1.390274174528302e-10,0.998,0.997,True,True,True,0.004211666666676692,0.0025000000000025002,0.45137087264151,0.45137087264151,True,True,True,True,True,0.9094534119496992,1.0
0.99,1.15,0.6,0.0,0.0,1.0,1.0,2.5271263500000003e-05,0.24359,1.370875e-10,0.0,1.370875e-10,0.998,0.997,True,True,True,0.004211666666676692,0.0025000000000025002,0.35437500000000016,0.35437500000000016,True,True,True,True,True,0.7154616666666795,1.0
0.99,1.15,0.62,0.0,0.0,1.0,1.0,2.5271263500000003e-05,0.24359,1.3520097477064219e-10,0.0,1.3520097477064219e-10,0.998,0.997,True,True,True,0.004211666666676692,0.0025000000000025002,0.2600487385321098,0.2600487385321098,True,True,True,True,True,0.5268091437308988,1.0
0.99,1.15,0.64,0.0,0.0,1.0,1.0,2.5271263500000003e-05,0.24359,1.3336566742081448e-10,0.0,1.3336566742081448e-10,0.998,0.997,True,True,True,0.004211666666676692,0.0025000000000025002,0.16828337104072424,0.16828337104072424,True,True,True,True,True,0.34327840874812765,1.0
0.99,1.15,0.66,0.0,0.0,1.0,1.0,2.5271263500000003e-05,0.24359,1.315795200892857e-10,0.0,1.315795200892857e-10,0.998,0.997,True,True,True,0.004211666666676692,0.0025000000000025002,0.07897600446428554,0.07897600446428554,True,True,True,True,True,0.16466367559525028,1.0
0.99,1.15,0.68,0.0,0.0,1.0,1.0,2.5271263500000003e-05,0.24359,1.298405837004405e-10,0.0,1.298405837004405e-10,0.998,0.997,True,True,True,0.004211666666676692,0.0025000000000025002,0.007970814977973976,0.007970814977973976,True,True,True,True,True,0.022653296622627144,1.0
0.99,1.15,0.7,0.0,0.0,1.0,1.0,2.5271263500000003e-05,0.24359,1.281470108695652e-10,0.0,1.281470108695652e-10,0.998,0.997,True,True,True,0.004211666666676692,0.0025000000000025002,0.0926494565217394,0.0926494565217394,True,True,True,True,True,0.192010579710158,1.0
0.99,1.15,0.72,0.0,0.0,1.0,1.0,2.5271263500000003e-05,0.24359,1.2649704935622316e-10,0.0,1.2649704935622316e-10,0.998,0.997,True,True,True,0.004211666666676692,0.0025000000000025002,0.17514753218884163,0.17514753218884163,True,True,True,True,True,0.3570067310443624,1.0
1.0,1.03,0.56,0.0,0.0,1.0,1.0,2.527e-05,0.2436,1.3355263157894738e-10,0.0,1.3355263157894738e-10,1.0,1.0,True,True,True,0.0,0.0,0.17763157894736925,0.17763157894736925,True,True,True,True,True,0.3552631578947385,1.0
1.0,1.03,0.58,0.0,0.0,1.0,1.0,2.527e-05,0.2436,1.3166273584905662e-10,0.0,1.3166273584905662e-10,1.0,1.0,True,True,True,0.0,0.0,0.08313679245283123,0.08313679245283123,True,True,True,True,True,0.16627358490566246,1.0
1.0,1.03,0.6,0.0,0.0,1.0,1.0,2.527e-05,0.2436,1.2982558139534886e-10,0.0,1.2982558139534886e-10,1.0,1.0,True,True,True,0.0,0.0,0.008720930232556457,0.008720930232556457,True,True,True,True,True,0.017441860465112913,1.0
1.0,1.03,0.62,0.0,0.0,1.0,1.0,2.527e-05,0.2436,1.280389908256881e-10,0.0,1.280389908256881e-10,1.0,1.0,True,True,True,0.0,0.0,0.09805045871559466,0.09805045871559466,True,True,True,True,True,0.19610091743118932,1.0
1.0,1.03,0.64,0.0,0.0,1.0,1.0,2.527e-05,0.2436,1.2630090497737557e-10,0.0,1.2630090497737557e-10,1.0,1.0,True,True,True,0.0,0.0,0.18495475113122112,0.18495475113122112,True,True,True,True,True,0.36990950226244224,1.0
1.0,1.03,0.66,0.0,0.0,1.0,1.0,2.527e-05,0.2436,1.24609375e-10,0.0,1.24609375e-10,1.0,1.0,True,True,True,0.0,0.0,0.26953124999999933,0.26953124999999933,True,True,True,True,True,0.5390624999999987,1.0
1.0,1.03,0.68,0.0,0.0,1.0,1.0,2.527e-05,0.2436,1.2296255506607931e-10,0.0,1.2296255506607931e-10,1.0,1.0,True,True,True,0.0,0.0,0.3518722466960339,0.3518722466960339,True,True,True,True,True,0.7037444933920678,1.0
1.0,1.03,0.7,0.0,0.0,1.0,1.0,2.527e-05,0.2436,1.2135869565217394e-10,0.0,1.2135869565217394e-10,1.0,1.0,True,True,True,0.0,0.0,0.4320652173913024,0.4320652173913024,True,True,True,True,True,0.8641304347826048,1.0
1.0,1.03,0.72,0.0,0.0,1.0,1.0,2.527e-05,0.2436,1.197961373390558e-10,0.0,1.197961373390558e-10,1.0,1.0,True,True,True,0.0,0.0,0.5101931330472094,0.5101931330472094,True,True,True,True,True,1.0203862660944187,1.0
1.0,1.05,0.56,0.0,0.0,1.0,1.0,2.527e-05,0.2436,1.3486842105263155e-10,0.0,1.3486842105263155e-10,1.0,1.0,True,True,True,0.0,0.0,0.2434210526315778,0.2434210526315778,True,True,True,True,True,0.4868421052631556,1.0
1.0,1.05,0.58,0.0,0.0,1.0,1.0,2.527e-05,0.2436,1.3295990566037736e-10,0.0,1.3295990566037736e-10,1.0,1.0,True,True,True,0.0,0.0,0.1479952830188683,0.1479952830188683,True,True,True,True,True,0.2959905660377366,1.0
1.0,1.05,0.6,0.0,0.0,1.0,1.0,2.527e-05,0.2436,1.311046511627907e-10,0.0,1.311046511627907e-10,1.0,1.0,True,True,True,0.0,0.0,0.055232558139534996,0.055232558139534996,True,True,True,True,True,0.11046511627906999,1.0
1.0,1.05,0.62,0.0,0.0,1.0,1.0,2.527e-05,0.2436,1.293004587155963e-10,0.0,1.293004587155963e-10,1.0,1.0,True,True,True,0.0,0.0,0.03497706422018445,0.03497706422018445,True,True,True,True,True,0.0699541284403689,1.0
1.0,1.05,0.64,0.0,0.0,1.0,1.0,2.527e-05,0.2436,1.2754524886877827e-10,0.0,1.2754524886877827e-10,1.0,1.0,True,True,True,0.0,0.0,0.12273755656108602,0.12273755656108602,True,True,True,True,True,0.24547511312217205,1.0
1.0,1.05,0.66,0.0,0.0,1.0,1.0,2.527e-05,0.2436,1.2583705357142854e-10,0.0,1.2583705357142854e-10,1.0,1.0,True,True,True,0.0,0.0,0.20814732142857242,0.20814732142857242,True,True,True,True,True,0.41629464285714485,1.0
1.0,1.05,0.68,0.0,0.0,1.0,1.0,2.527e-05,0.2436,1.2417400881057267e-10,0.0,1.2417400881057267e-10,1.0,1.0,True,True,True,0.0,0.0,0.29129955947136604,0.29129955947136604,True,True,True,True,True,0.5825991189427321,1.0
1.0,1.05,0.7,0.0,0.0,1.0,1.0,2.527e-05,0.2436,1.2255434782608694e-10,0.0,1.2255434782608694e-10,1.0,1.0,True,True,True,0.0,0.0,0.3722826086956526,0.3722826086956526,True,True,True,True,True,0.7445652173913052,1.0
1.0,1.05,0.72,0.0,0.0,1.0,1.0,2.527e-05,0.2436,1.209763948497854e-10,0.0,1.209763948497854e-10,1.0,1.0,True,True,True,0.0,0.0,0.4511802575107298,0.4511802575107298,True,True,True,True,True,0.9023605150214596,1.0
1.0,1.07,0.56,0.0,0.0,1.0,1.0,2.527e-05,0.2436,1.361842105263158e-10,0.0,1.361842105263158e-10,1.0,1.0,True,True,True,0.0,0.0,0.3092105263157902,0.3092105263157902,True,True,True,True,True,0.6184210526315804,1.0
1.0,1.07,0.58,0.0,0.0,1.0,1.0,2.527e-05,0.2436,1.3425707547169812e-10,0.0,1.3425707547169812e-10,1.0,1.0,True,True,True,0.0,0.0,0.21285377358490667,0.21285377358490667,True,True,True,True,True,0.42570754716981335,1.0
1.0,1.07,0.6,0.0,0.0,1.0,1.0,2.527e-05,0.2436,1.3238372093023257e-10,0.0,1.3238372093023257e-10,1.0,1.0,True,True,True,0.0,0.0,0.11918604651162903,0.11918604651162903,True,True,True,True,True,0.23837209302325807,1.0
1.0,1.07,0.62,0.0,0.0,1.0,1.0,2.527e-05,0.2436,1.305619266055046e-10,0.0,1.305619266055046e-10,1.0,1.0,True,True,True,0.0,0.0,0.028096330275230934,0.028096330275230934,True,True,True,True,True,0.05619266055046187,1.0
1.0,1.07,0.64,0.0,0.0,1.0,1.0,2.527e-05,0.2436,1.28789592760181e-10,0.0,1.28789592760181e-10,1.0,1.0,True,True,True,0.0,0.0,0.060520361990949616,0.060520361990949616,True,True,True,True,True,0.12104072398189923,1.0
1.0,1.07,0.66,0.0,0.0,1.0,1.0,2.527e-05,0.2436,1.2706473214285716e-10,0.0,1.2706473214285716e-10,1.0,1.0,True,True,True,0.0,0.0,0.14676339285714163,0.14676339285714163,True,True,True,True,True,0.29352678571428326,1.0
1.0,1.07,0.68,0.0,0.0,1.0,1.0,2.527e-05,0.2436,1.2538546255506608e-10,0.0,1.2538546255506608e-10,1.0,1.0,True,True,True,0.0,0.0,0.23072687224669555,0.23072687224669555,True,True,True,True,True,0.4614537444933911,1.0
1.0,1.07,0.7,0.0,0.0,1.0,1.0,2.527e-05,0.2436,1.2375e-10,0.0,1.2375e-10,1.0,1.0,True,True,True,0.0,0.0,0.31249999999999895,0.31249999999999895,True,True,True,True,True,0.6249999999999979,1.0
1.0,1.07,0.72,0.0,0.0,1.0,1.0,2.527e-05,0.2436,1.2215665236051504e-10,0.0,1.2215665236051504e-10,1.0,1.0,True,True,True,0.0,0.0,0.3921673819742476,0.3921673819742476,True,True,True,True,True,0.7843347639484952,1.0
1.0,1.09,0.56,0.0,0.0,1.0,1.0,2.527e-05,0.2436,1.3749999999999996e-10,0.0,1.3749999999999996e-10,1.0,1.0,True,True,True,0.0,0.0,0.3749999999999987,0.3749999999999987,True,True,True,True,True,0.7499999999999974,1.0
1.0,1.09,0.58,0.0,0.0,1.0,1.0,2.527e-05,0.2436,1.3555424528301887e-10,0.0,1.3555424528301887e-10,1.0,1.0,True,True,True,0.0,0.0,0.27771226415094374,0.27771226415094374,True,True,True,True,True,0.5554245283018875,1.0
1.0,1.09,0.6,0.0,0.0,1.0,1.0,2.527e-05,0.2436,1.336627906976744e-10,0.0,1.336627906976744e-10,1.0,1.0,True,True,True,0.0,0.0,0.18313953488372048,0.18313953488372048,True,True,True,True,True,0.36627906976744096,1.0
1.0,1.09,0.62,0.0,0.0,1.0,1.0,2.527e-05,0.2436,1.3182339449541284e-10,0.0,1.3182339449541284e-10,1.0,1.0,True,True,True,0.0,0.0,0.09116972477064243,0.09116972477064243,True,True,True,True,True,0.18233944954128486,1.0
1.0,1.09,0.64,0.0,0.0,1.0,1.0,2.527e-05,0.2436,1.300339366515837e-10,0.0,1.300339366515837e-10,1.0,1.0,True,True,True,0.0,0.0,0.0016968325791854911,0.0016968325791854911,True,True,True,True,True,0.0033936651583709823,1.0
1.0,1.09,0.66,0.0,0.0,1.0,1.0,2.527e-05,0.2436,1.282924107142857e-10,0.0,1.282924107142857e-10,1.0,1.0,True,True,True,0.0,0.0,0.08537946428571472,0.08537946428571472,True,True,True,True,True,0.17075892857142944,1.0
1.0,1.09,0.68,0.0,0.0,1.0,1.0,2.527e-05,0.2436,1.2659691629955946e-10,0.0,1.2659691629955946e-10,1.0,1.0,True,True,True,0.0,0.0,0.1701541850220264,0.1701541850220264,True,True,True,True,True,0.3403083700440528,1.0
1.0,1.09,0.7,0.0,0.0,1.0,1.0,2.527e-05,0.2436,1.2494565217391303e-10,0.0,1.2494565217391303e-10,1.0,1.0,True,True,True,0.0,0.0,0.2527173913043479,0.2527173913043479,True,True,True,True,True,0.5054347826086958,1.0
1.0,1.09,0.72,0.0,0.0,1.0,1.0,2.527e-05,0.2436,1.2333690987124463e-10,0.0,1.2333690987124463e-10,1.0,1.0,True,True,True,0.0,0.0,0.333154506437768,0.333154506437768,True,True,True,True,True,0.666309012875536,1.0
1.0,1.11,0.56,0.0,0.0,1.0,1.0,2.527e-05,0.2436,1.388157894736842e-10,0.0,1.388157894736842e-10,1.0,1.0,True,True,True,0.0,0.0,0.4407894736842111,0.4407894736842111,True,True,True,True,True,0.8815789473684222,1.0
1.0,1.11,0.58,0.0,0.0,1.0,1.0,2.527e-05,0.2436,1.3685141509433963e-10,0.0,1.3685141509433963e-10,1.0,1.0,True,True,True,0.0,0.0,0.3425707547169821,0.3425707547169821,True,True,True,True,True,0.6851415094339642,1.0
1.0,1.11,0.6,0.0,0.0,1.0,1.0,2.527e-05,0.2436,1.349418604651163e-10,0.0,1.349418604651163e-10,1.0,1.0,True,True,True,0.0,0.0,0.2470930232558158,0.2470930232558158,True,True,True,True,True,0.4941860465116316,1.0
1.0,1.11,0.62,0.0,0.0,1.0,1.0,2.527e-05,0.2436,1.3308486238532112e-10,0.0,1.3308486238532112e-10,1.0,1.0,True,True,True,0.0,0.0,0.15424311926605652,0.15424311926605652,True,True,True,True,True,0.30848623853211304,1.0
1.0,1.11,0.64,0.0,0.0,1.0,1.0,2.527e-05,0.2436,1.3127828054298645e-10,0.0,1.3127828054298645e-10,1.0,1.0,True,True,True,0.0,0.0,0.06391402714932319,0.06391402714932319,True,True,True,True,True,0.12782805429864638,1.0
1.0,1.11,0.66,0.0,0.0,1.0,1.0,2.527e-05,0.2436,1.295200892857143e-10,0.0,1.295200892857143e-10,1.0,1.0,True,True,True,0.0,0.0,0.023995535714283936,0.023995535714283936,True,True,True,True,True,0.04799107142856787,1.0
1.0,1.11,0.68,0.0,0.0,1.0,1.0,2.527e-05,0.2436,1.2780837004405287e-10,0.0,1.2780837004405287e-10,1.0,1.0,True,True,True,0.0,0.0,0.10958149779735593,0.10958149779735593,True,True,True,True,True,0.21916299559471186,1.0
1.0,1.11,0.7,0.0,0.0,1.0,1.0,2.527e-05,0.2436,1.261413043478261e-10,0.0,1.261413043478261e-10,1.0,1.0,True,True,True,0.0,0.0,0.1929347826086942,0.1929347826086942,True,True,True,True,True,0.3858695652173884,1.0
1.0,1.11,0.72,0.0,0.0,1.0,1.0,2.527e-05,0.2436,1.2451716738197427e-10,0.0,1.2451716738197427e-10,1.0,1.0,True,True,True,0.0,0.0,0.27414163090128585,0.27414163090128585,True,True,True,True,True,0.5482832618025717,1.0
1.0,1.13,0.56,0.0,0.0,1.0,1.0,2.527e-05,0.2436,1.4013157894736838e-10,0.0,1.4013157894736838e-10,1.0,1.0,True,True,True,0.0,0.0,0.5065789473684197,0.5065789473684197,True,True,True,True,True,1.0131578947368394,1.0
1.0,1.13,0.58,0.0,0.0,1.0,1.0,2.527e-05,0.2436,1.3814858490566035e-10,0.0,1.3814858490566035e-10,1.0,1.0,True,True,True,0.0,0.0,0.40742924528301794,0.40742924528301794,True,True,True,True,True,0.8148584905660359,1.0
1.0,1.13,0.6,0.0,0.0,1.0,1.0,2.527e-05,0.2436,1.362209302325581e-10,0.0,1.362209302325581e-10,1.0,1.0,True,True,True,0.0,0.0,0.311046511627906,0.311046511627906,True,True,True,True,True,0.622093023255812,1.0
1.0,1.13,0.62,0.0,0.0,1.0,1.0,2.527e-05,0.2436,1.3434633027522933e-10,0.0,1.3434633027522933e-10,1.0,1.0,True,True,True,0.0,0.0,0.21731651376146674,0.21731651376146674,True,True,True,True,True,0.4346330275229335,1.0
1.0,1.13,0.64,0.0,0.0,1.0,1.0,2.527e-05,0.2436,1.325226244343891e-10,0.0,1.325226244343891e-10,1.0,1.0,True,True,True,0.0,0.0,0.1261312217194557,0.1261312217194557,True,True,True,True,True,0.2522624434389114,1.0
1.0,1.13,0.66,0.0,0.0,1.0,1.0,2.527e-05,0.2436,1.3074776785714282e-10,0.0,1.3074776785714282e-10,1.0,1.0,True,True,True,0.0,0.0,0.037388392857141683,0.037388392857141683,True,True,True,True,True,0.07477678571428337,1.0
1.0,1.13,0.68,0.0,0.0,1.0,1.0,2.527e-05,0.2436,1.2901982378854623e-10,0.0,1.2901982378854623e-10,1.0,1.0,True,True,True,0.0,0.0,0.04900881057268805,0.04900881057268805,True,True,True,True,True,0.0980176211453761,1.0
1.0,1.13,0.7,0.0,0.0,1.0,1.0,2.527e-05,0.2436,1.2733695652173913e-10,0.0,1.2733695652173913e-10,1.0,1.0,True,True,True,0.0,0.0,0.13315217391304313,0.13315217391304313,True,True,True,True,True,0.26630434782608625,1.0
1.0,1.13,0.72,0.0,0.0,1.0,1.0,2.527e-05,0.2436,1.2569742489270384e-10,0.0,1.2569742489270384e-10,1.0,1.0,True,True,True,0.0,0.0,0.21512875536480755,0.21512875536480755,True,True,True,True,True,0.4302575107296151,1.0
1.0,1.15,0.56,0.0,0.0,1.0,1.0,2.527e-05,0.2436,1.414473684210526e-10,0.0,1.414473684210526e-10,1.0,1.0,True,True,True,0.0,0.0,0.5723684210526307,0.5723684210526307,True,True,True,True,True,1.1447368421052615,1.0
1.0,1.15,0.58,0.0,0.0,1.0,1.0,2.527e-05,0.2436,1.3944575471698112e-10,0.0,1.3944575471698112e-10,1.0,1.0,True,True,True,0.0,0.0,0.47228773584905626,0.47228773584905626,True,True,True,True,True,0.9445754716981125,1.0
1.0,1.15,0.6,0.0,0.0,1.0,1.0,2.527e-05,0.2436,1.375e-10,0.0,1.375e-10,1.0,1.0,True,True,True,0.0,0.0,0.375,0.375,True,True,True,True,True,0.75,1.0
1.0,1.15,0.62,0.0,0.0,1.0,1.0,2.527e-05,0.2436,1.3560779816513758e-10,0.0,1.3560779816513758e-10,1.0,1.0,True,True,True,0.0,0.0,0.28038990825687954,0.28038990825687954,True,True,True,True,True,0.5607798165137591,1.0
1.0,1.15,0.64,0.0,0.0,1.0,1.0,2.527e-05,0.2436,1.3376696832579183e-10,0.0,1.3376696832579183e-10,1.0,1.0,True,True,True,0.0,0.0,0.18834841628959212,0.18834841628959212,True,True,True,True,True,0.37669683257918424,1.0
1.0,1.15,0.66,0.0,0.0,1.0,1.0,2.527e-05,0.2436,1.3197544642857141e-10,0.0,1.3197544642857141e-10,1.0,1.0,True,True,True,0.0,0.0,0.09877232142857117,0.09877232142857117,True,True,True,True,True,0.19754464285714235,1.0
1.0,1.15,0.68,0.0,0.0,1.0,1.0,2.527e-05,0.2436,1.3023127753303961e-10,0.0,1.3023127753303961e-10,1.0,1.0,True,True,True,0.0,0.0,0.01156387665198112,0.01156387665198112,True,True,True,True,True,0.02312775330396224,1.0
1.0,1.15,0.7,0.0,0.0,1.0,1.0,2.527e-05,0.2436,1.2853260869565215e-10,0.0,1.2853260869565215e-10,1.0,1.0,True,True,True,0.0,0.0,0.07336956521739206,0.07336956521739206,True,True,True,True,True,0.14673913043478412,1.0
1.0,1.15,0.72,0.0,0.0,1.0,1.0,2.527e-05,0.2436,1.2687768240343346e-10,0.0,1.2687768240343346e-10,1.0,1.0,True,True,True,0.0,0.0,0.15611587982832667,0.15611587982832667,True,True,True,True,True,0.31223175965665334,1.0
1.01,1.03,0.56,0.0,0.0,1.0,1.0,2.52687365e-05,0.24361000000000002,1.3395328947368422e-10,0.0,1.3395328947368422e-10,1.002,1.0030000000000001,True,True,True,0.004211666666665398,0.0025000000000025002,0.1976644736842115,0.1976644736842115,True,True,True,True,True,0.4020406140350909,1.0
1.01,1.03,0.58,0.0,0.0,1.0,1.0,2.52687365e-05,0.24361000000000002,1.320577240566038e-10,0.0,1.320577240566038e-10,1.002,1.0030000000000001,True,True,True,0.004211666666665398,0.0025000000000025002,0.10288620283019048,0.10288620283019048,True,True,True,True,True,0.21248407232704886,1.0
1.01,1.03,0.6,0.0,0.0,1.0,1.0,2.52687365e-05,0.24361000000000002,1.3021505813953492e-10,0.0,1.3021505813953492e-10,1.002,1.0030000000000001,True,True,True,0.004211666666665398,0.0025000000000025002,0.0107529069767465,0.0107529069767465,True,True,True,True,True,0.028217480620160898,1.0
1.01,1.03,0.62,0.0,0.0,1.0,1.0,2.52687365e-05,0.24361000000000002,1.2842310779816516e-10,0.0,1.2842310779816516e-10,1.002,1.0030000000000001,True,True,True,0.004211666666665398,0.0025000000000025002,0.0788446100917417,0.0788446100917417,True,True,True,True,True,0.16440088685015128,1.0
1.01,1.03,0.64,0.0,0.0,1.0,1.0,2.52687365e-05,0.24361000000000002,1.2667980769230772e-10,0.0,1.2667980769230772e-10,1.002,1.0030000000000001,True,True,True,0.004211666666665398,0.0025000000000025002,0.16600961538461342,0.16600961538461342,True,True,True,True,True,0.33873089743589474,1.0
1.01,1.03,0.66,0.0,0.0,1.0,1.0,2.52687365e-05,0.24361000000000002,1.2498320312500003e-10,0.0,1.2498320312500003e-10,1.002,1.0030000000000001,True,True,True,0.004211666666665398,0.0025000000000025002,0.250839843749998,0.250839843749998,True,True,True,True,True,0.5083913541666639,1.0
1.01,1.03,0.68,0.0,0.0,1.0,1.0,2.52687365e-05,0.24361000000000002,1.2333144273127755e-10,0.0,1.2333144273127755e-10,1.002,1.0030000000000001,True,True,True,0.004211666666665398,0.0025000000000025002,0.3334278634361223,0.3334278634361223,True,True,True,True,True,0.6735673935389125,1.0
1.01,1.03,0.7,0.0,0.0,1.0,1.0,2.52687365e-05,0.24361000000000002,1.2172277173913047e-10,0.0,1.2172277173913047e-10,1.002,1.0030000000000001,True,True,True,0.004211666666665398,0.0025000000000025002,0.4138614130434763,0.4138614130434763,True,True,True,True,True,0.8344344927536205,1.0
1.01,1.03,0.72,0.0,0.0,1.0,1.0,2.52687365e-05,0.24361000000000002,1.20155525751073e-10,0.0,1.20155525751073e-10,1.002,1.0030000000000001,True,True,True,0.004211666666665398,0.0025000000000025002,0.49222371244635016,0.49222371244635016,True,True,True,True,True,0.9911590915593682,1.0
1.01,1.05,0.56,0.0,0.0,1.0,1.0,2.52687365e-05,0.24361000000000002,1.3527302631578948e-10,0.0,1.3527302631578948e-10,1.002,1.0030000000000001,True,True,True,0.004211666666665398,0.0025000000000025002,0.2636513157894743,0.2636513157894743,True,True,True,True,True,0.5340142982456165,1.0
1.01,1.05,0.58,0.0,0.0,1.0,1.0,2.52687365e-05,0.24361000000000002,1.333587853773585e-10,0.0,1.333587853773585e-10,1.002,1.0030000000000001,True,True,True,0.004211666666665398,0.0025000000000025002,0.16793926886792604,0.16793926886792604,True,True,True,True,True,0.34259020440251997,1.0
1.01,1.05,0.6,0.0,0.0,1.0,1.0,2.52687365e-05,0.24361000000000002,1.3149796511627907e-10,0.0,1.3149796511627907e-10,1.002,1.0030000000000001,True,True,True,0.004211666666665398,0.0025000000000025002,0.07489825581395411,0.07489825581395411,True,True,True,True,True,0.1565081782945761,1.0
1.01,1.05,0.62,0.0,0.0,1.0,1.0,2.52687365e-05,0.24361000000000002,1.2968836009174312e-10,0.0,1.2968836009174312e-10,1.002,1.0030000000000001,True,True,True,0.004211666666665398,0.0025000000000025002,0.015581995412843422,0.015581995412843422,True,True,True,True,True,0.03787565749235474,1.0
1.01,1.05,0.64,0.0,0.0,1.0,1.0,2.52687365e-05,0.24361000000000002,1.2792788461538462e-10,0.0,1.2792788461538462e-10,1.002,1.0030000000000001,True,True,True,0.004211666666665398,0.0025000000000025002,0.1036057692307685,0.1036057692307685,True,True,True,True,True,0.2139232051282049,1.0
1.01,1.05,0.66,0.0,0.0,1.0,1.0,2.52687365e-05,0.24361000000000002,1.2621456473214285e-10,0.0,1.2621456473214285e-10,1.002,1.0030000000000001,True,True,True,0.004211666666665398,0.0025000000000025002,0.18927176339285687,0.18927176339285687,True,True,True,True,True,0.38525519345238163,1.0
1.01,1.05,0.68,0.0,0.0,1.0,1.0,2.52687365e-05,0.24361000000000002,1.2454653083700442e-10,0.0,1.2454653083700442e-10,1.002,1.0030000000000001,True,True,True,0.004211666666665398,0.0025000000000025002,0.2726734581497788,0.2726734581497788,True,True,True,True,True,0.5520585829662255,1.0
1.01,1.05,0.7,0.0,0.0,1.0,1.0,2.52687365e-05,0.24361000000000002,1.2292201086956523e-10,0.0,1.2292201086956523e-10,1.002,1.0030000000000001,True,True,True,0.004211666666665398,0.0025000000000025002,0.35389945652173815,0.35389945652173815,True,True,True,True,True,0.7145105797101442,1.0
1.01,1.05,0.72,0.0,0.0,1.0,1.0,2.52687365e-05,0.24361000000000002,1.2133932403433478e-10,0.0,1.2133932403433478e-10,1.002,1.0030000000000001,True,True,True,0.004211666666665398,0.0025000000000025002,0.4330337982832604,0.4330337982832604,True,True,True,True,True,0.8727792632331887,1.0
1.01,1.07,0.56,0.0,0.0,1.0,1.0,2.52687365e-05,0.24361000000000002,1.3659276315789476e-10,0.0,1.3659276315789476e-10,1.002,1.0030000000000001,True,True,True,0.004211666666665398,0.0025000000000025002,0.3296381578947384,0.3296381578947384,True,True,True,True,True,0.6659879824561447,1.0
1.01,1.07,0.58,0.0,0.0,1.0,1.0,2.52687365e-05,0.24361000000000002,1.3465984669811325e-10,0.0,1.3465984669811325e-10,1.002,1.0030000000000001,True,True,True,0.004211666666665398,0.0025000000000025002,0.2329923349056629,0.2329923349056629,True,True,True,True,True,0.4726963364779937,1.0
1.01,1.07,0.6,0.0,0.0,1.0,1.0,2.52687365e-05,0.24361000000000002,1.3278087209302328e-10,0.0,1.3278087209302328e-10,1.002,1.0030000000000001,True,True,True,0.004211666666665398,0.0025000000000025002,0.1390436046511643,0.1390436046511643,True,True,True,True,True,0.2847988759689965,1.0
1.01,1.07,0.62,0.0,0.0,1.0,1.0,2.52687365e-05,0.24361000000000002,1.3095361238532114e-10,0.0,1.3095361238532114e-10,1.002,1.0030000000000001,True,True,True,0.004211666666665398,0.0025000000000025002,0.04768061926605744,0.04768061926605744,True,True,True,True,True,0.10207290519878279,1.0
1.01,1.07,0.64,0.0,0.0,1.0,1.0,2.52687365e-05,0.24361000000000002,1.2917596153846157e-10,0.0,1.2917596153846157e-10,1.002,1.0030000000000001,True,True,True,0.004211666666665398,0.0025000000000025002,0.041201923076921006,0.041201923076921006,True,True,True,True,True,0.08911551282050992,1.0
1.01,1.07,0.66,0.0,0.0,1.0,1.0,2.52687365e-05,0.24361000000000002,1.2744592633928573e-10,0.0,1.2744592633928573e-10,1.002,1.0030000000000001,True,True,True,0.004211666666665398,0.0025000000000025002,0.12770368303571308,0.12770368303571308,True,True,True,True,True,0.26211903273809406,1.0
1.01,1.07,0.68,0.0,0.0,1.0,1.0,2.52687365e-05,0.24361000000000002,1.257616189427313e-10,0.0,1.257616189427313e-10,1.002,1.0030000000000001,True,True,True,0.004211666666665398,0.0025000000000025002,0.21191905286343396,0.21191905286343396,True,True,True,True,True,0.4305497723935358,1.0
1.01,1.07,0.7,0.0,0.0,1.0,1.0,2.52687365e-05,0.24361000000000002,1.2412125000000004e-10,0.0,1.2412125000000004e-10,1.002,1.0030000000000001,True,True,True,0.004211666666665398,0.0025000000000025002,0.29393749999999735,0.29393749999999735,True,True,True,True,True,0.5945866666666626,1.0
1.01,1.07,0.72,0.0,0.0,1.0,1.0,2.52687365e-05,0.24361000000000002,1.225231223175966e-10,0.0,1.225231223175966e-10,1.002,1.0030000000000001,True,True,True,0.004211666666665398,0.0025000000000025002,0.3738438841201694,0.3738438841201694,True,True,True,True,True,0.7543994349070067,1.0
1.01,1.09,0.56,0.0,0.0,1.0,1.0,2.52687365e-05,0.24361000000000002,1.379125e-10,0.0,1.379125e-10,1.002,1.0030000000000001,True,True,True,0.004211666666665398,0.0025000000000025002,0.3956249999999999,0.3956249999999999,True,True,True,True,True,0.7979616666666677,1.0
1.01,1.09,0.58,0.0,0.0,1.0,1.0,2.52687365e-05,0.24361000000000002,1.3596090801886793e-10,0.0,1.3596090801886793e-10,1.002,1.0030000000000001,True,True,True,0.004211666666665398,0.0025000000000025002,0.29804540094339715,0.29804540094339715,True,True,True,True,True,0.6028024685534622,1.0
1.01,1.09,0.6,0.0,0.0,1.0,1.0,2.52687365e-05,0.24361000000000002,1.3406377906976745e-10,0.0,1.3406377906976745e-10,1.002,1.0030000000000001,True,True,True,0.004211666666665398,0.0025000000000025002,0.20318895348837318,0.20318895348837318,True,True,True,True,True,0.41308957364341425,1.0
1.01,1.09,0.62,0.0,0.0,1.0,1.0,2.52687365e-05,0.24361000000000002,1.3221886467889908e-10,0.0,1.3221886467889908e-10,1.002,1.0030000000000001,True,True,True,0.004211666666665398,0.0025000000000025002,0.11094323394495442,0.11094323394495442,True,True,True,True,True,0.22859813455657674,1.0
1.01,1.09,0.64,0.0,0.0,1.0,1.0,2.52687365e-05,0.24361000000000002,1.3042403846153847e-10,0.0,1.3042403846153847e-10,1.002,1.0030000000000001,True,True,True,0.004211666666665398,0.0025000000000025002,0.021201923076923916,0.021201923076923916,True,True,True,True,True,0.04911551282051573,1.0
1.01,1.09,0.66,0.0,0.0,1.0,1.0,2.52687365e-05,0.24361000000000002,1.2867728794642858e-10,0.0,1.2867728794642858e-10,1.002,1.0030000000000001,True,True,True,0.004211666666665398,0.0025000000000025002,0.06613560267857062,0.06613560267857062,True,True,True,True,True,0.13898287202380913,1.0
1.01,1.09,0.68,0.0,0.0,1.0,1.0,2.52687365e-05,0.24361000000000002,1.2697670704845816e-10,0.0,1.2697670704845816e-10,1.002,1.0030000000000001,True,True,True,0.004211666666665398,0.0025000000000025002,0.15116464757709175,0.15116464757709175,True,True,True,True,True,0.3090409618208514,1.0
1.01,1.09,0.7,0.0,0.0,1.0,1.0,2.52687365e-05,0.24361000000000002,1.253204891304348e-10,0.0,1.253204891304348e-10,1.002,1.0030000000000001,True,True,True,0.004211666666665398,0.0025000000000025002,0.23397554347825922,0.23397554347825922,True,True,True,True,True,0.47466275362318633,1.0
1.01,1.09,0.72,0.0,0.0,1.0,1.0,2.52687365e-05,0.24361000000000002,1.2370692060085837e-10,0.0,1.2370692060085837e-10,1.002,1.0030000000000001,True,True,True,0.004211666666665398,0.0025000000000025002,0.31465396995708095,0.31465396995708095,True,True,True,True,True,0.6360196065808298,1.0
1.01,1.11,0.56,0.0,0.0,1.0,1.0,2.52687365e-05,0.24361000000000002,1.3923223684210527e-10,0.0,1.3923223684210527e-10,1.002,1.0030000000000001,True,True,True,0.004211666666665398,0.0025000000000025002,0.46161184210526396,0.46161184210526396,True,True,True,True,True,0.9299353508771958,1.0
1.01,1.11,0.58,0.0,0.0,1.0,1.0,2.52687365e-05,0.24361000000000002,1.3726196933962267e-10,0.0,1.3726196933962267e-10,1.002,1.0030000000000001,True,True,True,0.004211666666665398,0.0025000000000025002,0.363098466981134,0.363098466981134,True,True,True,True,True,0.7329086006289359,1.0
1.01,1.11,0.6,0.0,0.0,1.0,1.0,2.52687365e-05,0.24361000000000002,1.3534668604651166e-10,0.0,1.3534668604651166e-10,1.002,1.0030000000000001,True,True,True,0.004211666666665398,0.0025000000000025002,0.26733430232558336,0.26733430232558336,True,True,True,True,True,0.5413802713178346,1.0
1.01,1.11,0.62,0.0,0.0,1.0,1.0,2.52687365e-05,0.24361000000000002,1.334841169724771e-10,0.0,1.334841169724771e-10,1.002,1.0030000000000001,True,True,True,0.004211666666665398,0.0025000000000025002,0.17420584862385527,0.17420584862385527,True,True,True,True,True,0.35512336391437843,1.0
1.01,1.11,0.64,0.0,0.0,1.0,1.0,2.52687365e-05,0.24361000000000002,1.3167211538461542e-10,0.0,1.3167211538461542e-10,1.002,1.0030000000000001,True,True,True,0.004211666666665398,0.0025000000000025002,0.08360576923077141,0.08360576923077141,True,True,True,True,True,0.17392320512821072,1.0
1.01,1.11,0.66,0.0,0.0,1.0,1.0,2.52687365e-05,0.24361000000000002,1.2990864955357145e-10,0.0,1.2990864955357145e-10,1.002,1.0030000000000001,True,True,True,0.004211666666665398,0.0025000000000025002,0.004567522321426845,0.004567522321426845,True,True,True,True,True,0.01584671130952159,1.0
1.01,1.11,0.68,0.0,0.0,1.0,1.0,2.52687365e-05,0.24361000000000002,1.2819179515418505e-10,0.0,1.2819179515418505e-10,1.002,1.0030000000000001,True,True,True,0.004211666666665398,0.0025000000000025002,0.09041024229074693,0.09041024229074693,True,True,True,True,True,0.18753215124816175,1.0
1.01,1.11,0.7,0.0,0.0,1.0,1.0,2.52687365e-05,0.24361000000000002,1.265197282608696e-10,0.0,1.265197282608696e-10,1.002,1.0030000000000001,True,True,True,0.004211666666665398,0.0025000000000025002,0.17401358695651975,0.17401358695651975,True,True,True,True,True,0.3547388405797074,1.0
1.01,1.11,0.72,0.0,0.0,1.0,1.0,2.52687365e-05,0.24361000000000002,1.248907188841202e-10,0.0,1.248907188841202e-10,1.002,1.0030000000000001,True,True,True,0.004211666666665398,0.0025000000000025002,0.2554640557939899,0.2554640557939899,True,True,True,True,True,0.5176397782546477,1.0
1.01,1.13,0.56,0.0,0.0,1.0,1.0,2.52687365e-05,0.24361000000000002,1.4055197368421053e-10,0.0,1.4055197368421053e-10,1.002,1.0030000000000001,True,True,True,0.004211666666665398,0.0025000000000025002,0.5275986842105268,0.5275986842105268,True,True,True,True,True,1.0619090350877216,1.0
1.01,1.13,0.58,0.0,0.0,1.0,1.0,2.52687365e-05,0.24361000000000002,1.3856303066037736e-10,0.0,1.3856303066037736e-10,1.002,1.0030000000000001,True,True,True,0.004211666666665398,0.0025000000000025002,0.4281515330188683,0.4281515330188683,True,True,True,True,True,0.8630147327044045,1.0
1.01,1.13,0.6,0.0,0.0,1.0,1.0,2.52687365e-05,0.24361000000000002,1.366295930232558e-10,0.0,1.366295930232558e-10,1.002,1.0030000000000001,True,True,True,0.004211666666665398,0.0025000000000025002,0.331479651162791,0.331479651162791,True,True,True,True,True,0.6696709689922499,1.0
1.01,1.13,0.62,0.0,0.0,1.0,1.0,2.52687365e-05,0.24361000000000002,1.3474936926605506e-10,0.0,1.3474936926605506e-10,1.002,1.0030000000000001,True,True,True,0.004211666666665398,0.0025000000000025002,0.23746846330275356,0.23746846330275356,True,True,True,True,True,0.481648593272175,1.0
1.01,1.13,0.64,0.0,0.0,1.0,1.0,2.52687365e-05,0.24361000000000002,1.3292019230769232e-10,0.0,1.3292019230769232e-10,1.002,1.0030000000000001,True,True,True,0.004211666666665398,0.0025000000000025002,0.14600961538461635,0.14600961538461635,True,True,True,True,True,0.2987308974359006,1.0
1.01,1.13,0.66,0.0,0.0,1.0,1.0,2.52687365e-05,0.24361000000000002,1.3114001116071428e-10,0.0,1.3114001116071428e-10,1.002,1.0030000000000001,True,True,True,0.004211666666665398,0.0025000000000025002,0.057000558035714334,0.057000558035714334,True,True,True,True,True,0.12071278273809657,1.0
1.01,1.13,0.68,0.0,0.0,1.0,1.0,2.52687365e-05,0.24361000000000002,1.294068832599119e-10,0.0,1.294068832599119e-10,1.002,1.0030000000000001,True,True,True,0.004211666666665398,0.0025000000000025002,0.02965583700440471,0.02965583700440471,True,True,True,True,True,0.06602334067547733,1.0
1.01,1.13,0.7,0.0,0.0,1.0,1.0,2.52687365e-05,0.24361000000000002,1.2771896739130436e-10,0.0,1.2771896739130436e-10,1.002,1.0030000000000001,True,True,True,0.004211666666665398,0.0025000000000025002,0.1140516304347816,0.1140516304347816,True,True,True,True,True,0.2348149275362311,1.0
1.01,1.13,0.72,0.0,0.0,1.0,1.0,2.52687365e-05,0.24361000000000002,1.26074517167382e-10,0.0,1.26074517167382e-10,1.002,1.0030000000000001,True,True,True,0.004211666666665398,0.0025000000000025002,0.19627414163090015,0.19627414163090015,True,True,True,True,True,0.3992599499284682,1.0
1.01,1.15,0.56,0.0,0.0,1.0,1.0,2.52687365e-05,0.24361000000000002,1.4187171052631578e-10,0.0,1.4187171052631578e-10,1.002,1.0030000000000001,True,True,True,0.004211666666665398,0.0025000000000025002,0.5935855263157895,0.5935855263157895,True,True,True,True,True,1.193882719298247,1.0
1.01,1.15,0.58,0.0,0.0,1.0,1.0,2.52687365e-05,0.24361000000000002,1.3986409198113207e-10,0.0,1.3986409198113207e-10,1.002,1.0030000000000001,True,True,True,0.004211666666665398,0.0025000000000025002,0.4932045990566039,0.4932045990566039,True,True,True,True,True,0.9931208647798757,1.0
1.01,1.15,0.6,0.0,0.0,1.0,1.0,2.52687365e-05,0.24361000000000002,1.379125e-10,0.0,1.379125e-10,1.002,1.0030000000000001,True,True,True,0.004211666666665398,0.0025000000000025002,0.3956249999999999,0.3956249999999999,True,True,True,True,True,0.7979616666666677,1.0
1.01,1.15,0.62,0.0,0.0,1.0,1.0,2.52687365e-05,0.24361000000000002,1.3601462155963303e-10,0.0,1.3601462155963303e-10,1.002,1.0030000000000001,True,True,True,0.004211666666665398,0.0025000000000025002,0.30073107798165183,0.30073107798165183,True,True,True,True,True,0.6081738226299715,1.0
1.01,1.15,0.64,0.0,0.0,1.0,1.0,2.52687365e-05,0.24361000000000002,1.3416826923076922e-10,0.0,1.3416826923076922e-10,1.002,1.0030000000000001,True,True,True,0.004211666666665398,0.0025000000000025002,0.20841346153846124,0.20841346153846124,True,True,True,True,True,0.4235385897435904,1.0
1.01,1.15,0.66,0.0,0.0,1.0,1.0,2.52687365e-05,0.24361000000000002,1.3237137276785713e-10,0.0,1.3237137276785713e-10,1.002,1.0030000000000001,True,True,True,0.004211666666665398,0.0025000000000025002,0.1185686383928568,0.1185686383928568,True,True,True,True,True,0.2438489434523815,1.0
1.01,1.15,0.68,0.0,0.0,1.0,1.0,2.52687365e-05,0.24361000000000002,1.3062197136563877e-10,0.0,1.3062197136563877e-10,1.002,1.0030000000000001,True,True,True,0.004211666666665398,0.0025000000000025002,0.031098568281938802,0.031098568281938802,True,True,True,True,True,0.0689088032305455,1.0
1.01,1.15,0.7,0.0,0.0,1.0,1.0,2.52687365e-05,0.24361000000000002,1.2891820652173915e-10,0.0,1.2891820652173915e-10,1.002,1.0030000000000001,True,True,True,0.004211666666665398,0.0025000000000025002,0.05408967391304215,0.05408967391304215,True,True,True,True,True,0.11489101449275219,1.0
1.01,1.15,0.72,0.0,0.0,1.0,1.0,2.52687365e-05,0.24361000000000002,1.2725831545064378e-10,0.0,1.2725831545064378e-10,1.002,1.0030000000000001,True,True,True,0.004211666666665398,0.0025000000000025002,0.1370842274678104,0.1370842274678104,True,True,True,True,True,0.2808801216022887,1.0
1.02,1.03,0.56,0.0,0.0,1.0,1.0,2.5267473e-05,0.24362,1.3435394736842107e-10,0.0,1.3435394736842107e-10,1.004,1.006,True,True,True,0.008423333333330797,0.0049999999999980616,0.21769736842105378,0.21769736842105378,True,True,True,True,True,0.4488180701754364,1.0
1.02,1.03,0.58,0.0,0.0,1.0,1.0,2.5267473e-05,0.24362,1.3245271226415096e-10,0.0,1.3245271226415096e-10,1.004,1.006,True,True,True,0.008423333333330797,0.0049999999999980616,0.12263561320754844,0.12263561320754844,True,True,True,True,True,0.25869455974842576,1.0
1.02,1.03,0.6,0.0,0.0,1.0,1.0,2.5267473e-05,0.24362,1.3060453488372095e-10,0.0,1.3060453488372095e-10,1.004,1.006,True,True,True,0.008423333333330797,0.0049999999999980616,0.030226744186048163,0.030226744186048163,True,True,True,True,True,0.07387682170542519,1.0
1.02,1.03,0.62,0.0,0.0,1.0,1.0,2.5267473e-05,0.24362,1.2880722477064222e-10,0.0,1.2880722477064222e-10,1.004,1.006,True,True,True,0.008423333333330797,0.0049999999999980616,0.05963876146788873,0.05963876146788873,True,True,True,True,True,0.13270085626910633,1.0
1.02,1.03,0.64,0.0,0.0,1.0,1.0,2.5267473e-05,0.24362,1.2705871040723982e-10,0.0,1.2705871040723982e-10,1.004,1.006,True,True,True,0.008423333333330797,0.0049999999999980616,0.1470644796380083,0.1470644796380083,True,True,True,True,True,0.30755229260934547,1.0
1.02,1.03,0.66,0.0,0.0,1.0,1.0,2.5267473e-05,0.24362,1.2535703125e-10,0.0,1.2535703125e-10,1.004,1.006,True,True,True,0.008423333333330797,0.0049999999999980616,0.23214843749999933,0.23214843749999933,True,True,True,True,True,0.4777202083333275,1.0
1.02,1.03,0.68,0.0,0.0,1.0,1.0,2.5267473e-05,0.24362,1.2370033039647578e-10,0.0,1.2370033039647578e-10,1.004,1.006,True,True,True,0.008423333333330797,0.0049999999999980616,0.31498348017621064,0.31498348017621064,True,True,True,True,True,0.6433902936857501,1.0
1.02,1.03,0.7,0.0,0.0,1.0,1.0,2.5267473e-05,0.24362,1.2208684782608699e-10,0.0,1.2208684782608699e-10,1.004,1.006,True,True,True,0.008423333333330797,0.0049999999999980616,0.3956576086956502,0.3956576086956502,True,True,True,True,True,0.8047385507246292,1.0
1.02,1.03,0.72,0.0,0.0,1.0,1.0,2.5267473e-05,0.24362,1.2051491416309015e-10,0.0,1.2051491416309015e-10,1.004,1.006,True,True,True,0.008423333333330797,0.0049999999999980616,0.4742542918454922,0.4742542918454922,True,True,True,True,True,0.9619319170243132,1.0
1.02,1.05,0.56,0.0,0.0,1.0,1.0,2.5267473e-05,0.24362,1.3567763157894733e-10,0.0,1.3567763157894733e-10,1.004,1.006,True,True,True,0.008423333333330797,0.0049999999999980616,0.28388157894736693,0.28388157894736693,True,True,True,True,True,0.5811864912280627,1.0
1.02,1.05,0.58,0.0,0.0,1.0,1.0,2.5267473e-05,0.24362,1.3375766509433961e-10,0.0,1.3375766509433961e-10,1.004,1.006,True,True,True,0.008423333333330797,0.0049999999999980616,0.1878832547169812,0.1878832547169812,True,True,True,True,True,0.38918984276729124,1.0
1.02,1.05,0.6,0.0,0.0,1.0,1.0,2.5267473e-05,0.24362,1.3189127906976743e-10,0.0,1.3189127906976743e-10,1.004,1.006,True,True,True,0.008423333333330797,0.0049999999999980616,0.09456395348837192,0.09456395348837192,True,True,True,True,True,0.2025512403100727,1.0
1.02,1.05,0.62,0.0,0.0,1.0,1.0,2.5267473e-05,0.24362,1.300762614678899e-10,0.0,1.300762614678899e-10,1.004,1.006,True,True,True,0.008423333333330797,0.0049999999999980616,0.0038130733944950175,0.0038130733944950175,True,True,True,True,True,0.021049480122318893,1.0
1.02,1.05,0.64,0.0,0.0,1.0,1.0,2.5267473e-05,0.24362,1.2831052036199094e-10,0.0,1.2831052036199094e-10,1.004,1.006,True,True,True,0.008423333333330797,0.0049999999999980616,0.08447398190045229,0.08447398190045229,True,True,True,True,True,0.18237129713423345,1.0
1.02,1.05,0.66,0.0,0.0,1.0,1.0,2.5267473e-05,0.24362,1.2659207589285711e-10,0.0,1.2659207589285711e-10,1.004,1.006,True,True,True,0.008423333333330797,0.0049999999999980616,0.17039620535714387,0.17039620535714387,True,True,True,True,True,0.3542157440476166,1.0
1.02,1.05,0.68,0.0,0.0,1.0,1.0,2.5267473e-05,0.24362,1.249190528634361e-10,0.0,1.249190528634361e-10,1.004,1.006,True,True,True,0.008423333333330797,0.0049999999999980616,0.25404735682819407,0.25404735682819407,True,True,True,True,True,0.5215180469897169,1.0
1.02,1.05,0.7,0.0,0.0,1.0,1.0,2.5267473e-05,0.24362,1.2328967391304347e-10,0.0,1.2328967391304347e-10,1.004,1.006,True,True,True,0.008423333333330797,0.0049999999999980616,0.33551630434782626,0.33551630434782626,True,True,True,True,True,0.6844559420289813,1.0
1.02,1.05,0.72,0.0,0.0,1.0,1.0,2.5267473e-05,0.24362,1.2170225321888412e-10,0.0,1.2170225321888412e-10,1.004,1.006,True,True,True,0.008423333333330797,0.0049999999999980616,0.4148873390557936,0.4148873390557936,True,True,True,True,True,0.843198011444916,1.0
1.02,1.07,0.56,0.0,0.0,1.0,1.0,2.5267473e-05,0.24362,1.370013157894737e-10,0.0,1.370013157894737e-10,1.004,1.006,True,True,True,0.008423333333330797,0.0049999999999980616,0.3500657894736853,0.3500657894736853,True,True,True,True,True,0.7135549122806994,1.0
1.02,1.07,0.58,0.0,0.0,1.0,1.0,2.5267473e-05,0.24362,1.3506261792452832e-10,0.0,1.3506261792452832e-10,1.004,1.006,True,True,True,0.008423333333330797,0.0049999999999980616,0.25313089622641655,0.25313089622641655,True,True,True,True,True,0.5196851257861619,1.0
1.02,1.07,0.6,0.0,0.0,1.0,1.0,2.5267473e-05,0.24362,1.3317802325581396e-10,0.0,1.3317802325581396e-10,1.004,1.006,True,True,True,0.008423333333330797,0.0049999999999980616,0.15890116279069827,0.15890116279069827,True,True,True,True,True,0.3312256589147254,1.0
1.02,1.07,0.62,0.0,0.0,1.0,1.0,2.5267473e-05,0.24362,1.3134529816513762e-10,0.0,1.3134529816513762e-10,1.004,1.006,True,True,True,0.008423333333330797,0.0049999999999980616,0.06726490825688136,0.06726490825688136,True,True,True,True,True,0.14795314984709157,1.0
1.02,1.07,0.64,0.0,0.0,1.0,1.0,2.5267473e-05,0.24362,1.295623303167421e-10,0.0,1.295623303167421e-10,1.004,1.006,True,True,True,0.008423333333330797,0.0049999999999980616,0.021883484162894973,0.021883484162894973,True,True,True,True,True,0.0571903016591188,1.0
1.02,1.07,0.66,0.0,0.0,1.0,1.0,2.5267473e-05,0.24362,1.278271205357143e-10,0.0,1.278271205357143e-10,1.004,1.006,True,True,True,0.008423333333330797,0.0049999999999980616,0.10864397321428454,0.10864397321428454,True,True,True,True,True,0.23071127976189792,1.0
1.02,1.07,0.68,0.0,0.0,1.0,1.0,2.5267473e-05,0.24362,1.261377753303965e-10,0.0,1.261377753303965e-10,1.004,1.006,True,True,True,0.008423333333330797,0.0049999999999980616,0.19311123348017495,0.19311123348017495,True,True,True,True,True,0.39964580029367874,1.0
1.02,1.07,0.7,0.0,0.0,1.0,1.0,2.5267473e-05,0.24362,1.2449250000000002e-10,0.0,1.2449250000000002e-10,1.004,1.006,True,True,True,0.008423333333330797,0.0049999999999980616,0.2753749999999984,0.2753749999999984,True,True,True,True,True,0.5641733333333256,1.0
1.02,1.07,0.72,0.0,0.0,1.0,1.0,2.5267473e-05,0.24362,1.2288959227467814e-10,0.0,1.2288959227467814e-10,1.004,1.006,True,True,True,0.008423333333330797,0.0049999999999980616,0.35552038626609245,0.35552038626609245,True,True,True,True,True,0.7244641058655137,1.0
1.02,1.09,0.56,0.0,0.0,1.0,1.0,2.5267473e-05,0.24362,1.3832499999999996e-10,0.0,1.3832499999999996e-10,1.004,1.006,True,True,True,0.008423333333330797,0.0049999999999980616,0.41624999999999845,0.41624999999999845,True,True,True,True,True,0.8459233333333258,1.0
1.02,1.09,0.58,0.0,0.0,1.0,1.0,2.5267473e-05,0.24362,1.3636757075471698e-10,0.0,1.3636757075471698e-10,1.004,1.006,True,True,True,0.008423333333330797,0.0049999999999980616,0.3183785377358493,0.3183785377358493,True,True,True,True,True,0.6501804088050274,1.0
1.02,1.09,0.6,0.0,0.0,1.0,1.0,2.5267473e-05,0.24362,1.3446476744186046e-10,0.0,1.3446476744186046e-10,1.004,1.006,True,True,True,0.008423333333330797,0.0049999999999980616,0.2232383720930233,0.2232383720930233,True,True,True,True,True,0.45990007751937545,1.0
1.02,1.09,0.62,0.0,0.0,1.0,1.0,2.5267473e-05,0.24362,1.326143348623853e-10,0.0,1.326143348623853e-10,1.004,1.006,True,True,True,0.008423333333330797,0.0049999999999980616,0.13071674311926512,0.13071674311926512,True,True,True,True,True,0.2748568195718591,1.0
1.02,1.09,0.64,0.0,0.0,1.0,1.0,2.5267473e-05,0.24362,1.3081414027149319e-10,0.0,1.3081414027149319e-10,1.004,1.006,True,True,True,0.008423333333330797,0.0049999999999980616,0.04070701357465975,0.04070701357465975,True,True,True,True,True,0.09483736048264836,1.0
1.02,1.09,0.66,0.0,0.0,1.0,1.0,2.5267473e-05,0.24362,1.290621651785714e-10,0.0,1.290621651785714e-10,1.004,1.006,True,True,True,0.008423333333330797,0.0049999999999980616,0.046891741071429086,0.046891741071429086,True,True,True,True,True,0.10720681547618703,1.0
1.02,1.09,0.68,0.0,0.0,1.0,1.0,2.5267473e-05,0.24362,1.273564977973568e-10,0.0,1.273564977973568e-10,1.004,1.006,True,True,True,0.008423333333330797,0.0049999999999980616,0.13217511013215968,0.13217511013215968,True,True,True,True,True,0.2777735535976482,1.0
1.02,1.09,0.7,0.0,0.0,1.0,1.0,2.5267473e-05,0.24362,1.256953260869565e-10,0.0,1.256953260869565e-10,1.004,1.006,True,True,True,0.008423333333330797,0.0049999999999980616,0.21523369565217446,0.21523369565217446,True,True,True,True,True,0.44389072463767776,1.0
1.02,1.09,0.72,0.0,0.0,1.0,1.0,2.5267473e-05,0.24362,1.240769313304721e-10,0.0,1.240769313304721e-10,1.004,1.006,True,True,True,0.008423333333330797,0.0049999999999980616,0.2961534334763951,0.2961534334763951,True,True,True,True,True,0.6057302002861191,1.0
1.02,1.11,0.56,0.0,0.0,1.0,1.0,2.5267473e-05,0.24362,1.3964868421052633e-10,0.0,1.3964868421052633e-10,1.004,1.006,True,True,True,0.008423333333330797,0.0049999999999980616,0.4824342105263168,0.4824342105263168,True,True,True,True,True,0.9782917543859624,1.0
1.02,1.11,0.58,0.0,0.0,1.0,1.0,2.5267473e-05,0.24362,1.3767252358490568e-10,0.0,1.3767252358490568e-10,1.004,1.006,True,True,True,0.008423333333330797,0.0049999999999980616,0.38362617924528464,0.38362617924528464,True,True,True,True,True,0.7806756918238982,1.0
1.02,1.11,0.6,0.0,0.0,1.0,1.0,2.5267473e-05,0.24362,1.35751511627907e-10,0.0,1.35751511627907e-10,1.004,1.006,True,True,True,0.008423333333330797,0.0049999999999980616,0.28757558139535094,0.28757558139535094,True,True,True,True,True,0.5885744961240307,1.0
1.02,1.11,0.62,0.0,0.0,1.0,1.0,2.5267473e-05,0.24362,1.3388337155963305e-10,0.0,1.3388337155963305e-10,1.004,1.006,True,True,True,0.008423333333330797,0.0049999999999980616,0.19416857798165274,0.19416857798165274,True,True,True,True,True,0.4017604892966343,1.0
1.02,1.11,0.64,0.0,0.0,1.0,1.0,2.5267473e-05,0.24362,1.3206595022624436e-10,0.0,1.3206595022624436e-10,1.004,1.006,True,True,True,0.008423333333330797,0.0049999999999980616,0.10329751131221836,0.10329751131221836,True,True,True,True,True,0.2200183559577656,1.0
1.02,1.11,0.66,0.0,0.0,1.0,1.0,2.5267473e-05,0.24362,1.302972098214286e-10,0.0,1.302972098214286e-10,1.004,1.006,True,True,True,0.008423333333330797,0.0049999999999980616,0.014860491071430245,0.014860491071430245,True,True,True,True,True,0.04314431547618935,1.0
1.02,1.11,0.68,0.0,0.0,1.0,1.0,2.5267473e-05,0.24362,1.285752202643172e-10,0.0,1.285752202643172e-10,1.004,1.006,True,True,True,0.008423333333330797,0.0049999999999980616,0.07123898678413923,0.07123898678413923,True,True,True,True,True,0.1559013069016073,1.0
1.02,1.11,0.7,0.0,0.0,1.0,1.0,2.5267473e-05,0.24362,1.2689815217391308e-10,0.0,1.2689815217391308e-10,1.004,1.006,True,True,True,0.008423333333330797,0.0049999999999980616,0.15509239130434532,0.15509239130434532,True,True,True,True,True,0.3236081159420195,1.0
1.02,1.11,0.72,0.0,0.0,1.0,1.0,2.5267473e-05,0.24362,1.252642703862661e-10,0.0,1.252642703862661e-10,1.004,1.006,True,True,True,0.008423333333330797,0.0049999999999980616,0.23678648068669392,0.23678648068669392,True,True,True,True,True,0.4869962947067167,1.0
1.02,1.13,0.56,0.0,0.0,1.0,1.0,2.5267473e-05,0.24362,1.409723684210526e-10,0.0,1.409723684210526e-10,1.004,1.006,True,True,True,0.008423333333330797,0.0049999999999980616,0.5486184210526299,0.5486184210526299,True,True,True,True,True,1.1106601754385887,1.0
1.02,1.13,0.58,0.0,0.0,1.0,1.0,2.5267473e-05,0.24362,1.389774764150943e-10,0.0,1.389774764150943e-10,1.004,1.006,True,True,True,0.008423333333330797,0.0049999999999980616,0.44887382075471616,0.44887382075471616,True,True,True,True,True,0.9111709748427612,1.0
1.02,1.13,0.6,0.0,0.0,1.0,1.0,2.5267473e-05,0.24362,1.3703825581395346e-10,0.0,1.3703825581395346e-10,1.004,1.006,True,True,True,0.008423333333330797,0.0049999999999980616,0.3519127906976734,0.3519127906976734,True,True,True,True,True,0.7172489147286756,1.0
1.02,1.13,0.62,0.0,0.0,1.0,1.0,2.5267473e-05,0.24362,1.3515240825688072e-10,0.0,1.3515240825688072e-10,1.004,1.006,True,True,True,0.008423333333330797,0.0049999999999980616,0.2576204128440365,0.2576204128440365,True,True,True,True,True,0.5286641590214018,1.0
1.02,1.13,0.64,0.0,0.0,1.0,1.0,2.5267473e-05,0.24362,1.3331776018099545e-10,0.0,1.3331776018099545e-10,1.004,1.006,True,True,True,0.008423333333330797,0.0049999999999980616,0.16588800904977308,0.16588800904977308,True,True,True,True,True,0.345199351432875,1.0
1.02,1.13,0.66,0.0,0.0,1.0,1.0,2.5267473e-05,0.24362,1.3153225446428568e-10,0.0,1.3153225446428568e-10,1.004,1.006,True,True,True,0.008423333333330797,0.0049999999999980616,0.0766127232142844,0.0766127232142844,True,True,True,True,True,0.16664877976189768,1.0
1.02,1.13,0.68,0.0,0.0,1.0,1.0,2.5267473e-05,0.24362,1.297939427312775e-10,0.0,1.297939427312775e-10,1.004,1.006,True,True,True,0.008423333333330797,0.0049999999999980616,0.010302863436123959,0.010302863436123959,True,True,True,True,True,0.03402906020557678,1.0
1.02,1.13,0.7,0.0,0.0,1.0,1.0,2.5267473e-05,0.24362,1.2810097826086956e-10,0.0,1.2810097826086956e-10,1.004,1.006,True,True,True,0.008423333333330797,0.0049999999999980616,0.09495108695652135,0.09495108695652135,True,True,True,True,True,0.20332550724637155,1.0
1.02,1.13,0.72,0.0,0.0,1.0,1.0,2.5267473e-05,0.24362,1.2645160944206008e-10,0.0,1.2645160944206008e-10,1.004,1.006,True,True,True,0.008423333333330797,0.0049999999999980616,0.17741952789699533,0.17741952789699533,True,True,True,True,True,0.3682623891273195,1.0
1.02,1.15,0.56,0.0,0.0,1.0,1.0,2.5267473e-05,0.24362,1.4229605263157893e-10,0.0,1.4229605263157893e-10,1.004,1.006,True,True,True,0.008423333333330797,0.0049999999999980616,0.614802631578947,0.614802631578947,True,True,True,True,True,1.2430285964912229,1.0
1.02,1.15,0.58,0.0,0.0,1.0,1.0,2.5267473e-05,0.24362,1.4028242924528302e-10,0.0,1.4028242924528302e-10,1.004,1.006,True,True,True,0.008423333333330797,0.0049999999999980616,0.5141214622641515,0.5141214622641515,True,True,True,True,True,1.0416662578616318,1.0
1.02,1.15,0.6,0.0,0.0,1.0,1.0,2.5267473e-05,0.24362,1.3832499999999999e-10,0.0,1.3832499999999999e-10,1.004,1.006,True,True,True,0.008423333333330797,0.0049999999999980616,0.41624999999999973,0.41624999999999973,True,True,True,True,True,0.8459233333333283,1.0
1.02,1.15,0.62,0.0,0.0,1.0,1.0,2.5267473e-05,0.24362,1.3642144495412842e-10,0.0,1.3642144495412842e-10,1.004,1.006,True,True,True,0.008423333333330797,0.0049999999999980616,0.3210722477064215,0.3210722477064215,True,True,True,True,True,0.6555678287461719,1.0
1.02,1.15,0.64,0.0,0.0,1.0,1.0,2.5267473e-05,0.24362,1.345695701357466e-10,0.0,1.345695701357466e-10,1.004,1.006,True,True,True,0.008423333333330797,0.0049999999999980616,0.2284785067873304,0.2284785067873304,True,True,True,True,True,0.47038034690798963,1.0
1.02,1.15,0.66,0.0,0.0,1.0,1.0,2.5267473e-05,0.24362,1.3276729910714284e-10,0.0,1.3276729910714284e-10,1.004,1.006,True,True,True,0.008423333333330797,0.0049999999999980616,0.13836495535714244,0.13836495535714244,True,True,True,True,True,0.2901532440476137,1.0
1.02,1.15,0.68,0.0,0.0,1.0,1.0,2.5267473e-05,0.24362,1.3101266519823787e-10,0.0,1.3101266519823787e-10,1.004,1.006,True,True,True,0.008423333333330797,0.0049999999999980616,0.0506332599118939,0.0506332599118939,True,True,True,True,True,0.11468985315711666,1.0
1.02,1.15,0.7,0.0,0.0,1.0,1.0,2.5267473e-05,0.24362,1.293038043478261e-10,0.0,1.293038043478261e-10,1.004,1.006,True,True,True,0.008423333333330797,0.0049999999999980616,0.034809782608694814,0.034809782608694814,True,True,True,True,True,0.08304289855071849,1.0
1.02,1.15,0.72,0.0,0.0,1.0,1.0,2.5267473e-05,0.24362,1.2763894849785408e-10,0.0,1.2763894849785408e-10,1.004,1.006,True,True,True,0.008423333333330797,0.0049999999999980616,0.11805257510729543,0.11805257510729543,True,True,True,True,True,0.24952848354791973,1.0
1.03,1.03,0.56,0.0,0.0,1.0,1.0,2.52662095e-05,0.24363,1.3475460526315789e-10,0.0,1.3475460526315789e-10,1.006,1.009,True,True,True,0.012634999999996196,0.007500000000000562,0.23773026315789475,0.23773026315789475,True,True,True,True,True,0.49559552631578624,1.0
1.03,1.03,0.58,0.0,0.0,1.0,1.0,2.52662095e-05,0.24363,1.3284770047169812e-10,0.0,1.3284770047169812e-10,1.006,1.009,True,True,True,0.012634999999996196,0.007500000000000562,0.1423850235849064,0.1423850235849064,True,True,True,True,True,0.3049050471698096,1.0
1.03,1.03,0.6,0.0,0.0,1.0,1.0,2.52662095e-05,0.24363,1.3099401162790699e-10,0.0,1.3099401162790699e-10,1.006,1.009,True,True,True,0.012634999999996196,0.007500000000000562,0.04970058139534982,0.04970058139534982,True,True,True,True,True,0.1195361627906964,1.0
1.03,1.03,0.62,0.0,0.0,1.0,1.0,2.52662095e-05,0.24363,1.2919134174311928e-10,0.0,1.2919134174311928e-10,1.006,1.009,True,True,True,0.012634999999996196,0.007500000000000562,0.04043291284403577,0.04043291284403577,True,True,True,True,True,0.10100082568806831,1.0
1.03,1.03,0.64,0.0,0.0,1.0,1.0,2.52662095e-05,0.24363,1.2743761312217195e-10,0.0,1.2743761312217195e-10,1.006,1.009,True,True,True,0.012634999999996196,0.007500000000000562,0.1281193438914019,0.1281193438914019,True,True,True,True,True,0.2763736877828006,1.0
1.03,1.03,0.66,0.0,0.0,1.0,1.0,2.52662095e-05,0.24363,1.25730859375e-10,0.0,1.25730859375e-10,1.006,1.009,True,True,True,0.012634999999996196,0.007500000000000562,0.21345703124999932,0.21345703124999932,True,True,True,True,True,0.44704906249999543,1.0
1.03,1.03,0.68,0.0,0.0,1.0,1.0,2.52662095e-05,0.24363,1.24069218061674e-10,0.0,1.24069218061674e-10,1.006,1.009,True,True,True,0.012634999999996196,0.007500000000000562,0.29653909691629904,0.29653909691629904,True,True,True,True,True,0.6132131938325949,1.0
1.03,1.03,0.7,0.0,0.0,1.0,1.0,2.52662095e-05,0.24363,1.2245092391304348e-10,0.0,1.2245092391304348e-10,1.006,1.009,True,True,True,0.012634999999996196,0.007500000000000562,0.3774538043478254,0.3774538043478254,True,True,True,True,True,0.7750426086956475,1.0
1.03,1.03,0.72,0.0,0.0,1.0,1.0,2.52662095e-05,0.24363,1.208743025751073e-10,0.0,1.208743025751073e-10,1.006,1.009,True,True,True,0.012634999999996196,0.007500000000000562,0.4562848712446343,0.4562848712446343,True,True,True,True,True,0.9327047424892654,1.0
1.03,1.05,0.56,0.0,0.0,1.0,1.0,2.52662095e-05,0.24363,1.3608223684210523e-10,0.0,1.3608223684210523e-10,1.006,1.009,True,True,True,0.012634999999996196,0.007500000000000562,0.30411184210526215,0.30411184210526215,True,True,True,True,True,0.6283586842105211,1.0
1.03,1.05,0.58,0.0,0.0,1.0,1.0,2.52662095e-05,0.24363,1.3415654481132074e-10,0.0,1.3415654481132074e-10,1.006,1.009,True,True,True,0.012634999999996196,0.007500000000000562,0.20782724056603763,0.20782724056603763,True,True,True,True,True,0.43578948113207205,1.0
1.03,1.05,0.6,0.0,0.0,1.0,1.0,2.52662095e-05,0.24363,1.3228459302325579e-10,0.0,1.3228459302325579e-10,1.006,1.009,True,True,True,0.012634999999996196,0.007500000000000562,0.11422965116278973,0.11422965116278973,True,True,True,True,True,0.24859430232557622,1.0
1.03,1.05,0.62,0.0,0.0,1.0,1.0,2.52662095e-05,0.24363,1.3046416284403669e-10,0.0,1.3046416284403669e-10,1.006,1.009,True,True,True,0.012634999999996196,0.007500000000000562,0.023208142201834748,0.023208142201834748,True,True,True,True,True,0.06655128440366626,1.0
1.03,1.05,0.64,0.0,0.0,1.0,1.0,2.52662095e-05,0.24363,1.2869315610859727e-10,0.0,1.2869315610859727e-10,1.006,1.009,True,True,True,0.012634999999996196,0.007500000000000562,0.06534219457013607,0.06534219457013607,True,True,True,True,True,0.1508193891402689,1.0
1.03,1.05,0.66,0.0,0.0,1.0,1.0,2.52662095e-05,0.24363,1.269695870535714e-10,0.0,1.269695870535714e-10,1.006,1.009,True,True,True,0.012634999999996196,0.007500000000000562,0.1515206473214296,0.1515206473214296,True,True,True,True,True,0.323176294642856,1.0
1.03,1.05,0.68,0.0,0.0,1.0,1.0,2.52662095e-05,0.24363,1.252915748898678e-10,0.0,1.252915748898678e-10,1.006,1.009,True,True,True,0.012634999999996196,0.007500000000000562,0.23542125550660942,0.23542125550660942,True,True,True,True,True,0.4909775110132156,1.0
1.03,1.05,0.7,0.0,0.0,1.0,1.0,2.52662095e-05,0.24363,1.2365733695652173e-10,0.0,1.2365733695652173e-10,1.006,1.009,True,True,True,0.012634999999996196,0.007500000000000562,0.3171331521739131,0.3171331521739131,True,True,True,True,True,0.654401304347823,1.0
1.03,1.05,0.72,0.0,0.0,1.0,1.0,2.52662095e-05,0.24363,1.2206518240343345e-10,0.0,1.2206518240343345e-10,1.006,1.009,True,True,True,0.012634999999996196,0.007500000000000562,0.3967408798283268,0.3967408798283268,True,True,True,True,True,0.8136167596566504,1.0
1.03,1.07,0.56,0.0,0.0,1.0,1.0,2.52662095e-05,0.24363,1.374098684210526e-10,0.0,1.374098684210526e-10,1.006,1.009,True,True,True,0.012634999999996196,0.007500000000000562,0.3704934210526309,0.3704934210526309,True,True,True,True,True,0.7611218421052586,1.0
1.03,1.07,0.58,0.0,0.0,1.0,1.0,2.52662095e-05,0.24363,1.354653891509434e-10,0.0,1.354653891509434e-10,1.006,1.009,True,True,True,0.012634999999996196,0.007500000000000562,0.2732694575471702,0.2732694575471702,True,True,True,True,True,0.5666739150943372,1.0
1.03,1.07,0.6,0.0,0.0,1.0,1.0,2.52662095e-05,0.24363,1.3357517441860466e-10,0.0,1.3357517441860466e-10,1.006,1.009,True,True,True,0.012634999999996196,0.007500000000000562,0.1787587209302335,0.1787587209302335,True,True,True,True,True,0.37765244186046376,1.0
1.03,1.07,0.62,0.0,0.0,1.0,1.0,2.52662095e-05,0.24363,1.3173698394495412e-10,0.0,1.3173698394495412e-10,1.006,1.009,True,True,True,0.012634999999996196,0.007500000000000562,0.08684919724770657,0.08684919724770657,True,True,True,True,True,0.1938333944954099,1.0
1.03,1.07,0.64,0.0,0.0,1.0,1.0,2.52662095e-05,0.24363,1.299486990950226e-10,0.0,1.299486990950226e-10,1.006,1.009,True,True,True,0.012634999999996196,0.007500000000000562,0.002565045248868945,0.002565045248868945,True,True,True,True,True,0.02526509049773465,1.0
1.03,1.07,0.66,0.0,0.0,1.0,1.0,2.52662095e-05,0.24363,1.2820831473214284e-10,0.0,1.2820831473214284e-10,1.006,1.009,True,True,True,0.012634999999996196,0.007500000000000562,0.08958426339285729,0.08958426339285729,True,True,True,True,True,0.19930352678571134,1.0
1.03,1.07,0.68,0.0,0.0,1.0,1.0,2.52662095e-05,0.24363,1.2651393171806167e-10,0.0,1.2651393171806167e-10,1.006,1.009,True,True,True,0.012634999999996196,0.007500000000000562,0.17430341409691594,0.17430341409691594,True,True,True,True,True,0.3687418281938286,1.0
1.03,1.07,0.7,0.0,0.0,1.0,1.0,2.52662095e-05,0.24363,1.2486375e-10,0.0,1.2486375e-10,1.006,1.009,True,True,True,0.012634999999996196,0.007500000000000562,0.25681249999999944,0.25681249999999944,True,True,True,True,True,0.5337599999999956,1.0
1.03,1.07,0.72,0.0,0.0,1.0,1.0,2.52662095e-05,0.24363,1.2325606223175966e-10,0.0,1.2325606223175966e-10,1.006,1.009,True,True,True,0.012634999999996196,0.007500000000000562,0.3371968884120168,0.3371968884120168,True,True,True,True,True,0.6945287768240302,1.0
1.03,1.09,0.56,0.0,0.0,1.0,1.0,2.52662095e-05,0.24363,1.3873749999999996e-10,0.0,1.3873749999999996e-10,1.006,1.009,True,True,True,0.012634999999996196,0.007500000000000562,0.43687499999999835,0.43687499999999835,True,True,True,True,True,0.8938849999999934,1.0
1.03,1.09,0.58,0.0,0.0,1.0,1.0,2.52662095e-05,0.24363,1.3677423349056602e-10,0.0,1.3677423349056602e-10,1.006,1.009,True,True,True,0.012634999999996196,0.007500000000000562,0.3387116745283014,0.3387116745283014,True,True,True,True,True,0.6975583490565995,1.0
1.03,1.09,0.6,0.0,0.0,1.0,1.0,2.52662095e-05,0.24363,1.3486575581395346e-10,0.0,1.3486575581395346e-10,1.006,1.009,True,True,True,0.012634999999996196,0.007500000000000562,0.24328779069767342,0.24328779069767342,True,True,True,True,True,0.5067105813953436,1.0
1.03,1.09,0.62,0.0,0.0,1.0,1.0,2.52662095e-05,0.24363,1.3300980504587153e-10,0.0,1.3300980504587153e-10,1.006,1.009,True,True,True,0.012634999999996196,0.007500000000000562,0.1504902522935771,0.1504902522935771,True,True,True,True,True,0.321115504587151,1.0
1.03,1.09,0.64,0.0,0.0,1.0,1.0,2.52662095e-05,0.24363,1.3120424208144793e-10,0.0,1.3120424208144793e-10,1.006,1.009,True,True,True,0.012634999999996196,0.007500000000000562,0.06021210407239688,0.06021210407239688,True,True,True,True,True,0.14055920814479053,1.0
1.03,1.09,0.66,0.0,0.0,1.0,1.0,2.52662095e-05,0.24363,1.2944704241071427e-10,0.0,1.2944704241071427e-10,1.006,1.009,True,True,True,0.012634999999996196,0.007500000000000562,0.02764787946428627,0.02764787946428627,True,True,True,True,True,0.07543075892856929,1.0
1.03,1.09,0.68,0.0,0.0,1.0,1.0,2.52662095e-05,0.24363,1.2773628854625546e-10,0.0,1.2773628854625546e-10,1.006,1.009,True,True,True,0.012634999999996196,0.007500000000000562,0.11318557268722632,0.11318557268722632,True,True,True,True,True,0.2465061453744494,1.0
1.03,1.09,0.7,0.0,0.0,1.0,1.0,2.52662095e-05,0.24363,1.2607016304347825e-10,0.0,1.2607016304347825e-10,1.006,1.009,True,True,True,0.012634999999996196,0.007500000000000562,0.19649184782608708,0.19649184782608708,True,True,True,True,True,0.41311869565217096,1.0
1.03,1.09,0.72,0.0,0.0,1.0,1.0,2.52662095e-05,0.24363,1.244469420600858e-10,0.0,1.244469420600858e-10,1.006,1.009,True,True,True,0.012634999999996196,0.007500000000000562,0.27765289699570933,0.27765289699570933,True,True,True,True,True,0.5754407939914155,1.0
1.03,1.11,0.56,0.0,0.0,1.0,1.0,2.52662095e-05,0.24363,1.4006513157894736e-10,0.0,1.4006513157894736e-10,1.006,1.009,True,True,True,0.012634999999996196,0.007500000000000562,0.5032565789473683,0.5032565789473683,True,True,True,True,True,1.0266481578947335,1.0
1.03,1.11,0.58,0.0,0.0,1.0,1.0,2.52662095e-05,0.24363,1.380830778301887e-10,0.0,1.380830778301887e-10,1.006,1.009,True,True,True,0.012634999999996196,0.007500000000000562,0.40415389150943526,0.40415389150943526,True,True,True,True,True,0.8284427830188672,1.0
1.03,1.11,0.6,0.0,0.0,1.0,1.0,2.52662095e-05,0.24363,1.3615633720930233e-10,0.0,1.3615633720930233e-10,1.006,1.009,True,True,True,0.012634999999996196,0.007500000000000562,0.3078168604651172,0.3078168604651172,True,True,True,True,True,0.6357687209302312,1.0
1.03,1.11,0.62,0.0,0.0,1.0,1.0,2.52662095e-05,0.24363,1.34282626146789e-10,0.0,1.34282626146789e-10,1.006,1.009,True,True,True,0.012634999999996196,0.007500000000000562,0.2141313073394502,0.2141313073394502,True,True,True,True,True,0.44839761467889716,1.0
1.03,1.11,0.64,0.0,0.0,1.0,1.0,2.52662095e-05,0.24363,1.324597850678733e-10,0.0,1.324597850678733e-10,1.006,1.009,True,True,True,0.012634999999996196,0.007500000000000562,0.1229892533936653,0.1229892533936653,True,True,True,True,True,0.26611350678732737,1.0
1.03,1.11,0.66,0.0,0.0,1.0,1.0,2.52662095e-05,0.24363,1.306857700892857e-10,0.0,1.306857700892857e-10,1.006,1.009,True,True,True,0.012634999999996196,0.007500000000000562,0.034288504464286045,0.034288504464286045,True,True,True,True,True,0.08871200892856884,1.0
1.03,1.11,0.68,0.0,0.0,1.0,1.0,2.52662095e-05,0.24363,1.2895864537444933e-10,0.0,1.2895864537444933e-10,1.006,1.009,True,True,True,0.012634999999996196,0.007500000000000562,0.05206773127753282,0.05206773127753282,True,True,True,True,True,0.1242704625550624,1.0
1.03,1.11,0.7,0.0,0.0,1.0,1.0,2.52662095e-05,0.24363,1.2727657608695655e-10,0.0,1.2727657608695655e-10,1.006,1.009,True,True,True,0.012634999999996196,0.007500000000000562,0.13617119565217217,0.13617119565217217,True,True,True,True,True,0.29247739130434114,1.0
1.03,1.11,0.72,0.0,0.0,1.0,1.0,2.52662095e-05,0.24363,1.2563782188841203e-10,0.0,1.2563782188841203e-10,1.006,1.009,True,True,True,0.012634999999996196,0.007500000000000562,0.21810890557939797,0.21810890557939797,True,True,True,True,True,0.45635281115879267,1.0
1.03,1.13,0.56,0.0,0.0,1.0,1.0,2.52662095e-05,0.24363,1.413927631578947e-10,0.0,1.413927631578947e-10,1.006,1.009,True,True,True,0.012634999999996196,0.007500000000000562,0.5696381578947357,0.5696381578947357,True,True,True,True,True,1.1594113157894683,1.0
1.03,1.13,0.58,0.0,0.0,1.0,1.0,2.52662095e-05,0.24363,1.393919221698113e-10,0.0,1.393919221698113e-10,1.006,1.009,True,True,True,0.012634999999996196,0.007500000000000562,0.46959610849056527,0.46959610849056527,True,True,True,True,True,0.9593272169811273,1.0
1.03,1.13,0.6,0.0,0.0,1.0,1.0,2.52662095e-05,0.24363,1.3744691860465113e-10,0.0,1.3744691860465113e-10,1.006,1.009,True,True,True,0.012634999999996196,0.007500000000000562,0.37234593023255713,0.37234593023255713,True,True,True,True,True,0.764826860465111,1.0
1.03,1.13,0.62,0.0,0.0,1.0,1.0,2.52662095e-05,0.24363,1.355554472477064e-10,0.0,1.355554472477064e-10,1.006,1.009,True,True,True,0.012634999999996196,0.007500000000000562,0.2777723623853207,0.2777723623853207,True,True,True,True,True,0.5756797247706382,1.0
1.03,1.13,0.64,0.0,0.0,1.0,1.0,2.52662095e-05,0.24363,1.337153280542986e-10,0.0,1.337153280542986e-10,1.006,1.009,True,True,True,0.012634999999996196,0.007500000000000562,0.18576640271493114,0.18576640271493114,True,True,True,True,True,0.391667805429859,1.0
1.03,1.13,0.66,0.0,0.0,1.0,1.0,2.52662095e-05,0.24363,1.319244977678571e-10,0.0,1.319244977678571e-10,1.006,1.009,True,True,True,0.012634999999996196,0.007500000000000562,0.09622488839285577,0.09622488839285577,True,True,True,True,True,0.2125847767857083,1.0
1.03,1.13,0.68,0.0,0.0,1.0,1.0,2.52662095e-05,0.24363,1.3018100220264315e-10,0.0,1.3018100220264315e-10,1.006,1.009,True,True,True,0.012634999999996196,0.007500000000000562,0.009050110132158087,0.009050110132158087,True,True,True,True,True,0.03823522026431293,1.0
1.03,1.13,0.7,0.0,0.0,1.0,1.0,2.52662095e-05,0.24363,1.2848298913043477e-10,0.0,1.2848298913043477e-10,1.006,1.009,True,True,True,0.012634999999996196,0.007500000000000562,0.07585054347826112,0.07585054347826112,True,True,True,True,True,0.171836086956519,1.0
1.03,1.13,0.72,0.0,0.0,1.0,1.0,2.52662095e-05,0.24363,1.2682870171673818e-10,0.0,1.2682870171673818e-10,1.006,1.009,True,True,True,0.012634999999996196,0.007500000000000562,0.15856491416309051,0.15856491416309051,True,True,True,True,True,0.33726482832617777,1.0
1.03,1.15,0.56,0.0,0.0,1.0,1.0,2.52662095e-05,0.24363,1.4272039473684208e-10,0.0,1.4272039473684208e-10,1.006,1.009,True,True,True,0.012634999999996196,0.007500000000000562,0.6360197368421044,0.6360197368421044,True,True,True,True,True,1.2921744736842058,1.0
1.03,1.15,0.58,0.0,0.0,1.0,1.0,2.52662095e-05,0.24363,1.4070076650943395e-10,0.0,1.4070076650943395e-10,1.006,1.009,True,True,True,0.012634999999996196,0.007500000000000562,0.5350383254716978,0.5350383254716978,True,True,True,True,True,1.0902116509433926,1.0
1.03,1.15,0.6,0.0,0.0,1.0,1.0,2.52662095e-05,0.24363,1.3873749999999998e-10,0.0,1.3873749999999998e-10,1.006,1.009,True,True,True,0.012634999999996196,0.007500000000000562,0.4368749999999996,0.4368749999999996,True,True,True,True,True,0.893884999999996,1.0
1.03,1.15,0.62,0.0,0.0,1.0,1.0,2.52662095e-05,0.24363,1.3682826834862384e-10,0.0,1.3682826834862384e-10,1.006,1.009,True,True,True,0.012634999999996196,0.007500000000000562,0.3414134174311925,0.3414134174311925,True,True,True,True,True,0.7029618348623818,1.0
1.03,1.15,0.64,0.0,0.0,1.0,1.0,2.52662095e-05,0.24363,1.3497087104072396e-10,0.0,1.3497087104072396e-10,1.006,1.009,True,True,True,0.012634999999996196,0.007500000000000562,0.24854355203619824,0.24854355203619824,True,True,True,True,True,0.5172221040723932,1.0
1.03,1.15,0.66,0.0,0.0,1.0,1.0,2.52662095e-05,0.24363,1.3316322544642855e-10,0.0,1.3316322544642855e-10,1.006,1.009,True,True,True,0.012634999999996196,0.007500000000000562,0.1581612723214281,0.1581612723214281,True,True,True,True,True,0.33645754464285293,1.0
1.03,1.15,0.68,0.0,0.0,1.0,1.0,2.52662095e-05,0.24363,1.3140335903083697e-10,0.0,1.3140335903083697e-10,1.006,1.009,True,True,True,0.012634999999996196,0.007500000000000562,0.070167951541849,0.070167951541849,True,True,True,True,True,0.16047090308369477,1.0
1.03,1.15,0.7,0.0,0.0,1.0,1.0,2.52662095e-05,0.24363,1.2968940217391304e-10,0.0,1.2968940217391304e-10,1.006,1.009,True,True,True,0.012634999999996196,0.007500000000000562,0.015529891304347477,0.015529891304347477,True,True,True,True,True,0.05119478260869171,1.0
1.03,1.15,0.72,0.0,0.0,1.0,1.0,2.52662095e-05,0.24363,1.2801958154506438e-10,0.0,1.2801958154506438e-10,1.006,1.009,True,True,True,0.012634999999996196,0.007500000000000562,0.09902092274678045,0.09902092274678045,True,True,True,True,True,0.21817684549355768,1.0
1.04,1.03,0.56,0.0,0.0,1.0,1.0,2.5264946000000002e-05,0.24364000000000002,1.3515526315789476e-10,0.0,1.3515526315789476e-10,1.008,1.012,True,True,True,0.016846666666661594,0.010000000000003062,0.2577631578947383,0.2577631578947383,True,True,True,True,True,0.5423729824561412,1.0
1.04,1.03,0.58,0.0,0.0,1.0,1.0,2.5264946000000002e-05,0.24364000000000002,1.332426886792453e-10,0.0,1.332426886792453e-10,1.008,1.012,True,True,True,0.016846666666661594,0.010000000000003062,0.16213443396226562,0.16213443396226562,True,True,True,True,True,0.35111553459119593,1.0
1.04,1.03,0.6,0.0,0.0,1.0,1.0,2.5264946000000002e-05,0.24364000000000002,1.3138348837209305e-10,0.0,1.3138348837209305e-10,1.008,1.012,True,True,True,0.016846666666661594,0.010000000000003062,0.06917441860465279,0.06917441860465279,True,True,True,True,True,0.16519550387597023,1.0
1.04,1.03,0.62,0.0,0.0,1.0,1.0,2.5264946000000002e-05,0.24364000000000002,1.2957545871559636e-10,0.0,1.2957545871559636e-10,1.008,1.012,True,True,True,0.016846666666661594,0.010000000000003062,0.02122706422018152,0.02122706422018152,True,True,True,True,True,0.06930079510702769,1.0
1.04,1.03,0.64,0.0,0.0,1.0,1.0,2.5264946000000002e-05,0.24364000000000002,1.2781651583710408e-10,0.0,1.2781651583710408e-10,1.008,1.012,True,True,True,0.016846666666661594,0.010000000000003062,0.10917420814479549,0.10917420814479549,True,True,True,True,True,0.24519508295625564,1.0
1.04,1.03,0.66,0.0,0.0,1.0,1.0,2.5264946000000002e-05,0.24364000000000002,1.261046875e-10,0.0,1.261046875e-10,1.008,1.012,True,True,True,0.016846666666661594,0.010000000000003062,0.19476562499999933,0.19476562499999933,True,True,True,True,True,0.41637791666666335,1.0
1.04,1.03,0.68,0.0,0.0,1.0,1.0,2.5264946000000002e-05,0.24364000000000002,1.2443810572687227e-10,0.0,1.2443810572687227e-10,1.008,1.012,True,True,True,0.016846666666661594,0.010000000000003062,0.2780947136563861,0.2780947136563861,True,True,True,True,True,0.5830360939794368,1.0
1.04,1.03,0.7,0.0,0.0,1.0,1.0,2.5264946000000002e-05,0.24364000000000002,1.2281500000000003e-10,0.0,1.2281500000000003e-10,1.008,1.012,True,True,True,0.016846666666661594,0.010000000000003062,0.359249999999998,0.359249999999998,True,True,True,True,True,0.7453466666666606,1.0
1.04,1.03,0.72,0.0,0.0,1.0,1.0,2.5264946000000002e-05,0.24364000000000002,1.212336909871245e-10,0.0,1.212336909871245e-10,1.008,1.012,True,True,True,0.016846666666661594,0.010000000000003062,0.43831545064377503,0.43831545064377503,True,True,True,True,True,0.9034775679542146,1.0
1.04,1.05,0.56,0.0,0.0,1.0,1.0,2.5264946000000002e-05,0.24364000000000002,1.3648684210526314e-10,0.0,1.3648684210526314e-10,1.008,1.012,True,True,True,0.016846666666661594,0.010000000000003062,0.32434210526315743,0.32434210526315743,True,True,True,True,True,0.6755308771929796,1.0
1.04,1.05,0.58,0.0,0.0,1.0,1.0,2.5264946000000002e-05,0.24364000000000002,1.3455542452830187e-10,0.0,1.3455542452830187e-10,1.008,1.012,True,True,True,0.016846666666661594,0.010000000000003062,0.2277712264150941,0.2277712264150941,True,True,True,True,True,0.4823891194968528,1.0
1.04,1.05,0.6,0.0,0.0,1.0,1.0,2.5264946000000002e-05,0.24364000000000002,1.3267790697674417e-10,0.0,1.3267790697674417e-10,1.008,1.012,True,True,True,0.016846666666661594,0.010000000000003062,0.13389534883720886,0.13389534883720886,True,True,True,True,True,0.29463736434108234,1.0
1.04,1.05,0.62,0.0,0.0,1.0,1.0,2.5264946000000002e-05,0.24364000000000002,1.3085206422018348e-10,0.0,1.3085206422018348e-10,1.008,1.012,True,True,True,0.016846666666661594,0.010000000000003062,0.04260321100917448,0.04260321100917448,True,True,True,True,True,0.11205308868501362,1.0
1.04,1.05,0.64,0.0,0.0,1.0,1.0,2.5264946000000002e-05,0.24364000000000002,1.290757918552036e-10,0.0,1.290757918552036e-10,1.008,1.012,True,True,True,0.016846666666661594,0.010000000000003062,0.046210407239819846,0.046210407239819846,True,True,True,True,True,0.11926748114630434,1.0
1.04,1.05,0.66,0.0,0.0,1.0,1.0,2.5264946000000002e-05,0.24364000000000002,1.2734709821428568e-10,0.0,1.2734709821428568e-10,1.008,1.012,True,True,True,0.016846666666661594,0.010000000000003062,0.13264508928571533,0.13264508928571533,True,True,True,True,True,0.29213684523809536,1.0
1.04,1.05,0.68,0.0,0.0,1.0,1.0,2.5264946000000002e-05,0.24364000000000002,1.2566409691629955e-10,0.0,1.2566409691629955e-10,1.008,1.012,True,True,True,0.016846666666661594,0.010000000000003062,0.21679515418502215,0.21679515418502215,True,True,True,True,True,0.460436975036709,1.0
1.04,1.05,0.7,0.0,0.0,1.0,1.0,2.5264946000000002e-05,0.24364000000000002,1.24025e-10,0.0,1.24025e-10,1.008,1.012,True,True,True,0.016846666666661594,0.010000000000003062,0.2987499999999999,0.2987499999999999,True,True,True,True,True,0.6243466666666644,1.0
1.04,1.05,0.72,0.0,0.0,1.0,1.0,2.5264946000000002e-05,0.24364000000000002,1.2242811158798282e-10,0.0,1.2242811158798282e-10,1.008,1.012,True,True,True,0.016846666666661594,0.010000000000003062,0.37859442060085874,0.37859442060085874,True,True,True,True,True,0.784035507868382,1.0
1.04,1.07,0.56,0.0,0.0,1.0,1.0,2.5264946000000002e-05,0.24364000000000002,1.3781842105263157e-10,0.0,1.3781842105263157e-10,1.008,1.012,True,True,True,0.016846666666661594,0.010000000000003062,0.3909210526315791,0.3909210526315791,True,True,True,True,True,0.8086887719298228,1.0
1.04,1.07,0.58,0.0,0.0,1.0,1.0,2.5264946000000002e-05,0.24364000000000002,1.358681603773585e-10,0.0,1.358681603773585e-10,1.008,1.012,True,True,True,0.016846666666661594,0.010000000000003062,0.2934080188679251,0.2934080188679251,True,True,True,True,True,0.6136627044025149,1.0
1.04,1.07,0.6,0.0,0.0,1.0,1.0,2.5264946000000002e-05,0.24364000000000002,1.3397232558139537e-10,0.0,1.3397232558139537e-10,1.008,1.012,True,True,True,0.016846666666661594,0.010000000000003062,0.19861627906976878,0.19861627906976878,True,True,True,True,True,0.4240792248062022,1.0
1.04,1.07,0.62,0.0,0.0,1.0,1.0,2.5264946000000002e-05,0.24364000000000002,1.3212866972477065e-10,0.0,1.3212866972477065e-10,1.008,1.012,True,True,True,0.016846666666661594,0.010000000000003062,0.10643348623853306,0.10643348623853306,True,True,True,True,True,0.23971363914373078,1.0
1.04,1.07,0.64,0.0,0.0,1.0,1.0,2.5264946000000002e-05,0.24364000000000002,1.3033506787330318e-10,0.0,1.3033506787330318e-10,1.008,1.012,True,True,True,0.016846666666661594,0.010000000000003062,0.01675339366515967,0.01675339366515967,True,True,True,True,True,0.060353453996984,1.0
1.04,1.07,0.66,0.0,0.0,1.0,1.0,2.5264946000000002e-05,0.24364000000000002,1.2858950892857144e-10,0.0,1.2858950892857144e-10,1.008,1.012,True,True,True,0.016846666666661594,0.010000000000003062,0.07052455357142745,0.07052455357142745,True,True,True,True,True,0.16789577380951956,1.0
1.04,1.07,0.68,0.0,0.0,1.0,1.0,2.5264946000000002e-05,0.24364000000000002,1.2689008810572688e-10,0.0,1.2689008810572688e-10,1.008,1.012,True,True,True,0.016846666666661594,0.010000000000003062,0.15549559471365562,0.15549559471365562,True,True,True,True,True,0.3378378560939759,1.0
1.04,1.07,0.7,0.0,0.0,1.0,1.0,2.5264946000000002e-05,0.24364000000000002,1.25235e-10,0.0,1.25235e-10,1.008,1.012,True,True,True,0.016846666666661594,0.010000000000003062,0.23824999999999916,0.23824999999999916,True,True,True,True,True,0.503346666666663,1.0
1.04,1.07,0.72,0.0,0.0,1.0,1.0,2.5264946000000002e-05,0.24364000000000002,1.2362253218884122e-10,0.0,1.2362253218884122e-10,1.008,1.012,True,True,True,0.016846666666661594,0.010000000000003062,0.3188733905579385,0.3188733905579385,True,True,True,True,True,0.6645934477825417,1.0
1.04,1.09,0.56,0.0,0.0,1.0,1.0,2.5264946000000002e-05,0.24364000000000002,1.3914999999999998e-10,0.0,1.3914999999999998e-10,1.008,1.012,True,True,True,0.016846666666661594,0.010000000000003062,0.45749999999999946,0.45749999999999946,True,True,True,True,True,0.9418466666666636,1.0
1.04,1.09,0.58,0.0,0.0,1.0,1.0,2.5264946000000002e-05,0.24364000000000002,1.371808962264151e-10,0.0,1.371808962264151e-10,1.008,1.012,True,True,True,0.016846666666661594,0.010000000000003062,0.3590448113207549,0.3590448113207549,True,True,True,True,True,0.7449362893081743,1.0
1.04,1.09,0.6,0.0,0.0,1.0,1.0,2.5264946000000002e-05,0.24364000000000002,1.352667441860465e-10,0.0,1.352667441860465e-10,1.008,1.012,True,True,True,0.016846666666661594,0.010000000000003062,0.2633372093023261,0.2633372093023261,True,True,True,True,True,0.5535210852713168,1.0
1.04,1.09,0.62,0.0,0.0,1.0,1.0,2.5264946000000002e-05,0.24364000000000002,1.334052752293578e-10,0.0,1.334052752293578e-10,1.008,1.012,True,True,True,0.016846666666661594,0.010000000000003062,0.17026376146789035,0.17026376146789035,True,True,True,True,True,0.3673741896024454,1.0
1.04,1.09,0.64,0.0,0.0,1.0,1.0,2.5264946000000002e-05,0.24364000000000002,1.315943438914027e-10,0.0,1.315943438914027e-10,1.008,1.012,True,True,True,0.016846666666661594,0.010000000000003062,0.0797171945701353,0.0797171945701353,True,True,True,True,True,0.18628105580693527,1.0
1.04,1.09,0.66,0.0,0.0,1.0,1.0,2.5264946000000002e-05,0.24364000000000002,1.2983191964285712e-10,0.0,1.2983191964285712e-10,1.008,1.012,True,True,True,0.016846666666661594,0.010000000000003062,0.008404017857143451,0.008404017857143451,True,True,True,True,True,0.04365470238095156,1.0
1.04,1.09,0.68,0.0,0.0,1.0,1.0,2.5264946000000002e-05,0.24364000000000002,1.2811607929515416e-10,0.0,1.2811607929515416e-10,1.008,1.012,True,True,True,0.016846666666661594,0.010000000000003062,0.09419603524229167,0.09419603524229167,True,True,True,True,True,0.215238737151248,1.0
1.04,1.09,0.7,0.0,0.0,1.0,1.0,2.5264946000000002e-05,0.24364000000000002,1.26445e-10,0.0,1.26445e-10,1.008,1.012,True,True,True,0.016846666666661594,0.010000000000003062,0.17774999999999974,0.17774999999999974,True,True,True,True,True,0.38234666666666417,1.0
1.04,1.09,0.72,0.0,0.0,1.0,1.0,2.5264946000000002e-05,0.24364000000000002,1.2481695278969957e-10,0.0,1.2481695278969957e-10,1.008,1.012,True,True,True,0.016846666666661594,0.010000000000003062,0.2591523605150209,0.2591523605150209,True,True,True,True,True,0.5451513876967065,1.0
1.04,1.11,0.56,0.0,0.0,1.0,1.0,2.5264946000000002e-05,0.24364000000000002,1.4048157894736841e-10,0.0,1.4048157894736841e-10,1.008,1.012,True,True,True,0.016846666666661594,0.010000000000003062,0.5240789473684212,0.5240789473684212,True,True,True,True,True,1.075004561403507,1.0
1.04,1.11,0.58,0.0,0.0,1.0,1.0,2.5264946000000002e-05,0.24364000000000002,1.384936320754717e-10,0.0,1.384936320754717e-10,1.008,1.012,True,True,True,0.016846666666661594,0.010000000000003062,0.4246816037735859,0.4246816037735859,True,True,True,True,True,0.8762098742138364,1.0
1.04,1.11,0.6,0.0,0.0,1.0,1.0,2.5264946000000002e-05,0.24364000000000002,1.3656116279069769e-10,0.0,1.3656116279069769e-10,1.008,1.012,True,True,True,0.016846666666661594,0.010000000000003062,0.3280581395348848,0.3280581395348848,True,True,True,True,True,0.6829629457364341,1.0
1.04,1.11,0.62,0.0,0.0,1.0,1.0,2.5264946000000002e-05,0.24364000000000002,1.3468188073394497e-10,0.0,1.3468188073394497e-10,1.008,1.012,True,True,True,0.016846666666661594,0.010000000000003062,0.23409403669724896,0.23409403669724896,True,True,True,True,True,0.49503474006116255,1.0
1.04,1.11,0.64,0.0,0.0,1.0,1.0,2.5264946000000002e-05,0.24364000000000002,1.3285361990950229e-10,0.0,1.3285361990950229e-10,1.008,1.012,True,True,True,0.016846666666661594,0.010000000000003062,0.1426809954751148,0.1426809954751148,True,True,True,True,True,0.3122086576168943,1.0
1.04,1.11,0.66,0.0,0.0,1.0,1.0,2.5264946000000002e-05,0.24364000000000002,1.3107433035714288e-10,0.0,1.3107433035714288e-10,1.008,1.012,True,True,True,0.016846666666661594,0.010000000000003062,0.05371651785714443,0.05371651785714443,True,True,True,True,True,0.13427970238095352,1.0
1.04,1.11,0.68,0.0,0.0,1.0,1.0,2.5264946000000002e-05,0.24364000000000002,1.2934207048458151e-10,0.0,1.2934207048458151e-10,1.008,1.012,True,True,True,0.016846666666661594,0.010000000000003062,0.032896475770923826,0.032896475770923826,True,True,True,True,True,0.0926396182085123,1.0
1.04,1.11,0.7,0.0,0.0,1.0,1.0,2.5264946000000002e-05,0.24364000000000002,1.27655e-10,0.0,1.27655e-10,1.008,1.012,True,True,True,0.016846666666661594,0.010000000000003062,0.11724999999999901,0.11724999999999901,True,True,True,True,True,0.2613466666666627,1.0
1.04,1.11,0.72,0.0,0.0,1.0,1.0,2.5264946000000002e-05,0.24364000000000002,1.2601137339055795e-10,0.0,1.2601137339055795e-10,1.008,1.012,True,True,True,0.016846666666661594,0.010000000000003062,0.19943133047210201,0.19943133047210201,True,True,True,True,True,0.42570932761086866,1.0
1.04,1.13,0.56,0.0,0.0,1.0,1.0,2.5264946000000002e-05,0.24364000000000002,1.418131578947368e-10,0.0,1.418131578947368e-10,1.008,1.012,True,True,True,0.016846666666661594,0.010000000000003062,0.5906578947368403,0.5906578947368403,True,True,True,True,True,1.2081624561403452,1.0
1.04,1.13,0.58,0.0,0.0,1.0,1.0,2.5264946000000002e-05,0.24364000000000002,1.3980636792452828e-10,0.0,1.3980636792452828e-10,1.008,1.012,True,True,True,0.016846666666661594,0.010000000000003062,0.4903183962264144,0.4903183962264144,True,True,True,True,True,1.0074834591194934,1.0
1.04,1.13,0.6,0.0,0.0,1.0,1.0,2.5264946000000002e-05,0.24364000000000002,1.378555813953488e-10,0.0,1.378555813953488e-10,1.008,1.012,True,True,True,0.016846666666661594,0.010000000000003062,0.3927790697674408,0.3927790697674408,True,True,True,True,True,0.8124048062015463,1.0
1.04,1.13,0.62,0.0,0.0,1.0,1.0,2.5264946000000002e-05,0.24364000000000002,1.359584862385321e-10,0.0,1.359584862385321e-10,1.008,1.012,True,True,True,0.016846666666661594,0.010000000000003062,0.29792431192660496,0.29792431192660496,True,True,True,True,True,0.6226952905198746,1.0
1.04,1.13,0.64,0.0,0.0,1.0,1.0,2.5264946000000002e-05,0.24364000000000002,1.341128959276018e-10,0.0,1.341128959276018e-10,1.008,1.012,True,True,True,0.016846666666661594,0.010000000000003062,0.20564479638009045,0.20564479638009045,True,True,True,True,True,0.43813625942684553,1.0
1.04,1.13,0.66,0.0,0.0,1.0,1.0,2.5264946000000002e-05,0.24364000000000002,1.3231674107142856e-10,0.0,1.3231674107142856e-10,1.008,1.012,True,True,True,0.016846666666661594,0.010000000000003062,0.11583705357142843,0.11583705357142843,True,True,True,True,True,0.25852077380952154,1.0
1.04,1.13,0.68,0.0,0.0,1.0,1.0,2.5264946000000002e-05,0.24364000000000002,1.305680616740088e-10,0.0,1.305680616740088e-10,1.008,1.012,True,True,True,0.016846666666661594,0.010000000000003062,0.028403083700440132,0.028403083700440132,True,True,True,True,True,0.08365283406754492,1.0
1.04,1.13,0.7,0.0,0.0,1.0,1.0,2.5264946000000002e-05,0.24364000000000002,1.28865e-10,0.0,1.28865e-10,1.008,1.012,True,True,True,0.016846666666661594,0.010000000000003062,0.05674999999999957,0.05674999999999957,True,True,True,True,True,0.1403466666666638,1.0
1.04,1.13,0.72,0.0,0.0,1.0,1.0,2.5264946000000002e-05,0.24364000000000002,1.272057939914163e-10,0.0,1.272057939914163e-10,1.008,1.012,True,True,True,0.016846666666661594,0.010000000000003062,0.1397103004291844,0.1397103004291844,True,True,True,True,True,0.3062672675250334,1.0
1.04,1.15,0.56,0.0,0.0,1.0,1.0,2.5264946000000002e-05,0.24364000000000002,1.4314473684210525e-10,0.0,1.4314473684210525e-10,1.008,1.012,True,True,True,0.016846666666661594,0.010000000000003062,0.6572368421052632,0.6572368421052632,True,True,True,True,True,1.3413203508771911,1.0
1.04,1.15,0.58,0.0,0.0,1.0,1.0,2.5264946000000002e-05,0.24364000000000002,1.4111910377358492e-10,0.0,1.4111910377358492e-10,1.008,1.012,True,True,True,0.016846666666661594,0.010000000000003062,0.5559551886792466,0.5559551886792466,True,True,True,True,True,1.138757044025158,1.0
1.04,1.15,0.6,0.0,0.0,1.0,1.0,2.5264946000000002e-05,0.24364000000000002,1.3915e-10,0.0,1.3915e-10,1.008,1.012,True,True,True,0.016846666666661594,0.010000000000003062,0.4575000000000008,0.4575000000000008,True,True,True,True,True,0.9418466666666663,1.0
1.04,1.15,0.62,0.0,0.0,1.0,1.0,2.5264946000000002e-05,0.24364000000000002,1.3723509174311926e-10,0.0,1.3723509174311926e-10,1.008,1.012,True,True,True,0.016846666666661594,0.010000000000003062,0.36175458715596354,0.36175458715596354,True,True,True,True,True,0.7503558409785918,1.0
1.04,1.15,0.64,0.0,0.0,1.0,1.0,2.5264946000000002e-05,0.24364000000000002,1.3537217194570136e-10,0.0,1.3537217194570136e-10,1.008,1.012,True,True,True,0.016846666666661594,0.010000000000003062,0.2686085972850687,0.2686085972850687,True,True,True,True,True,0.5640638612368021,1.0
1.04,1.15,0.66,0.0,0.0,1.0,1.0,2.5264946000000002e-05,0.24364000000000002,1.335591517857143e-10,0.0,1.335591517857143e-10,1.008,1.012,True,True,True,0.016846666666661594,0.010000000000003062,0.177957589285715,0.177957589285715,True,True,True,True,True,0.38276184523809464,1.0
1.04,1.15,0.68,0.0,0.0,1.0,1.0,2.5264946000000002e-05,0.24364000000000002,1.3179405286343612e-10,0.0,1.3179405286343612e-10,1.008,1.012,True,True,True,0.016846666666661594,0.010000000000003062,0.08970264317180668,0.08970264317180668,True,True,True,True,True,0.20625195301027802,1.0
1.04,1.15,0.7,0.0,0.0,1.0,1.0,2.5264946000000002e-05,0.24364000000000002,1.3007500000000001e-10,0.0,1.3007500000000001e-10,1.008,1.012,True,True,True,0.016846666666661594,0.010000000000003062,0.0037500000000011504,0.0037500000000011504,True,True,True,True,True,0.034346666666666956,1.0
1.04,1.15,0.72,0.0,0.0,1.0,1.0,2.5264946000000002e-05,0.24364000000000002,1.2840021459227468e-10,0.0,1.2840021459227468e-10,1.008,1.012,True,True,True,0.016846666666661594,0.010000000000003062,0.07998927038626549,0.07998927038626549,True,True,True,True,True,0.18682520743919565,1.0
