beta_e_phys,gamma_exch_phys,gamma_drain_phys,D_over_H,Y_p,Li7_over_H,Be7_over_H,Li_total_over_H,screening_eff,capture_eff,beta_response_ok,exchange_response_ok,drain_response_ok,chi_D,chi_Y,chi_Li7,chi_Li_total,passes_D,passes_Y,Li7_OK,Li_total_OK,A7_flipped,ACCEPTED,chi_sum
0.98,1.05,0.6,2.5272527e-05,0.24358000000000002,1.3031802325581393e-10,0.0,1.3031802325581393e-10,0.996,0.994,True,True,True,0.008423333333330797,0.0049999999999980616,0.015901162790696782,0.015901162790696782,True,True,True,True,True,True,0.045225658914722425
0.98,1.05,0.61,2.5272527e-05,0.24358000000000002,1.294151270207852e-10,0.0,1.294151270207852e-10,0.996,0.994,True,True,True,0.008423333333330797,0.0049999999999980616,0.0292436489607394,0.0292436489607394,True,True,True,True,True,True,0.07191063125480765
0.98,1.05,0.62,2.5272527e-05,0.24358000000000002,1.2852465596330274e-10,0.0,1.2852465596330274e-10,0.996,0.994,True,True,True,0.008423333333330797,0.0049999999999980616,0.07376720183486261,0.07376720183486261,True,True,True,True,True,True,0.1609577370030541
0.98,1.05,0.63,2.5272527e-05,0.24358000000000002,1.2764635535307516e-10,0.0,1.2764635535307516e-10,0.996,0.994,True,True,True,0.008423333333330797,0.0049999999999980616,0.11768223234624163,0.11768223234624163,True,True,True,True,True,True,0.24878779802581213
0.98,1.05,0.64,2.5272527e-05,0.24358000000000002,1.267799773755656e-10,0.0,1.267799773755656e-10,0.996,0.994,True,True,True,0.008423333333330797,0.0049999999999980616,0.16100113122171975,0.16100113122171975,True,True,True,True,True,True,0.33542559577676834
0.98,1.05,0.65,2.5272527e-05,0.24358000000000002,1.2592528089887638e-10,0.0,1.2592528089887638e-10,0.996,0.994,True,True,True,0.008423333333330797,0.0049999999999980616,0.2037359550561807,0.2037359550561807,True,True,True,True,True,True,0.42089524344569024
0.98,1.05,0.66,2.5272527e-05,0.24358000000000002,1.2508203124999997e-10,0.0,1.2508203124999997e-10,0.996,0.994,True,True,True,0.008423333333330797,0.0049999999999980616,0.24589843750000095,0.24589843750000095,True,True,True,True,True,True,0.5052202083333308
0.98,1.05,0.67,2.5272527e-05,0.24358000000000002,1.2424999999999998e-10,0.0,1.2424999999999998e-10,0.996,0.994,True,True,True,0.008423333333330797,0.0049999999999980616,0.2875000000000003,0.2875000000000003,True,True,True,True,True,True,0.5884233333333295
0.98,1.05,0.68,2.5272527e-05,0.24358000000000002,1.2342896475770923e-10,0.0,1.2342896475770923e-10,0.996,0.994,True,True,True,0.008423333333330797,0.0049999999999980616,0.32855176211453796,0.32855176211453796,True,True,True,True,True,True,0.6705268575624048
0.98,1.05,0.69,2.5272527e-05,0.24358000000000002,1.226187089715536e-10,0.0,1.226187089715536e-10,0.996,0.994,True,True,True,0.008423333333330797,0.0049999999999980616,0.3690645514223193,0.3690645514223193,True,True,True,True,True,True,0.7515524361779675
0.98,1.05,0.7,2.5272527e-05,0.24358000000000002,1.2181902173913044e-10,0.0,1.2181902173913044e-10,0.996,0.994,True,True,True,0.008423333333330797,0.0049999999999980616,0.4090489130434777,0.4090489130434777,True,True,True,True,True,True,0.8315211594202843
0.98,1.06,0.6,2.5272527e-05,0.24358000000000002,1.3095372093023256e-10,0.0,1.3095372093023256e-10,0.996,0.994,True,True,True,0.008423333333330797,0.0049999999999980616,0.0476860465116283,0.0476860465116283,True,True,True,True,True,True,0.10879542635658546
0.98,1.06,0.61,2.5272527e-05,0.24358000000000002,1.3004642032332562e-10,0.0,1.3004642032332562e-10,0.996,0.994,True,True,True,0.008423333333330797,0.0049999999999980616,0.002321016166281724,0.002321016166281724,True,True,True,True,True,True,0.018065365665892306
0.98,1.06,0.62,2.5272527e-05,0.24358000000000002,1.2915160550458716e-10,0.0,1.2915160550458716e-10,0.996,0.994,True,True,True,0.008423333333330797,0.0049999999999980616,0.042419724770641695,0.042419724770641695,True,True,True,True,True,True,0.09826278287461225
0.98,1.06,0.63,2.5272527e-05,0.24358000000000002,1.2826902050113894e-10,0.0,1.2826902050113894e-10,0.996,0.994,True,True,True,0.008423333333330797,0.0049999999999980616,0.08654897494305266,0.08654897494305266,True,True,True,True,True,True,0.18652128321943418
0.98,1.06,0.64,2.5272527e-05,0.24358000000000002,1.2739841628959276e-10,0.0,1.2739841628959276e-10,0.996,0.994,True,True,True,0.008423333333330797,0.0049999999999980616,0.13007918552036135,0.13007918552036135,True,True,True,True,True,True,0.27358170437405155
0.98,1.06,0.65,2.5272527e-05,0.24358000000000002,1.2653955056179775e-10,0.0,1.2653955056179775e-10,0.996,0.994,True,True,True,0.008423333333330797,0.0049999999999980616,0.17302247191011197,0.17302247191011197,True,True,True,True,True,True,0.3594682771535528
0.98,1.06,0.66,2.5272527e-05,0.24358000000000002,1.2569218749999998e-10,0.0,1.2569218749999998e-10,0.996,0.994,True,True,True,0.008423333333330797,0.0049999999999980616,0.2153906250000005,0.2153906250000005,True,True,True,True,True,True,0.44420458333332985
0.98,1.06,0.67,2.5272527e-05,0.24358000000000002,1.248560975609756e-10,0.0,1.248560975609756e-10,0.996,0.994,True,True,True,0.008423333333330797,0.0049999999999980616,0.25719512195121946,0.25719512195121946,True,True,True,True,True,True,0.5278135772357677
0.98,1.06,0.68,2.5272527e-05,0.24358000000000002,1.2403105726872246e-10,0.0,1.2403105726872246e-10,0.996,0.994,True,True,True,0.008423333333330797,0.0049999999999980616,0.2984471365638764,0.2984471365638764,True,True,True,True,True,True,0.6103176064610816
0.98,1.06,0.69,2.5272527e-05,0.24358000000000002,1.232168490153173e-10,0.0,1.232168490153173e-10,0.996,0.994,True,True,True,0.008423333333330797,0.0049999999999980616,0.33915754923413505,0.33915754923413505,True,True,True,True,True,True,0.6917384318015989
0.98,1.06,0.7,2.5272527e-05,0.24358000000000002,1.2241326086956523e-10,0.0,1.2241326086956523e-10,0.996,0.994,True,True,True,0.008423333333330797,0.0049999999999980616,0.37933695652173793,0.37933695652173793,True,True,True,True,True,True,0.7720972463768048
0.98,1.07,0.6,2.5272527e-05,0.24358000000000002,1.3158941860465119e-10,0.0,1.3158941860465119e-10,0.996,0.994,True,True,True,0.008423333333330797,0.0049999999999980616,0.07947093023255981,0.07947093023255981,True,True,True,True,True,True,0.1723651937984485
0.98,1.07,0.61,2.5272527e-05,0.24358000000000002,1.3067771362586607e-10,0.0,1.3067771362586607e-10,0.996,0.994,True,True,True,0.008423333333330797,0.0049999999999980616,0.03388568129330414,0.03388568129330414,True,True,True,True,True,True,0.08119469591993714
0.98,1.07,0.62,2.5272527e-05,0.24358000000000002,1.2977855504587157e-10,0.0,1.2977855504587157e-10,0.996,0.994,True,True,True,0.008423333333330797,0.0049999999999980616,0.01107224770642078,0.01107224770642078,True,True,True,True,True,True,0.03556782874617041
0.98,1.07,0.63,2.5272527e-05,0.24358000000000002,1.2889168564920274e-10,0.0,1.2889168564920274e-10,0.996,0.994,True,True,True,0.008423333333330797,0.0049999999999980616,0.05541571753986241,0.05541571753986241,True,True,True,True,True,True,0.12425476841305368
0.98,1.07,0.64,2.5272527e-05,0.24358000000000002,1.2801685520361993e-10,0.0,1.2801685520361993e-10,0.996,0.994,True,True,True,0.008423333333330797,0.0049999999999980616,0.09915723981900297,0.09915723981900297,True,True,True,True,True,True,0.21173781297133482
0.98,1.07,0.65,2.5272527e-05,0.24358000000000002,1.2715382022471913e-10,0.0,1.2715382022471913e-10,0.996,0.994,True,True,True,0.008423333333330797,0.0049999999999980616,0.14230898876404321,0.14230898876404321,True,True,True,True,True,True,0.2980413108614153
0.98,1.07,0.66,2.5272527e-05,0.24358000000000002,1.2630234375000002e-10,0.0,1.2630234375000002e-10,0.996,0.994,True,True,True,0.008423333333330797,0.0049999999999980616,0.18488281249999872,0.18488281249999872,True,True,True,True,True,True,0.3831889583333263
0.98,1.07,0.67,2.5272527e-05,0.24358000000000002,1.2546219512195124e-10,0.0,1.2546219512195124e-10,0.996,0.994,True,True,True,0.008423333333330797,0.0049999999999980616,0.22689024390243737,0.22689024390243737,True,True,True,True,True,True,0.4672038211382036
0.98,1.07,0.68,2.5272527e-05,0.24358000000000002,1.246331497797357e-10,0.0,1.246331497797357e-10,0.996,0.994,True,True,True,0.008423333333330797,0.0049999999999980616,0.2683425110132149,0.2683425110132149,True,True,True,True,True,True,0.5501083553597585
0.98,1.07,0.69,2.5272527e-05,0.24358000000000002,1.23814989059081e-10,0.0,1.23814989059081e-10,0.996,0.994,True,True,True,0.008423333333330797,0.0049999999999980616,0.30925054704594945,0.30925054704594945,True,True,True,True,True,True,0.6319244274252278
0.98,1.07,0.7,2.5272527e-05,0.24358000000000002,1.2300750000000003e-10,0.0,1.2300750000000003e-10,0.996,0.994,True,True,True,0.008423333333330797,0.0049999999999980616,0.3496249999999982,0.3496249999999982,True,True,True,True,True,True,0.7126733333333253
0.98,1.08,0.6,2.5272527e-05,0.24358000000000002,1.3222511627906977e-10,0.0,1.3222511627906977e-10,0.996,0.994,True,True,True,0.008423333333330797,0.0049999999999980616,0.11125581395348874,0.11125581395348874,True,True,True,True,True,True,0.23593496124030633
0.98,1.08,0.61,2.5272527e-05,0.24358000000000002,1.3130900692840647e-10,0.0,1.3130900692840647e-10,0.996,0.994,True,True,True,0.008423333333330797,0.0049999999999980616,0.06545034642032398,0.06545034642032398,True,True,True,True,True,True,0.14432402617397683
0.98,1.08,0.62,2.5272527e-05,0.24358000000000002,1.3040550458715597e-10,0.0,1.3040550458715597e-10,0.996,0.994,True,True,True,0.008423333333330797,0.0049999999999980616,0.02027522935779885,0.02027522935779885,True,True,True,True,True,True,0.05397379204892655
0.98,1.08,0.63,2.5272527e-05,0.24358000000000002,1.2951435079726652e-10,0.0,1.2951435079726652e-10,0.996,0.994,True,True,True,0.008423333333330797,0.0049999999999980616,0.024282460136673442,0.024282460136673442,True,True,True,True,True,True,0.061988253606675744
0.98,1.08,0.64,2.5272527e-05,0.24358000000000002,1.2863529411764705e-10,0.0,1.2863529411764705e-10,0.996,0.994,True,True,True,0.008423333333330797,0.0049999999999980616,0.06823529411764716,0.06823529411764716,True,True,True,True,True,True,0.1498939215686232
0.98,1.08,0.65,2.5272527e-05,0.24358000000000002,1.2776808988764045e-10,0.0,1.2776808988764045e-10,0.996,0.994,True,True,True,0.008423333333330797,0.0049999999999980616,0.11159550561797707,0.11159550561797707,True,True,True,True,True,True,0.23661434456928299
0.98,1.08,0.66,2.5272527e-05,0.24358000000000002,1.269125e-10,0.0,1.269125e-10,0.996,0.994,True,True,True,0.008423333333330797,0.0049999999999980616,0.15437499999999954,0.15437499999999954,True,True,True,True,True,True,0.3221733333333279
0.98,1.08,0.67,2.5272527e-05,0.24358000000000002,1.2606829268292683e-10,0.0,1.2606829268292683e-10,0.996,0.994,True,True,True,0.008423333333330797,0.0049999999999980616,0.19658536585365782,0.19658536585365782,True,True,True,True,True,True,0.4065940650406445
0.98,1.08,0.68,2.5272527e-05,0.24358000000000002,1.252352422907489e-10,0.0,1.252352422907489e-10,0.996,0.994,True,True,True,0.008423333333330797,0.0049999999999980616,0.23823788546255464,0.23823788546255464,True,True,True,True,True,True,0.48989910425843813
0.98,1.08,0.69,2.5272527e-05,0.24358000000000002,1.2441312910284464e-10,0.0,1.2441312910284464e-10,0.996,0.994,True,True,True,0.008423333333330797,0.0049999999999980616,0.27934354485776774,0.27934354485776774,True,True,True,True,True,True,0.5721104230488643
0.98,1.08,0.7,2.5272527e-05,0.24358000000000002,1.236017391304348e-10,0.0,1.236017391304348e-10,0.996,0.994,True,True,True,0.008423333333330797,0.0049999999999980616,0.3199130434782597,0.3199130434782597,True,True,True,True,True,True,0.6532494202898482
0.98,1.09,0.6,2.5272527e-05,0.24358000000000002,1.3286081395348834e-10,0.0,1.3286081395348834e-10,0.996,0.994,True,True,True,0.008423333333330797,0.0049999999999980616,0.14304069767441766,0.14304069767441766,True,True,True,True,True,True,0.29950472868216416
0.98,1.09,0.61,2.5272527e-05,0.24358000000000002,1.3194030023094687e-10,0.0,1.3194030023094687e-10,0.996,0.994,True,True,True,0.008423333333330797,0.0049999999999980616,0.09701501154734381,0.09701501154734381,True,True,True,True,True,True,0.2074533564280165
0.98,1.09,0.62,2.5272527e-05,0.24358000000000002,1.3103245412844033e-10,0.0,1.3103245412844033e-10,0.996,0.994,True,True,True,0.008423333333330797,0.0049999999999980616,0.05162270642201718,0.05162270642201718,True,True,True,True,True,True,0.11666874617736323
0.98,1.09,0.63,2.5272527e-05,0.24358000000000002,1.3013701594533028e-10,0.0,1.3013701594533028e-10,0.996,0.994,True,True,True,0.008423333333330797,0.0049999999999980616,0.006850797266514229,0.006850797266514229,True,True,True,True,True,True,0.027124927866357316
0.98,1.09,0.64,2.5272527e-05,0.24358000000000002,1.292537330316742e-10,0.0,1.292537330316742e-10,0.996,0.994,True,True,True,0.008423333333330797,0.0049999999999980616,0.03731334841629006,0.03731334841629006,True,True,True,True,True,True,0.08805003016590898
0.98,1.09,0.65,2.5272527e-05,0.24358000000000002,1.2838235955056177e-10,0.0,1.2838235955056177e-10,0.996,0.994,True,True,True,0.008423333333330797,0.0049999999999980616,0.08088202247191091,0.08088202247191091,True,True,True,True,True,True,0.1751873782771507
0.98,1.09,0.66,2.5272527e-05,0.24358000000000002,1.2752265624999998e-10,0.0,1.2752265624999998e-10,0.996,0.994,True,True,True,0.008423333333330797,0.0049999999999980616,0.12386718750000036,0.12386718750000036,True,True,True,True,True,True,0.2611577083333296
0.98,1.09,0.67,2.5272527e-05,0.24358000000000002,1.2667439024390243e-10,0.0,1.2667439024390243e-10,0.996,0.994,True,True,True,0.008423333333330797,0.0049999999999980616,0.16628048780487828,0.16628048780487828,True,True,True,True,True,True,0.3459843089430854
0.98,1.09,0.68,2.5272527e-05,0.24358000000000002,1.2583733480176208e-10,0.0,1.2583733480176208e-10,0.996,0.994,True,True,True,0.008423333333330797,0.0049999999999980616,0.20813325991189568,0.20813325991189568,True,True,True,True,True,True,0.4296898531571202
0.98,1.09,0.69,2.5272527e-05,0.24358000000000002,1.250112691466083e-10,0.0,1.250112691466083e-10,0.996,0.994,True,True,True,0.008423333333330797,0.0049999999999980616,0.2494365426695848,0.2494365426695848,True,True,True,True,True,True,0.5122964186724984
0.98,1.09,0.7,2.5272527e-05,0.24358000000000002,1.2419597826086957e-10,0.0,1.2419597826086957e-10,0.996,0.994,True,True,True,0.008423333333330797,0.0049999999999980616,0.2902010869565213,0.2902010869565213,True,True,True,True,True,True,0.5938255072463714
0.98,1.1,0.6,2.5272527e-05,0.24358000000000002,1.3349651162790697e-10,0.0,1.3349651162790697e-10,0.996,0.994,True,True,True,0.008423333333330797,0.0049999999999980616,0.17482558139534918,0.17482558139534918,True,True,True,True,True,True,0.3630744961240272
0.98,1.1,0.61,2.5272527e-05,0.24358000000000002,1.325715935334873e-10,0.0,1.325715935334873e-10,0.996,0.994,True,True,True,0.008423333333330797,0.0049999999999980616,0.12857967667436493,0.12857967667436493,True,True,True,True,True,True,0.2705826866820587
0.98,1.1,0.62,2.5272527e-05,0.24358000000000002,1.3165940366972478e-10,0.0,1.3165940366972478e-10,0.996,0.994,True,True,True,0.008423333333330797,0.0049999999999980616,0.0829701834862394,0.0829701834862394,True,True,True,True,True,True,0.17936370030580767
0.98,1.1,0.63,2.5272527e-05,0.24358000000000002,1.3075968109339408e-10,0.0,1.3075968109339408e-10,0.996,0.994,True,True,True,0.008423333333330797,0.0049999999999980616,0.03798405466970448,0.03798405466970448,True,True,True,True,True,True,0.08939144267273783
0.98,1.1,0.64,2.5272527e-05,0.24358000000000002,1.2987217194570136e-10,0.0,1.2987217194570136e-10,0.996,0.994,True,True,True,0.008423333333330797,0.0049999999999980616,0.006391402714931672,0.006391402714931672,True,True,True,True,True,True,0.0262061387631922
0.98,1.1,0.65,2.5272527e-05,0.24358000000000002,1.2899662921348315e-10,0.0,1.2899662921348315e-10,0.996,0.994,True,True,True,0.008423333333330797,0.0049999999999980616,0.05016853932584217,0.05016853932584217,True,True,True,True,True,True,0.1137604119850132
0.98,1.1,0.66,2.5272527e-05,0.24358000000000002,1.281328125e-10,0.0,1.281328125e-10,0.996,0.994,True,True,True,0.008423333333330797,0.0049999999999980616,0.09335937499999988,0.09335937499999988,True,True,True,True,True,True,0.2001420833333286
0.98,1.1,0.67,2.5272527e-05,0.24358000000000002,1.2728048780487804e-10,0.0,1.2728048780487804e-10,0.996,0.994,True,True,True,0.008423333333330797,0.0049999999999980616,0.13597560975609746,0.13597560975609746,True,True,True,True,True,True,0.28537455284552377
0.98,1.1,0.68,2.5272527e-05,0.24358000000000002,1.2643942731277533e-10,0.0,1.2643942731277533e-10,0.996,0.994,True,True,True,0.008423333333330797,0.0049999999999980616,0.17802863436123287,0.17802863436123287,True,True,True,True,True,True,0.3694806020557946
0.98,1.1,0.69,2.5272527e-05,0.24358000000000002,1.25609409190372e-10,0.0,1.25609409190372e-10,0.996,0.994,True,True,True,0.008423333333330797,0.0049999999999980616,0.21952954048139922,0.21952954048139922,True,True,True,True,True,True,0.4524824142961273
0.98,1.1,0.7,2.5272527e-05,0.24358000000000002,1.2479021739130436e-10,0.0,1.2479021739130436e-10,0.996,0.994,True,True,True,0.008423333333330797,0.0049999999999980616,0.26048913043478156,0.26048913043478156,True,True,True,True,True,True,0.5344015942028919
0.98,1.11,0.6,2.5272527e-05,0.24358000000000002,1.341322093023256e-10,0.0,1.341322093023256e-10,0.996,0.994,True,True,True,0.008423333333330797,0.0049999999999980616,0.2066104651162807,0.2066104651162807,True,True,True,True,True,True,0.42664426356589025
0.98,1.11,0.61,2.5272527e-05,0.24358000000000002,1.3320288683602774e-10,0.0,1.3320288683602774e-10,0.996,0.994,True,True,True,0.008423333333330797,0.0049999999999980616,0.16014434180138734,0.16014434180138734,True,True,True,True,True,True,0.33371201693610353
0.98,1.11,0.62,2.5272527e-05,0.24358000000000002,1.322863532110092e-10,0.0,1.322863532110092e-10,0.996,0.994,True,True,True,0.008423333333330797,0.0049999999999980616,0.11431766055046032,0.11431766055046032,True,True,True,True,True,True,0.2420586544342495
0.98,1.11,0.63,2.5272527e-05,0.24358000000000002,1.3138234624145786e-10,0.0,1.3138234624145786e-10,0.996,0.994,True,True,True,0.008423333333330797,0.0049999999999980616,0.06911731207289346,0.06911731207289346,True,True,True,True,True,True,0.15165795747911576
0.98,1.11,0.64,2.5272527e-05,0.24358000000000002,1.3049061085972852e-10,0.0,1.3049061085972852e-10,0.996,0.994,True,True,True,0.008423333333330797,0.0049999999999980616,0.02453054298642672,0.02453054298642672,True,True,True,True,True,True,0.0624844193061823
0.98,1.11,0.65,2.5272527e-05,0.24358000000000002,1.296108988764045e-10,0.0,1.296108988764045e-10,0.996,0.994,True,True,True,0.008423333333330797,0.0049999999999980616,0.019455056179774725,0.019455056179774725,True,True,True,True,True,True,0.0523334456928783
0.98,1.11,0.66,2.5272527e-05,0.24358000000000002,1.2874296875e-10,0.0,1.2874296875e-10,0.996,0.994,True,True,True,0.008423333333330797,0.0049999999999980616,0.06285156249999942,0.06285156249999942,True,True,True,True,True,True,0.1391264583333277
0.98,1.11,0.67,2.5272527e-05,0.24358000000000002,1.2788658536585366e-10,0.0,1.2788658536585366e-10,0.996,0.994,True,True,True,0.008423333333330797,0.0049999999999980616,0.10567073170731661,0.10567073170731661,True,True,True,True,True,True,0.22476479674796207
0.98,1.11,0.68,2.5272527e-05,0.24358000000000002,1.2704151982378856e-10,0.0,1.2704151982378856e-10,0.996,0.994,True,True,True,0.008423333333330797,0.0049999999999980616,0.14792400881057133,0.14792400881057133,True,True,True,True,True,True,0.3092713509544715
0.98,1.11,0.69,2.5272527e-05,0.24358000000000002,1.262075492341357e-10,0.0,1.262075492341357e-10,0.996,0.994,True,True,True,0.008423333333330797,0.0049999999999980616,0.18962253829321493,0.18962253829321493,True,True,True,True,True,True,0.3926684099197587
0.98,1.11,0.7,2.5272527e-05,0.24358000000000002,1.2538445652173915e-10,0.0,1.2538445652173915e-10,0.996,0.994,True,True,True,0.008423333333330797,0.0049999999999980616,0.2307771739130418,0.2307771739130418,True,True,True,True,True,True,0.47497768115941247
0.98,1.12,0.6,2.5272527e-05,0.24358000000000002,1.3476790697674418e-10,0.0,1.3476790697674418e-10,0.996,0.994,True,True,True,0.008423333333330797,0.0049999999999980616,0.23839534883720961,0.23839534883720961,True,True,True,True,True,True,0.4902140310077481
0.98,1.12,0.61,2.5272527e-05,0.24358000000000002,1.3383418013856813e-10,0.0,1.3383418013856813e-10,0.996,0.994,True,True,True,0.008423333333330797,0.0049999999999980616,0.19170900692840717,0.19170900692840717,True,True,True,True,True,True,0.3968413471901432
0.98,1.12,0.62,2.5272527e-05,0.24358000000000002,1.3291330275229356e-10,0.0,1.3291330275229356e-10,0.996,0.994,True,True,True,0.008423333333330797,0.0049999999999980616,0.14566513761467864,0.14566513761467864,True,True,True,True,True,True,0.30475360856268613
0.98,1.12,0.63,2.5272527e-05,0.24358000000000002,1.3200501138952164e-10,0.0,1.3200501138952164e-10,0.996,0.994,True,True,True,0.008423333333330797,0.0049999999999980616,0.10025056947608241,0.10025056947608241,True,True,True,True,True,True,0.21392447228549366
0.98,1.12,0.64,2.5272527e-05,0.24358000000000002,1.3110904977375564e-10,0.0,1.3110904977375564e-10,0.996,0.994,True,True,True,0.008423333333330797,0.0049999999999980616,0.05545248868778253,0.05545248868778253,True,True,True,True,True,True,0.12432831070889391
0.98,1.12,0.65,2.5272527e-05,0.24358000000000002,1.3022516853932585e-10,0.0,1.3022516853932585e-10,0.996,0.994,True,True,True,0.008423333333330797,0.0049999999999980616,0.011258426966292725,0.011258426966292725,True,True,True,True,True,True,0.0359401872659143
0.98,1.12,0.66,2.5272527e-05,0.24358000000000002,1.2935312499999999e-10,0.0,1.2935312499999999e-10,0.996,0.994,True,True,True,0.008423333333330797,0.0049999999999980616,0.032343750000000226,0.032343750000000226,True,True,True,True,True,True,0.07811083333332931
0.98,1.12,0.67,2.5272527e-05,0.24358000000000002,1.2849268292682925e-10,0.0,1.2849268292682925e-10,0.996,0.994,True,True,True,0.008423333333330797,0.0049999999999980616,0.07536585365853707,0.07536585365853707,True,True,True,True,True,True,0.16415504065040298
0.98,1.12,0.68,2.5272527e-05,0.24358000000000002,1.2764361233480174e-10,0.0,1.2764361233480174e-10,0.996,0.994,True,True,True,0.008423333333330797,0.0049999999999980616,0.11781938325991238,0.11781938325991238,True,True,True,True,True,True,0.24906209985315364
0.98,1.12,0.69,2.5272527e-05,0.24358000000000002,1.2680568927789935e-10,0.0,1.2680568927789935e-10,0.996,0.994,True,True,True,0.008423333333330797,0.0049999999999980616,0.15971553610503195,0.15971553610503195,True,True,True,True,True,True,0.33285440554339274
0.98,1.12,0.7,2.5272527e-05,0.24358000000000002,1.2597869565217392e-10,0.0,1.2597869565217392e-10,0.996,0.994,True,True,True,0.008423333333330797,0.0049999999999980616,0.20106521739130337,0.20106521739130337,True,True,True,True,True,True,0.4155537681159356
0.98,1.13,0.6,2.5272527e-05,0.24358000000000002,1.3540360465116276e-10,0.0,1.3540360465116276e-10,0.996,0.994,True,True,True,0.008423333333330797,0.0049999999999980616,0.27018023255813856,0.27018023255813856,True,True,True,True,True,True,0.5537837984496059
0.98,1.13,0.61,2.5272527e-05,0.24358000000000002,1.3446547344110853e-10,0.0,1.3446547344110853e-10,0.996,0.994,True,True,True,0.008423333333330797,0.0049999999999980616,0.223273672055427,0.223273672055427,True,True,True,True,True,True,0.45997067744418285
0.98,1.13,0.62,2.5272527e-05,0.24358000000000002,1.3354025229357796e-10,0.0,1.3354025229357796e-10,0.996,0.994,True,True,True,0.008423333333330797,0.0049999999999980616,0.17701261467889828,0.17701261467889828,True,True,True,True,True,True,0.3674485626911254
0.98,1.13,0.63,2.5272527e-05,0.24358000000000002,1.326276765375854e-10,0.0,1.326276765375854e-10,0.996,0.994,True,True,True,0.008423333333330797,0.0049999999999980616,0.13138382687927008,0.13138382687927008,True,True,True,True,True,True,0.276190987091869
0.98,1.13,0.64,2.5272527e-05,0.24358000000000002,1.3172748868778278e-10,0.0,1.3172748868778278e-10,0.996,0.994,True,True,True,0.008423333333330797,0.0049999999999980616,0.08637443438913962,0.08637443438913962,True,True,True,True,True,True,0.18617220211160812
0.98,1.13,0.65,2.5272527e-05,0.24358000000000002,1.3083943820224717e-10,0.0,1.3083943820224717e-10,0.996,0.994,True,True,True,0.008423333333330797,0.0049999999999980616,0.04197191011235888,0.04197191011235888,True,True,True,True,True,True,0.09736715355804662
0.98,1.13,0.66,2.5272527e-05,0.24358000000000002,1.2996328124999997e-10,0.0,1.2996328124999997e-10,0.996,0.994,True,True,True,0.008423333333330797,0.0049999999999980616,0.0018359375000010479,0.0018359375000010479,True,True,True,True,True,True,0.017095208333330954
0.98,1.13,0.67,2.5272527e-05,0.24358000000000002,1.2909878048780484e-10,0.0,1.2909878048780484e-10,0.996,0.994,True,True,True,0.008423333333330797,0.0049999999999980616,0.04506097560975753,0.04506097560975753,True,True,True,True,True,True,0.10354528455284392
0.98,1.13,0.68,2.5272527e-05,0.24358000000000002,1.2824570484581495e-10,0.0,1.2824570484581495e-10,0.996,0.994,True,True,True,0.008423333333330797,0.0049999999999980616,0.08771475770925213,0.08771475770925213,True,True,True,True,True,True,0.1888528487518331
0.98,1.13,0.69,2.5272527e-05,0.24358000000000002,1.27403829321663e-10,0.0,1.27403829321663e-10,0.996,0.994,True,True,True,0.008423333333330797,0.0049999999999980616,0.12980853391684896,0.12980853391684896,True,True,True,True,True,True,0.27304040116702677
0.98,1.13,0.7,2.5272527e-05,0.24358000000000002,1.265729347826087e-10,0.0,1.265729347826087e-10,0.996,0.994,True,True,True,0.008423333333330797,0.0049999999999980616,0.17135326086956493,0.17135326086956493,True,True,True,True,True,True,0.3561298550724587
0.98,1.14,0.6,2.5272527e-05,0.24358000000000002,1.3603930232558137e-10,0.0,1.3603930232558137e-10,0.996,0.994,True,True,True,0.008423333333330797,0.0049999999999980616,0.3019651162790688,0.3019651162790688,True,True,True,True,True,True,0.6173535658914664
0.98,1.14,0.61,2.5272527e-05,0.24358000000000002,1.3509676674364893e-10,0.0,1.3509676674364893e-10,0.996,0.994,True,True,True,0.008423333333330797,0.0049999999999980616,0.25483833718244686,0.25483833718244686,True,True,True,True,True,True,0.5231000076982226
0.98,1.14,0.62,2.5272527e-05,0.24358000000000002,1.3416720183486235e-10,0.0,1.3416720183486235e-10,0.996,0.994,True,True,True,0.008423333333330797,0.0049999999999980616,0.2083600917431179,0.2083600917431179,True,True,True,True,True,True,0.43014351681956464
0.98,1.14,0.63,2.5272527e-05,0.24358000000000002,1.3325034168564917e-10,0.0,1.3325034168564917e-10,0.996,0.994,True,True,True,0.008423333333330797,0.0049999999999980616,0.16251708428245906,0.16251708428245906,True,True,True,True,True,True,0.33845750189824697
0.98,1.14,0.64,2.5272527e-05,0.24358000000000002,1.3234592760180992e-10,0.0,1.3234592760180992e-10,0.996,0.994,True,True,True,0.008423333333330797,0.0049999999999980616,0.11729638009049673,0.11729638009049673,True,True,True,True,True,True,0.2480160935143223
0.98,1.14,0.65,2.5272527e-05,0.24358000000000002,1.3145370786516852e-10,0.0,1.3145370786516852e-10,0.996,0.994,True,True,True,0.008423333333330797,0.0049999999999980616,0.07268539325842634,0.07268539325842634,True,True,True,True,True,True,0.15879411985018155
0.98,1.14,0.66,2.5272527e-05,0.24358000000000002,1.3057343749999995e-10,0.0,1.3057343749999995e-10,0.996,0.994,True,True,True,0.008423333333330797,0.0049999999999980616,0.028671874999998133,0.028671874999998133,True,True,True,True,True,True,0.07076708333332513
0.98,1.14,0.67,2.5272527e-05,0.24358000000000002,1.2970487804878046e-10,0.0,1.2970487804878046e-10,0.996,0.994,True,True,True,0.008423333333330797,0.0049999999999980616,0.0147560975609767,0.0147560975609767,True,True,True,True,True,True,0.04293552845528226
0.98,1.14,0.68,2.5272527e-05,0.24358000000000002,1.2884779735682815e-10,0.0,1.2884779735682815e-10,0.996,0.994,True,True,True,0.008423333333330797,0.0049999999999980616,0.0576101321585919,0.0576101321585919,True,True,True,True,True,True,0.12864359765051264
0.98,1.14,0.69,2.5272527e-05,0.24358000000000002,1.2800196936542667e-10,0.0,1.2800196936542667e-10,0.996,0.994,True,True,True,0.008423333333330797,0.0049999999999980616,0.09990153172866596,0.09990153172866596,True,True,True,True,True,True,0.2132263967906608
0.98,1.14,0.7,2.5272527e-05,0.24358000000000002,1.2716717391304346e-10,0.0,1.2716717391304346e-10,0.996,0.994,True,True,True,0.008423333333330797,0.0049999999999980616,0.14164130434782649,0.14164130434782649,True,True,True,True,True,True,0.2967059420289818
0.98,1.15,0.6,2.5272527e-05,0.24358000000000002,1.36675e-10,0.0,1.36675e-10,0.996,0.994,True,True,True,0.008423333333330797,0.0049999999999980616,0.33375000000000027,0.33375000000000027,True,True,True,True,True,True,0.6809233333333293
0.98,1.15,0.61,2.5272527e-05,0.24358000000000002,1.3572806004618938e-10,0.0,1.3572806004618938e-10,0.996,0.994,True,True,True,0.008423333333330797,0.0049999999999980616,0.28640300230946925,0.28640300230946925,True,True,True,True,True,True,0.5862293379522674
0.98,1.15,0.62,2.5272527e-05,0.24358000000000002,1.347941513761468e-10,0.0,1.347941513761468e-10,0.996,0.994,True,True,True,0.008423333333330797,0.0049999999999980616,0.23970756880734012,0.23970756880734012,True,True,True,True,True,True,0.4928384709480091
0.98,1.15,0.63,2.5272527e-05,0.24358000000000002,1.3387300683371298e-10,0.0,1.3387300683371298e-10,0.996,0.994,True,True,True,0.008423333333330797,0.0049999999999980616,0.19365034168564932,0.19365034168564932,True,True,True,True,True,True,0.4007240167046275
0.98,1.15,0.64,2.5272527e-05,0.24358000000000002,1.329643665158371e-10,0.0,1.329643665158371e-10,0.996,0.994,True,True,True,0.008423333333330797,0.0049999999999980616,0.14821832579185512,0.14821832579185512,True,True,True,True,True,True,0.3098599849170391
0.98,1.15,0.65,2.5272527e-05,0.24358000000000002,1.3206797752808987e-10,0.0,1.3206797752808987e-10,0.996,0.994,True,True,True,0.008423333333330797,0.0049999999999980616,0.10339887640449377,0.10339887640449377,True,True,True,True,True,True,0.2202210861423164
0.98,1.15,0.66,2.5272527e-05,0.24358000000000002,1.3118359375e-10,0.0,1.3118359375e-10,0.996,0.994,True,True,True,0.008423333333330797,0.0049999999999980616,0.0591796874999999,0.0591796874999999,True,True,True,True,True,True,0.13178270833332867
0.98,1.15,0.67,2.5272527e-05,0.24358000000000002,1.303109756097561e-10,0.0,1.303109756097561e-10,0.996,0.994,True,True,True,0.008423333333330797,0.0049999999999980616,0.015548780487805424,0.015548780487805424,True,True,True,True,True,True,0.044520894308939706
0.98,1.15,0.68,2.5272527e-05,0.24358000000000002,1.294498898678414e-10,0.0,1.294498898678414e-10,0.996,0.994,True,True,True,0.008423333333330797,0.0049999999999980616,0.02750550660792907,0.02750550660792907,True,True,True,True,True,True,0.068434346549187
0.98,1.15,0.69,2.5272527e-05,0.24358000000000002,1.2860010940919038e-10,0.0,1.2860010940919038e-10,0.996,0.994,True,True,True,0.008423333333330797,0.0049999999999980616,0.0699945295404804,0.0699945295404804,True,True,True,True,True,True,0.15341239241428967
0.98,1.15,0.7,2.5272527e-05,0.24358000000000002,1.2776141304347826e-10,0.0,1.2776141304347826e-10,0.996,0.994,True,True,True,0.008423333333330797,0.0049999999999980616,0.11192934782608674,0.11192934782608674,True,True,True,True,True,True,0.23728202898550232
0.99,1.05,0.6,2.5271263500000003e-05,0.24359,1.307113372093023e-10,0.0,1.307113372093023e-10,0.998,0.997,True,True,True,0.004211666666676692,0.0025000000000025002,0.03556686046511589,0.03556686046511589,True,True,True,True,True,True,0.07784538759691098
0.99,1.05,0.61,2.5271263500000003e-05,0.24359,1.2980571593533484e-10,0.0,1.2980571593533484e-10,0.998,0.997,True,True,True,0.004211666666676692,0.0025000000000025002,0.009714203233257373,0.009714203233257373,True,True,True,True,True,True,0.02614007313319394
0.99,1.05,0.62,2.5271263500000003e-05,0.24359,1.289125573394495e-10,0.0,1.289125573394495e-10,0.998,0.997,True,True,True,0.004211666666676692,0.0025000000000025002,0.05437213302752418,0.05437213302752418,True,True,True,True,True,True,0.11545593272172755
0.99,1.05,0.63,2.5271263500000003e-05,0.24359,1.2803160592255124e-10,0.0,1.2803160592255124e-10,0.998,0.997,True,True,True,0.004211666666676692,0.0025000000000025002,0.09841970387243752,0.09841970387243752,True,True,True,True,True,True,0.20355107441155423
0.99,1.05,0.64,2.5271263500000003e-05,0.24359,1.2716261312217192e-10,0.0,1.2716261312217192e-10,0.998,0.997,True,True,True,0.004211666666676692,0.0025000000000025002,0.14186934389140354,0.14186934389140354,True,True,True,True,True,True,0.2904503544494863
0.99,1.05,0.65,2.5271263500000003e-05,0.24359,1.2630533707865166e-10,0.0,1.2630533707865166e-10,0.998,0.997,True,True,True,0.004211666666676692,0.0025000000000025002,0.18473314606741661,0.18473314606741661,True,True,True,True,True,True,0.3761779588015124
0.99,1.05,0.66,2.5271263500000003e-05,0.24359,1.2545954241071426e-10,0.0,1.2545954241071426e-10,0.998,0.997,True,True,True,0.004211666666676692,0.0025000000000025002,0.2270228794642867,0.2270228794642867,True,True,True,True,True,True,0.46075742559525257
0.99,1.05,0.67,2.5271263500000003e-05,0.24359,1.2462499999999997e-10,0.0,1.2462499999999997e-10,0.998,0.997,True,True,True,0.004211666666676692,0.0025000000000025002,0.26875000000000104,0.26875000000000104,True,True,True,True,True,True,0.5442116666666813
0.99,1.05,0.68,2.5271263500000003e-05,0.24359,1.2380148678414095e-10,0.0,1.2380148678414095e-10,0.998,0.997,True,True,True,0.004211666666676692,0.0025000000000025002,0.309925660792952,0.309925660792952,True,True,True,True,True,True,0.6265629882525832
0.99,1.05,0.69,2.5271263500000003e-05,0.24359,1.2298878555798685e-10,0.0,1.2298878555798685e-10,0.998,0.997,True,True,True,0.004211666666676692,0.0025000000000025002,0.35056072210065686,0.35056072210065686,True,True,True,True,True,True,0.7078331108679929
0.99,1.05,0.7,2.5271263500000003e-05,0.24359,1.2218668478260868e-10,0.0,1.2218668478260868e-10,0.998,0.997,True,True,True,0.004211666666676692,0.0025000000000025002,0.3906657608695658,0.3906657608695658,True,True,True,True,True,True,0.7880431884058108
0.99,1.06,0.6,2.5271263500000003e-05,0.24359,1.313489534883721e-10,0.0,1.313489534883721e-10,0.998,0.997,True,True,True,0.004211666666676692,0.0025000000000025002,0.06744767441860483,0.06744767441860483,True,True,True,True,True,True,0.14160701550388885
0.99,1.06,0.61,2.5271263500000003e-05,0.24359,1.3043891454965358e-10,0.0,1.3043891454965358e-10,0.998,0.997,True,True,True,0.004211666666676692,0.0025000000000025002,0.021945727482679412,0.021945727482679412,True,True,True,True,True,True,0.05060312163203802
0.99,1.06,0.62,2.5271263500000003e-05,0.24359,1.295413990825688e-10,0.0,1.295413990825688e-10,0.998,0.997,True,True,True,0.004211666666676692,0.0025000000000025002,0.022930045871559872,0.022930045871559872,True,True,True,True,True,True,0.05257175840979894
0.99,1.06,0.63,2.5271263500000003e-05,0.24359,1.2865615034168565e-10,0.0,1.2865615034168565e-10,0.998,0.997,True,True,True,0.004211666666676692,0.0025000000000025002,0.06719248291571689,0.06719248291571689,True,True,True,True,True,True,0.14109663249811297
0.99,1.06,0.64,2.5271263500000003e-05,0.24359,1.2778291855203619e-10,0.0,1.2778291855203619e-10,0.998,0.997,True,True,True,0.004211666666676692,0.0025000000000025002,0.11085407239819023,0.11085407239819023,True,True,True,True,True,True,0.22841981146305965
0.99,1.06,0.65,2.5271263500000003e-05,0.24359,1.269214606741573e-10,0.0,1.269214606741573e-10,0.998,0.997,True,True,True,0.004211666666676692,0.0025000000000025002,0.15392696629213484,0.15392696629213484,True,True,True,True,True,True,0.31456559925094885
0.99,1.06,0.66,2.5271263500000003e-05,0.24359,1.260715401785714e-10,0.0,1.260715401785714e-10,0.998,0.997,True,True,True,0.004211666666676692,0.0025000000000025002,0.19642299107142908,0.19642299107142908,True,True,True,True,True,True,0.39955764880953737
0.99,1.06,0.67,2.5271263500000003e-05,0.24359,1.2523292682926827e-10,0.0,1.2523292682926827e-10,0.998,0.997,True,True,True,0.004211666666676692,0.0025000000000025002,0.23835365853658586,0.23835365853658586,True,True,True,True,True,True,0.4834189837398509
0.99,1.06,0.68,2.5271263500000003e-05,0.24359,1.244053964757709e-10,0.0,1.244053964757709e-10,0.998,0.997,True,True,True,0.004211666666676692,0.0025000000000025002,0.2797301762114539,0.2797301762114539,True,True,True,True,True,True,0.566172019089587
0.99,1.06,0.69,2.5271263500000003e-05,0.24359,1.2358873085339168e-10,0.0,1.2358873085339168e-10,0.998,0.997,True,True,True,0.004211666666676692,0.0025000000000025002,0.32056345733041564,0.32056345733041564,True,True,True,True,True,True,0.6478385813275105
0.99,1.06,0.7,2.5271263500000003e-05,0.24359,1.2278271739130435e-10,0.0,1.2278271739130435e-10,0.998,0.997,True,True,True,0.004211666666676692,0.0025000000000025002,0.3608641304347818,0.3608641304347818,True,True,True,True,True,True,0.7284399275362429
0.99,1.07,0.6,2.5271263500000003e-05,0.24359,1.3198656976744187e-10,0.0,1.3198656976744187e-10,0.998,0.997,True,True,True,0.004211666666676692,0.0025000000000025002,0.09932848837209378,0.09932848837209378,True,True,True,True,True,True,0.20536864341086675
0.99,1.07,0.61,2.5271263500000003e-05,0.24359,1.3107211316397231e-10,0.0,1.3107211316397231e-10,0.998,0.997,True,True,True,0.004211666666676692,0.0025000000000025002,0.0536056581986162,0.0536056581986162,True,True,True,True,True,True,0.1139229830639116
0.99,1.07,0.62,2.5271263500000003e-05,0.24359,1.3017024082568808e-10,0.0,1.3017024082568808e-10,0.998,0.997,True,True,True,0.004211666666676692,0.0025000000000025002,0.008512041284404432,0.008512041284404432,True,True,True,True,True,True,0.023735749235488057
0.99,1.07,0.63,2.5271263500000003e-05,0.24359,1.2928069476082007e-10,0.0,1.2928069476082007e-10,0.998,0.997,True,True,True,0.004211666666676692,0.0025000000000025002,0.03596526195899624,0.03596526195899624,True,True,True,True,True,True,0.07864219058467167
0.99,1.07,0.64,2.5271263500000003e-05,0.24359,1.2840322398190048e-10,0.0,1.2840322398190048e-10,0.998,0.997,True,True,True,0.004211666666676692,0.0025000000000025002,0.07983880090497565,0.07983880090497565,True,True,True,True,True,True,0.1663892684766305
0.99,1.07,0.65,2.5271263500000003e-05,0.24359,1.2753758426966293e-10,0.0,1.2753758426966293e-10,0.998,0.997,True,True,True,0.004211666666676692,0.0025000000000025002,0.12312078651685307,0.12312078651685307,True,True,True,True,True,True,0.2529532397003853
0.99,1.07,0.66,2.5271263500000003e-05,0.24359,1.266835379464286e-10,0.0,1.266835379464286e-10,0.998,0.997,True,True,True,0.004211666666676692,0.0025000000000025002,0.16582310267857017,0.16582310267857017,True,True,True,True,True,True,0.3383578720238195
0.99,1.07,0.67,2.5271263500000003e-05,0.24359,1.258408536585366e-10,0.0,1.258408536585366e-10,0.998,0.997,True,True,True,0.004211666666676692,0.0025000000000025002,0.20795731707316942,0.20795731707316942,True,True,True,True,True,True,0.422626300813018
0.99,1.07,0.68,2.5271263500000003e-05,0.24359,1.250093061674009e-10,0.0,1.250093061674009e-10,0.998,0.997,True,True,True,0.004211666666676692,0.0025000000000025002,0.24953469162995456,0.24953469162995456,True,True,True,True,True,True,0.5057810499265883
0.99,1.07,0.69,2.5271263500000003e-05,0.24359,1.2418867614879653e-10,0.0,1.2418867614879653e-10,0.998,0.997,True,True,True,0.004211666666676692,0.0025000000000025002,0.2905661925601731,0.2905661925601731,True,True,True,True,True,True,0.5878440517870254
0.99,1.07,0.7,2.5271263500000003e-05,0.24359,1.2337875000000003e-10,0.0,1.2337875000000003e-10,0.998,0.997,True,True,True,0.004211666666676692,0.0025000000000025002,0.33106249999999793,0.33106249999999793,True,True,True,True,True,True,0.6688366666666751
0.99,1.08,0.6,2.5271263500000003e-05,0.24359,1.3262418604651162e-10,0.0,1.3262418604651162e-10,0.998,0.997,True,True,True,0.004211666666676692,0.0025000000000025002,0.13120930232558142,0.13120930232558142,True,True,True,True,True,True,0.26913027131784206
0.99,1.08,0.61,2.5271263500000003e-05,0.24359,1.31705311778291e-10,0.0,1.31705311778291e-10,0.998,0.997,True,True,True,0.004211666666676692,0.0025000000000025002,0.0852655889145504,0.0852655889145504,True,True,True,True,True,True,0.17724284449577998
0.99,1.08,0.62,2.5271263500000003e-05,0.24359,1.3079908256880734e-10,0.0,1.3079908256880734e-10,0.998,0.997,True,True,True,0.004211666666676692,0.0025000000000025002,0.03995412844036744,0.03995412844036744,True,True,True,True,True,True,0.08661992354741407
0.99,1.08,0.63,2.5271263500000003e-05,0.24359,1.2990523917995443e-10,0.0,1.2990523917995443e-10,0.998,0.997,True,True,True,0.004211666666676692,0.0025000000000025002,0.0047380410022781864,0.0047380410022781864,True,True,True,True,True,True,0.016187748671235565
0.99,1.08,0.64,2.5271263500000003e-05,0.24359,1.290235294117647e-10,0.0,1.290235294117647e-10,0.998,0.997,True,True,True,0.004211666666676692,0.0025000000000025002,0.04882352941176494,0.04882352941176494,True,True,True,True,True,True,0.10435872549020908
0.99,1.08,0.65,2.5271263500000003e-05,0.24359,1.2815370786516854e-10,0.0,1.2815370786516854e-10,0.998,0.997,True,True,True,0.004211666666676692,0.0025000000000025002,0.09231460674157259,0.09231460674157259,True,True,True,True,True,True,0.19134088014982437
0.99,1.08,0.66,2.5271263500000003e-05,0.24359,1.2729553571428571e-10,0.0,1.2729553571428571e-10,0.998,0.997,True,True,True,0.004211666666676692,0.0025000000000025002,0.13522321428571385,0.13522321428571385,True,True,True,True,True,True,0.27715809523810686
0.99,1.08,0.67,2.5271263500000003e-05,0.24359,1.2644878048780485e-10,0.0,1.2644878048780485e-10,0.998,0.997,True,True,True,0.004211666666676692,0.0025000000000025002,0.17756097560975684,0.17756097560975684,True,True,True,True,True,True,0.36183361788619284
0.99,1.08,0.68,2.5271263500000003e-05,0.24359,1.2561321585903083e-10,0.0,1.2561321585903083e-10,0.998,0.997,True,True,True,0.004211666666676692,0.0025000000000025002,0.2193392070484578,0.2193392070484578,True,True,True,True,True,True,0.44539008076359476
0.99,1.08,0.69,2.5271263500000003e-05,0.24359,1.247886214442013e-10,0.0,1.247886214442013e-10,0.998,0.997,True,True,True,0.004211666666676692,0.0025000000000025002,0.2605689277899344,0.2605689277899344,True,True,True,True,True,True,0.527849522246548
0.99,1.08,0.7,2.5271263500000003e-05,0.24359,1.2397478260869566e-10,0.0,1.2397478260869566e-10,0.998,0.997,True,True,True,0.004211666666676692,0.0025000000000025002,0.3012608695652166,0.3012608695652166,True,True,True,True,True,True,0.6092334057971124
0.99,1.09,0.6,2.5271263500000003e-05,0.24359,1.3326180232558137e-10,0.0,1.3326180232558137e-10,0.998,0.997,True,True,True,0.004211666666676692,0.0025000000000025002,0.16309011627906908,0.16309011627906908,True,True,True,True,True,True,0.3328918992248173
0.99,1.09,0.61,2.5271263500000003e-05,0.24359,1.3233851039260968e-10,0.0,1.3233851039260968e-10,0.998,0.997,True,True,True,0.004211666666676692,0.0025000000000025002,0.1169255196304846,0.1169255196304846,True,True,True,True,True,True,0.2405627059276484
0.99,1.09,0.62,2.5271263500000003e-05,0.24359,1.314279243119266e-10,0.0,1.314279243119266e-10,0.998,0.997,True,True,True,0.004211666666676692,0.0025000000000025002,0.07139621559633046,0.07139621559633046,True,True,True,True,True,True,0.1495040978593401
0.99,1.09,0.63,2.5271263500000003e-05,0.24359,1.3052978359908881e-10,0.0,1.3052978359908881e-10,0.998,0.997,True,True,True,0.004211666666676692,0.0025000000000025002,0.026489179954441163,0.026489179954441163,True,True,True,True,True,True,0.05969002657556152
0.99,1.09,0.64,2.5271263500000003e-05,0.24359,1.2964383484162893e-10,0.0,1.2964383484162893e-10,0.998,0.997,True,True,True,0.004211666666676692,0.0025000000000025002,0.017808257918552933,0.017808257918552933,True,True,True,True,True,True,0.04232818250378506
0.99,1.09,0.65,2.5271263500000003e-05,0.24359,1.2876983146067415e-10,0.0,1.2876983146067415e-10,0.998,0.997,True,True,True,0.004211666666676692,0.0025000000000025002,0.061508426966292114,0.061508426966292114,True,True,True,True,True,True,0.12972852059926343
0.99,1.09,0.66,2.5271263500000003e-05,0.24359,1.2790753348214284e-10,0.0,1.2790753348214284e-10,0.998,0.997,True,True,True,0.004211666666676692,0.0025000000000025002,0.10462332589285754,0.10462332589285754,True,True,True,True,True,True,0.21595831845239427
0.99,1.09,0.67,2.5271263500000003e-05,0.24359,1.2705670731707316e-10,0.0,1.2705670731707316e-10,0.998,0.997,True,True,True,0.004211666666676692,0.0025000000000025002,0.14716463414634165,0.14716463414634165,True,True,True,True,True,True,0.30104093495936246
0.99,1.09,0.68,2.5271263500000003e-05,0.24359,1.2621712555066077e-10,0.0,1.2621712555066077e-10,0.998,0.997,True,True,True,0.004211666666676692,0.0025000000000025002,0.18914372246696104,0.18914372246696104,True,True,True,True,True,True,0.3849991116006013
0.99,1.09,0.69,2.5271263500000003e-05,0.24359,1.2538856673960613e-10,0.0,1.2538856673960613e-10,0.998,0.997,True,True,True,0.004211666666676692,0.0025000000000025002,0.23057166301969317,0.23057166301969317,True,True,True,True,True,True,0.46785499270606556
0.99,1.09,0.7,2.5271263500000003e-05,0.24359,1.2457081521739129e-10,0.0,1.2457081521739129e-10,0.998,0.997,True,True,True,0.004211666666676692,0.0025000000000025002,0.27145923913043524,0.27145923913043524,True,True,True,True,True,True,0.5496301449275497
0.99,1.1,0.6,2.5271263500000003e-05,0.24359,1.3389941860465118e-10,0.0,1.3389941860465118e-10,0.998,0.997,True,True,True,0.004211666666676692,0.0025000000000025002,0.19497093023255932,0.19497093023255932,True,True,True,True,True,True,0.3966535271317978
0.99,1.1,0.61,2.5271263500000003e-05,0.24359,1.3297170900692842e-10,0.0,1.3297170900692842e-10,0.998,0.997,True,True,True,0.004211666666676692,0.0025000000000025002,0.1485854503464214,0.1485854503464214,True,True,True,True,True,True,0.303882567359522
0.99,1.1,0.62,2.5271263500000003e-05,0.24359,1.3205676605504589e-10,0.0,1.3205676605504589e-10,0.998,0.997,True,True,True,0.004211666666676692,0.0025000000000025002,0.10283830275229476,0.10283830275229476,True,True,True,True,True,True,0.2123882721712687
0.99,1.1,0.63,2.5271263500000003e-05,0.24359,1.3115432801822323e-10,0.0,1.3115432801822323e-10,0.998,0.997,True,True,True,0.004211666666676692,0.0025000000000025002,0.05771640091116181,0.05771640091116181,True,True,True,True,True,True,0.12214446848900282
0.99,1.1,0.64,2.5271263500000003e-05,0.24359,1.3026414027149322e-10,0.0,1.3026414027149322e-10,0.998,0.997,True,True,True,0.004211666666676692,0.0025000000000025002,0.013207013574661655,0.013207013574661655,True,True,True,True,True,True,0.0331256938160025
0.99,1.1,0.65,2.5271263500000003e-05,0.24359,1.2938595505617978e-10,0.0,1.2938595505617978e-10,0.998,0.997,True,True,True,0.004211666666676692,0.0025000000000025002,0.030702247191010345,0.030702247191010345,True,True,True,True,True,True,0.06811616104869989
0.99,1.1,0.66,2.5271263500000003e-05,0.24359,1.2851953125e-10,0.0,1.2851953125e-10,0.998,0.997,True,True,True,0.004211666666676692,0.0025000000000025002,0.07402343749999993,0.07402343749999993,True,True,True,True,True,True,0.15475854166667904
0.99,1.1,0.67,2.5271263500000003e-05,0.24359,1.2766463414634146e-10,0.0,1.2766463414634146e-10,0.998,0.997,True,True,True,0.004211666666676692,0.0025000000000025002,0.1167682926829265,0.1167682926829265,True,True,True,True,True,True,0.2402482520325322
0.99,1.1,0.68,2.5271263500000003e-05,0.24359,1.2682103524229076e-10,0.0,1.2682103524229076e-10,0.998,0.997,True,True,True,0.004211666666676692,0.0025000000000025002,0.1589482378854617,0.1589482378854617,True,True,True,True,True,True,0.3246081424376026
0.99,1.1,0.69,2.5271263500000003e-05,0.24359,1.2598851203501095e-10,0.0,1.2598851203501095e-10,0.998,0.997,True,True,True,0.004211666666676692,0.0025000000000025002,0.20057439824945192,0.20057439824945192,True,True,True,True,True,True,0.407860463165583
0.99,1.1,0.7,2.5271263500000003e-05,0.24359,1.2516684782608696e-10,0.0,1.2516684782608696e-10,0.998,0.997,True,True,True,0.004211666666676692,0.0025000000000025002,0.24165760869565128,0.24165760869565128,True,True,True,True,True,True,0.4900268840579818
0.99,1.11,0.6,2.5271263500000003e-05,0.24359,1.3453703488372093e-10,0.0,1.3453703488372093e-10,0.998,0.997,True,True,True,0.004211666666676692,0.0025000000000025002,0.22685174418604698,0.22685174418604698,True,True,True,True,True,True,0.46041515503877317
0.99,1.11,0.61,2.5271263500000003e-05,0.24359,1.3360490762124713e-10,0.0,1.3360490762124713e-10,0.998,0.997,True,True,True,0.004211666666676692,0.0025000000000025002,0.18024538106235688,0.18024538106235688,True,True,True,True,True,True,0.367202428791393
0.99,1.11,0.62,2.5271263500000003e-05,0.24359,1.3268560779816515e-10,0.0,1.3268560779816515e-10,0.998,0.997,True,True,True,0.004211666666676692,0.0025000000000025002,0.13428038990825777,0.13428038990825777,True,True,True,True,True,True,0.2752724464831947
0.99,1.11,0.63,2.5271263500000003e-05,0.24359,1.3177887243735764e-10,0.0,1.3177887243735764e-10,0.998,0.997,True,True,True,0.004211666666676692,0.0025000000000025002,0.08894362186788245,0.08894362186788245,True,True,True,True,True,True,0.18459891040244408
0.99,1.11,0.64,2.5271263500000003e-05,0.24359,1.3088444570135746e-10,0.0,1.3088444570135746e-10,0.998,0.997,True,True,True,0.004211666666676692,0.0025000000000025002,0.04422228506787366,0.04422228506787366,True,True,True,True,True,True,0.09515623680242652
0.99,1.11,0.65,2.5271263500000003e-05,0.24359,1.300020786516854e-10,0.0,1.300020786516854e-10,0.998,0.997,True,True,True,0.004211666666676692,0.0025000000000025002,0.00010393258427013338,0.00010393258427013338,True,True,True,True,True,True,0.006919531835219459
0.99,1.11,0.66,2.5271263500000003e-05,0.24359,1.2913152901785714e-10,0.0,1.2913152901785714e-10,0.998,0.997,True,True,True,0.004211666666676692,0.0025000000000025002,0.04342354910714232,0.04342354910714232,True,True,True,True,True,True,0.09355876488096385
0.99,1.11,0.67,2.5271263500000003e-05,0.24359,1.2827256097560976e-10,0.0,1.2827256097560976e-10,0.998,0.997,True,True,True,0.004211666666676692,0.0025000000000025002,0.08637195121951133,0.08637195121951133,True,True,True,True,True,True,0.17945556910570185
0.99,1.11,0.68,2.5271263500000003e-05,0.24359,1.2742494493392072e-10,0.0,1.2742494493392072e-10,0.998,0.997,True,True,True,0.004211666666676692,0.0025000000000025002,0.12875275330396363,0.12875275330396363,True,True,True,True,True,True,0.2642171732746065
0.99,1.11,0.69,2.5271263500000003e-05,0.24359,1.2658845733041578e-10,0.0,1.2658845733041578e-10,0.998,0.997,True,True,True,0.004211666666676692,0.0025000000000025002,0.17057713347921066,0.17057713347921066,True,True,True,True,True,True,0.34786593362510054
0.99,1.11,0.7,2.5271263500000003e-05,0.24359,1.2576288043478262e-10,0.0,1.2576288043478262e-10,0.998,0.997,True,True,True,0.004211666666676692,0.0025000000000025002,0.21185597826086866,0.21185597826086866,True,True,True,True,True,True,0.43042362318841654
0.99,1.12,0.6,2.5271263500000003e-05,0.24359,1.351746511627907e-10,0.0,1.351746511627907e-10,0.998,0.997,True,True,True,0.004211666666676692,0.0025000000000025002,0.2587325581395359,0.2587325581395359,True,True,True,True,True,True,0.524176782945751
0.99,1.12,0.61,2.5271263500000003e-05,0.24359,1.342381062355658e-10,0.0,1.342381062355658e-10,0.998,0.997,True,True,True,0.004211666666676692,0.0025000000000025002,0.21190531177829108,0.21190531177829108,True,True,True,True,True,True,0.4305222902232614
0.99,1.12,0.62,2.5271263500000003e-05,0.24359,1.333144495412844e-10,0.0,1.333144495412844e-10,0.998,0.997,True,True,True,0.004211666666676692,0.0025000000000025002,0.16572247706422077,0.16572247706422077,True,True,True,True,True,True,0.33815662079512077
0.99,1.12,0.63,2.5271263500000003e-05,0.24359,1.3240341685649203e-10,0.0,1.3240341685649203e-10,0.998,0.997,True,True,True,0.004211666666676692,0.0025000000000025002,0.1201708428246018,0.1201708428246018,True,True,True,True,True,True,0.2470533523158828
0.99,1.12,0.64,2.5271263500000003e-05,0.24359,1.315047511312217e-10,0.0,1.315047511312217e-10,0.998,0.997,True,True,True,0.004211666666676692,0.0025000000000025002,0.07523755656108566,0.07523755656108566,True,True,True,True,True,True,0.1571867797888505
0.99,1.12,0.65,2.5271263500000003e-05,0.24359,1.30618202247191e-10,0.0,1.30618202247191e-10,0.998,0.997,True,True,True,0.004211666666676692,0.0025000000000025002,0.03091011235955061,0.03091011235955061,True,True,True,True,True,True,0.06853189138578042
0.99,1.12,0.66,2.5271263500000003e-05,0.24359,1.2974352678571427e-10,0.0,1.2974352678571427e-10,0.998,0.997,True,True,True,0.004211666666676692,0.0025000000000025002,0.012823660714286002,0.012823660714286002,True,True,True,True,True,True,0.0323589880952512
0.99,1.12,0.67,2.5271263500000003e-05,0.24359,1.2888048780487804e-10,0.0,1.2888048780487804e-10,0.998,0.997,True,True,True,0.004211666666676692,0.0025000000000025002,0.05597560975609746,0.05597560975609746,True,True,True,True,True,True,0.1186628861788741
0.99,1.12,0.68,2.5271263500000003e-05,0.24359,1.2802885462555065e-10,0.0,1.2802885462555065e-10,0.998,0.997,True,True,True,0.004211666666676692,0.0025000000000025002,0.09855726872246687,0.09855726872246687,True,True,True,True,True,True,0.20382620411161292
0.99,1.12,0.69,2.5271263500000003e-05,0.24359,1.2718840262582058e-10,0.0,1.2718840262582058e-10,0.998,0.997,True,True,True,0.004211666666676692,0.0025000000000025002,0.1405798687089707,0.1405798687089707,True,True,True,True,True,True,0.28787140408462064
0.99,1.12,0.7,2.5271263500000003e-05,0.24359,1.2635891304347827e-10,0.0,1.2635891304347827e-10,0.998,0.997,True,True,True,0.004211666666676692,0.0025000000000025002,0.182054347826086,0.182054347826086,True,True,True,True,True,True,0.3708203623188512
0.99,1.13,0.6,2.5271263500000003e-05,0.24359,1.3581226744186044e-10,0.0,1.3581226744186044e-10,0.998,0.997,True,True,True,0.004211666666676692,0.0025000000000025002,0.2906133720930223,0.2906133720930223,True,True,True,True,True,True,0.5879384108527238
0.99,1.13,0.61,2.5271263500000003e-05,0.24359,1.348713048498845e-10,0.0,1.348713048498845e-10,0.998,0.997,True,True,True,0.004211666666676692,0.0025000000000025002,0.2435652424942253,0.2435652424942253,True,True,True,True,True,True,0.4938421516551298
0.99,1.13,0.62,2.5271263500000003e-05,0.24359,1.3394329128440364e-10,0.0,1.3394329128440364e-10,0.998,0.997,True,True,True,0.004211666666676692,0.0025000000000025002,0.1971645642201825,0.1971645642201825,True,True,True,True,True,True,0.40104079510704416
0.99,1.13,0.63,2.5271263500000003e-05,0.24359,1.330279612756264e-10,0.0,1.330279612756264e-10,0.998,0.997,True,True,True,0.004211666666676692,0.0025000000000025002,0.15139806378131987,0.15139806378131987,True,True,True,True,True,True,0.30950779422931896
0.99,1.13,0.64,2.5271263500000003e-05,0.24359,1.3212505656108594e-10,0.0,1.3212505656108594e-10,0.998,0.997,True,True,True,0.004211666666676692,0.0025000000000025002,0.10625282805429767,0.10625282805429767,True,True,True,True,True,True,0.21921732277527453
0.99,1.13,0.65,2.5271263500000003e-05,0.24359,1.312343258426966e-10,0.0,1.312343258426966e-10,0.998,0.997,True,True,True,0.004211666666676692,0.0025000000000025002,0.06171629213483109,0.06171629213483109,True,True,True,True,True,True,0.13014425093634138
0.99,1.13,0.66,2.5271263500000003e-05,0.24359,1.303555245535714e-10,0.0,1.303555245535714e-10,0.998,0.997,True,True,True,0.004211666666676692,0.0025000000000025002,0.017776227678570317,0.017776227678570317,True,True,True,True,True,True,0.04226412202381982
0.99,1.13,0.67,2.5271263500000003e-05,0.24359,1.2948841463414632e-10,0.0,1.2948841463414632e-10,0.998,0.997,True,True,True,0.004211666666676692,0.0025000000000025002,0.025579268292683588,0.025579268292683588,True,True,True,True,True,True,0.057870203252046365
0.99,1.13,0.68,2.5271263500000003e-05,0.24359,1.286327643171806e-10,0.0,1.286327643171806e-10,0.998,0.997,True,True,True,0.004211666666676692,0.0025000000000025002,0.06836178414097009,0.06836178414097009,True,True,True,True,True,True,0.14343523494861937
0.99,1.13,0.69,2.5271263500000003e-05,0.24359,1.2778834792122538e-10,0.0,1.2778834792122538e-10,0.998,0.997,True,True,True,0.004211666666676692,0.0025000000000025002,0.11058260393873076,0.11058260393873076,True,True,True,True,True,True,0.2278768745441407
0.99,1.13,0.7,2.5271263500000003e-05,0.24359,1.269549456521739e-10,0.0,1.269549456521739e-10,0.998,0.997,True,True,True,0.004211666666676692,0.0025000000000025002,0.15225271739130466,0.15225271739130466,True,True,True,True,True,True,0.3112171014492885
0.99,1.14,0.6,2.5271263500000003e-05,0.24359,1.3644988372093021e-10,0.0,1.3644988372093021e-10,0.998,0.997,True,True,True,0.004211666666676692,0.0025000000000025002,0.3224941860465112,0.3224941860465112,True,True,True,True,True,True,0.6517000387597016
0.99,1.14,0.61,2.5271263500000003e-05,0.24359,1.355045034642032e-10,0.0,1.355045034642032e-10,0.998,0.997,True,True,True,0.004211666666676692,0.0025000000000025002,0.27522517321016077,0.27522517321016077,True,True,True,True,True,True,0.5571620130870008
0.99,1.14,0.62,2.5271263500000003e-05,0.24359,1.3457213302752293e-10,0.0,1.3457213302752293e-10,0.998,0.997,True,True,True,0.004211666666676692,0.0025000000000025002,0.2286066513761468,0.2286066513761468,True,True,True,True,True,True,0.46392496941897277
0.99,1.14,0.63,2.5271263500000003e-05,0.24359,1.336525056947608e-10,0.0,1.336525056947608e-10,0.998,0.997,True,True,True,0.004211666666676692,0.0025000000000025002,0.1826252847380405,0.1826252847380405,True,True,True,True,True,True,0.37196223614276014
0.99,1.14,0.64,2.5271263500000003e-05,0.24359,1.327453619909502e-10,0.0,1.327453619909502e-10,0.998,0.997,True,True,True,0.004211666666676692,0.0025000000000025002,0.13726809954751096,0.13726809954751096,True,True,True,True,True,True,0.28124786576170113
0.99,1.14,0.65,2.5271263500000003e-05,0.24359,1.3185044943820222e-10,0.0,1.3185044943820222e-10,0.998,0.997,True,True,True,0.004211666666676692,0.0025000000000025002,0.09252247191011156,0.09252247191011156,True,True,True,True,True,True,0.19175661048690232
0.99,1.14,0.66,2.5271263500000003e-05,0.24359,1.3096752232142855e-10,0.0,1.3096752232142855e-10,0.998,0.997,True,True,True,0.004211666666676692,0.0025000000000025002,0.04837611607142793,0.04837611607142793,True,True,True,True,True,True,0.10346389880953505
0.99,1.14,0.67,2.5271263500000003e-05,0.24359,1.3009634146341462e-10,0.0,1.3009634146341462e-10,0.998,0.997,True,True,True,0.004211666666676692,0.0025000000000025002,0.004817073170731577,0.004817073170731577,True,True,True,True,True,True,0.016345813008142345
0.99,1.14,0.68,2.5271263500000003e-05,0.24359,1.2923667400881055e-10,0.0,1.2923667400881055e-10,0.998,0.997,True,True,True,0.004211666666676692,0.0025000000000025002,0.03816629955947203,0.03816629955947203,True,True,True,True,True,True,0.08304426578562327
0.99,1.14,0.69,2.5271263500000003e-05,0.24359,1.283882932166302e-10,0.0,1.283882932166302e-10,0.998,0.997,True,True,True,0.004211666666676692,0.0025000000000025002,0.08058533916848952,0.08058533916848952,True,True,True,True,True,True,0.16788234500365823
0.99,1.14,0.7,2.5271263500000003e-05,0.24359,1.2755097826086955e-10,0.0,1.2755097826086955e-10,0.998,0.997,True,True,True,0.004211666666676692,0.0025000000000025002,0.12245108695652204,0.12245108695652204,True,True,True,True,True,True,0.25161384057972325
0.99,1.15,0.6,2.5271263500000003e-05,0.24359,1.370875e-10,0.0,1.370875e-10,0.998,0.997,True,True,True,0.004211666666676692,0.0025000000000025002,0.35437500000000016,0.35437500000000016,True,True,True,True,True,True,0.7154616666666795
0.99,1.15,0.61,2.5271263500000003e-05,0.24359,1.3613770207852192e-10,0.0,1.3613770207852192e-10,0.998,0.997,True,True,True,0.004211666666676692,0.0025000000000025002,0.30688510392609625,0.30688510392609625,True,True,True,True,True,True,0.6204818745188717
0.99,1.15,0.62,2.5271263500000003e-05,0.24359,1.3520097477064219e-10,0.0,1.3520097477064219e-10,0.998,0.997,True,True,True,0.004211666666676692,0.0025000000000025002,0.2600487385321098,0.2600487385321098,True,True,True,True,True,True,0.5268091437308988
0.99,1.15,0.63,2.5271263500000003e-05,0.24359,1.3427705011389521e-10,0.0,1.3427705011389521e-10,0.998,0.997,True,True,True,0.004211666666676692,0.0025000000000025002,0.21385250569476114,0.21385250569476114,True,True,True,True,True,True,0.43441667805620143
0.99,1.15,0.64,2.5271263500000003e-05,0.24359,1.3336566742081448e-10,0.0,1.3336566742081448e-10,0.998,0.997,True,True,True,0.004211666666676692,0.0025000000000025002,0.16828337104072424,0.16828337104072424,True,True,True,True,True,True,0.34327840874812765
0.99,1.15,0.65,2.5271263500000003e-05,0.24359,1.3246657303370786e-10,0.0,1.3246657303370786e-10,0.998,0.997,True,True,True,0.004211666666676692,0.0025000000000025002,0.12332865168539334,0.12332865168539334,True,True,True,True,True,True,0.25336897003746583
0.99,1.15,0.66,2.5271263500000003e-05,0.24359,1.315795200892857e-10,0.0,1.315795200892857e-10,0.998,0.997,True,True,True,0.004211666666676692,0.0025000000000025002,0.07897600446428554,0.07897600446428554,True,True,True,True,True,True,0.16466367559525028
0.99,1.15,0.67,2.5271263500000003e-05,0.24359,1.307042682926829e-10,0.0,1.307042682926829e-10,0.998,0.997,True,True,True,0.004211666666676692,0.0025000000000025002,0.03521341463414545,0.03521341463414545,True,True,True,True,True,True,0.0771384959349701
0.99,1.15,0.68,2.5271263500000003e-05,0.24359,1.298405837004405e-10,0.0,1.298405837004405e-10,0.998,0.997,True,True,True,0.004211666666676692,0.0025000000000025002,0.007970814977973976,0.007970814977973976,True,True,True,True,True,True,0.022653296622627144
0.99,1.15,0.69,2.5271263500000003e-05,0.24359,1.28988238512035e-10,0.0,1.28988238512035e-10,0.998,0.997,True,True,True,0.004211666666676692,0.0025000000000025002,0.05058807439824956,0.05058807439824956,True,True,True,True,True,True,0.10788781546317833
0.99,1.15,0.7,2.5271263500000003e-05,0.24359,1.281470108695652e-10,0.0,1.281470108695652e-10,0.998,0.997,True,True,True,0.004211666666676692,0.0025000000000025002,0.0926494565217394,0.0926494565217394,True,True,True,True,True,True,0.192010579710158
1.0,1.05,0.6,2.527e-05,0.2436,1.311046511627907e-10,0.0,1.311046511627907e-10,1.0,1.0,True,True,True,0.0,0.0,0.055232558139534996,0.055232558139534996,True,True,True,True,True,True,0.11046511627906999
1.0,1.05,0.61,2.527e-05,0.2436,1.301963048498845e-10,0.0,1.301963048498845e-10,1.0,1.0,True,True,True,0.0,0.0,0.009815242494225945,0.009815242494225945,True,True,True,True,True,True,0.01963048498845189
1.0,1.05,0.62,2.527e-05,0.2436,1.293004587155963e-10,0.0,1.293004587155963e-10,1.0,1.0,True,True,True,0.0,0.0,0.03497706422018445,0.03497706422018445,True,True,True,True,True,True,0.0699541284403689
1.0,1.05,0.63,2.527e-05,0.2436,1.2841685649202732e-10,0.0,1.2841685649202732e-10,1.0,1.0,True,True,True,0.0,0.0,0.07915717539863343,0.07915717539863343,True,True,True,True,True,True,0.15831435079726686
1.0,1.05,0.64,2.527e-05,0.2436,1.2754524886877827e-10,0.0,1.2754524886877827e-10,1.0,1.0,True,True,True,0.0,0.0,0.12273755656108602,0.12273755656108602,True,True,True,True,True,True,0.24547511312217205
1.0,1.05,0.65,2.527e-05,0.2436,1.2668539325842694e-10,0.0,1.2668539325842694e-10,1.0,1.0,True,True,True,0.0,0.0,0.1657303370786525,0.1657303370786525,True,True,True,True,True,True,0.331460674157305
1.0,1.05,0.66,2.527e-05,0.2436,1.2583705357142854e-10,0.0,1.2583705357142854e-10,1.0,1.0,True,True,True,0.0,0.0,0.20814732142857242,0.20814732142857242,True,True,True,True,True,True,0.41629464285714485
1.0,1.05,0.67,2.527e-05,0.2436,1.2499999999999998e-10,0.0,1.2499999999999998e-10,1.0,1.0,True,True,True,0.0,0.0,0.25000000000000044,0.25000000000000044,True,True,True,True,True,True,0.5000000000000009
1.0,1.05,0.68,2.527e-05,0.2436,1.2417400881057267e-10,0.0,1.2417400881057267e-10,1.0,1.0,True,True,True,0.0,0.0,0.29129955947136604,0.29129955947136604,True,True,True,True,True,True,0.5825991189427321
1.0,1.05,0.69,2.527e-05,0.2436,1.2335886214442013e-10,0.0,1.2335886214442013e-10,1.0,1.0,True,True,True,0.0,0.0,0.3320568927789931,0.3320568927789931,True,True,True,True,True,True,0.6641137855579862
1.0,1.05,0.7,2.527e-05,0.2436,1.2255434782608694e-10,0.0,1.2255434782608694e-10,1.0,1.0,True,True,True,0.0,0.0,0.3722826086956526,0.3722826086956526,True,True,True,True,True,True,0.7445652173913052
1.0,1.06,0.6,2.527e-05,0.2436,1.3174418604651162e-10,0.0,1.3174418604651162e-10,1.0,1.0,True,True,True,0.0,0.0,0.08720930232558137,0.08720930232558137,True,True,True,True,True,True,0.17441860465116274
1.0,1.06,0.61,2.527e-05,0.2436,1.3083140877598153e-10,0.0,1.3083140877598153e-10,1.0,1.0,True,True,True,0.0,0.0,0.041570438799077104,0.041570438799077104,True,True,True,True,True,True,0.08314087759815421
1.0,1.06,0.62,2.527e-05,0.2436,1.2993119266055046e-10,0.0,1.2993119266055046e-10,1.0,1.0,True,True,True,0.0,0.0,0.003440366972476756,0.003440366972476756,True,True,True,True,True,True,0.006880733944953512
1.0,1.06,0.63,2.527e-05,0.2436,1.2904328018223234e-10,0.0,1.2904328018223234e-10,1.0,1.0,True,True,True,0.0,0.0,0.047835990888382404,0.047835990888382404,True,True,True,True,True,True,0.09567198177676481
1.0,1.06,0.64,2.527e-05,0.2436,1.2816742081447963e-10,0.0,1.2816742081447963e-10,1.0,1.0,True,True,True,0.0,0.0,0.09162895927601782,0.09162895927601782,True,True,True,True,True,True,0.18325791855203563
1.0,1.06,0.65,2.527e-05,0.2436,1.2730337078651686e-10,0.0,1.2730337078651686e-10,1.0,1.0,True,True,True,0.0,0.0,0.1348314606741564,0.1348314606741564,True,True,True,True,True,True,0.2696629213483128
1.0,1.06,0.66,2.527e-05,0.2436,1.2645089285714286e-10,0.0,1.2645089285714286e-10,1.0,1.0,True,True,True,0.0,0.0,0.17745535714285637,0.17745535714285637,True,True,True,True,True,True,0.35491071428571275
1.0,1.06,0.67,2.527e-05,0.2436,1.2560975609756097e-10,0.0,1.2560975609756097e-10,1.0,1.0,True,True,True,0.0,0.0,0.21951219512195094,0.21951219512195094,True,True,True,True,True,True,0.4390243902439019
1.0,1.06,0.68,2.527e-05,0.2436,1.247797356828194e-10,0.0,1.247797356828194e-10,1.0,1.0,True,True,True,0.0,0.0,0.26101321585903015,0.26101321585903015,True,True,True,True,True,True,0.5220264317180603
1.0,1.06,0.69,2.527e-05,0.2436,1.239606126914661e-10,0.0,1.239606126914661e-10,1.0,1.0,True,True,True,0.0,0.0,0.3019693654266949,0.3019693654266949,True,True,True,True,True,True,0.6039387308533898
1.0,1.06,0.7,2.527e-05,0.2436,1.2315217391304348e-10,0.0,1.2315217391304348e-10,1.0,1.0,True,True,True,0.0,0.0,0.3423913043478258,0.3423913043478258,True,True,True,True,True,True,0.6847826086956516
1.0,1.07,0.6,2.527e-05,0.2436,1.3238372093023257e-10,0.0,1.3238372093023257e-10,1.0,1.0,True,True,True,0.0,0.0,0.11918604651162903,0.11918604651162903,True,True,True,True,True,True,0.23837209302325807
1.0,1.07,0.61,2.527e-05,0.2436,1.3146651270207853e-10,0.0,1.3146651270207853e-10,1.0,1.0,True,True,True,0.0,0.0,0.07332563510392696,0.07332563510392696,True,True,True,True,True,True,0.14665127020785393
1.0,1.07,0.62,2.527e-05,0.2436,1.305619266055046e-10,0.0,1.305619266055046e-10,1.0,1.0,True,True,True,0.0,0.0,0.028096330275230934,0.028096330275230934,True,True,True,True,True,True,0.05619266055046187
1.0,1.07,0.63,2.527e-05,0.2436,1.2966970387243736e-10,0.0,1.2966970387243736e-10,1.0,1.0,True,True,True,0.0,0.0,0.016514806378131373,0.016514806378131373,True,True,True,True,True,True,0.03302961275626275
1.0,1.07,0.64,2.527e-05,0.2436,1.28789592760181e-10,0.0,1.28789592760181e-10,1.0,1.0,True,True,True,0.0,0.0,0.060520361990949616,0.060520361990949616,True,True,True,True,True,True,0.12104072398189923
1.0,1.07,0.65,2.527e-05,0.2436,1.2792134831460676e-10,0.0,1.2792134831460676e-10,1.0,1.0,True,True,True,0.0,0.0,0.10393258426966162,0.10393258426966162,True,True,True,True,True,True,0.20786516853932324
1.0,1.07,0.66,2.527e-05,0.2436,1.2706473214285716e-10,0.0,1.2706473214285716e-10,1.0,1.0,True,True,True,0.0,0.0,0.14676339285714163,0.14676339285714163,True,True,True,True,True,True,0.29352678571428326
1.0,1.07,0.67,2.527e-05,0.2436,1.2621951219512196e-10,0.0,1.2621951219512196e-10,1.0,1.0,True,True,True,0.0,0.0,0.18902439024390144,0.18902439024390144,True,True,True,True,True,True,0.3780487804878029
1.0,1.07,0.68,2.527e-05,0.2436,1.2538546255506608e-10,0.0,1.2538546255506608e-10,1.0,1.0,True,True,True,0.0,0.0,0.23072687224669555,0.23072687224669555,True,True,True,True,True,True,0.4614537444933911
1.0,1.07,0.69,2.527e-05,0.2436,1.2456236323851206e-10,0.0,1.2456236323851206e-10,1.0,1.0,True,True,True,0.0,0.0,0.2718818380743967,0.2718818380743967,True,True,True,True,True,True,0.5437636761487934
1.0,1.07,0.7,2.527e-05,0.2436,1.2375e-10,0.0,1.2375e-10,1.0,1.0,True,True,True,0.0,0.0,0.31249999999999895,0.31249999999999895,True,True,True,True,True,True,0.6249999999999979
1.0,1.08,0.6,2.527e-05,0.2436,1.330232558139535e-10,0.0,1.330232558139535e-10,1.0,1.0,True,True,True,0.0,0.0,0.1511627906976754,0.1511627906976754,True,True,True,True,True,True,0.3023255813953508
1.0,1.08,0.61,2.527e-05,0.2436,1.3210161662817553e-10,0.0,1.3210161662817553e-10,1.0,1.0,True,True,True,0.0,0.0,0.10508083140877683,0.10508083140877683,True,True,True,True,True,True,0.21016166281755366
1.0,1.08,0.62,2.527e-05,0.2436,1.311926605504587e-10,0.0,1.311926605504587e-10,1.0,1.0,True,True,True,0.0,0.0,0.05963302752293604,0.05963302752293604,True,True,True,True,True,True,0.11926605504587208
1.0,1.08,0.63,2.527e-05,0.2436,1.3029612756264236e-10,0.0,1.3029612756264236e-10,1.0,1.0,True,True,True,0.0,0.0,0.014806378132118363,0.014806378132118363,True,True,True,True,True,True,0.029612756264236727
1.0,1.08,0.64,2.527e-05,0.2436,1.2941176470588236e-10,0.0,1.2941176470588236e-10,1.0,1.0,True,True,True,0.0,0.0,0.029411764705881416,0.029411764705881416,True,True,True,True,True,True,0.05882352941176283
1.0,1.08,0.65,2.527e-05,0.2436,1.2853932584269663e-10,0.0,1.2853932584269663e-10,1.0,1.0,True,True,True,0.0,0.0,0.07303370786516812,0.07303370786516812,True,True,True,True,True,True,0.14606741573033624
1.0,1.08,0.66,2.527e-05,0.2436,1.2767857142857143e-10,0.0,1.2767857142857143e-10,1.0,1.0,True,True,True,0.0,0.0,0.11607142857142817,0.11607142857142817,True,True,True,True,True,True,0.23214285714285635
1.0,1.08,0.67,2.527e-05,0.2436,1.2682926829268293e-10,0.0,1.2682926829268293e-10,1.0,1.0,True,True,True,0.0,0.0,0.15853658536585324,0.15853658536585324,True,True,True,True,True,True,0.3170731707317065
1.0,1.08,0.68,2.527e-05,0.2436,1.2599118942731277e-10,0.0,1.2599118942731277e-10,1.0,1.0,True,True,True,0.0,0.0,0.200440528634361,0.200440528634361,True,True,True,True,True,True,0.400881057268722
1.0,1.08,0.69,2.527e-05,0.2436,1.25164113785558e-10,0.0,1.25164113785558e-10,1.0,1.0,True,True,True,0.0,0.0,0.24179431072209975,0.24179431072209975,True,True,True,True,True,True,0.4835886214441995
1.0,1.08,0.7,2.527e-05,0.2436,1.2434782608695652e-10,0.0,1.2434782608695652e-10,1.0,1.0,True,True,True,0.0,0.0,0.2826086956521734,0.2826086956521734,True,True,True,True,True,True,0.5652173913043468
1.0,1.09,0.6,2.527e-05,0.2436,1.336627906976744e-10,0.0,1.336627906976744e-10,1.0,1.0,True,True,True,0.0,0.0,0.18313953488372048,0.18313953488372048,True,True,True,True,True,True,0.36627906976744096
1.0,1.09,0.61,2.527e-05,0.2436,1.327367205542725e-10,0.0,1.327367205542725e-10,1.0,1.0,True,True,True,0.0,0.0,0.1368360277136254,0.1368360277136254,True,True,True,True,True,True,0.2736720554272508
1.0,1.09,0.62,2.527e-05,0.2436,1.3182339449541284e-10,0.0,1.3182339449541284e-10,1.0,1.0,True,True,True,0.0,0.0,0.09116972477064243,0.09116972477064243,True,True,True,True,True,True,0.18233944954128486
1.0,1.09,0.63,2.527e-05,0.2436,1.3092255125284738e-10,0.0,1.3092255125284738e-10,1.0,1.0,True,True,True,0.0,0.0,0.04612756264236939,0.04612756264236939,True,True,True,True,True,True,0.09225512528473878
1.0,1.09,0.64,2.527e-05,0.2436,1.300339366515837e-10,0.0,1.300339366515837e-10,1.0,1.0,True,True,True,0.0,0.0,0.0016968325791854911,0.0016968325791854911,True,True,True,True,True,True,0.0033936651583709823
1.0,1.09,0.65,2.527e-05,0.2436,1.291573033707865e-10,0.0,1.291573033707865e-10,1.0,1.0,True,True,True,0.0,0.0,0.04213483146067461,0.04213483146067461,True,True,True,True,True,True,0.08426966292134921
1.0,1.09,0.66,2.527e-05,0.2436,1.282924107142857e-10,0.0,1.282924107142857e-10,1.0,1.0,True,True,True,0.0,0.0,0.08537946428571472,0.08537946428571472,True,True,True,True,True,True,0.17075892857142944
1.0,1.09,0.67,2.527e-05,0.2436,1.274390243902439e-10,0.0,1.274390243902439e-10,1.0,1.0,True,True,True,0.0,0.0,0.12804878048780505,0.12804878048780505,True,True,True,True,True,True,0.2560975609756101
1.0,1.09,0.68,2.527e-05,0.2436,1.2659691629955946e-10,0.0,1.2659691629955946e-10,1.0,1.0,True,True,True,0.0,0.0,0.1701541850220264,0.1701541850220264,True,True,True,True,True,True,0.3403083700440528
1.0,1.09,0.69,2.527e-05,0.2436,1.2576586433260393e-10,0.0,1.2576586433260393e-10,1.0,1.0,True,True,True,0.0,0.0,0.21170678336980284,0.21170678336980284,True,True,True,True,True,True,0.4234135667396057
1.0,1.09,0.7,2.527e-05,0.2436,1.2494565217391303e-10,0.0,1.2494565217391303e-10,1.0,1.0,True,True,True,0.0,0.0,0.2527173913043479,0.2527173913043479,True,True,True,True,True,True,0.5054347826086958
1.0,1.1,0.6,2.527e-05,0.2436,1.3430232558139535e-10,0.0,1.3430232558139535e-10,1.0,1.0,True,True,True,0.0,0.0,0.21511627906976816,0.21511627906976816,True,True,True,True,True,True,0.4302325581395363
1.0,1.1,0.61,2.527e-05,0.2436,1.3337182448036952e-10,0.0,1.3337182448036952e-10,1.0,1.0,True,True,True,0.0,0.0,0.16859122401847657,0.16859122401847657,True,True,True,True,True,True,0.33718244803695313
1.0,1.1,0.62,2.527e-05,0.2436,1.3245412844036697e-10,0.0,1.3245412844036697e-10,1.0,1.0,True,True,True,0.0,0.0,0.12270642201834883,0.12270642201834883,True,True,True,True,True,True,0.24541284403669766
1.0,1.1,0.63,2.527e-05,0.2436,1.315489749430524e-10,0.0,1.315489749430524e-10,1.0,1.0,True,True,True,0.0,0.0,0.07744874715262041,0.07744874715262041,True,True,True,True,True,True,0.15489749430524083
1.0,1.1,0.64,2.527e-05,0.2436,1.3065610859728506e-10,0.0,1.3065610859728506e-10,1.0,1.0,True,True,True,0.0,0.0,0.03280542986425369,0.03280542986425369,True,True,True,True,True,True,0.06561085972850739
1.0,1.1,0.65,2.527e-05,0.2436,1.297752808988764e-10,0.0,1.297752808988764e-10,1.0,1.0,True,True,True,0.0,0.0,0.01123595505617981,0.01123595505617981,True,True,True,True,True,True,0.02247191011235962
1.0,1.1,0.66,2.527e-05,0.2436,1.2890625e-10,0.0,1.2890625e-10,1.0,1.0,True,True,True,0.0,0.0,0.05468749999999998,0.05468749999999998,True,True,True,True,True,True,0.10937499999999996
1.0,1.1,0.67,2.527e-05,0.2436,1.2804878048780488e-10,0.0,1.2804878048780488e-10,1.0,1.0,True,True,True,0.0,0.0,0.09756097560975555,0.09756097560975555,True,True,True,True,True,True,0.1951219512195111
1.0,1.1,0.68,2.527e-05,0.2436,1.2720264317180615e-10,0.0,1.2720264317180615e-10,1.0,1.0,True,True,True,0.0,0.0,0.1398678414096918,0.1398678414096918,True,True,True,True,True,True,0.2797356828193836
1.0,1.1,0.69,2.527e-05,0.2436,1.263676148796499e-10,0.0,1.263676148796499e-10,1.0,1.0,True,True,True,0.0,0.0,0.18161925601750462,0.18161925601750462,True,True,True,True,True,True,0.36323851203500923
1.0,1.1,0.7,2.527e-05,0.2436,1.2554347826086957e-10,0.0,1.2554347826086957e-10,1.0,1.0,True,True,True,0.0,0.0,0.22282608695652104,0.22282608695652104,True,True,True,True,True,True,0.44565217391304207
1.0,1.11,0.6,2.527e-05,0.2436,1.349418604651163e-10,0.0,1.349418604651163e-10,1.0,1.0,True,True,True,0.0,0.0,0.2470930232558158,0.2470930232558158,True,True,True,True,True,True,0.4941860465116316
1.0,1.11,0.61,2.527e-05,0.2436,1.3400692840646654e-10,0.0,1.3400692840646654e-10,1.0,1.0,True,True,True,0.0,0.0,0.20034642032332772,0.20034642032332772,True,True,True,True,True,True,0.40069284064665545
1.0,1.11,0.62,2.527e-05,0.2436,1.3308486238532112e-10,0.0,1.3308486238532112e-10,1.0,1.0,True,True,True,0.0,0.0,0.15424311926605652,0.15424311926605652,True,True,True,True,True,True,0.30848623853211304
1.0,1.11,0.63,2.527e-05,0.2436,1.3217539863325742e-10,0.0,1.3217539863325742e-10,1.0,1.0,True,True,True,0.0,0.0,0.10876993166287145,0.10876993166287145,True,True,True,True,True,True,0.2175398633257429
1.0,1.11,0.64,2.527e-05,0.2436,1.3127828054298645e-10,0.0,1.3127828054298645e-10,1.0,1.0,True,True,True,0.0,0.0,0.06391402714932319,0.06391402714932319,True,True,True,True,True,True,0.12782805429864638
1.0,1.11,0.65,2.527e-05,0.2436,1.3039325842696632e-10,0.0,1.3039325842696632e-10,1.0,1.0,True,True,True,0.0,0.0,0.019662921348316282,0.019662921348316282,True,True,True,True,True,True,0.039325842696632564
1.0,1.11,0.66,2.527e-05,0.2436,1.295200892857143e-10,0.0,1.295200892857143e-10,1.0,1.0,True,True,True,0.0,0.0,0.023995535714283936,0.023995535714283936,True,True,True,True,True,True,0.04799107142856787
1.0,1.11,0.67,2.527e-05,0.2436,1.2865853658536587e-10,0.0,1.2865853658536587e-10,1.0,1.0,True,True,True,0.0,0.0,0.06707317073170604,0.06707317073170604,True,True,True,True,True,True,0.1341463414634121
1.0,1.11,0.68,2.527e-05,0.2436,1.2780837004405287e-10,0.0,1.2780837004405287e-10,1.0,1.0,True,True,True,0.0,0.0,0.10958149779735593,0.10958149779735593,True,True,True,True,True,True,0.21916299559471186
1.0,1.11,0.69,2.527e-05,0.2436,1.2696936542669586e-10,0.0,1.2696936542669586e-10,1.0,1.0,True,True,True,0.0,0.0,0.15153172866520642,0.15153172866520642,True,True,True,True,True,True,0.30306345733041284
1.0,1.11,0.7,2.527e-05,0.2436,1.261413043478261e-10,0.0,1.261413043478261e-10,1.0,1.0,True,True,True,0.0,0.0,0.1929347826086942,0.1929347826086942,True,True,True,True,True,True,0.3858695652173884
1.0,1.12,0.6,2.527e-05,0.2436,1.355813953488372e-10,0.0,1.355813953488372e-10,1.0,1.0,True,True,True,0.0,0.0,0.2790697674418609,0.2790697674418609,True,True,True,True,True,True,0.5581395348837218
1.0,1.12,0.61,2.527e-05,0.2436,1.346420323325635e-10,0.0,1.346420323325635e-10,1.0,1.0,True,True,True,0.0,0.0,0.232101616628175,0.232101616628175,True,True,True,True,True,True,0.46420323325635
1.0,1.12,0.62,2.527e-05,0.2436,1.3371559633027522e-10,0.0,1.3371559633027522e-10,1.0,1.0,True,True,True,0.0,0.0,0.18577981651376163,0.18577981651376163,True,True,True,True,True,True,0.37155963302752326
1.0,1.12,0.63,2.527e-05,0.2436,1.3280182232346241e-10,0.0,1.3280182232346241e-10,1.0,1.0,True,True,True,0.0,0.0,0.14009111617312117,0.14009111617312117,True,True,True,True,True,True,0.28018223234624234
1.0,1.12,0.64,2.527e-05,0.2436,1.3190045248868777e-10,0.0,1.3190045248868777e-10,1.0,1.0,True,True,True,0.0,0.0,0.0950226244343888,0.0950226244343888,True,True,True,True,True,True,0.1900452488687776
1.0,1.12,0.65,2.527e-05,0.2436,1.3101123595505616e-10,0.0,1.3101123595505616e-10,1.0,1.0,True,True,True,0.0,0.0,0.050561797752808495,0.050561797752808495,True,True,True,True,True,True,0.10112359550561699
1.0,1.12,0.66,2.527e-05,0.2436,1.3013392857142856e-10,0.0,1.3013392857142856e-10,1.0,1.0,True,True,True,0.0,0.0,0.006696428571428226,0.006696428571428226,True,True,True,True,True,True,0.013392857142856452
1.0,1.12,0.67,2.527e-05,0.2436,1.292682926829268e-10,0.0,1.292682926829268e-10,1.0,1.0,True,True,True,0.0,0.0,0.03658536585365914,0.03658536585365914,True,True,True,True,True,True,0.07317073170731828
1.0,1.12,0.68,2.527e-05,0.2436,1.2841409691629954e-10,0.0,1.2841409691629954e-10,1.0,1.0,True,True,True,0.0,0.0,0.07929515418502263,0.07929515418502263,True,True,True,True,True,True,0.15859030837004526
1.0,1.12,0.69,2.527e-05,0.2436,1.275711159737418e-10,0.0,1.275711159737418e-10,1.0,1.0,True,True,True,0.0,0.0,0.12144420131290949,0.12144420131290949,True,True,True,True,True,True,0.24288840262581898
1.0,1.12,0.7,2.527e-05,0.2436,1.2673913043478262e-10,0.0,1.2673913043478262e-10,1.0,1.0,True,True,True,0.0,0.0,0.16304347826086868,0.16304347826086868,True,True,True,True,True,True,0.32608695652173736
1.0,1.13,0.6,2.527e-05,0.2436,1.362209302325581e-10,0.0,1.362209302325581e-10,1.0,1.0,True,True,True,0.0,0.0,0.311046511627906,0.311046511627906,True,True,True,True,True,True,0.622093023255812
1.0,1.13,0.61,2.527e-05,0.2436,1.352771362586605e-10,0.0,1.352771362586605e-10,1.0,1.0,True,True,True,0.0,0.0,0.2638568129330249,0.2638568129330249,True,True,True,True,True,True,0.5277136258660498
1.0,1.13,0.62,2.527e-05,0.2436,1.3434633027522933e-10,0.0,1.3434633027522933e-10,1.0,1.0,True,True,True,0.0,0.0,0.21731651376146674,0.21731651376146674,True,True,True,True,True,True,0.4346330275229335
1.0,1.13,0.63,2.527e-05,0.2436,1.334282460136674e-10,0.0,1.334282460136674e-10,1.0,1.0,True,True,True,0.0,0.0,0.17141230068337093,0.17141230068337093,True,True,True,True,True,True,0.34282460136674187
1.0,1.13,0.64,2.527e-05,0.2436,1.325226244343891e-10,0.0,1.325226244343891e-10,1.0,1.0,True,True,True,0.0,0.0,0.1261312217194557,0.1261312217194557,True,True,True,True,True,True,0.2522624434389114
1.0,1.13,0.65,2.527e-05,0.2436,1.3162921348314603e-10,0.0,1.3162921348314603e-10,1.0,1.0,True,True,True,0.0,0.0,0.081460674157302,0.081460674157302,True,True,True,True,True,True,0.162921348314604
1.0,1.13,0.66,2.527e-05,0.2436,1.3074776785714282e-10,0.0,1.3074776785714282e-10,1.0,1.0,True,True,True,0.0,0.0,0.037388392857141683,0.037388392857141683,True,True,True,True,True,True,0.07477678571428337
1.0,1.13,0.67,2.527e-05,0.2436,1.2987804878048777e-10,0.0,1.2987804878048777e-10,1.0,1.0,True,True,True,0.0,0.0,0.006097560975610933,0.006097560975610933,True,True,True,True,True,True,0.012195121951221867
1.0,1.13,0.68,2.527e-05,0.2436,1.2901982378854623e-10,0.0,1.2901982378854623e-10,1.0,1.0,True,True,True,0.0,0.0,0.04900881057268805,0.04900881057268805,True,True,True,True,True,True,0.0980176211453761
1.0,1.13,0.69,2.527e-05,0.2436,1.2817286652078774e-10,0.0,1.2817286652078774e-10,1.0,1.0,True,True,True,0.0,0.0,0.09135667396061257,0.09135667396061257,True,True,True,True,True,True,0.18271334792122515
1.0,1.13,0.7,2.527e-05,0.2436,1.2733695652173913e-10,0.0,1.2733695652173913e-10,1.0,1.0,True,True,True,0.0,0.0,0.13315217391304313,0.13315217391304313,True,True,True,True,True,True,0.26630434782608625
1.0,1.14,0.6,2.527e-05,0.2436,1.3686046511627904e-10,0.0,1.3686046511627904e-10,1.0,1.0,True,True,True,0.0,0.0,0.3430232558139524,0.3430232558139524,True,True,True,True,True,True,0.6860465116279048
1.0,1.14,0.61,2.527e-05,0.2436,1.3591224018475746e-10,0.0,1.3591224018475746e-10,1.0,1.0,True,True,True,0.0,0.0,0.2956120092378734,0.2956120092378734,True,True,True,True,True,True,0.5912240184757468
1.0,1.14,0.62,2.527e-05,0.2436,1.3497706422018345e-10,0.0,1.3497706422018345e-10,1.0,1.0,True,True,True,0.0,0.0,0.24885321100917313,0.24885321100917313,True,True,True,True,True,True,0.49770642201834625
1.0,1.14,0.63,2.527e-05,0.2436,1.340546697038724e-10,0.0,1.340546697038724e-10,1.0,1.0,True,True,True,0.0,0.0,0.20273348519362067,0.20273348519362067,True,True,True,True,True,True,0.40546697038724133
1.0,1.14,0.64,2.527e-05,0.2436,1.3314479638009047e-10,0.0,1.3314479638009047e-10,1.0,1.0,True,True,True,0.0,0.0,0.1572398190045239,0.1572398190045239,True,True,True,True,True,True,0.3144796380090478
1.0,1.14,0.65,2.527e-05,0.2436,1.3224719101123593e-10,0.0,1.3224719101123593e-10,1.0,1.0,True,True,True,0.0,0.0,0.1123595505617968,0.1123595505617968,True,True,True,True,True,True,0.2247191011235936
1.0,1.14,0.66,2.527e-05,0.2436,1.313616071428571e-10,0.0,1.313616071428571e-10,1.0,1.0,True,True,True,0.0,0.0,0.06808035714285514,0.06808035714285514,True,True,True,True,True,True,0.13616071428571028
1.0,1.14,0.67,2.527e-05,0.2436,1.3048780487804874e-10,0.0,1.3048780487804874e-10,1.0,1.0,True,True,True,0.0,0.0,0.02439024390243727,0.02439024390243727,True,True,True,True,True,True,0.04878048780487454
1.0,1.14,0.68,2.527e-05,0.2436,1.2962555066079292e-10,0.0,1.2962555066079292e-10,1.0,1.0,True,True,True,0.0,0.0,0.018722466960353464,0.018722466960353464,True,True,True,True,True,True,0.03744493392070693
1.0,1.14,0.69,2.527e-05,0.2436,1.2877461706783368e-10,0.0,1.2877461706783368e-10,1.0,1.0,True,True,True,0.0,0.0,0.06126914660831565,0.06126914660831565,True,True,True,True,True,True,0.1225382932166313
1.0,1.14,0.7,2.527e-05,0.2436,1.279347826086956e-10,0.0,1.279347826086956e-10,1.0,1.0,True,True,True,0.0,0.0,0.10326086956521889,0.10326086956521889,True,True,True,True,True,True,0.20652173913043778
1.0,1.15,0.6,2.527e-05,0.2436,1.375e-10,0.0,1.375e-10,1.0,1.0,True,True,True,0.0,0.0,0.375,0.375,True,True,True,True,True,True,0.75
1.0,1.15,0.61,2.527e-05,0.2436,1.3654734411085448e-10,0.0,1.3654734411085448e-10,1.0,1.0,True,True,True,0.0,0.0,0.3273672055427246,0.3273672055427246,True,True,True,True,True,True,0.6547344110854492
1.0,1.15,0.62,2.527e-05,0.2436,1.3560779816513758e-10,0.0,1.3560779816513758e-10,1.0,1.0,True,True,True,0.0,0.0,0.28038990825687954,0.28038990825687954,True,True,True,True,True,True,0.5607798165137591
1.0,1.15,0.63,2.527e-05,0.2436,1.3468109339407742e-10,0.0,1.3468109339407742e-10,1.0,1.0,True,True,True,0.0,0.0,0.23405466970387168,0.23405466970387168,True,True,True,True,True,True,0.46810933940774335
1.0,1.15,0.64,2.527e-05,0.2436,1.3376696832579183e-10,0.0,1.3376696832579183e-10,1.0,1.0,True,True,True,0.0,0.0,0.18834841628959212,0.18834841628959212,True,True,True,True,True,True,0.37669683257918424
1.0,1.15,0.65,2.527e-05,0.2436,1.3286516853932582e-10,0.0,1.3286516853932582e-10,1.0,1.0,True,True,True,0.0,0.0,0.1432584269662916,0.1432584269662916,True,True,True,True,True,True,0.2865168539325832
1.0,1.15,0.66,2.527e-05,0.2436,1.3197544642857141e-10,0.0,1.3197544642857141e-10,1.0,1.0,True,True,True,0.0,0.0,0.09877232142857117,0.09877232142857117,True,True,True,True,True,True,0.19754464285714235
1.0,1.15,0.67,2.527e-05,0.2436,1.3109756097560973e-10,0.0,1.3109756097560973e-10,1.0,1.0,True,True,True,0.0,0.0,0.054878048780486764,0.054878048780486764,True,True,True,True,True,True,0.10975609756097353
1.0,1.15,0.68,2.527e-05,0.2436,1.3023127753303961e-10,0.0,1.3023127753303961e-10,1.0,1.0,True,True,True,0.0,0.0,0.01156387665198112,0.01156387665198112,True,True,True,True,True,True,0.02312775330396224
1.0,1.15,0.69,2.527e-05,0.2436,1.2937636761487964e-10,0.0,1.2937636761487964e-10,1.0,1.0,True,True,True,0.0,0.0,0.03118161925601744,0.03118161925601744,True,True,True,True,True,True,0.06236323851203488
1.0,1.15,0.7,2.527e-05,0.2436,1.2853260869565215e-10,0.0,1.2853260869565215e-10,1.0,1.0,True,True,True,0.0,0.0,0.07336956521739206,0.07336956521739206,True,True,True,True,True,True,0.14673913043478412
1.01,1.05,0.6,2.52687365e-05,0.24361000000000002,1.3149796511627907e-10,0.0,1.3149796511627907e-10,1.002,1.0030000000000001,True,True,True,0.004211666666665398,0.0025000000000025002,0.07489825581395411,0.07489825581395411,True,True,True,True,True,True,0.1565081782945761
1.01,1.05,0.61,2.52687365e-05,0.24361000000000002,1.3058689376443418e-10,0.0,1.3058689376443418e-10,1.002,1.0030000000000001,True,True,True,0.004211666666665398,0.0025000000000025002,0.029344688221709263,0.029344688221709263,True,True,True,True,True,True,0.06540104311008643
1.01,1.05,0.62,2.52687365e-05,0.24361000000000002,1.2968836009174312e-10,0.0,1.2968836009174312e-10,1.002,1.0030000000000001,True,True,True,0.004211666666665398,0.0025000000000025002,0.015581995412843422,0.015581995412843422,True,True,True,True,True,True,0.03787565749235474
1.01,1.05,0.63,2.52687365e-05,0.24361000000000002,1.2880210706150343e-10,0.0,1.2880210706150343e-10,1.002,1.0030000000000001,True,True,True,0.004211666666665398,0.0025000000000025002,0.059894646924828036,0.059894646924828036,True,True,True,True,True,True,0.12650096051632398
1.01,1.05,0.64,2.52687365e-05,0.24361000000000002,1.2792788461538462e-10,0.0,1.2792788461538462e-10,1.002,1.0030000000000001,True,True,True,0.004211666666665398,0.0025000000000025002,0.1036057692307685,0.1036057692307685,True,True,True,True,True,True,0.2139232051282049
1.01,1.05,0.65,2.52687365e-05,0.24361000000000002,1.2706544943820225e-10,0.0,1.2706544943820225e-10,1.002,1.0030000000000001,True,True,True,0.004211666666665398,0.0025000000000025002,0.14672752808988712,0.14672752808988712,True,True,True,True,True,True,0.30016672284644214
1.01,1.05,0.66,2.52687365e-05,0.24361000000000002,1.2621456473214285e-10,0.0,1.2621456473214285e-10,1.002,1.0030000000000001,True,True,True,0.004211666666665398,0.0025000000000025002,0.18927176339285687,0.18927176339285687,True,True,True,True,True,True,0.38525519345238163
1.01,1.05,0.67,2.52687365e-05,0.24361000000000002,1.25375e-10,0.0,1.25375e-10,1.002,1.0030000000000001,True,True,True,0.004211666666665398,0.0025000000000025002,0.23124999999999987,0.23124999999999987,True,True,True,True,True,True,0.46921166666666764
1.01,1.05,0.68,2.52687365e-05,0.24361000000000002,1.2454653083700442e-10,0.0,1.2454653083700442e-10,1.002,1.0030000000000001,True,True,True,0.004211666666665398,0.0025000000000025002,0.2726734581497788,0.2726734581497788,True,True,True,True,True,True,0.5520585829662255
1.01,1.05,0.69,2.52687365e-05,0.24361000000000002,1.237289387308534e-10,0.0,1.237289387308534e-10,1.002,1.0030000000000001,True,True,True,0.004211666666665398,0.0025000000000025002,0.31355306345732936,0.31355306345732936,True,True,True,True,True,True,0.6338177935813266
1.01,1.05,0.7,2.52687365e-05,0.24361000000000002,1.2292201086956523e-10,0.0,1.2292201086956523e-10,1.002,1.0030000000000001,True,True,True,0.004211666666665398,0.0025000000000025002,0.35389945652173815,0.35389945652173815,True,True,True,True,True,True,0.7145105797101442
1.01,1.06,0.6,2.52687365e-05,0.24361000000000002,1.3213941860465117e-10,0.0,1.3213941860465117e-10,1.002,1.0030000000000001,True,True,True,0.004211666666665398,0.0025000000000025002,0.1069709302325592,0.1069709302325592,True,True,True,True,True,True,0.2206535271317863
1.01,1.06,0.61,2.52687365e-05,0.24361000000000002,1.3122390300230949e-10,0.0,1.3122390300230949e-10,1.002,1.0030000000000001,True,True,True,0.004211666666665398,0.0025000000000025002,0.06119515011547479,0.06119515011547479,True,True,True,True,True,True,0.1291019668976175
1.01,1.06,0.62,2.52687365e-05,0.24361000000000002,1.3032098623853212e-10,0.0,1.3032098623853212e-10,1.002,1.0030000000000001,True,True,True,0.004211666666665398,0.0025000000000025002,0.01604931192660636,0.01604931192660636,True,True,True,True,True,True,0.03881029051988062
1.01,1.06,0.63,2.52687365e-05,0.24361000000000002,1.2943041002277906e-10,0.0,1.2943041002277906e-10,1.002,1.0030000000000001,True,True,True,0.004211666666665398,0.0025000000000025002,0.028479498861046625,0.028479498861046625,True,True,True,True,True,True,0.06367066438876115
1.01,1.06,0.64,2.52687365e-05,0.24361000000000002,1.2855192307692308e-10,0.0,1.2855192307692308e-10,1.002,1.0030000000000001,True,True,True,0.004211666666665398,0.0025000000000025002,0.0724038461538454,0.0724038461538454,True,True,True,True,True,True,0.1515193589743587
1.01,1.06,0.65,2.52687365e-05,0.24361000000000002,1.2768528089887643e-10,0.0,1.2768528089887643e-10,1.002,1.0030000000000001,True,True,True,0.004211666666665398,0.0025000000000025002,0.11573595505617801,0.11573595505617801,True,True,True,True,True,True,0.2381835767790239
1.01,1.06,0.66,2.52687365e-05,0.24361000000000002,1.268302455357143e-10,0.0,1.268302455357143e-10,1.002,1.0030000000000001,True,True,True,0.004211666666665398,0.0025000000000025002,0.15848772321428498,0.15848772321428498,True,True,True,True,True,True,0.32368711309523784
1.01,1.06,0.67,2.52687365e-05,0.24361000000000002,1.2598658536585367e-10,0.0,1.2598658536585367e-10,1.002,1.0030000000000001,True,True,True,0.004211666666665398,0.0025000000000025002,0.20067073170731603,0.20067073170731603,True,True,True,True,True,True,0.40805313008129995
1.01,1.06,0.68,2.52687365e-05,0.24361000000000002,1.2515407488986786e-10,0.0,1.2515407488986786e-10,1.002,1.0030000000000001,True,True,True,0.004211666666665398,0.0025000000000025002,0.24229625550660636,0.24229625550660636,True,True,True,True,True,True,0.4913041776798806
1.01,1.06,0.69,2.52687365e-05,0.24361000000000002,1.243324945295405e-10,0.0,1.243324945295405e-10,1.002,1.0030000000000001,True,True,True,0.004211666666665398,0.0025000000000025002,0.28337527352297415,0.28337527352297415,True,True,True,True,True,True,0.5734622137126162
1.01,1.06,0.7,2.52687365e-05,0.24361000000000002,1.2352163043478262e-10,0.0,1.2352163043478262e-10,1.002,1.0030000000000001,True,True,True,0.004211666666665398,0.0025000000000025002,0.3239184782608684,0.3239184782608684,True,True,True,True,True,True,0.6545486231884047
1.01,1.07,0.6,2.52687365e-05,0.24361000000000002,1.3278087209302328e-10,0.0,1.3278087209302328e-10,1.002,1.0030000000000001,True,True,True,0.004211666666665398,0.0025000000000025002,0.1390436046511643,0.1390436046511643,True,True,True,True,True,True,0.2847988759689965
1.01,1.07,0.61,2.52687365e-05,0.24361000000000002,1.318609122401848e-10,0.0,1.318609122401848e-10,1.002,1.0030000000000001,True,True,True,0.004211666666665398,0.0025000000000025002,0.09304561200924032,0.09304561200924032,True,True,True,True,True,True,0.19280289068514853
1.01,1.07,0.62,2.52687365e-05,0.24361000000000002,1.3095361238532114e-10,0.0,1.3095361238532114e-10,1.002,1.0030000000000001,True,True,True,0.004211666666665398,0.0025000000000025002,0.04768061926605744,0.04768061926605744,True,True,True,True,True,True,0.10207290519878279
1.01,1.07,0.63,2.52687365e-05,0.24361000000000002,1.3005871298405469e-10,0.0,1.3005871298405469e-10,1.002,1.0030000000000001,True,True,True,0.004211666666665398,0.0025000000000025002,0.0029356492027347893,0.0029356492027347893,True,True,True,True,True,True,0.012582965072137478
1.01,1.07,0.64,2.52687365e-05,0.24361000000000002,1.2917596153846157e-10,0.0,1.2917596153846157e-10,1.002,1.0030000000000001,True,True,True,0.004211666666665398,0.0025000000000025002,0.041201923076921006,0.041201923076921006,True,True,True,True,True,True,0.08911551282050992
1.01,1.07,0.65,2.52687365e-05,0.24361000000000002,1.2830511235955059e-10,0.0,1.2830511235955059e-10,1.002,1.0030000000000001,True,True,True,0.004211666666665398,0.0025000000000025002,0.08474438202247017,0.08474438202247017,True,True,True,True,True,True,0.17620043071160824
1.01,1.07,0.66,2.52687365e-05,0.24361000000000002,1.2744592633928573e-10,0.0,1.2744592633928573e-10,1.002,1.0030000000000001,True,True,True,0.004211666666665398,0.0025000000000025002,0.12770368303571308,0.12770368303571308,True,True,True,True,True,True,0.26211903273809406
1.01,1.07,0.67,2.52687365e-05,0.24361000000000002,1.2659817073170735e-10,0.0,1.2659817073170735e-10,1.002,1.0030000000000001,True,True,True,0.004211666666665398,0.0025000000000025002,0.17009146341463222,0.17009146341463222,True,True,True,True,True,True,0.3468945934959323
1.01,1.07,0.68,2.52687365e-05,0.24361000000000002,1.257616189427313e-10,0.0,1.257616189427313e-10,1.002,1.0030000000000001,True,True,True,0.004211666666665398,0.0025000000000025002,0.21191905286343396,0.21191905286343396,True,True,True,True,True,True,0.4305497723935358
1.01,1.07,0.69,2.52687365e-05,0.24361000000000002,1.249360503282276e-10,0.0,1.249360503282276e-10,1.002,1.0030000000000001,True,True,True,0.004211666666665398,0.0025000000000025002,0.253197483588619,0.253197483588619,True,True,True,True,True,True,0.5131066338439059
1.01,1.07,0.7,2.52687365e-05,0.24361000000000002,1.2412125000000004e-10,0.0,1.2412125000000004e-10,1.002,1.0030000000000001,True,True,True,0.004211666666665398,0.0025000000000025002,0.29393749999999735,0.29393749999999735,True,True,True,True,True,True,0.5945866666666626
1.01,1.08,0.6,2.52687365e-05,0.24361000000000002,1.3342232558139535e-10,0.0,1.3342232558139535e-10,1.002,1.0030000000000001,True,True,True,0.004211666666665398,0.0025000000000025002,0.1711162790697681,0.1711162790697681,True,True,True,True,True,True,0.3489442248062041
1.01,1.08,0.61,2.52687365e-05,0.24361000000000002,1.3249792147806006e-10,0.0,1.3249792147806006e-10,1.002,1.0030000000000001,True,True,True,0.004211666666665398,0.0025000000000025002,0.12489607390300325,0.12489607390300325,True,True,True,True,True,True,0.2565038144726744
1.01,1.08,0.62,2.52687365e-05,0.24361000000000002,1.315862385321101e-10,0.0,1.315862385321101e-10,1.002,1.0030000000000001,True,True,True,0.004211666666665398,0.0025000000000025002,0.07931192660550593,0.07931192660550593,True,True,True,True,True,True,0.16533551987767975
1.01,1.08,0.63,2.52687365e-05,0.24361000000000002,1.3068701594533031e-10,0.0,1.3068701594533031e-10,1.002,1.0030000000000001,True,True,True,0.004211666666665398,0.0025000000000025002,0.0343507972665162,0.0343507972665162,True,True,True,True,True,True,0.0754132611997003
1.01,1.08,0.64,2.52687365e-05,0.24361000000000002,1.298e-10,0.0,1.298e-10,1.002,1.0030000000000001,True,True,True,0.004211666666665398,0.0025000000000025002,0.00999999999999919,0.00999999999999919,True,True,True,True,True,True,0.02671166666666628
1.01,1.08,0.65,2.52687365e-05,0.24361000000000002,1.2892494382022472e-10,0.0,1.2892494382022472e-10,1.002,1.0030000000000001,True,True,True,0.004211666666665398,0.0025000000000025002,0.05375280898876364,0.05375280898876364,True,True,True,True,True,True,0.11421728464419517
1.01,1.08,0.66,2.52687365e-05,0.24361000000000002,1.2806160714285714e-10,0.0,1.2806160714285714e-10,1.002,1.0030000000000001,True,True,True,0.004211666666665398,0.0025000000000025002,0.0969196428571425,0.0969196428571425,True,True,True,True,True,True,0.20055095238095288
1.01,1.08,0.67,2.52687365e-05,0.24361000000000002,1.2720975609756097e-10,0.0,1.2720975609756097e-10,1.002,1.0030000000000001,True,True,True,0.004211666666665398,0.0025000000000025002,0.13951219512195095,0.13951219512195095,True,True,True,True,True,True,0.2857360569105698
1.01,1.08,0.68,2.52687365e-05,0.24361000000000002,1.263691629955947e-10,0.0,1.263691629955947e-10,1.002,1.0030000000000001,True,True,True,0.004211666666665398,0.0025000000000025002,0.18154185022026414,0.18154185022026414,True,True,True,True,True,True,0.3697953671071962
1.01,1.08,0.69,2.52687365e-05,0.24361000000000002,1.255396061269147e-10,0.0,1.255396061269147e-10,1.002,1.0030000000000001,True,True,True,0.004211666666665398,0.0025000000000025002,0.2230196936542651,0.2230196936542651,True,True,True,True,True,True,0.4527510539751981
1.01,1.08,0.7,2.52687365e-05,0.24361000000000002,1.247208695652174e-10,0.0,1.247208695652174e-10,1.002,1.0030000000000001,True,True,True,0.004211666666665398,0.0025000000000025002,0.2639565217391289,0.2639565217391289,True,True,True,True,True,True,0.5346247101449257
1.01,1.09,0.6,2.52687365e-05,0.24361000000000002,1.3406377906976745e-10,0.0,1.3406377906976745e-10,1.002,1.0030000000000001,True,True,True,0.004211666666665398,0.0025000000000025002,0.20318895348837318,0.20318895348837318,True,True,True,True,True,True,0.41308957364341425
1.01,1.09,0.61,2.52687365e-05,0.24361000000000002,1.3313493071593534e-10,0.0,1.3313493071593534e-10,1.002,1.0030000000000001,True,True,True,0.004211666666665398,0.0025000000000025002,0.15674653579676748,0.15674653579676748,True,True,True,True,True,True,0.32020473826020285
1.01,1.09,0.62,2.52687365e-05,0.24361000000000002,1.3221886467889908e-10,0.0,1.3221886467889908e-10,1.002,1.0030000000000001,True,True,True,0.004211666666665398,0.0025000000000025002,0.11094323394495442,0.11094323394495442,True,True,True,True,True,True,0.22859813455657674
1.01,1.09,0.63,2.52687365e-05,0.24361000000000002,1.3131531890660592e-10,0.0,1.3131531890660592e-10,1.002,1.0030000000000001,True,True,True,0.004211666666665398,0.0025000000000025002,0.06576594533029632,0.06576594533029632,True,True,True,True,True,True,0.13824355732726054
1.01,1.09,0.64,2.52687365e-05,0.24361000000000002,1.3042403846153847e-10,0.0,1.3042403846153847e-10,1.002,1.0030000000000001,True,True,True,0.004211666666665398,0.0025000000000025002,0.021201923076923916,0.021201923076923916,True,True,True,True,True,True,0.04911551282051573
1.01,1.09,0.65,2.52687365e-05,0.24361000000000002,1.2954477528089887e-10,0.0,1.2954477528089887e-10,1.002,1.0030000000000001,True,True,True,0.004211666666665398,0.0025000000000025002,0.022761235955055813,0.022761235955055813,True,True,True,True,True,True,0.052234138576779526
1.01,1.09,0.66,2.52687365e-05,0.24361000000000002,1.2867728794642858e-10,0.0,1.2867728794642858e-10,1.002,1.0030000000000001,True,True,True,0.004211666666665398,0.0025000000000025002,0.06613560267857062,0.06613560267857062,True,True,True,True,True,True,0.13898287202380913
1.01,1.09,0.67,2.52687365e-05,0.24361000000000002,1.2782134146341465e-10,0.0,1.2782134146341465e-10,1.002,1.0030000000000001,True,True,True,0.004211666666665398,0.0025000000000025002,0.10893292682926713,0.10893292682926713,True,True,True,True,True,True,0.22457752032520215
1.01,1.09,0.68,2.52687365e-05,0.24361000000000002,1.2697670704845816e-10,0.0,1.2697670704845816e-10,1.002,1.0030000000000001,True,True,True,0.004211666666665398,0.0025000000000025002,0.15116464757709175,0.15116464757709175,True,True,True,True,True,True,0.3090409618208514
1.01,1.09,0.69,2.52687365e-05,0.24361000000000002,1.2614316192560177e-10,0.0,1.2614316192560177e-10,1.002,1.0030000000000001,True,True,True,0.004211666666665398,0.0025000000000025002,0.19284190371991122,0.19284190371991122,True,True,True,True,True,True,0.39239547410649034
1.01,1.09,0.7,2.52687365e-05,0.24361000000000002,1.253204891304348e-10,0.0,1.253204891304348e-10,1.002,1.0030000000000001,True,True,True,0.004211666666665398,0.0025000000000025002,0.23397554347825922,0.23397554347825922,True,True,True,True,True,True,0.47466275362318633
1.01,1.1,0.6,2.52687365e-05,0.24361000000000002,1.3470523255813956e-10,0.0,1.3470523255813956e-10,1.002,1.0030000000000001,True,True,True,0.004211666666665398,0.0025000000000025002,0.2352616279069783,0.2352616279069783,True,True,True,True,True,True,0.4772349224806245
1.01,1.1,0.61,2.52687365e-05,0.24361000000000002,1.3377193995381065e-10,0.0,1.3377193995381065e-10,1.002,1.0030000000000001,True,True,True,0.004211666666665398,0.0025000000000025002,0.188596997690533,0.188596997690533,True,True,True,True,True,True,0.3839056620477339
1.01,1.1,0.62,2.52687365e-05,0.24361000000000002,1.328514908256881e-10,0.0,1.328514908256881e-10,1.002,1.0030000000000001,True,True,True,0.004211666666665398,0.0025000000000025002,0.1425745412844055,0.1425745412844055,True,True,True,True,True,True,0.2918607492354789
1.01,1.1,0.63,2.52687365e-05,0.24361000000000002,1.3194362186788157e-10,0.0,1.3194362186788157e-10,1.002,1.0030000000000001,True,True,True,0.004211666666665398,0.0025000000000025002,0.09718109339407903,0.09718109339407903,True,True,True,True,True,True,0.20107385345482595
1.01,1.1,0.64,2.52687365e-05,0.24361000000000002,1.3104807692307693e-10,0.0,1.3104807692307693e-10,1.002,1.0030000000000001,True,True,True,0.004211666666665398,0.0025000000000025002,0.05240384615384702,0.05240384615384702,True,True,True,True,True,True,0.11151935897436194
1.01,1.1,0.65,2.52687365e-05,0.24361000000000002,1.3016460674157306e-10,0.0,1.3016460674157306e-10,1.002,1.0030000000000001,True,True,True,0.004211666666665398,0.0025000000000025002,0.00823033707865331,0.00823033707865331,True,True,True,True,True,True,0.02317234082397452
1.01,1.1,0.66,2.52687365e-05,0.24361000000000002,1.2929296875000002e-10,0.0,1.2929296875000002e-10,1.002,1.0030000000000001,True,True,True,0.004211666666665398,0.0025000000000025002,0.035351562499998726,0.035351562499998726,True,True,True,True,True,True,0.07741479166666534
1.01,1.1,0.67,2.52687365e-05,0.24361000000000002,1.284329268292683e-10,0.0,1.284329268292683e-10,1.002,1.0030000000000001,True,True,True,0.004211666666665398,0.0025000000000025002,0.07835365853658459,0.07835365853658459,True,True,True,True,True,True,0.16341898373983707
1.01,1.1,0.68,2.52687365e-05,0.24361000000000002,1.275842511013216e-10,0.0,1.275842511013216e-10,1.002,1.0030000000000001,True,True,True,0.004211666666665398,0.0025000000000025002,0.12078744493391934,0.12078744493391934,True,True,True,True,True,True,0.2482865565345066
1.01,1.1,0.69,2.52687365e-05,0.24361000000000002,1.2674671772428887e-10,0.0,1.2674671772428887e-10,1.002,1.0030000000000001,True,True,True,0.004211666666665398,0.0025000000000025002,0.16266411378555604,0.16266411378555604,True,True,True,True,True,True,0.33203989423777996
1.01,1.1,0.7,2.52687365e-05,0.24361000000000002,1.259201086956522e-10,0.0,1.259201086956522e-10,1.002,1.0030000000000001,True,True,True,0.004211666666665398,0.0025000000000025002,0.20399456521738948,0.20399456521738948,True,True,True,True,True,True,0.41470079710144686
1.01,1.11,0.6,2.52687365e-05,0.24361000000000002,1.3534668604651166e-10,0.0,1.3534668604651166e-10,1.002,1.0030000000000001,True,True,True,0.004211666666665398,0.0025000000000025002,0.26733430232558336,0.26733430232558336,True,True,True,True,True,True,0.5413802713178346
1.01,1.11,0.61,2.52687365e-05,0.24361000000000002,1.3440894919168594e-10,0.0,1.3440894919168594e-10,1.002,1.0030000000000001,True,True,True,0.004211666666665398,0.0025000000000025002,0.22044745958429726,0.22044745958429726,True,True,True,True,True,True,0.4476065858352624
1.01,1.11,0.62,2.52687365e-05,0.24361000000000002,1.334841169724771e-10,0.0,1.334841169724771e-10,1.002,1.0030000000000001,True,True,True,0.004211666666665398,0.0025000000000025002,0.17420584862385527,0.17420584862385527,True,True,True,True,True,True,0.35512336391437843
1.01,1.11,0.63,2.52687365e-05,0.24361000000000002,1.325719248291572e-10,0.0,1.325719248291572e-10,1.002,1.0030000000000001,True,True,True,0.004211666666665398,0.0025000000000025002,0.12859624145786044,0.12859624145786044,True,True,True,True,True,True,0.2639041495823888
1.01,1.11,0.64,2.52687365e-05,0.24361000000000002,1.3167211538461542e-10,0.0,1.3167211538461542e-10,1.002,1.0030000000000001,True,True,True,0.004211666666665398,0.0025000000000025002,0.08360576923077141,0.08360576923077141,True,True,True,True,True,True,0.17392320512821072
1.01,1.11,0.65,2.52687365e-05,0.24361000000000002,1.3078443820224721e-10,0.0,1.3078443820224721e-10,1.002,1.0030000000000001,True,True,True,0.004211666666665398,0.0025000000000025002,0.03922191011236114,0.03922191011236114,True,True,True,True,True,True,0.08515548689139019
1.01,1.11,0.66,2.52687365e-05,0.24361000000000002,1.2990864955357145e-10,0.0,1.2990864955357145e-10,1.002,1.0030000000000001,True,True,True,0.004211666666665398,0.0025000000000025002,0.004567522321426845,0.004567522321426845,True,True,True,True,True,True,0.01584671130952159
1.01,1.11,0.67,2.52687365e-05,0.24361000000000002,1.2904451219512198e-10,0.0,1.2904451219512198e-10,1.002,1.0030000000000001,True,True,True,0.004211666666665398,0.0025000000000025002,0.04777439024390077,0.04777439024390077,True,True,True,True,True,True,0.10226044715446944
1.01,1.11,0.68,2.52687365e-05,0.24361000000000002,1.2819179515418505e-10,0.0,1.2819179515418505e-10,1.002,1.0030000000000001,True,True,True,0.004211666666665398,0.0025000000000025002,0.09041024229074693,0.09041024229074693,True,True,True,True,True,True,0.18753215124816175
1.01,1.11,0.69,2.52687365e-05,0.24361000000000002,1.2735027352297597e-10,0.0,1.2735027352297597e-10,1.002,1.0030000000000001,True,True,True,0.004211666666665398,0.0025000000000025002,0.13248632385120088,0.13248632385120088,True,True,True,True,True,True,0.27168431436906965
1.01,1.11,0.7,2.52687365e-05,0.24361000000000002,1.265197282608696e-10,0.0,1.265197282608696e-10,1.002,1.0030000000000001,True,True,True,0.004211666666665398,0.0025000000000025002,0.17401358695651975,0.17401358695651975,True,True,True,True,True,True,0.3547388405797074
1.01,1.12,0.6,2.52687365e-05,0.24361000000000002,1.3598813953488373e-10,0.0,1.3598813953488373e-10,1.002,1.0030000000000001,True,True,True,0.004211666666665398,0.0025000000000025002,0.2994069767441872,0.2994069767441872,True,True,True,True,True,True,0.6055256201550423
1.01,1.12,0.61,2.52687365e-05,0.24361000000000002,1.3504595842956122e-10,0.0,1.3504595842956122e-10,1.002,1.0030000000000001,True,True,True,0.004211666666665398,0.0025000000000025002,0.25229792147806146,0.25229792147806146,True,True,True,True,True,True,0.5113075096227908
1.01,1.12,0.62,2.52687365e-05,0.24361000000000002,1.3411674311926607e-10,0.0,1.3411674311926607e-10,1.002,1.0030000000000001,True,True,True,0.004211666666665398,0.0025000000000025002,0.20583715596330376,0.20583715596330376,True,True,True,True,True,True,0.4183859785932754
1.01,1.12,0.63,2.52687365e-05,0.24361000000000002,1.332002277904328e-10,0.0,1.332002277904328e-10,1.002,1.0030000000000001,True,True,True,0.004211666666665398,0.0025000000000025002,0.16001138952164057,0.16001138952164057,True,True,True,True,True,True,0.32673444570994903
1.01,1.12,0.64,2.52687365e-05,0.24361000000000002,1.3229615384615385e-10,0.0,1.3229615384615385e-10,1.002,1.0030000000000001,True,True,True,0.004211666666665398,0.0025000000000025002,0.11480769230769323,0.11480769230769323,True,True,True,True,True,True,0.23632705128205436
1.01,1.12,0.65,2.52687365e-05,0.24361000000000002,1.3140426966292134e-10,0.0,1.3140426966292134e-10,1.002,1.0030000000000001,True,True,True,0.004211666666665398,0.0025000000000025002,0.07021348314606768,0.07021348314606768,True,True,True,True,True,True,0.14713863295880325
1.01,1.12,0.66,2.52687365e-05,0.24361000000000002,1.3052433035714287e-10,0.0,1.3052433035714287e-10,1.002,1.0030000000000001,True,True,True,0.004211666666665398,0.0025000000000025002,0.026216517857143747,0.026216517857143747,True,True,True,True,True,True,0.05914470238095539
1.01,1.12,0.67,2.52687365e-05,0.24361000000000002,1.2965609756097563e-10,0.0,1.2965609756097563e-10,1.002,1.0030000000000001,True,True,True,0.004211666666665398,0.0025000000000025002,0.01719512195121823,0.01719512195121823,True,True,True,True,True,True,0.04110191056910436
1.01,1.12,0.68,2.52687365e-05,0.24361000000000002,1.2879933920704847e-10,0.0,1.2879933920704847e-10,1.002,1.0030000000000001,True,True,True,0.004211666666665398,0.0025000000000025002,0.06003303964757582,0.06003303964757582,True,True,True,True,True,True,0.12677774596181954
1.01,1.12,0.69,2.52687365e-05,0.24361000000000002,1.2795382932166305e-10,0.0,1.2795382932166305e-10,1.002,1.0030000000000001,True,True,True,0.004211666666665398,0.0025000000000025002,0.10230853391684698,0.10230853391684698,True,True,True,True,True,True,0.21132873450036185
1.01,1.12,0.7,2.52687365e-05,0.24361000000000002,1.2711934782608696e-10,0.0,1.2711934782608696e-10,1.002,1.0030000000000001,True,True,True,0.004211666666665398,0.0025000000000025002,0.14403260869565132,0.14403260869565132,True,True,True,True,True,True,0.29477688405797053
1.01,1.13,0.6,2.52687365e-05,0.24361000000000002,1.366295930232558e-10,0.0,1.366295930232558e-10,1.002,1.0030000000000001,True,True,True,0.004211666666665398,0.0025000000000025002,0.331479651162791,0.331479651162791,True,True,True,True,True,True,0.6696709689922499
1.01,1.13,0.61,2.52687365e-05,0.24361000000000002,1.356829676674365e-10,0.0,1.356829676674365e-10,1.002,1.0030000000000001,True,True,True,0.004211666666665398,0.0025000000000025002,0.28414838337182574,0.28414838337182574,True,True,True,True,True,True,0.5750084334103194
1.01,1.13,0.62,2.52687365e-05,0.24361000000000002,1.3474936926605506e-10,0.0,1.3474936926605506e-10,1.002,1.0030000000000001,True,True,True,0.004211666666665398,0.0025000000000025002,0.23746846330275356,0.23746846330275356,True,True,True,True,True,True,0.481648593272175
1.01,1.13,0.63,2.52687365e-05,0.24361000000000002,1.3382853075170843e-10,0.0,1.3382853075170843e-10,1.002,1.0030000000000001,True,True,True,0.004211666666665398,0.0025000000000025002,0.191426537585422,0.191426537585422,True,True,True,True,True,True,0.3895647418375119
1.01,1.13,0.64,2.52687365e-05,0.24361000000000002,1.3292019230769232e-10,0.0,1.3292019230769232e-10,1.002,1.0030000000000001,True,True,True,0.004211666666665398,0.0025000000000025002,0.14600961538461635,0.14600961538461635,True,True,True,True,True,True,0.2987308974359006
1.01,1.13,0.65,2.52687365e-05,0.24361000000000002,1.320241011235955e-10,0.0,1.320241011235955e-10,1.002,1.0030000000000001,True,True,True,0.004211666666665398,0.0025000000000025002,0.1012050561797755,0.1012050561797755,True,True,True,True,True,True,0.2091217790262189
1.01,1.13,0.66,2.52687365e-05,0.24361000000000002,1.3114001116071428e-10,0.0,1.3114001116071428e-10,1.002,1.0030000000000001,True,True,True,0.004211666666665398,0.0025000000000025002,0.057000558035714334,0.057000558035714334,True,True,True,True,True,True,0.12071278273809657
1.01,1.13,0.67,2.52687365e-05,0.24361000000000002,1.3026768292682928e-10,0.0,1.3026768292682928e-10,1.002,1.0030000000000001,True,True,True,0.004211666666665398,0.0025000000000025002,0.013384146341464306,0.013384146341464306,True,True,True,True,True,True,0.03347995934959651
1.01,1.13,0.68,2.52687365e-05,0.24361000000000002,1.294068832599119e-10,0.0,1.294068832599119e-10,1.002,1.0030000000000001,True,True,True,0.004211666666665398,0.0025000000000025002,0.02965583700440471,0.02965583700440471,True,True,True,True,True,True,0.06602334067547733
1.01,1.13,0.69,2.52687365e-05,0.24361000000000002,1.2855738512035013e-10,0.0,1.2855738512035013e-10,1.002,1.0030000000000001,True,True,True,0.004211666666665398,0.0025000000000025002,0.0721307439824931,0.0721307439824931,True,True,True,True,True,True,0.1509731546316541
1.01,1.13,0.7,2.52687365e-05,0.24361000000000002,1.2771896739130436e-10,0.0,1.2771896739130436e-10,1.002,1.0030000000000001,True,True,True,0.004211666666665398,0.0025000000000025002,0.1140516304347816,0.1140516304347816,True,True,True,True,True,True,0.2348149275362311
1.01,1.14,0.6,2.52687365e-05,0.24361000000000002,1.372710465116279e-10,0.0,1.372710465116279e-10,1.002,1.0030000000000001,True,True,True,0.004211666666665398,0.0025000000000025002,0.3635523255813961,0.3635523255813961,True,True,True,True,True,True,0.7338163178294601
1.01,1.14,0.61,2.52687365e-05,0.24361000000000002,1.363199769053118e-10,0.0,1.363199769053118e-10,1.002,1.0030000000000001,True,True,True,0.004211666666665398,0.0025000000000025002,0.31599884526558997,0.31599884526558997,True,True,True,True,True,True,0.6387093571978478
1.01,1.14,0.62,2.52687365e-05,0.24361000000000002,1.3538199541284403e-10,0.0,1.3538199541284403e-10,1.002,1.0030000000000001,True,True,True,0.004211666666665398,0.0025000000000025002,0.26909977064220203,0.26909977064220203,True,True,True,True,True,True,0.544911207951072
1.01,1.14,0.63,2.52687365e-05,0.24361000000000002,1.3445683371298406e-10,0.0,1.3445683371298406e-10,1.002,1.0030000000000001,True,True,True,0.004211666666665398,0.0025000000000025002,0.2228416856492034,0.2228416856492034,True,True,True,True,True,True,0.4523950379650747
1.01,1.14,0.64,2.52687365e-05,0.24361000000000002,1.3354423076923078e-10,0.0,1.3354423076923078e-10,1.002,1.0030000000000001,True,True,True,0.004211666666665398,0.0025000000000025002,0.17721153846153945,0.17721153846153945,True,True,True,True,True,True,0.3611347435897468
1.01,1.14,0.65,2.52687365e-05,0.24361000000000002,1.3264393258426966e-10,0.0,1.3264393258426966e-10,1.002,1.0030000000000001,True,True,True,0.004211666666665398,0.0025000000000025002,0.13219662921348332,0.13219662921348332,True,True,True,True,True,True,0.27110492509363454
1.01,1.14,0.66,2.52687365e-05,0.24361000000000002,1.3175569196428571e-10,0.0,1.3175569196428571e-10,1.002,1.0030000000000001,True,True,True,0.004211666666665398,0.0025000000000025002,0.08778459821428622,0.08778459821428622,True,True,True,True,True,True,0.18228086309524033
1.01,1.14,0.67,2.52687365e-05,0.24361000000000002,1.3087926829268293e-10,0.0,1.3087926829268293e-10,1.002,1.0030000000000001,True,True,True,0.004211666666665398,0.0025000000000025002,0.04396341463414684,0.04396341463414684,True,True,True,True,True,True,0.09463849593496157
1.01,1.14,0.68,2.52687365e-05,0.24361000000000002,1.3001442731277532e-10,0.0,1.3001442731277532e-10,1.002,1.0030000000000001,True,True,True,0.004211666666665398,0.0025000000000025002,0.0007213656387663995,0.0007213656387663995,True,True,True,True,True,True,0.008154397944200698
1.01,1.14,0.69,2.52687365e-05,0.24361000000000002,1.291609409190372e-10,0.0,1.291609409190372e-10,1.002,1.0030000000000001,True,True,True,0.004211666666665398,0.0025000000000025002,0.04195295404813921,0.04195295404813921,True,True,True,True,True,True,0.09061757476294632
1.01,1.14,0.7,2.52687365e-05,0.24361000000000002,1.2831858695652175e-10,0.0,1.2831858695652175e-10,1.002,1.0030000000000001,True,True,True,0.004211666666665398,0.0025000000000025002,0.08407065217391188,0.08407065217391188,True,True,True,True,True,True,0.17485297101449165
1.01,1.15,0.6,2.52687365e-05,0.24361000000000002,1.379125e-10,0.0,1.379125e-10,1.002,1.0030000000000001,True,True,True,0.004211666666665398,0.0025000000000025002,0.3956249999999999,0.3956249999999999,True,True,True,True,True,True,0.7979616666666677
1.01,1.15,0.61,2.52687365e-05,0.24361000000000002,1.3695698614318707e-10,0.0,1.3695698614318707e-10,1.002,1.0030000000000001,True,True,True,0.004211666666665398,0.0025000000000025002,0.3478493071593542,0.3478493071593542,True,True,True,True,True,True,0.7024102809853763
1.01,1.15,0.62,2.52687365e-05,0.24361000000000002,1.3601462155963303e-10,0.0,1.3601462155963303e-10,1.002,1.0030000000000001,True,True,True,0.004211666666665398,0.0025000000000025002,0.30073107798165183,0.30073107798165183,True,True,True,True,True,True,0.6081738226299715
1.01,1.15,0.63,2.52687365e-05,0.24361000000000002,1.3508513667425969e-10,0.0,1.3508513667425969e-10,1.002,1.0030000000000001,True,True,True,0.004211666666665398,0.0025000000000025002,0.2542568337129848,0.2542568337129848,True,True,True,True,True,True,0.5152253340926375
1.01,1.15,0.64,2.52687365e-05,0.24361000000000002,1.3416826923076922e-10,0.0,1.3416826923076922e-10,1.002,1.0030000000000001,True,True,True,0.004211666666665398,0.0025000000000025002,0.20841346153846124,0.20841346153846124,True,True,True,True,True,True,0.4235385897435904
1.01,1.15,0.65,2.52687365e-05,0.24361000000000002,1.3326376404494381e-10,0.0,1.3326376404494381e-10,1.002,1.0030000000000001,True,True,True,0.004211666666665398,0.0025000000000025002,0.16318820224719116,0.16318820224719116,True,True,True,True,True,True,0.3330880711610502
1.01,1.15,0.66,2.52687365e-05,0.24361000000000002,1.3237137276785713e-10,0.0,1.3237137276785713e-10,1.002,1.0030000000000001,True,True,True,0.004211666666665398,0.0025000000000025002,0.1185686383928568,0.1185686383928568,True,True,True,True,True,True,0.2438489434523815
1.01,1.15,0.67,2.52687365e-05,0.24361000000000002,1.3149085365853658e-10,0.0,1.3149085365853658e-10,1.002,1.0030000000000001,True,True,True,0.004211666666665398,0.0025000000000025002,0.07454268292682938,0.07454268292682938,True,True,True,True,True,True,0.15579703252032664
1.01,1.15,0.68,2.52687365e-05,0.24361000000000002,1.3062197136563877e-10,0.0,1.3062197136563877e-10,1.002,1.0030000000000001,True,True,True,0.004211666666665398,0.0025000000000025002,0.031098568281938802,0.031098568281938802,True,True,True,True,True,True,0.0689088032305455
1.01,1.15,0.69,2.52687365e-05,0.24361000000000002,1.297644967177243e-10,0.0,1.297644967177243e-10,1.002,1.0030000000000001,True,True,True,0.004211666666665398,0.0025000000000025002,0.011775164113784028,0.011775164113784028,True,True,True,True,True,True,0.030261994894235957
1.01,1.15,0.7,2.52687365e-05,0.24361000000000002,1.2891820652173915e-10,0.0,1.2891820652173915e-10,1.002,1.0030000000000001,True,True,True,0.004211666666665398,0.0025000000000025002,0.05408967391304215,0.05408967391304215,True,True,True,True,True,True,0.11489101449275219
1.02,1.05,0.6,2.5267473e-05,0.24362,1.3189127906976743e-10,0.0,1.3189127906976743e-10,1.004,1.006,True,True,True,0.008423333333330797,0.0049999999999980616,0.09456395348837192,0.09456395348837192,True,True,True,True,True,True,0.2025512403100727
1.02,1.05,0.61,2.5267473e-05,0.24362,1.3097748267898382e-10,0.0,1.3097748267898382e-10,1.004,1.006,True,True,True,0.008423333333330797,0.0049999999999980616,0.04887413394919129,0.04887413394919129,True,True,True,True,True,True,0.11117160123171144
1.02,1.05,0.62,2.5267473e-05,0.24362,1.300762614678899e-10,0.0,1.300762614678899e-10,1.004,1.006,True,True,True,0.008423333333330797,0.0049999999999980616,0.0038130733944950175,0.0038130733944950175,True,True,True,True,True,True,0.021049480122318893
1.02,1.05,0.63,2.5267473e-05,0.24362,1.2918735763097949e-10,0.0,1.2918735763097949e-10,1.004,1.006,True,True,True,0.008423333333330797,0.0049999999999980616,0.04063211845102523,0.04063211845102523,True,True,True,True,True,True,0.09468757023537933
1.02,1.05,0.64,2.5267473e-05,0.24362,1.2831052036199094e-10,0.0,1.2831052036199094e-10,1.004,1.006,True,True,True,0.008423333333330797,0.0049999999999980616,0.08447398190045229,0.08447398190045229,True,True,True,True,True,True,0.18237129713423345
1.02,1.05,0.65,2.5267473e-05,0.24362,1.274455056179775e-10,0.0,1.274455056179775e-10,1.004,1.006,True,True,True,0.008423333333330797,0.0049999999999980616,0.12772471910112432,0.12772471910112432,True,True,True,True,True,True,0.2688727715355775
1.02,1.05,0.66,2.5267473e-05,0.24362,1.2659207589285711e-10,0.0,1.2659207589285711e-10,1.004,1.006,True,True,True,0.008423333333330797,0.0049999999999980616,0.17039620535714387,0.17039620535714387,True,True,True,True,True,True,0.3542157440476166
1.02,1.05,0.67,2.5267473e-05,0.24362,1.2574999999999998e-10,0.0,1.2574999999999998e-10,1.004,1.006,True,True,True,0.008423333333330797,0.0049999999999980616,0.21250000000000058,0.21250000000000058,True,True,True,True,True,True,0.43842333333333
1.02,1.05,0.68,2.5267473e-05,0.24362,1.249190528634361e-10,0.0,1.249190528634361e-10,1.004,1.006,True,True,True,0.008423333333330797,0.0049999999999980616,0.25404735682819407,0.25404735682819407,True,True,True,True,True,True,0.5215180469897169
1.02,1.05,0.69,2.5267473e-05,0.24362,1.2409901531728665e-10,0.0,1.2409901531728665e-10,1.004,1.006,True,True,True,0.008423333333330797,0.0049999999999980616,0.29504923413566686,0.29504923413566686,True,True,True,True,True,True,0.6035218016046626
1.02,1.05,0.7,2.5267473e-05,0.24362,1.2328967391304347e-10,0.0,1.2328967391304347e-10,1.004,1.006,True,True,True,0.008423333333330797,0.0049999999999980616,0.33551630434782626,0.33551630434782626,True,True,True,True,True,True,0.6844559420289813
1.02,1.06,0.6,2.5267473e-05,0.24362,1.325346511627907e-10,0.0,1.325346511627907e-10,1.004,1.006,True,True,True,0.008423333333330797,0.0049999999999980616,0.12673255813953574,0.12673255813953574,True,True,True,True,True,True,0.2668884496124003
1.02,1.06,0.61,2.5267473e-05,0.24362,1.3161639722863741e-10,0.0,1.3161639722863741e-10,1.004,1.006,True,True,True,0.008423333333330797,0.0049999999999980616,0.08081986143187118,0.08081986143187118,True,True,True,True,True,True,0.17506305619707124
1.02,1.06,0.62,2.5267473e-05,0.24362,1.3071077981651375e-10,0.0,1.3071077981651375e-10,1.004,1.006,True,True,True,0.008423333333330797,0.0049999999999980616,0.035538990825688184,0.035538990825688184,True,True,True,True,True,True,0.08450131498470523
1.02,1.06,0.63,2.5267473e-05,0.24362,1.2981753986332575e-10,0.0,1.2981753986332575e-10,1.004,1.006,True,True,True,0.008423333333330797,0.0049999999999980616,0.00912300683371214,0.00912300683371214,True,True,True,True,True,True,0.031669347000753134
1.02,1.06,0.64,2.5267473e-05,0.24362,1.2893642533936653e-10,0.0,1.2893642533936653e-10,1.004,1.006,True,True,True,0.008423333333330797,0.0049999999999980616,0.05317873303167298,0.05317873303167298,True,True,True,True,True,True,0.11978079939667483
1.02,1.06,0.65,2.5267473e-05,0.24362,1.2806719101123595e-10,0.0,1.2806719101123595e-10,1.004,1.006,True,True,True,0.008423333333330797,0.0049999999999980616,0.09664044943820217,0.09664044943820217,True,True,True,True,True,True,0.20670423220973322
1.02,1.06,0.66,2.5267473e-05,0.24362,1.2720959821428572e-10,0.0,1.2720959821428572e-10,1.004,1.006,True,True,True,0.008423333333330797,0.0049999999999980616,0.13952008928571355,0.13952008928571355,True,True,True,True,True,True,0.29246351190475595
1.02,1.06,0.67,2.5267473e-05,0.24362,1.2636341463414634e-10,0.0,1.2636341463414634e-10,1.004,1.006,True,True,True,0.008423333333330797,0.0049999999999980616,0.18182926829268242,0.18182926829268242,True,True,True,True,True,True,0.3770818699186937
1.02,1.06,0.68,2.5267473e-05,0.24362,1.255284140969163e-10,0.0,1.255284140969163e-10,1.004,1.006,True,True,True,0.008423333333330797,0.0049999999999980616,0.22357929515418518,0.22357929515418518,True,True,True,True,True,True,0.4605819236416992
1.02,1.06,0.69,2.5267473e-05,0.24362,1.247043763676149e-10,0.0,1.247043763676149e-10,1.004,1.006,True,True,True,0.008423333333330797,0.0049999999999980616,0.26478118161925474,0.26478118161925474,True,True,True,True,True,True,0.5429856965718383
1.02,1.06,0.7,2.5267473e-05,0.24362,1.2389108695652174e-10,0.0,1.2389108695652174e-10,1.004,1.006,True,True,True,0.008423333333330797,0.0049999999999980616,0.30544565217391234,0.30544565217391234,True,True,True,True,True,True,0.6243146376811535
1.02,1.07,0.6,2.5267473e-05,0.24362,1.3317802325581396e-10,0.0,1.3317802325581396e-10,1.004,1.006,True,True,True,0.008423333333330797,0.0049999999999980616,0.15890116279069827,0.15890116279069827,True,True,True,True,True,True,0.3312256589147254
1.02,1.07,0.61,2.5267473e-05,0.24362,1.32255311778291e-10,0.0,1.32255311778291e-10,1.004,1.006,True,True,True,0.008423333333330797,0.0049999999999980616,0.11276558891455109,0.11276558891455109,True,True,True,True,True,True,0.23895451116243105
1.02,1.07,0.62,2.5267473e-05,0.24362,1.3134529816513762e-10,0.0,1.3134529816513762e-10,1.004,1.006,True,True,True,0.008423333333330797,0.0049999999999980616,0.06726490825688136,0.06726490825688136,True,True,True,True,True,True,0.14795314984709157
1.02,1.07,0.63,2.5267473e-05,0.24362,1.3044772209567198e-10,0.0,1.3044772209567198e-10,1.004,1.006,True,True,True,0.008423333333330797,0.0049999999999980616,0.022386104783599658,0.022386104783599658,True,True,True,True,True,True,0.05819554290052817
1.02,1.07,0.64,2.5267473e-05,0.24362,1.295623303167421e-10,0.0,1.295623303167421e-10,1.004,1.006,True,True,True,0.008423333333330797,0.0049999999999980616,0.021883484162894973,0.021883484162894973,True,True,True,True,True,True,0.0571903016591188
1.02,1.07,0.65,2.5267473e-05,0.24362,1.286888764044944e-10,0.0,1.286888764044944e-10,1.004,1.006,True,True,True,0.008423333333330797,0.0049999999999980616,0.06555617977528003,0.06555617977528003,True,True,True,True,True,True,0.1445356928838889
1.02,1.07,0.66,2.5267473e-05,0.24362,1.278271205357143e-10,0.0,1.278271205357143e-10,1.004,1.006,True,True,True,0.008423333333330797,0.0049999999999980616,0.10864397321428454,0.10864397321428454,True,True,True,True,True,True,0.23071127976189792
1.02,1.07,0.67,2.5267473e-05,0.24362,1.2697682926829268e-10,0.0,1.2697682926829268e-10,1.004,1.006,True,True,True,0.008423333333330797,0.0049999999999980616,0.15115853658536554,0.15115853658536554,True,True,True,True,True,True,0.31574040650405993
1.02,1.07,0.68,2.5267473e-05,0.24362,1.261377753303965e-10,0.0,1.261377753303965e-10,1.004,1.006,True,True,True,0.008423333333330797,0.0049999999999980616,0.19311123348017495,0.19311123348017495,True,True,True,True,True,True,0.39964580029367874
1.02,1.07,0.69,2.5267473e-05,0.24362,1.2530973741794314e-10,0.0,1.2530973741794314e-10,1.004,1.006,True,True,True,0.008423333333330797,0.0049999999999980616,0.23451312910284258,0.23451312910284258,True,True,True,True,True,True,0.482449591539014
1.02,1.07,0.7,2.5267473e-05,0.24362,1.2449250000000002e-10,0.0,1.2449250000000002e-10,1.004,1.006,True,True,True,0.008423333333330797,0.0049999999999980616,0.2753749999999984,0.2753749999999984,True,True,True,True,True,True,0.5641733333333256
1.02,1.08,0.6,2.5267473e-05,0.24362,1.338213953488372e-10,0.0,1.338213953488372e-10,1.004,1.006,True,True,True,0.008423333333330797,0.0049999999999980616,0.1910697674418608,0.1910697674418608,True,True,True,True,True,True,0.39556286821705045
1.02,1.08,0.61,2.5267473e-05,0.24362,1.3289422632794458e-10,0.0,1.3289422632794458e-10,1.004,1.006,True,True,True,0.008423333333330797,0.0049999999999980616,0.14471131639722967,0.14471131639722967,True,True,True,True,True,True,0.3028459661277882
1.02,1.08,0.62,2.5267473e-05,0.24362,1.3197981651376148e-10,0.0,1.3197981651376148e-10,1.004,1.006,True,True,True,0.008423333333330797,0.0049999999999980616,0.09899082568807452,0.09899082568807452,True,True,True,True,True,True,0.21140498470947788
1.02,1.08,0.63,2.5267473e-05,0.24362,1.3107790432801822e-10,0.0,1.3107790432801822e-10,1.004,1.006,True,True,True,0.008423333333330797,0.0049999999999980616,0.05389521640091146,0.05389521640091146,True,True,True,True,True,True,0.12121376613515178
1.02,1.08,0.64,2.5267473e-05,0.24362,1.3018823529411765e-10,0.0,1.3018823529411765e-10,1.004,1.006,True,True,True,0.008423333333330797,0.0049999999999980616,0.009411764705883036,0.009411764705883036,True,True,True,True,True,True,0.03224686274509493
1.02,1.08,0.65,2.5267473e-05,0.24362,1.293105617977528e-10,0.0,1.293105617977528e-10,1.004,1.006,True,True,True,0.008423333333330797,0.0049999999999980616,0.034471910112359165,0.034471910112359165,True,True,True,True,True,True,0.08236715355804719
1.02,1.08,0.66,2.5267473e-05,0.24362,1.2844464285714285e-10,0.0,1.2844464285714285e-10,1.004,1.006,True,True,True,0.008423333333330797,0.0049999999999980616,0.07776785714285682,0.07776785714285682,True,True,True,True,True,True,0.1689590476190425
1.02,1.08,0.67,2.5267473e-05,0.24362,1.2759024390243902e-10,0.0,1.2759024390243902e-10,1.004,1.006,True,True,True,0.008423333333330797,0.0049999999999980616,0.12048780487804868,0.12048780487804868,True,True,True,True,True,True,0.25439894308942623
1.02,1.08,0.68,2.5267473e-05,0.24362,1.2674713656387664e-10,0.0,1.2674713656387664e-10,1.004,1.006,True,True,True,0.008423333333330797,0.0049999999999980616,0.1626431718061673,0.1626431718061673,True,True,True,True,True,True,0.33870967694566345
1.02,1.08,0.69,2.5267473e-05,0.24362,1.2591509846827136e-10,0.0,1.2591509846827136e-10,1.004,1.006,True,True,True,0.008423333333330797,0.0049999999999980616,0.20424507658643173,0.20424507658643173,True,True,True,True,True,True,0.4219134865061923
1.02,1.08,0.7,2.5267473e-05,0.24362,1.2509391304347828e-10,0.0,1.2509391304347828e-10,1.004,1.006,True,True,True,0.008423333333330797,0.0049999999999980616,0.2453043478260858,0.2453043478260858,True,True,True,True,True,True,0.5040320289855005
1.02,1.09,0.6,2.5267473e-05,0.24362,1.3446476744186046e-10,0.0,1.3446476744186046e-10,1.004,1.006,True,True,True,0.008423333333330797,0.0049999999999980616,0.2232383720930233,0.2232383720930233,True,True,True,True,True,True,0.45990007751937545
1.02,1.09,0.61,2.5267473e-05,0.24362,1.3353314087759813e-10,0.0,1.3353314087759813e-10,1.004,1.006,True,True,True,0.008423333333330797,0.0049999999999980616,0.176657043879907,0.176657043879907,True,True,True,True,True,True,0.36673742109314283
1.02,1.09,0.62,2.5267473e-05,0.24362,1.326143348623853e-10,0.0,1.326143348623853e-10,1.004,1.006,True,True,True,0.008423333333330797,0.0049999999999980616,0.13071674311926512,0.13071674311926512,True,True,True,True,True,True,0.2748568195718591
1.02,1.09,0.63,2.5267473e-05,0.24362,1.3170808656036446e-10,0.0,1.3170808656036446e-10,1.004,1.006,True,True,True,0.008423333333330797,0.0049999999999980616,0.08540432801822326,0.08540432801822326,True,True,True,True,True,True,0.18423198936977536
1.02,1.09,0.64,2.5267473e-05,0.24362,1.3081414027149319e-10,0.0,1.3081414027149319e-10,1.004,1.006,True,True,True,0.008423333333330797,0.0049999999999980616,0.04070701357465975,0.04070701357465975,True,True,True,True,True,True,0.09483736048264836
1.02,1.09,0.65,2.5267473e-05,0.24362,1.2993224719101122e-10,0.0,1.2993224719101122e-10,1.004,1.006,True,True,True,0.008423333333330797,0.0049999999999980616,0.0033876404494383064,0.0033876404494383064,True,True,True,True,True,True,0.02019861423220547
1.02,1.09,0.66,2.5267473e-05,0.24362,1.290621651785714e-10,0.0,1.290621651785714e-10,1.004,1.006,True,True,True,0.008423333333330797,0.0049999999999980616,0.046891741071429086,0.046891741071429086,True,True,True,True,True,True,0.10720681547618703
1.02,1.09,0.67,2.5267473e-05,0.24362,1.2820365853658535e-10,0.0,1.2820365853658535e-10,1.004,1.006,True,True,True,0.008423333333330797,0.0049999999999980616,0.0898170731707318,0.0898170731707318,True,True,True,True,True,True,0.19305747967479248
1.02,1.09,0.68,2.5267473e-05,0.24362,1.273564977973568e-10,0.0,1.273564977973568e-10,1.004,1.006,True,True,True,0.008423333333330797,0.0049999999999980616,0.13217511013215968,0.13217511013215968,True,True,True,True,True,True,0.2777735535976482
1.02,1.09,0.69,2.5267473e-05,0.24362,1.2652045951859955e-10,0.0,1.2652045951859955e-10,1.004,1.006,True,True,True,0.008423333333330797,0.0049999999999980616,0.1739770240700222,0.1739770240700222,True,True,True,True,True,True,0.3613773814733732
1.02,1.09,0.7,2.5267473e-05,0.24362,1.256953260869565e-10,0.0,1.256953260869565e-10,1.004,1.006,True,True,True,0.008423333333330797,0.0049999999999980616,0.21523369565217446,0.21523369565217446,True,True,True,True,True,True,0.44389072463767776
1.02,1.1,0.6,2.5267473e-05,0.24362,1.3510813953488373e-10,0.0,1.3510813953488373e-10,1.004,1.006,True,True,True,0.008423333333330797,0.0049999999999980616,0.2554069767441871,0.2554069767441871,True,True,True,True,True,True,0.5242372868217031
1.02,1.1,0.61,2.5267473e-05,0.24362,1.3417205542725173e-10,0.0,1.3417205542725173e-10,1.004,1.006,True,True,True,0.008423333333330797,0.0049999999999980616,0.2086027713625869,0.2086027713625869,True,True,True,True,True,True,0.43062887605850264
1.02,1.1,0.62,2.5267473e-05,0.24362,1.3324885321100918e-10,0.0,1.3324885321100918e-10,1.004,1.006,True,True,True,0.008423333333330797,0.0049999999999980616,0.16244266055045958,0.16244266055045958,True,True,True,True,True,True,0.338308654434248
1.02,1.1,0.63,2.5267473e-05,0.24362,1.3233826879271072e-10,0.0,1.3233826879271072e-10,1.004,1.006,True,True,True,0.008423333333330797,0.0049999999999980616,0.11691343963553635,0.11691343963553635,True,True,True,True,True,True,0.24725021260440155
1.02,1.1,0.64,2.5267473e-05,0.24362,1.3144004524886877e-10,0.0,1.3144004524886877e-10,1.004,1.006,True,True,True,0.008423333333330797,0.0049999999999980616,0.07200226244343906,0.07200226244343906,True,True,True,True,True,True,0.157427858220207
1.02,1.1,0.65,2.5267473e-05,0.24362,1.3055393258426967e-10,0.0,1.3055393258426967e-10,1.004,1.006,True,True,True,0.008423333333330797,0.0049999999999980616,0.027696629213483846,0.027696629213483846,True,True,True,True,True,True,0.06881659176029654
1.02,1.1,0.66,2.5267473e-05,0.24362,1.296796875e-10,0.0,1.296796875e-10,1.004,1.006,True,True,True,0.008423333333330797,0.0049999999999980616,0.016015625000000068,0.016015625000000068,True,True,True,True,True,True,0.045454583333328996
1.02,1.1,0.67,2.5267473e-05,0.24362,1.2881707317073172e-10,0.0,1.2881707317073172e-10,1.004,1.006,True,True,True,0.008423333333330797,0.0049999999999980616,0.059146341463413646,0.059146341463413646,True,True,True,True,True,True,0.13171601626015617
1.02,1.1,0.68,2.5267473e-05,0.24362,1.27965859030837e-10,0.0,1.27965859030837e-10,1.004,1.006,True,True,True,0.008423333333330797,0.0049999999999980616,0.10170704845814946,0.10170704845814946,True,True,True,True,True,True,0.21683743024962776
1.02,1.1,0.69,2.5267473e-05,0.24362,1.271258205689278e-10,0.0,1.271258205689278e-10,1.004,1.006,True,True,True,0.008423333333330797,0.0049999999999980616,0.14370897155361004,0.14370897155361004,True,True,True,True,True,True,0.3008412764405489
1.02,1.1,0.7,2.5267473e-05,0.24362,1.262967391304348e-10,0.0,1.262967391304348e-10,1.004,1.006,True,True,True,0.008423333333330797,0.0049999999999980616,0.18516304347825924,0.18516304347825924,True,True,True,True,True,True,0.3837494202898473
1.02,1.11,0.6,2.5267473e-05,0.24362,1.35751511627907e-10,0.0,1.35751511627907e-10,1.004,1.006,True,True,True,0.008423333333330797,0.0049999999999980616,0.28757558139535094,0.28757558139535094,True,True,True,True,True,True,0.5885744961240307
1.02,1.11,0.61,2.5267473e-05,0.24362,1.3481096997690533e-10,0.0,1.3481096997690533e-10,1.004,1.006,True,True,True,0.008423333333330797,0.0049999999999980616,0.2405484988452668,0.2405484988452668,True,True,True,True,True,True,0.49452033102386245
1.02,1.11,0.62,2.5267473e-05,0.24362,1.3388337155963305e-10,0.0,1.3388337155963305e-10,1.004,1.006,True,True,True,0.008423333333330797,0.0049999999999980616,0.19416857798165274,0.19416857798165274,True,True,True,True,True,True,0.4017604892966343
1.02,1.11,0.63,2.5267473e-05,0.24362,1.3296845102505698e-10,0.0,1.3296845102505698e-10,1.004,1.006,True,True,True,0.008423333333330797,0.0049999999999980616,0.14842255125284945,0.14842255125284945,True,True,True,True,True,True,0.31026843583902775
1.02,1.11,0.64,2.5267473e-05,0.24362,1.3206595022624436e-10,0.0,1.3206595022624436e-10,1.004,1.006,True,True,True,0.008423333333330797,0.0049999999999980616,0.10329751131221836,0.10329751131221836,True,True,True,True,True,True,0.2200183559577656
1.02,1.11,0.65,2.5267473e-05,0.24362,1.311756179775281e-10,0.0,1.311756179775281e-10,1.004,1.006,True,True,True,0.008423333333330797,0.0049999999999980616,0.058780898876405994,0.058780898876405994,True,True,True,True,True,True,0.13098513108614085
1.02,1.11,0.66,2.5267473e-05,0.24362,1.302972098214286e-10,0.0,1.302972098214286e-10,1.004,1.006,True,True,True,0.008423333333330797,0.0049999999999980616,0.014860491071430245,0.014860491071430245,True,True,True,True,True,True,0.04314431547618935
1.02,1.11,0.67,2.5267473e-05,0.24362,1.2943048780487806e-10,0.0,1.2943048780487806e-10,1.004,1.006,True,True,True,0.008423333333330797,0.0049999999999980616,0.028475609756096778,0.028475609756096778,True,True,True,True,True,True,0.07037455284552241
1.02,1.11,0.68,2.5267473e-05,0.24362,1.285752202643172e-10,0.0,1.285752202643172e-10,1.004,1.006,True,True,True,0.008423333333330797,0.0049999999999980616,0.07123898678413923,0.07123898678413923,True,True,True,True,True,True,0.1559013069016073
1.02,1.11,0.69,2.5267473e-05,0.24362,1.2773118161925606e-10,0.0,1.2773118161925606e-10,1.004,1.006,True,True,True,0.008423333333330797,0.0049999999999980616,0.11344091903719661,0.11344091903719661,True,True,True,True,True,True,0.24030517140772206
1.02,1.11,0.7,2.5267473e-05,0.24362,1.2689815217391308e-10,0.0,1.2689815217391308e-10,1.004,1.006,True,True,True,0.008423333333330797,0.0049999999999980616,0.15509239130434532,0.15509239130434532,True,True,True,True,True,True,0.3236081159420195
1.02,1.12,0.6,2.5267473e-05,0.24362,1.3639488372093023e-10,0.0,1.3639488372093023e-10,1.004,1.006,True,True,True,0.008423333333330797,0.0049999999999980616,0.31974418604651217,0.31974418604651217,True,True,True,True,True,True,0.6529117054263531
1.02,1.12,0.61,2.5267473e-05,0.24362,1.354498845265589e-10,0.0,1.354498845265589e-10,1.004,1.006,True,True,True,0.008423333333330797,0.0049999999999980616,0.2724942263279454,0.2724942263279454,True,True,True,True,True,True,0.5584117859892197
1.02,1.12,0.62,2.5267473e-05,0.24362,1.3451788990825688e-10,0.0,1.3451788990825688e-10,1.004,1.006,True,True,True,0.008423333333330797,0.0049999999999980616,0.22589449541284462,0.22589449541284462,True,True,True,True,True,True,0.4652123241590181
1.02,1.12,0.63,2.5267473e-05,0.24362,1.335986332574032e-10,0.0,1.335986332574032e-10,1.004,1.006,True,True,True,0.008423333333330797,0.0049999999999980616,0.17993166287015996,0.17993166287015996,True,True,True,True,True,True,0.3732866590736488
1.02,1.12,0.64,2.5267473e-05,0.24362,1.3269185520361992e-10,0.0,1.3269185520361992e-10,1.004,1.006,True,True,True,0.008423333333330797,0.0049999999999980616,0.13459276018099636,0.13459276018099636,True,True,True,True,True,True,0.28260885369532157
1.02,1.12,0.65,2.5267473e-05,0.24362,1.3179730337078653e-10,0.0,1.3179730337078653e-10,1.004,1.006,True,True,True,0.008423333333330797,0.0049999999999980616,0.08986516853932686,0.08986516853932686,True,True,True,True,True,True,0.19315367041198256
1.02,1.12,0.66,2.5267473e-05,0.24362,1.3091473214285715e-10,0.0,1.3091473214285715e-10,1.004,1.006,True,True,True,0.008423333333330797,0.0049999999999980616,0.045736607142857974,0.045736607142857974,True,True,True,True,True,True,0.10489654761904481
1.02,1.12,0.67,2.5267473e-05,0.24362,1.300439024390244e-10,0.0,1.300439024390244e-10,1.004,1.006,True,True,True,0.008423333333330797,0.0049999999999980616,0.002195121951220091,0.002195121951220091,True,True,True,True,True,True,0.01781357723576904
1.02,1.12,0.68,2.5267473e-05,0.24362,1.2918458149779736e-10,0.0,1.2918458149779736e-10,1.004,1.006,True,True,True,0.008423333333330797,0.0049999999999980616,0.0407709251101316,0.0407709251101316,True,True,True,True,True,True,0.09496518355359206
1.02,1.12,0.69,2.5267473e-05,0.24362,1.2833654266958425e-10,0.0,1.2833654266958425e-10,1.004,1.006,True,True,True,0.008423333333330797,0.0049999999999980616,0.08317286652078705,0.08317286652078705,True,True,True,True,True,True,0.17976906637490297
1.02,1.12,0.7,2.5267473e-05,0.24362,1.274995652173913e-10,0.0,1.274995652173913e-10,1.004,1.006,True,True,True,0.008423333333330797,0.0049999999999980616,0.125021739130434,0.125021739130434,True,True,True,True,True,True,0.2634668115941968
1.02,1.13,0.6,2.5267473e-05,0.24362,1.3703825581395346e-10,0.0,1.3703825581395346e-10,1.004,1.006,True,True,True,0.008423333333330797,0.0049999999999980616,0.3519127906976734,0.3519127906976734,True,True,True,True,True,True,0.7172489147286756
1.02,1.13,0.61,2.5267473e-05,0.24362,1.3608879907621244e-10,0.0,1.3608879907621244e-10,1.004,1.006,True,True,True,0.008423333333330797,0.0049999999999980616,0.3044399538106227,0.3044399538106227,True,True,True,True,True,True,0.6223032409545743
1.02,1.13,0.62,2.5267473e-05,0.24362,1.3515240825688072e-10,0.0,1.3515240825688072e-10,1.004,1.006,True,True,True,0.008423333333330797,0.0049999999999980616,0.2576204128440365,0.2576204128440365,True,True,True,True,True,True,0.5286641590214018
1.02,1.13,0.63,2.5267473e-05,0.24362,1.342288154897494e-10,0.0,1.342288154897494e-10,1.004,1.006,True,True,True,0.008423333333330797,0.0049999999999980616,0.21144077448747045,0.21144077448747045,True,True,True,True,True,True,0.43630488230826975
1.02,1.13,0.64,2.5267473e-05,0.24362,1.3331776018099545e-10,0.0,1.3331776018099545e-10,1.004,1.006,True,True,True,0.008423333333330797,0.0049999999999980616,0.16588800904977308,0.16588800904977308,True,True,True,True,True,True,0.345199351432875
1.02,1.13,0.65,2.5267473e-05,0.24362,1.3241898876404492e-10,0.0,1.3241898876404492e-10,1.004,1.006,True,True,True,0.008423333333330797,0.0049999999999980616,0.12094943820224642,0.12094943820224642,True,True,True,True,True,True,0.2553222097378217
1.02,1.13,0.66,2.5267473e-05,0.24362,1.3153225446428568e-10,0.0,1.3153225446428568e-10,1.004,1.006,True,True,True,0.008423333333330797,0.0049999999999980616,0.0766127232142844,0.0766127232142844,True,True,True,True,True,True,0.16664877976189768
1.02,1.13,0.67,2.5267473e-05,0.24362,1.306573170731707e-10,0.0,1.306573170731707e-10,1.004,1.006,True,True,True,0.008423333333330797,0.0049999999999980616,0.032865853658535664,0.032865853658535664,True,True,True,True,True,True,0.07915504065040019
1.02,1.13,0.68,2.5267473e-05,0.24362,1.297939427312775e-10,0.0,1.297939427312775e-10,1.004,1.006,True,True,True,0.008423333333330797,0.0049999999999980616,0.010302863436123959,0.010302863436123959,True,True,True,True,True,True,0.03402906020557678
1.02,1.13,0.69,2.5267473e-05,0.24362,1.2894190371991247e-10,0.0,1.2894190371991247e-10,1.004,1.006,True,True,True,0.008423333333330797,0.0049999999999980616,0.052904814004376195,0.052904814004376195,True,True,True,True,True,True,0.11923296134208125
1.02,1.13,0.7,2.5267473e-05,0.24362,1.2810097826086956e-10,0.0,1.2810097826086956e-10,1.004,1.006,True,True,True,0.008423333333330797,0.0049999999999980616,0.09495108695652135,0.09495108695652135,True,True,True,True,True,True,0.20332550724637155
1.02,1.14,0.6,2.5267473e-05,0.24362,1.3768162790697673e-10,0.0,1.3768162790697673e-10,1.004,1.006,True,True,True,0.008423333333330797,0.0049999999999980616,0.38408139534883723,0.38408139534883723,True,True,True,True,True,True,0.7815861240310034
1.02,1.14,0.61,2.5267473e-05,0.24362,1.3672771362586604e-10,0.0,1.3672771362586604e-10,1.004,1.006,True,True,True,0.008423333333330797,0.0049999999999980616,0.3363856812933026,0.3363856812933026,True,True,True,True,True,True,0.6861946959199341
1.02,1.14,0.62,2.5267473e-05,0.24362,1.3578692660550458e-10,0.0,1.3578692660550458e-10,1.004,1.006,True,True,True,0.008423333333330797,0.0049999999999980616,0.28934633027522966,0.28934633027522966,True,True,True,True,True,True,0.5921159938837881
1.02,1.14,0.63,2.5267473e-05,0.24362,1.3485899772209566e-10,0.0,1.3485899772209566e-10,1.004,1.006,True,True,True,0.008423333333330797,0.0049999999999980616,0.24294988610478355,0.24294988610478355,True,True,True,True,True,True,0.49932310554289594
1.02,1.14,0.64,2.5267473e-05,0.24362,1.33943665158371e-10,0.0,1.33943665158371e-10,1.004,1.006,True,True,True,0.008423333333330797,0.0049999999999980616,0.1971832579185511,0.1971832579185511,True,True,True,True,True,True,0.40778984917043104
1.02,1.14,0.65,2.5267473e-05,0.24362,1.3304067415730336e-10,0.0,1.3304067415730336e-10,1.004,1.006,True,True,True,0.008423333333330797,0.0049999999999980616,0.15203370786516857,0.15203370786516857,True,True,True,True,True,True,0.317490749063666
1.02,1.14,0.66,2.5267473e-05,0.24362,1.3214977678571426e-10,0.0,1.3214977678571426e-10,1.004,1.006,True,True,True,0.008423333333330797,0.0049999999999980616,0.10748883928571343,0.10748883928571343,True,True,True,True,True,True,0.2284010119047557
1.02,1.14,0.67,2.5267473e-05,0.24362,1.3127073170731704e-10,0.0,1.3127073170731704e-10,1.004,1.006,True,True,True,0.008423333333330797,0.0049999999999980616,0.06353658536585254,0.06353658536585254,True,True,True,True,True,True,0.14049650406503394
1.02,1.14,0.68,2.5267473e-05,0.24362,1.304033039647577e-10,0.0,1.304033039647577e-10,1.004,1.006,True,True,True,0.008423333333330797,0.0049999999999980616,0.02016519823788497,0.02016519823788497,True,True,True,True,True,True,0.0537537298090988
1.02,1.14,0.69,2.5267473e-05,0.24362,1.2954726477024068e-10,0.0,1.2954726477024068e-10,1.004,1.006,True,True,True,0.008423333333330797,0.0049999999999980616,0.022636761487965344,0.022636761487965344,True,True,True,True,True,True,0.05869685630925954
1.02,1.14,0.7,2.5267473e-05,0.24362,1.2870239130434782e-10,0.0,1.2870239130434782e-10,1.004,1.006,True,True,True,0.008423333333330797,0.0049999999999980616,0.06488043478260873,0.06488043478260873,True,True,True,True,True,True,0.14318420289854633
1.02,1.15,0.6,2.5267473e-05,0.24362,1.3832499999999999e-10,0.0,1.3832499999999999e-10,1.004,1.006,True,True,True,0.008423333333330797,0.0049999999999980616,0.41624999999999973,0.41624999999999973,True,True,True,True,True,True,0.8459233333333283
1.02,1.15,0.61,2.5267473e-05,0.24362,1.3736662817551961e-10,0.0,1.3736662817551961e-10,1.004,1.006,True,True,True,0.008423333333330797,0.0049999999999980616,0.3683314087759812,0.3683314087759812,True,True,True,True,True,True,0.7500861508852912
1.02,1.15,0.62,2.5267473e-05,0.24362,1.3642144495412842e-10,0.0,1.3642144495412842e-10,1.004,1.006,True,True,True,0.008423333333330797,0.0049999999999980616,0.3210722477064215,0.3210722477064215,True,True,True,True,True,True,0.6555678287461719
1.02,1.15,0.63,2.5267473e-05,0.24362,1.354891799544419e-10,0.0,1.354891799544419e-10,1.004,1.006,True,True,True,0.008423333333330797,0.0049999999999980616,0.27445899772209537,0.27445899772209537,True,True,True,True,True,True,0.5623413287775196
1.02,1.15,0.64,2.5267473e-05,0.24362,1.345695701357466e-10,0.0,1.345695701357466e-10,1.004,1.006,True,True,True,0.008423333333330797,0.0049999999999980616,0.2284785067873304,0.2284785067873304,True,True,True,True,True,True,0.47038034690798963
1.02,1.15,0.65,2.5267473e-05,0.24362,1.3366235955056178e-10,0.0,1.3366235955056178e-10,1.004,1.006,True,True,True,0.008423333333330797,0.0049999999999980616,0.18311797752808942,0.18311797752808942,True,True,True,True,True,True,0.3796592883895077
1.02,1.15,0.66,2.5267473e-05,0.24362,1.3276729910714284e-10,0.0,1.3276729910714284e-10,1.004,1.006,True,True,True,0.008423333333330797,0.0049999999999980616,0.13836495535714244,0.13836495535714244,True,True,True,True,True,True,0.2901532440476137
1.02,1.15,0.67,2.5267473e-05,0.24362,1.318841463414634e-10,0.0,1.318841463414634e-10,1.004,1.006,True,True,True,0.008423333333330797,0.0049999999999980616,0.09420731707317069,0.09420731707317069,True,True,True,True,True,True,0.20183796747967025
1.02,1.15,0.68,2.5267473e-05,0.24362,1.3101266519823787e-10,0.0,1.3101266519823787e-10,1.004,1.006,True,True,True,0.008423333333330797,0.0049999999999980616,0.0506332599118939,0.0506332599118939,True,True,True,True,True,True,0.11468985315711666
1.02,1.15,0.69,2.5267473e-05,0.24362,1.3015262582056893e-10,0.0,1.3015262582056893e-10,1.004,1.006,True,True,True,0.008423333333330797,0.0049999999999980616,0.007631291028446799,0.007631291028446799,True,True,True,True,True,True,0.028685915390222458
1.02,1.15,0.7,2.5267473e-05,0.24362,1.293038043478261e-10,0.0,1.293038043478261e-10,1.004,1.006,True,True,True,0.008423333333330797,0.0049999999999980616,0.034809782608694814,0.034809782608694814,True,True,True,True,True,True,0.08304289855071849
