beta_e_phys,gamma_exch_phys,gamma_drain_phys,D_over_H,Y_p,Li7_over_H,Be7_over_H,Li_total_over_H,screening_eff,capture_eff,beta_response_ok,exchange_response_ok,drain_response_ok,chi_D,chi_Y,chi_Li7,chi_Li_total,passes_D,passes_Y,Li7_OK,Li_total_OK,A7_flipped,ACCEPTED,chi_sum
1.05,0.4,0.15,2.5263682500000002e-05,0.24365,1.3246610169491526e-10,0.0,1.3246610169491526e-10,1.01,1.0150000000000001,True,True,True,0.021058333333326993,0.012499999999998623,0.1233050847457635,0.1233050847457635,True,True,True,True,True,True,0.2801685028248526
1.05,0.4,0.17,2.5263682500000002e-05,0.24365,1.2982558139534884e-10,0.0,1.2982558139534884e-10,1.01,1.0150000000000001,True,True,True,0.021058333333326993,0.012499999999998623,0.008720930232557749,0.008720930232557749,True,True,True,True,True,True,0.05100019379844112
1.05,0.4,0.19,2.5263682500000002e-05,0.24365,1.2728827361563518e-10,0.0,1.2728827361563518e-10,1.01,1.0150000000000001,True,True,True,0.021058333333326993,0.012499999999998623,0.13558631921824055,0.13558631921824055,True,True,True,True,True,True,0.3047309717698067
1.05,0.4,0.21,2.5263682500000002e-05,0.24365,1.248482428115016e-10,0.0,1.248482428115016e-10,1.01,1.0150000000000001,True,True,True,0.021058333333326993,0.012499999999998623,0.2575878594249193,0.2575878594249193,True,True,True,True,True,True,0.5487340521831643
1.05,0.4,0.23,2.5263682500000002e-05,0.24365,1.225e-10,0.0,1.225e-10,1.01,1.0150000000000001,True,True,True,0.021058333333326993,0.012499999999998623,0.375,0.375,True,True,True,True,True,True,0.7835583333333256
1.05,0.4,0.25,2.5263682500000002e-05,0.24365,1.2023846153846154e-10,0.0,1.2023846153846154e-10,1.01,1.0150000000000001,True,True,True,0.021058333333326993,0.012499999999998623,0.4880769230769224,0.4880769230769224,True,True,True,True,True,True,1.0097121794871704
1.05,0.4,0.27,2.5263682500000002e-05,0.24365,1.1805891238670693e-10,0.0,1.1805891238670693e-10,1.01,1.0150000000000001,True,True,True,0.021058333333326993,0.012499999999998623,0.5970543806646529,0.5970543806646529,True,True,True,True,True,True,1.2276670946626314
1.05,0.4,0.29,2.5263682500000002e-05,0.24365,1.1595697329376856e-10,0.0,1.1595697329376856e-10,1.01,1.0150000000000001,True,True,True,0.021058333333326993,0.012499999999998623,0.7021513353115714,0.7021513353115714,True,True,True,True,True,True,1.4378610039564683
1.05,0.4,0.31,2.5263682500000002e-05,0.24365,1.1392857142857144e-10,0.0,1.1392857142857144e-10,1.01,1.0150000000000001,True,True,True,0.021058333333326993,0.012499999999998623,0.8035714285714278,0.8035714285714278,True,True,True,True,True,True,1.6407011904761812
1.05,0.4,0.33,2.5263682500000002e-05,0.24365,1.1196991404011462e-10,0.0,1.1196991404011462e-10,1.01,1.0150000000000001,True,True,True,0.021058333333326993,0.012499999999998623,0.9015042979942687,0.9015042979942687,True,True,True,True,True,True,1.836566929321863
1.05,0.4,0.35,2.5263682500000002e-05,0.24365,1.100774647887324e-10,0.0,1.100774647887324e-10,1.01,1.0150000000000001,True,True,True,0.021058333333326993,0.012499999999998623,0.9961267605633797,0.9961267605633797,True,True,True,True,True,True,2.025811854460085
1.05,0.42,0.15,2.5263682500000002e-05,0.24365,1.343584745762712e-10,0.0,1.343584745762712e-10,1.01,1.0150000000000001,True,True,True,0.021058333333326993,0.012499999999998623,0.21792372881356015,0.21792372881356015,True,True,True,True,True,True,0.4694057909604459
1.05,0.42,0.17,2.5263682500000002e-05,0.24365,1.3168023255813953e-10,0.0,1.3168023255813953e-10,1.01,1.0150000000000001,True,True,True,0.021058333333326993,0.012499999999998623,0.08401162790697712,0.08401162790697712,True,True,True,True,True,True,0.20158158914727986
1.05,0.42,0.19,2.5263682500000002e-05,0.24365,1.2910667752442997e-10,0.0,1.2910667752442997e-10,1.01,1.0150000000000001,True,True,True,0.021058333333326993,0.012499999999998623,0.044666123778501016,0.044666123778501016,True,True,True,True,True,True,0.12289058089032764
1.05,0.42,0.21,2.5263682500000002e-05,0.24365,1.266317891373802e-10,0.0,1.266317891373802e-10,1.01,1.0150000000000001,True,True,True,0.021058333333326993,0.012499999999998623,0.1684105431309897,0.1684105431309897,True,True,True,True,True,True,0.37037941959530496
1.05,0.42,0.23,2.5263682500000002e-05,0.24365,1.2425e-10,0.0,1.2425e-10,1.01,1.0150000000000001,True,True,True,0.021058333333326993,0.012499999999998623,0.28749999999999903,0.28749999999999903,True,True,True,True,True,True,0.6085583333333238
1.05,0.42,0.25,2.5263682500000002e-05,0.24365,1.2195615384615384e-10,0.0,1.2195615384615384e-10,1.01,1.0150000000000001,True,True,True,0.021058333333326993,0.012499999999998623,0.40219230769230746,0.40219230769230746,True,True,True,True,True,True,0.8379429487179406
1.05,0.42,0.27,2.5263682500000002e-05,0.24365,1.197454682779456e-10,0.0,1.197454682779456e-10,1.01,1.0150000000000001,True,True,True,0.021058333333326993,0.012499999999998623,0.5127265861027193,0.5127265861027193,True,True,True,True,True,True,1.059011505538764
1.05,0.42,0.29,2.5263682500000002e-05,0.24365,1.1761350148367954e-10,0.0,1.1761350148367954e-10,1.01,1.0150000000000001,True,True,True,0.021058333333326993,0.012499999999998623,0.6193249258160227,0.6193249258160227,True,True,True,True,True,True,1.272208184965371
1.05,0.42,0.31,2.5263682500000002e-05,0.24365,1.155561224489796e-10,0.0,1.155561224489796e-10,1.01,1.0150000000000001,True,True,True,0.021058333333326993,0.012499999999998623,0.7221938775510197,0.7221938775510197,True,True,True,True,True,True,1.477946088435365
1.05,0.42,0.33,2.5263682500000002e-05,0.24365,1.1356948424068769e-10,0.0,1.1356948424068769e-10,1.01,1.0150000000000001,True,True,True,0.021058333333326993,0.012499999999998623,0.821525787965615,0.821525787965615,True,True,True,True,True,True,1.6766099092645557
1.05,0.42,0.35,2.5263682500000002e-05,0.24365,1.1165000000000001e-10,0.0,1.1165000000000001e-10,1.01,1.0150000000000001,True,True,True,0.021058333333326993,0.012499999999998623,0.9174999999999991,0.9174999999999991,True,True,True,True,True,True,1.8685583333333238
1.05,0.44,0.15,2.5263682500000002e-05,0.24365,1.3625084745762713e-10,0.0,1.3625084745762713e-10,1.01,1.0150000000000001,True,True,True,0.021058333333326993,0.012499999999998623,0.31254237288135683,0.31254237288135683,True,True,True,True,True,True,0.6586430790960394
1.05,0.44,0.17,2.5263682500000002e-05,0.24365,1.3353488372093023e-10,0.0,1.3353488372093023e-10,1.01,1.0150000000000001,True,True,True,0.021058333333326993,0.012499999999998623,0.176744186046512,0.176744186046512,True,True,True,True,True,True,0.38704670542634956
1.05,0.44,0.19,2.5263682500000002e-05,0.24365,1.3092508143322476e-10,0.0,1.3092508143322476e-10,1.01,1.0150000000000001,True,True,True,0.021058333333326993,0.012499999999998623,0.046254071661238516,0.046254071661238516,True,True,True,True,True,True,0.12606647665580265
1.05,0.44,0.21,2.5263682500000002e-05,0.24365,1.284153354632588e-10,0.0,1.284153354632588e-10,1.01,1.0150000000000001,True,True,True,0.021058333333326993,0.012499999999998623,0.07923322683706008,0.07923322683706008,True,True,True,True,True,True,0.19202478700744577
1.05,0.44,0.23,2.5263682500000002e-05,0.24365,1.26e-10,0.0,1.26e-10,1.01,1.0150000000000001,True,True,True,0.021058333333326993,0.012499999999998623,0.19999999999999932,0.19999999999999932,True,True,True,True,True,True,0.4335583333333243
1.05,0.44,0.25,2.5263682500000002e-05,0.24365,1.2367384615384614e-10,0.0,1.2367384615384614e-10,1.01,1.0150000000000001,True,True,True,0.021058333333326993,0.012499999999998623,0.3163076923076925,0.3163076923076925,True,True,True,True,True,True,0.6661737179487106
1.05,0.44,0.27,2.5263682500000002e-05,0.24365,1.2143202416918428e-10,0.0,1.2143202416918428e-10,1.01,1.0150000000000001,True,True,True,0.021058333333326993,0.012499999999998623,0.42839879154078564,0.42839879154078564,True,True,True,True,True,True,0.8903559164148969
1.05,0.44,0.29,2.5263682500000002e-05,0.24365,1.1927002967359052e-10,0.0,1.1927002967359052e-10,1.01,1.0150000000000001,True,True,True,0.021058333333326993,0.012499999999998623,0.5364985163204735,0.5364985163204735,True,True,True,True,True,True,1.1065553659742726
1.05,0.44,0.31,2.5263682500000002e-05,0.24365,1.1718367346938777e-10,0.0,1.1718367346938777e-10,1.01,1.0150000000000001,True,True,True,0.021058333333326993,0.012499999999998623,0.640816326530611,0.640816326530611,True,True,True,True,True,True,1.3151909863945477
1.05,0.44,0.33,2.5263682500000002e-05,0.24365,1.1516905444126075e-10,0.0,1.1516905444126075e-10,1.01,1.0150000000000001,True,True,True,0.021058333333326993,0.012499999999998623,0.7415472779369621,0.7415472779369621,True,True,True,True,True,True,1.5166528892072497
1.05,0.44,0.35,2.5263682500000002e-05,0.24365,1.1322253521126761e-10,0.0,1.1322253521126761e-10,1.01,1.0150000000000001,True,True,True,0.021058333333326993,0.012499999999998623,0.8388732394366191,0.8388732394366191,True,True,True,True,True,True,1.7113048122065637
1.05,0.46,0.15,2.5263682500000002e-05,0.24365,1.3814322033898306e-10,0.0,1.3814322033898306e-10,1.01,1.0150000000000001,True,True,True,0.021058333333326993,0.012499999999998623,0.40716101694915346,0.40716101694915346,True,True,True,True,True,True,0.8478803672316326
1.05,0.46,0.17,2.5263682500000002e-05,0.24365,1.3538953488372093e-10,0.0,1.3538953488372093e-10,1.01,1.0150000000000001,True,True,True,0.021058333333326993,0.012499999999998623,0.26947674418604683,0.26947674418604683,True,True,True,True,True,True,0.5725118217054193
1.05,0.46,0.19,2.5263682500000002e-05,0.24365,1.3274348534201955e-10,0.0,1.3274348534201955e-10,1.01,1.0150000000000001,True,True,True,0.021058333333326993,0.012499999999998623,0.13717426710097805,0.13717426710097805,True,True,True,True,True,True,0.30790686753528174
1.05,0.46,0.21,2.5263682500000002e-05,0.24365,1.3019888178913738e-10,0.0,1.3019888178913738e-10,1.01,1.0150000000000001,True,True,True,0.021058333333326993,0.012499999999998623,0.00994408945686953,0.00994408945686953,True,True,True,True,True,True,0.053446512247064676
1.05,0.46,0.23,2.5263682500000002e-05,0.24365,1.2775e-10,0.0,1.2775e-10,1.01,1.0150000000000001,True,True,True,0.021058333333326993,0.012499999999998623,0.11249999999999961,0.11249999999999961,True,True,True,True,True,True,0.25855833333332484
1.05,0.46,0.25,2.5263682500000002e-05,0.24365,1.2539153846153847e-10,0.0,1.2539153846153847e-10,1.01,1.0150000000000001,True,True,True,0.021058333333326993,0.012499999999998623,0.23042307692307626,0.23042307692307626,True,True,True,True,True,True,0.49440448717947816
1.05,0.46,0.27,2.5263682500000002e-05,0.24365,1.2311858006042295e-10,0.0,1.2311858006042295e-10,1.01,1.0150000000000001,True,True,True,0.021058333333326993,0.012499999999998623,0.344070996978852,0.344070996978852,True,True,True,True,True,True,0.7217003272910296
1.05,0.46,0.29,2.5263682500000002e-05,0.24365,1.209265578635015e-10,0.0,1.209265578635015e-10,1.01,1.0150000000000001,True,True,True,0.021058333333326993,0.012499999999998623,0.4536721068249243,0.4536721068249243,True,True,True,True,True,True,0.9409025469831742
1.05,0.46,0.31,2.5263682500000002e-05,0.24365,1.1881122448979593e-10,0.0,1.1881122448979593e-10,1.01,1.0150000000000001,True,True,True,0.021058333333326993,0.012499999999998623,0.5594387755102029,0.5594387755102029,True,True,True,True,True,True,1.1524358843537315
1.05,0.46,0.33,2.5263682500000002e-05,0.24365,1.1676862464183382e-10,0.0,1.1676862464183382e-10,1.01,1.0150000000000001,True,True,True,0.021058333333326993,0.012499999999998623,0.6615687679083085,0.6615687679083085,True,True,True,True,True,True,1.3566958691499427
1.05,0.46,0.35,2.5263682500000002e-05,0.24365,1.1479507042253522e-10,0.0,1.1479507042253522e-10,1.01,1.0150000000000001,True,True,True,0.021058333333326993,0.012499999999998623,0.7602464788732385,0.7602464788732385,True,True,True,True,True,True,1.5540512910798026
1.05,0.48,0.15,2.5263682500000002e-05,0.24365,1.40035593220339e-10,0.0,1.40035593220339e-10,1.01,1.0150000000000001,True,True,True,0.021058333333326993,0.012499999999998623,0.5017796610169502,0.5017796610169502,True,True,True,True,True,True,1.0371176553672259
1.05,0.48,0.17,2.5263682500000002e-05,0.24365,1.3724418604651165e-10,0.0,1.3724418604651165e-10,1.01,1.0150000000000001,True,True,True,0.021058333333326993,0.012499999999998623,0.362209302325583,0.362209302325583,True,True,True,True,True,True,0.7579769379844916
1.05,0.48,0.19,2.5263682500000002e-05,0.24365,1.3456188925081434e-10,0.0,1.3456188925081434e-10,1.01,1.0150000000000001,True,True,True,0.021058333333326993,0.012499999999998623,0.22809446254071758,0.22809446254071758,True,True,True,True,True,True,0.4897472584147608
1.05,0.48,0.21,2.5263682500000002e-05,0.24365,1.3198242811501597e-10,0.0,1.3198242811501597e-10,1.01,1.0150000000000001,True,True,True,0.021058333333326993,0.012499999999998623,0.09912140575079914,0.09912140575079914,True,True,True,True,True,True,0.2318011448349239
1.05,0.48,0.23,2.5263682500000002e-05,0.24365,1.295e-10,0.0,1.295e-10,1.01,1.0150000000000001,True,True,True,0.021058333333326993,0.012499999999998623,0.024999999999999915,0.024999999999999915,True,True,True,True,True,True,0.08355833333332544
1.05,0.48,0.25,2.5263682500000002e-05,0.24365,1.2710923076923076e-10,0.0,1.2710923076923076e-10,1.01,1.0150000000000001,True,True,True,0.021058333333326993,0.012499999999998623,0.1445384615384613,0.1445384615384613,True,True,True,True,True,True,0.32263525641024826
1.05,0.48,0.27,2.5263682500000002e-05,0.24365,1.2480513595166162e-10,0.0,1.2480513595166162e-10,1.01,1.0150000000000001,True,True,True,0.021058333333326993,0.012499999999998623,0.2597432024169184,0.2597432024169184,True,True,True,True,True,True,0.5530447381671624
1.05,0.48,0.29,2.5263682500000002e-05,0.24365,1.225830860534125e-10,0.0,1.225830860534125e-10,1.01,1.0150000000000001,True,True,True,0.021058333333326993,0.012499999999998623,0.37084569732937506,0.37084569732937506,True,True,True,True,True,True,0.7752497279920758
1.05,0.48,0.31,2.5263682500000002e-05,0.24365,1.204387755102041e-10,0.0,1.204387755102041e-10,1.01,1.0150000000000001,True,True,True,0.021058333333326993,0.012499999999998623,0.4780612244897948,0.4780612244897948,True,True,True,True,True,True,0.9896807823129152
1.05,0.48,0.33,2.5263682500000002e-05,0.24365,1.183681948424069e-10,0.0,1.183681948424069e-10,1.01,1.0150000000000001,True,True,True,0.021058333333326993,0.012499999999998623,0.5815902578796549,0.5815902578796549,True,True,True,True,True,True,1.1967388490926354
1.05,0.48,0.35,2.5263682500000002e-05,0.24365,1.1636760563380282e-10,0.0,1.1636760563380282e-10,1.01,1.0150000000000001,True,True,True,0.021058333333326993,0.012499999999998623,0.6816197183098585,0.6816197183098585,True,True,True,True,True,True,1.3967977699530425
1.05,0.5,0.15,2.5263682500000002e-05,0.24365,1.4192796610169493e-10,0.0,1.4192796610169493e-10,1.01,1.0150000000000001,True,True,True,0.021058333333326993,0.012499999999998623,0.5963983050847468,0.5963983050847468,True,True,True,True,True,True,1.2263549435028192
1.05,0.5,0.17,2.5263682500000002e-05,0.24365,1.3909883720930235e-10,0.0,1.3909883720930235e-10,1.01,1.0150000000000001,True,True,True,0.021058333333326993,0.012499999999998623,0.45494186046511786,0.45494186046511786,True,True,True,True,True,True,0.9434420542635613
1.05,0.5,0.19,2.5263682500000002e-05,0.24365,1.3638029315960913e-10,0.0,1.3638029315960913e-10,1.01,1.0150000000000001,True,True,True,0.021058333333326993,0.012499999999998623,0.3190146579804571,0.3190146579804571,True,True,True,True,True,True,0.6715876492942399
1.05,0.5,0.21,2.5263682500000002e-05,0.24365,1.3376597444089457e-10,0.0,1.3376597444089457e-10,1.01,1.0150000000000001,True,True,True,0.021058333333326993,0.012499999999998623,0.18829872204472875,0.18829872204472875,True,True,True,True,True,True,0.4101557774227831
1.05,0.5,0.23,2.5263682500000002e-05,0.24365,1.3125e-10,0.0,1.3125e-10,1.01,1.0150000000000001,True,True,True,0.021058333333326993,0.012499999999998623,0.06250000000000108,0.06250000000000108,True,True,True,True,True,True,0.15855833333332778
1.05,0.5,0.25,2.5263682500000002e-05,0.24365,1.288269230769231e-10,0.0,1.288269230769231e-10,1.01,1.0150000000000001,True,True,True,0.021058333333326993,0.012499999999998623,0.05865384615384506,0.05865384615384506,True,True,True,True,True,True,0.15086602564101573
1.05,0.5,0.27,2.5263682500000002e-05,0.24365,1.264916918429003e-10,0.0,1.264916918429003e-10,1.01,1.0150000000000001,True,True,True,0.021058333333326993,0.012499999999998623,0.17541540785498475,0.17541540785498475,True,True,True,True,True,True,0.38438914904329513
1.05,0.5,0.29,2.5263682500000002e-05,0.24365,1.2423961424332345e-10,0.0,1.2423961424332345e-10,1.01,1.0150000000000001,True,True,True,0.021058333333326993,0.012499999999998623,0.28801928783382713,0.28801928783382713,True,True,True,True,True,True,0.6095969090009798
1.05,0.5,0.31,2.5263682500000002e-05,0.24365,1.2206632653061226e-10,0.0,1.2206632653061226e-10,1.01,1.0150000000000001,True,True,True,0.021058333333326993,0.012499999999998623,0.39668367346938677,0.39668367346938677,True,True,True,True,True,True,0.8269256802720992
1.05,0.5,0.33,2.5263682500000002e-05,0.24365,1.1996776504297996e-10,0.0,1.1996776504297996e-10,1.01,1.0150000000000001,True,True,True,0.021058333333326993,0.012499999999998623,0.5016117478510013,0.5016117478510013,True,True,True,True,True,True,1.0367818290353281
1.05,0.5,0.35,2.5263682500000002e-05,0.24365,1.1794014084507045e-10,0.0,1.1794014084507045e-10,1.01,1.0150000000000001,True,True,True,0.021058333333326993,0.012499999999998623,0.6029929577464772,0.6029929577464772,True,True,True,True,True,True,1.23954424882628
1.05,0.52,0.15,2.5263682500000002e-05,0.24365,1.4382033898305086e-10,0.0,1.4382033898305086e-10,1.01,1.0150000000000001,True,True,True,0.021058333333326993,0.012499999999998623,0.6910169491525434,0.6910169491525434,True,True,True,True,True,True,1.4155922316384124
1.05,0.52,0.17,2.5263682500000002e-05,0.24365,1.4095348837209305e-10,0.0,1.4095348837209305e-10,1.01,1.0150000000000001,True,True,True,0.021058333333326993,0.012499999999998623,0.5476744186046527,0.5476744186046527,True,True,True,True,True,True,1.128907170542631
1.05,0.52,0.19,2.5263682500000002e-05,0.24365,1.3819869706840392e-10,0.0,1.3819869706840392e-10,1.01,1.0150000000000001,True,True,True,0.021058333333326993,0.012499999999998623,0.40993485342019664,0.40993485342019664,True,True,True,True,True,True,0.8534280401737189
1.05,0.52,0.21,2.5263682500000002e-05,0.24365,1.3554952076677318e-10,0.0,1.3554952076677318e-10,1.01,1.0150000000000001,True,True,True,0.021058333333326993,0.012499999999998623,0.27747603833865964,0.27747603833865964,True,True,True,True,True,True,0.5885104100106449
1.05,0.52,0.23,2.5263682500000002e-05,0.24365,1.33e-10,0.0,1.33e-10,1.01,1.0150000000000001,True,True,True,0.021058333333326993,0.012499999999998623,0.15000000000000077,0.15000000000000077,True,True,True,True,True,True,0.3335583333333272
1.05,0.52,0.25,2.5263682500000002e-05,0.24365,1.305446153846154e-10,0.0,1.305446153846154e-10,1.01,1.0150000000000001,True,True,True,0.021058333333326993,0.012499999999998623,0.02723076923076989,0.02723076923076989,True,True,True,True,True,True,0.0880198717948654
1.05,0.52,0.27,2.5263682500000002e-05,0.24365,1.2817824773413897e-10,0.0,1.2817824773413897e-10,1.01,1.0150000000000001,True,True,True,0.021058333333326993,0.012499999999998623,0.0910876132930511,0.0910876132930511,True,True,True,True,True,True,0.2157335599194278
1.05,0.52,0.29,2.5263682500000002e-05,0.24365,1.2589614243323443e-10,0.0,1.2589614243323443e-10,1.01,1.0150000000000001,True,True,True,0.021058333333326993,0.012499999999998623,0.2051928783382779,0.2051928783382779,True,True,True,True,True,True,0.44394409000988144
1.05,0.52,0.31,2.5263682500000002e-05,0.24365,1.2369387755102042e-10,0.0,1.2369387755102042e-10,1.01,1.0150000000000001,True,True,True,0.021058333333326993,0.012499999999998623,0.3153061224489787,0.3153061224489787,True,True,True,True,True,True,0.664170578231283
1.05,0.52,0.33,2.5263682500000002e-05,0.24365,1.2156733524355304e-10,0.0,1.2156733524355304e-10,1.01,1.0150000000000001,True,True,True,0.021058333333326993,0.012499999999998623,0.42163323782234774,0.42163323782234774,True,True,True,True,True,True,0.8768248089780211
1.05,0.52,0.35,2.5263682500000002e-05,0.24365,1.1951267605633803e-10,0.0,1.1951267605633803e-10,1.01,1.0150000000000001,True,True,True,0.021058333333326993,0.012499999999998623,0.5243661971830978,0.5243661971830978,True,True,True,True,True,True,1.0822907276995213
1.05,0.54,0.15,2.5263682500000002e-05,0.24365,1.457127118644068e-10,0.0,1.457127118644068e-10,1.01,1.0150000000000001,True,True,True,0.021058333333326993,0.012499999999998623,0.78563559322034,0.78563559322034,True,True,True,True,True,True,1.6048295197740057
1.05,0.54,0.17,2.5263682500000002e-05,0.24365,1.4280813953488374e-10,0.0,1.4280813953488374e-10,1.01,1.0150000000000001,True,True,True,0.021058333333326993,0.012499999999998623,0.6404069767441877,0.6404069767441877,True,True,True,True,True,True,1.314372286821701
1.05,0.54,0.19,2.5263682500000002e-05,0.24365,1.4001710097719871e-10,0.0,1.4001710097719871e-10,1.01,1.0150000000000001,True,True,True,0.021058333333326993,0.012499999999998623,0.5008550488599361,0.5008550488599361,True,True,True,True,True,True,1.0352684310531979
1.05,0.54,0.21,2.5263682500000002e-05,0.24365,1.3733306709265178e-10,0.0,1.3733306709265178e-10,1.01,1.0150000000000001,True,True,True,0.021058333333326993,0.012499999999998623,0.36665335463258925,0.36665335463258925,True,True,True,True,True,True,0.7668650425985042
1.05,0.54,0.23,2.5263682500000002e-05,0.24365,1.3475e-10,0.0,1.3475e-10,1.01,1.0150000000000001,True,True,True,0.021058333333326993,0.012499999999998623,0.2375000000000005,0.2375000000000005,True,True,True,True,True,True,0.5085583333333266
1.05,0.54,0.25,2.5263682500000002e-05,0.24365,1.322623076923077e-10,0.0,1.322623076923077e-10,1.01,1.0150000000000001,True,True,True,0.021058333333326993,0.012499999999998623,0.11311538461538484,0.11311538461538484,True,True,True,True,True,True,0.25978910256409526
1.05,0.54,0.27,2.5263682500000002e-05,0.24365,1.2986480362537764e-10,0.0,1.2986480362537764e-10,1.01,1.0150000000000001,True,True,True,0.021058333333326993,0.012499999999998623,0.0067598187311174625,0.0067598187311174625,True,True,True,True,True,True,0.04707797079556053
1.05,0.54,0.29,2.5263682500000002e-05,0.24365,1.2755267062314542e-10,0.0,1.2755267062314542e-10,1.01,1.0150000000000001,True,True,True,0.021058333333326993,0.012499999999998623,0.12236646884272868,0.12236646884272868,True,True,True,True,True,True,0.278291271018783
1.05,0.54,0.31,2.5263682500000002e-05,0.24365,1.2532142857142858e-10,0.0,1.2532142857142858e-10,1.01,1.0150000000000001,True,True,True,0.021058333333326993,0.012499999999998623,0.23392857142857063,0.23392857142857063,True,True,True,True,True,True,0.5014154761904669
1.05,0.54,0.33,2.5263682500000002e-05,0.24365,1.2316690544412608e-10,0.0,1.2316690544412608e-10,1.01,1.0150000000000001,True,True,True,0.021058333333326993,0.012499999999998623,0.34165472779369543,0.34165472779369543,True,True,True,True,True,True,0.7168677889207165
1.05,0.54,0.35,2.5263682500000002e-05,0.24365,1.2108521126760565e-10,0.0,1.2108521126760565e-10,1.01,1.0150000000000001,True,True,True,0.021058333333326993,0.012499999999998623,0.44573943661971727,0.44573943661971727,True,True,True,True,True,True,0.9250372065727601
1.05,0.56,0.15,2.5263682500000002e-05,0.24365,1.4760508474576272e-10,0.0,1.4760508474576272e-10,1.01,1.0150000000000001,True,True,True,0.021058333333326993,0.012499999999998623,0.8802542372881368,0.8802542372881368,True,True,True,True,True,True,1.7940668079095992
1.05,0.56,0.17,2.5263682500000002e-05,0.24365,1.4466279069767444e-10,0.0,1.4466279069767444e-10,1.01,1.0150000000000001,True,True,True,0.021058333333326993,0.012499999999998623,0.7331395348837225,0.7331395348837225,True,True,True,True,True,True,1.4998374031007706
1.05,0.56,0.19,2.5263682500000002e-05,0.24365,1.418355048859935e-10,0.0,1.418355048859935e-10,1.01,1.0150000000000001,True,True,True,0.021058333333326993,0.012499999999998623,0.5917752442996757,0.5917752442996757,True,True,True,True,True,True,1.2171088219326769
1.05,0.56,0.21,2.5263682500000002e-05,0.24365,1.3911661341853037e-10,0.0,1.3911661341853037e-10,1.01,1.0150000000000001,True,True,True,0.021058333333326993,0.012499999999998623,0.4558306709265189,0.4558306709265189,True,True,True,True,True,True,0.9452196751863635
1.05,0.56,0.23,2.5263682500000002e-05,0.24365,1.3650000000000002e-10,0.0,1.3650000000000002e-10,1.01,1.0150000000000001,True,True,True,0.021058333333326993,0.012499999999998623,0.3250000000000015,0.3250000000000015,True,True,True,True,True,True,0.6835583333333286
1.05,0.56,0.25,2.5263682500000002e-05,0.24365,1.3398e-10,0.0,1.3398e-10,1.01,1.0150000000000001,True,True,True,0.021058333333326993,0.012499999999998623,0.1990000000000011,0.1990000000000011,True,True,True,True,True,True,0.4315583333333278
1.05,0.56,0.27,2.5263682500000002e-05,0.24365,1.3155135951661631e-10,0.0,1.3155135951661631e-10,1.01,1.0150000000000001,True,True,True,0.021058333333326993,0.012499999999998623,0.07756797583081618,0.07756797583081618,True,True,True,True,True,True,0.18869428499495797
1.05,0.56,0.29,2.5263682500000002e-05,0.24365,1.292091988130564e-10,0.0,1.292091988130564e-10,1.01,1.0150000000000001,True,True,True,0.021058333333326993,0.012499999999998623,0.039540059347179454,0.039540059347179454,True,True,True,True,True,True,0.11263845202768452
1.05,0.56,0.31,2.5263682500000002e-05,0.24365,1.2694897959183677e-10,0.0,1.2694897959183677e-10,1.01,1.0150000000000001,True,True,True,0.021058333333326993,0.012499999999998623,0.15255102040816126,0.15255102040816126,True,True,True,True,True,True,0.3386603741496481
1.05,0.56,0.33,2.5263682500000002e-05,0.24365,1.2476647564469915e-10,0.0,1.2476647564469915e-10,1.01,1.0150000000000001,True,True,True,0.021058333333326993,0.012499999999998623,0.26167621776504185,0.26167621776504185,True,True,True,True,True,True,0.5569107688634094
1.05,0.56,0.35,2.5263682500000002e-05,0.24365,1.2265774647887326e-10,0.0,1.2265774647887326e-10,1.01,1.0150000000000001,True,True,True,0.021058333333326993,0.012499999999998623,0.36711267605633663,0.36711267605633663,True,True,True,True,True,True,0.767783685445999
1.05,0.58,0.15,2.5263682500000002e-05,0.24365,1.4949745762711866e-10,0.0,1.4949745762711866e-10,1.01,1.0150000000000001,True,True,True,0.021058333333326993,0.012499999999998623,0.9748728813559334,0.9748728813559334,True,True,True,True,True,True,1.9833040960451926
1.05,0.58,0.17,2.5263682500000002e-05,0.24365,1.4651744186046514e-10,0.0,1.4651744186046514e-10,1.01,1.0150000000000001,True,True,True,0.021058333333326993,0.012499999999998623,0.8258720930232574,0.8258720930232574,True,True,True,True,True,True,1.6853025193798403
1.05,0.58,0.19,2.5263682500000002e-05,0.24365,1.436539087947883e-10,0.0,1.436539087947883e-10,1.01,1.0150000000000001,True,True,True,0.021058333333326993,0.012499999999998623,0.6826954397394153,0.6826954397394153,True,True,True,True,True,True,1.3989492128121561
1.05,0.58,0.21,2.5263682500000002e-05,0.24365,1.4090015974440896e-10,0.0,1.4090015974440896e-10,1.01,1.0150000000000001,True,True,True,0.021058333333326993,0.012499999999998623,0.5450079872204485,0.5450079872204485,True,True,True,True,True,True,1.1235743077742226
1.05,0.58,0.23,2.5263682500000002e-05,0.24365,1.3825000000000001e-10,0.0,1.3825000000000001e-10,1.01,1.0150000000000001,True,True,True,0.021058333333326993,0.012499999999998623,0.4125000000000012,0.4125000000000012,True,True,True,True,True,True,0.858558333333328
1.05,0.58,0.25,2.5263682500000002e-05,0.24365,1.356976923076923e-10,0.0,1.356976923076923e-10,1.01,1.0150000000000001,True,True,True,0.021058333333326993,0.012499999999998623,0.284884615384616,0.284884615384616,True,True,True,True,True,True,0.6033275641025577
1.05,0.58,0.27,2.5263682500000002e-05,0.24365,1.3323791540785499e-10,0.0,1.3323791540785499e-10,1.01,1.0150000000000001,True,True,True,0.021058333333326993,0.012499999999998623,0.16189577039274983,0.16189577039274983,True,True,True,True,True,True,0.35734987411882524
1.05,0.58,0.29,2.5263682500000002e-05,0.24365,1.3086572700296739e-10,0.0,1.3086572700296739e-10,1.01,1.0150000000000001,True,True,True,0.021058333333326993,0.012499999999998623,0.043286350148369776,0.043286350148369776,True,True,True,True,True,True,0.12013103363006516
1.05,0.58,0.31,2.5263682500000002e-05,0.24365,1.2857653061224493e-10,0.0,1.2857653061224493e-10,1.01,1.0150000000000001,True,True,True,0.021058333333326993,0.012499999999998623,0.0711734693877532,0.0711734693877532,True,True,True,True,True,True,0.175905272108832
1.05,0.58,0.33,2.5263682500000002e-05,0.24365,1.2636604584527223e-10,0.0,1.2636604584527223e-10,1.01,1.0150000000000001,True,True,True,0.021058333333326993,0.012499999999998623,0.18169770773638824,0.18169770773638824,True,True,True,True,True,True,0.3969537488061021
1.05,0.58,0.35,2.5263682500000002e-05,0.24365,1.2423028169014087e-10,0.0,1.2423028169014087e-10,1.01,1.0150000000000001,True,True,True,0.021058333333326993,0.012499999999998623,0.288485915492956,0.288485915492956,True,True,True,True,True,True,0.6105301643192376
1.05,0.6,0.15,2.5263682500000002e-05,0.24365,1.513898305084746e-10,0.0,1.513898305084746e-10,1.01,1.0150000000000001,True,True,True,0.021058333333326993,0.012499999999998623,1.06949152542373,1.06949152542373,True,True,False,False,True,False,2.1725413841807857
1.05,0.6,0.17,2.5263682500000002e-05,0.24365,1.4837209302325583e-10,0.0,1.4837209302325583e-10,1.01,1.0150000000000001,True,True,True,0.021058333333326993,0.012499999999998623,0.9186046511627922,0.9186046511627922,True,True,True,True,True,True,1.87076763565891
1.05,0.6,0.19,2.5263682500000002e-05,0.24365,1.4547231270358308e-10,0.0,1.4547231270358308e-10,1.01,1.0150000000000001,True,True,True,0.021058333333326993,0.012499999999998623,0.7736156351791548,0.7736156351791548,True,True,True,True,True,True,1.5807896036916351
1.05,0.6,0.21,2.5263682500000002e-05,0.24365,1.4268370607028755e-10,0.0,1.4268370607028755e-10,1.01,1.0150000000000001,True,True,True,0.021058333333326993,0.012499999999998623,0.6341853035143781,0.6341853035143781,True,True,True,True,True,True,1.3019289403620817
1.05,0.6,0.23,2.5263682500000002e-05,0.24365,1.4e-10,0.0,1.4e-10,1.01,1.0150000000000001,True,True,True,0.021058333333326993,0.012499999999998623,0.5000000000000009,0.5000000000000009,True,True,True,True,True,True,1.0335583333333274
1.05,0.6,0.25,2.5263682500000002e-05,0.24365,1.3741538461538464e-10,0.0,1.3741538461538464e-10,1.01,1.0150000000000001,True,True,True,0.021058333333326993,0.012499999999998623,0.3707692307692323,0.3707692307692323,True,True,True,True,True,True,0.7750967948717902
1.05,0.6,0.27,2.5263682500000002e-05,0.24365,1.3492447129909366e-10,0.0,1.3492447129909366e-10,1.01,1.0150000000000001,True,True,True,0.021058333333326993,0.012499999999998623,0.24622356495468345,0.24622356495468345,True,True,True,True,True,True,0.5260054632426925
1.05,0.6,0.29,2.5263682500000002e-05,0.24365,1.3252225519287837e-10,0.0,1.3252225519287837e-10,1.01,1.0150000000000001,True,True,True,0.021058333333326993,0.012499999999998623,0.126112759643919,0.126112759643919,True,True,True,True,True,True,0.28578385262116357
1.05,0.6,0.31,2.5263682500000002e-05,0.24365,1.302040816326531e-10,0.0,1.302040816326531e-10,1.01,1.0150000000000001,True,True,True,0.021058333333326993,0.012499999999998623,0.010204081632654873,0.010204081632654873,True,True,True,True,True,True,0.053966496598635366
1.05,0.6,0.33,2.5263682500000002e-05,0.24365,1.279656160458453e-10,0.0,1.279656160458453e-10,1.01,1.0150000000000001,True,True,True,0.021058333333326993,0.012499999999998623,0.10171919770773466,0.10171919770773466,True,True,True,True,True,True,0.23699672874879493
1.05,0.6,0.35,2.5263682500000002e-05,0.24365,1.2580281690140846e-10,0.0,1.2580281690140846e-10,1.01,1.0150000000000001,True,True,True,0.021058333333326993,0.012499999999998623,0.20985915492957663,0.20985915492957663,True,True,True,True,True,True,0.45327664319247885
1.06,0.4,0.15,2.5262419000000003e-05,0.24366000000000002,1.3285762711864407e-10,0.0,1.3285762711864407e-10,1.012,1.018,True,True,True,0.025269999999992392,0.015000000000001124,0.14288135593220383,0.14288135593220383,True,True,True,True,True,True,0.3260327118644012
1.06,0.4,0.17,2.5262419000000003e-05,0.24366000000000002,1.302093023255814e-10,0.0,1.302093023255814e-10,1.012,1.018,True,True,True,0.025269999999992392,0.015000000000001124,0.010465116279070333,0.010465116279070333,True,True,True,True,True,True,0.061200232558134185
1.06,0.4,0.19,2.5262419000000003e-05,0.24366000000000002,1.276644951140065e-10,0.0,1.276644951140065e-10,1.012,1.018,True,True,True,0.025269999999992392,0.015000000000001124,0.11677524429967473,0.11677524429967473,True,True,True,True,True,True,0.273820488599343
1.06,0.4,0.21,2.5262419000000003e-05,0.24366000000000002,1.2521725239616613e-10,0.0,1.2521725239616613e-10,1.012,1.018,True,True,True,0.025269999999992392,0.015000000000001124,0.2391373801916929,0.2391373801916929,True,True,True,True,True,True,0.5185447603833793
1.06,0.4,0.23,2.5262419000000003e-05,0.24366000000000002,1.2286206896551722e-10,0.0,1.2286206896551722e-10,1.012,1.018,True,True,True,0.025269999999992392,0.015000000000001124,0.35689655172413853,0.35689655172413853,True,True,True,True,True,True,0.7540631034482705
1.06,0.4,0.25,2.5262419000000003e-05,0.24366000000000002,1.2059384615384614e-10,0.0,1.2059384615384614e-10,1.012,1.018,True,True,True,0.025269999999992392,0.015000000000001124,0.4703076923076927,0.4703076923076927,True,True,True,True,True,True,0.9808853846153789
1.06,0.4,0.27,2.5262419000000003e-05,0.24366000000000002,1.1840785498489425e-10,0.0,1.1840785498489425e-10,1.012,1.018,True,True,True,0.025269999999992392,0.015000000000001124,0.579607250755287,0.579607250755287,True,True,True,True,True,True,1.1994845015105673
1.06,0.4,0.29,2.5262419000000003e-05,0.24366000000000002,1.1629970326409495e-10,0.0,1.1629970326409495e-10,1.012,1.018,True,True,True,0.025269999999992392,0.015000000000001124,0.6850148367952519,0.6850148367952519,True,True,True,True,True,True,1.4102996735904973
1.06,0.4,0.31,2.5262419000000003e-05,0.24366000000000002,1.1426530612244898e-10,0.0,1.1426530612244898e-10,1.012,1.018,True,True,True,0.025269999999992392,0.015000000000001124,0.7867346938775505,0.7867346938775505,True,True,True,True,True,True,1.6137393877550945
1.06,0.4,0.33,2.5262419000000003e-05,0.24366000000000002,1.1230085959885386e-10,0.0,1.1230085959885386e-10,1.012,1.018,True,True,True,0.025269999999992392,0.015000000000001124,0.8849570200573067,0.8849570200573067,True,True,True,True,True,True,1.8101840401146068
1.06,0.4,0.35,2.5262419000000003e-05,0.24366000000000002,1.1040281690140844e-10,0.0,1.1040281690140844e-10,1.012,1.018,True,True,True,0.025269999999992392,0.015000000000001124,0.9798591549295776,0.9798591549295776,True,True,True,True,True,True,1.9999883098591489
1.06,0.42,0.15,2.5262419000000003e-05,0.24366000000000002,1.3475559322033899e-10,0.0,1.3475559322033899e-10,1.012,1.018,True,True,True,0.025269999999992392,0.015000000000001124,0.23777966101694978,0.23777966101694978,True,True,True,True,True,True,0.5158293220338931
1.06,0.42,0.17,2.5262419000000003e-05,0.24366000000000002,1.3206943521594685e-10,0.0,1.3206943521594685e-10,1.012,1.018,True,True,True,0.025269999999992392,0.015000000000001124,0.10347176079734312,0.10347176079734312,True,True,True,True,True,True,0.24721352159467974
1.06,0.42,0.19,2.5262419000000003e-05,0.24366000000000002,1.2948827361563518e-10,0.0,1.2948827361563518e-10,1.012,1.018,True,True,True,0.025269999999992392,0.015000000000001124,0.0255863192182404,0.0255863192182404,True,True,True,True,True,True,0.09144263843647432
1.06,0.42,0.21,2.5262419000000003e-05,0.24366000000000002,1.2700607028753993e-10,0.0,1.2700607028753993e-10,1.012,1.018,True,True,True,0.025269999999992392,0.015000000000001124,0.14969648562300325,0.14969648562300325,True,True,True,True,True,True,0.33966297124600003
1.06,0.42,0.23,2.5262419000000003e-05,0.24366000000000002,1.2461724137931035e-10,0.0,1.2461724137931035e-10,1.012,1.018,True,True,True,0.025269999999992392,0.015000000000001124,0.2691379310344822,0.2691379310344822,True,True,True,True,True,True,0.5785458620689579
1.06,0.42,0.25,2.5262419000000003e-05,0.24366000000000002,1.2231661538461537e-10,0.0,1.2231661538461537e-10,1.012,1.018,True,True,True,0.025269999999992392,0.015000000000001124,0.38416923076923093,0.38416923076923093,True,True,True,True,True,True,0.8086084615384554
1.06,0.42,0.27,2.5262419000000003e-05,0.24366000000000002,1.2009939577039275e-10,0.0,1.2009939577039275e-10,1.012,1.018,True,True,True,0.025269999999992392,0.015000000000001124,0.49503021148036214,0.49503021148036214,True,True,True,True,True,True,1.0303304229607178
1.06,0.42,0.29,2.5262419000000003e-05,0.24366000000000002,1.1796112759643919e-10,0.0,1.1796112759643919e-10,1.012,1.018,True,True,True,0.025269999999992392,0.015000000000001124,0.6019436201780403,0.6019436201780403,True,True,True,True,True,True,1.2441572403560741
1.06,0.42,0.31,2.5262419000000003e-05,0.24366000000000002,1.1589766763848398e-10,0.0,1.1589766763848398e-10,1.012,1.018,True,True,True,0.025269999999992392,0.015000000000001124,0.7051166180758007,0.7051166180758007,True,True,True,True,True,True,1.450503236151595
1.06,0.42,0.33,2.5262419000000003e-05,0.24366000000000002,1.1390515759312321e-10,0.0,1.1390515759312321e-10,1.012,1.018,True,True,True,0.025269999999992392,0.015000000000001124,0.8047421203438389,0.8047421203438389,True,True,True,True,True,True,1.6497542406876713
1.06,0.42,0.35,2.5262419000000003e-05,0.24366000000000002,1.1198e-10,0.0,1.1198e-10,1.012,1.018,True,True,True,0.025269999999992392,0.015000000000001124,0.9009999999999997,0.9009999999999997,True,True,True,True,True,True,1.842269999999993
1.06,0.44,0.15,2.5262419000000003e-05,0.24366000000000002,1.3665355932203388e-10,0.0,1.3665355932203388e-10,1.012,1.018,True,True,True,0.025269999999992392,0.015000000000001124,0.3326779661016944,0.3326779661016944,True,True,True,True,True,True,0.7056259322033824
1.06,0.44,0.17,2.5262419000000003e-05,0.24366000000000002,1.3392956810631228e-10,0.0,1.3392956810631228e-10,1.012,1.018,True,True,True,0.025269999999992392,0.015000000000001124,0.1964784053156146,0.1964784053156146,True,True,True,True,True,True,0.43322681063122276
1.06,0.44,0.19,2.5262419000000003e-05,0.24366000000000002,1.3131205211726382e-10,0.0,1.3131205211726382e-10,1.012,1.018,True,True,True,0.025269999999992392,0.015000000000001124,0.06560260586319135,0.06560260586319135,True,True,True,True,True,True,0.1714752117263762
1.06,0.44,0.21,2.5262419000000003e-05,0.24366000000000002,1.2879488817891372e-10,0.0,1.2879488817891372e-10,1.012,1.018,True,True,True,0.025269999999992392,0.015000000000001124,0.06025559105431361,0.06025559105431361,True,True,True,True,True,True,0.16078118210862075
1.06,0.44,0.23,2.5262419000000003e-05,0.24366000000000002,1.2637241379310342e-10,0.0,1.2637241379310342e-10,1.012,1.018,True,True,True,0.025269999999992392,0.015000000000001124,0.18137931034482838,0.18137931034482838,True,True,True,True,True,True,0.4030286206896503
1.06,0.44,0.25,2.5262419000000003e-05,0.24366000000000002,1.240393846153846e-10,0.0,1.240393846153846e-10,1.012,1.018,True,True,True,0.025269999999992392,0.015000000000001124,0.2980307692307691,0.2980307692307691,True,True,True,True,True,True,0.6363315384615318
1.06,0.44,0.27,2.5262419000000003e-05,0.24366000000000002,1.2179093655589122e-10,0.0,1.2179093655589122e-10,1.012,1.018,True,True,True,0.025269999999992392,0.015000000000001124,0.4104531722054386,0.4104531722054386,True,True,True,True,True,True,0.8611763444108707
1.06,0.44,0.29,2.5262419000000003e-05,0.24366000000000002,1.196225519287834e-10,0.0,1.196225519287834e-10,1.012,1.018,True,True,True,0.025269999999992392,0.015000000000001124,0.5188724035608301,0.5188724035608301,True,True,True,True,True,True,1.0780148071216535
1.06,0.44,0.31,2.5262419000000003e-05,0.24366000000000002,1.1753002915451896e-10,0.0,1.1753002915451896e-10,1.012,1.018,True,True,True,0.025269999999992392,0.015000000000001124,0.6234985422740517,0.6234985422740517,True,True,True,True,True,True,1.287267084548097
1.06,0.44,0.33,2.5262419000000003e-05,0.24366000000000002,1.1550945558739255e-10,0.0,1.1550945558739255e-10,1.012,1.018,True,True,True,0.025269999999992392,0.015000000000001124,0.7245272206303723,0.7245272206303723,True,True,True,True,True,True,1.489324441260738
1.06,0.44,0.35,2.5262419000000003e-05,0.24366000000000002,1.1355718309859154e-10,0.0,1.1355718309859154e-10,1.012,1.018,True,True,True,0.025269999999992392,0.015000000000001124,0.8221408450704224,0.8221408450704224,True,True,True,True,True,True,1.6845516901408382
1.06,0.46,0.15,2.5262419000000003e-05,0.24366000000000002,1.3855152542372882e-10,0.0,1.3855152542372882e-10,1.012,1.018,True,True,True,0.025269999999992392,0.015000000000001124,0.4275762711864417,0.4275762711864417,True,True,True,True,True,True,0.895422542372877
1.06,0.46,0.17,2.5262419000000003e-05,0.24366000000000002,1.3578970099667774e-10,0.0,1.3578970099667774e-10,1.012,1.018,True,True,True,0.025269999999992392,0.015000000000001124,0.2894850498338874,0.2894850498338874,True,True,True,True,True,True,0.6192400996677683
1.06,0.46,0.19,2.5262419000000003e-05,0.24366000000000002,1.331358306188925e-10,0.0,1.331358306188925e-10,1.012,1.018,True,True,True,0.025269999999992392,0.015000000000001124,0.15679153094462567,0.15679153094462567,True,True,True,True,True,True,0.35385306188924487
1.06,0.46,0.21,2.5262419000000003e-05,0.24366000000000002,1.3058370607028754e-10,0.0,1.3058370607028754e-10,1.012,1.018,True,True,True,0.025269999999992392,0.015000000000001124,0.029185303514377318,0.029185303514377318,True,True,True,True,True,True,0.09864060702874815
1.06,0.46,0.23,2.5262419000000003e-05,0.24366000000000002,1.2812758620689655e-10,0.0,1.2812758620689655e-10,1.012,1.018,True,True,True,0.025269999999992392,0.015000000000001124,0.09362068965517199,0.09362068965517199,True,True,True,True,True,True,0.2275113793103375
1.06,0.46,0.25,2.5262419000000003e-05,0.24366000000000002,1.2576215384615384e-10,0.0,1.2576215384615384e-10,1.012,1.018,True,True,True,0.025269999999992392,0.015000000000001124,0.21189230769230732,0.21189230769230732,True,True,True,True,True,True,0.4640546153846082
1.06,0.46,0.27,2.5262419000000003e-05,0.24366000000000002,1.2348247734138972e-10,0.0,1.2348247734138972e-10,1.012,1.018,True,True,True,0.025269999999992392,0.015000000000001124,0.32587613293051376,0.32587613293051376,True,True,True,True,True,True,0.6920222658610211
1.06,0.46,0.29,2.5262419000000003e-05,0.24366000000000002,1.212839762611276e-10,0.0,1.212839762611276e-10,1.012,1.018,True,True,True,0.025269999999992392,0.015000000000001124,0.4358011869436198,0.4358011869436198,True,True,True,True,True,True,0.9118723738872332
1.06,0.46,0.31,2.5262419000000003e-05,0.24366000000000002,1.1916239067055394e-10,0.0,1.1916239067055394e-10,1.012,1.018,True,True,True,0.025269999999992392,0.015000000000001124,0.5418804664723026,0.5418804664723026,True,True,True,True,True,True,1.1240309329445988
1.06,0.46,0.33,2.5262419000000003e-05,0.24366000000000002,1.171137535816619e-10,0.0,1.171137535816619e-10,1.012,1.018,True,True,True,0.025269999999992392,0.015000000000001124,0.6443123209169052,0.6443123209169052,True,True,True,True,True,True,1.328894641833804
1.06,0.46,0.35,2.5262419000000003e-05,0.24366000000000002,1.151343661971831e-10,0.0,1.151343661971831e-10,1.012,1.018,True,True,True,0.025269999999992392,0.015000000000001124,0.7432816901408444,0.7432816901408444,True,True,True,True,True,True,1.5268333802816825
1.06,0.48,0.15,2.5262419000000003e-05,0.24366000000000002,1.4044949152542374e-10,0.0,1.4044949152542374e-10,1.012,1.018,True,True,True,0.025269999999992392,0.015000000000001124,0.5224745762711877,0.5224745762711877,True,True,True,True,True,True,1.085219152542369
1.06,0.48,0.17,2.5262419000000003e-05,0.24366000000000002,1.376498338870432e-10,0.0,1.376498338870432e-10,1.012,1.018,True,True,True,0.025269999999992392,0.015000000000001124,0.3824916943521602,0.3824916943521602,True,True,True,True,True,True,0.8052533887043138
1.06,0.48,0.19,2.5262419000000003e-05,0.24366000000000002,1.349596091205212e-10,0.0,1.349596091205212e-10,1.012,1.018,True,True,True,0.025269999999992392,0.015000000000001124,0.24798045602605998,0.24798045602605998,True,True,True,True,True,True,0.5362309120521135
1.06,0.48,0.21,2.5262419000000003e-05,0.24366000000000002,1.3237252396166136e-10,0.0,1.3237252396166136e-10,1.012,1.018,True,True,True,0.025269999999992392,0.015000000000001124,0.11862619808306825,0.11862619808306825,True,True,True,True,True,True,0.27752239616613
1.06,0.48,0.23,2.5262419000000003e-05,0.24366000000000002,1.2988275862068965e-10,0.0,1.2988275862068965e-10,1.012,1.018,True,True,True,0.025269999999992392,0.015000000000001124,0.005862068965516901,0.005862068965516901,True,True,True,True,True,True,0.05199413793102732
1.06,0.48,0.25,2.5262419000000003e-05,0.24366000000000002,1.2748492307692308e-10,0.0,1.2748492307692308e-10,1.012,1.018,True,True,True,0.025269999999992392,0.015000000000001124,0.12575384615384552,0.12575384615384552,True,True,True,True,True,True,0.2917776923076846
1.06,0.48,0.27,2.5262419000000003e-05,0.24366000000000002,1.251740181268882e-10,0.0,1.251740181268882e-10,1.012,1.018,True,True,True,0.025269999999992392,0.015000000000001124,0.24129909365558894,0.24129909365558894,True,True,True,True,True,True,0.5228681873111714
1.06,0.48,0.29,2.5262419000000003e-05,0.24366000000000002,1.2294540059347183e-10,0.0,1.2294540059347183e-10,1.012,1.018,True,True,True,0.025269999999992392,0.015000000000001124,0.35272997032640824,0.35272997032640824,True,True,True,True,True,True,0.74572994065281
1.06,0.48,0.31,2.5262419000000003e-05,0.24366000000000002,1.2079475218658895e-10,0.0,1.2079475218658895e-10,1.012,1.018,True,True,True,0.025269999999992392,0.015000000000001124,0.4602623906705522,0.4602623906705522,True,True,True,True,True,True,0.9607947813410979
1.06,0.48,0.33,2.5262419000000003e-05,0.24366000000000002,1.1871805157593125e-10,0.0,1.1871805157593125e-10,1.012,1.018,True,True,True,0.025269999999992392,0.015000000000001124,0.5640974212034373,0.5640974212034373,True,True,True,True,True,True,1.168464842406868
1.06,0.48,0.35,2.5262419000000003e-05,0.24366000000000002,1.1671154929577465e-10,0.0,1.1671154929577465e-10,1.012,1.018,True,True,True,0.025269999999992392,0.015000000000001124,0.6644225352112672,0.6644225352112672,True,True,True,True,True,True,1.3691150704225277
1.06,0.5,0.15,2.5262419000000003e-05,0.24366000000000002,1.4234745762711864e-10,0.0,1.4234745762711864e-10,1.012,1.018,True,True,True,0.025269999999992392,0.015000000000001124,0.6173728813559323,0.6173728813559323,True,True,True,True,True,True,1.275015762711858
1.06,0.5,0.17,2.5262419000000003e-05,0.24366000000000002,1.3950996677740862e-10,0.0,1.3950996677740862e-10,1.012,1.018,True,True,True,0.025269999999992392,0.015000000000001124,0.47549833887043164,0.47549833887043164,True,True,True,True,True,True,0.9912666777408567
1.06,0.5,0.19,2.5262419000000003e-05,0.24366000000000002,1.3678338762214982e-10,0.0,1.3678338762214982e-10,1.012,1.018,True,True,True,0.025269999999992392,0.015000000000001124,0.33916938110749173,0.33916938110749173,True,True,True,True,True,True,0.718608762214977
1.06,0.5,0.21,2.5262419000000003e-05,0.24366000000000002,1.3416134185303515e-10,0.0,1.3416134185303515e-10,1.012,1.018,True,True,True,0.025269999999992392,0.015000000000001124,0.20806709265175788,0.20806709265175788,True,True,True,True,True,True,0.4564041853035093
1.06,0.5,0.23,2.5262419000000003e-05,0.24366000000000002,1.3163793103448275e-10,0.0,1.3163793103448275e-10,1.012,1.018,True,True,True,0.025269999999992392,0.015000000000001124,0.08189655172413819,0.08189655172413819,True,True,True,True,True,True,0.2040631034482699
1.06,0.5,0.25,2.5262419000000003e-05,0.24366000000000002,1.292076923076923e-10,0.0,1.292076923076923e-10,1.012,1.018,True,True,True,0.025269999999992392,0.015000000000001124,0.03961538461538504,0.03961538461538504,True,True,True,True,True,True,0.1195007692307636
1.06,0.5,0.27,2.5262419000000003e-05,0.24366000000000002,1.2686555891238668e-10,0.0,1.2686555891238668e-10,1.012,1.018,True,True,True,0.025269999999992392,0.015000000000001124,0.1567220543806654,0.1567220543806654,True,True,True,True,True,True,0.3537141087613243
1.06,0.5,0.29,2.5262419000000003e-05,0.24366000000000002,1.2460682492581603e-10,0.0,1.2460682492581603e-10,1.012,1.018,True,True,True,0.025269999999992392,0.015000000000001124,0.26965875370919795,0.26965875370919795,True,True,True,True,True,True,0.5795875074183894
1.06,0.5,0.31,2.5262419000000003e-05,0.24366000000000002,1.224271137026239e-10,0.0,1.224271137026239e-10,1.012,1.018,True,True,True,0.025269999999992392,0.015000000000001124,0.3786443148688044,0.3786443148688044,True,True,True,True,True,True,0.7975586297376023
1.06,0.5,0.33,2.5262419000000003e-05,0.24366000000000002,1.2032234957020058e-10,0.0,1.2032234957020058e-10,1.012,1.018,True,True,True,0.025269999999992392,0.015000000000001124,0.48388252148997074,0.48388252148997074,True,True,True,True,True,True,1.008035042979935
1.06,0.5,0.35,2.5262419000000003e-05,0.24366000000000002,1.182887323943662e-10,0.0,1.182887323943662e-10,1.012,1.018,True,True,True,0.025269999999992392,0.015000000000001124,0.5855633802816899,0.5855633802816899,True,True,True,True,True,True,1.2113967605633733
1.06,0.52,0.15,2.5262419000000003e-05,0.24366000000000002,1.4424542372881358e-10,0.0,1.4424542372881358e-10,1.012,1.018,True,True,True,0.025269999999992392,0.015000000000001124,0.7122711864406795,0.7122711864406795,True,True,True,True,True,True,1.4648123728813527
1.06,0.52,0.17,2.5262419000000003e-05,0.24366000000000002,1.413700996677741e-10,0.0,1.413700996677741e-10,1.012,1.018,True,True,True,0.025269999999992392,0.015000000000001124,0.5685049833887057,0.5685049833887057,True,True,True,True,True,True,1.1772799667774048
1.06,0.52,0.19,2.5262419000000003e-05,0.24366000000000002,1.386071661237785e-10,0.0,1.386071661237785e-10,1.012,1.018,True,True,True,0.025269999999992392,0.015000000000001124,0.43035830618892607,0.43035830618892607,True,True,True,True,True,True,0.9009866123778456
1.06,0.52,0.21,2.5262419000000003e-05,0.24366000000000002,1.3595015974440894e-10,0.0,1.3595015974440894e-10,1.012,1.018,True,True,True,0.025269999999992392,0.015000000000001124,0.2975079872204475,0.2975079872204475,True,True,True,True,True,True,0.6352859744408885
1.06,0.52,0.23,2.5262419000000003e-05,0.24366000000000002,1.3339310344827586e-10,0.0,1.3339310344827586e-10,1.012,1.018,True,True,True,0.025269999999992392,0.015000000000001124,0.16965517241379327,0.16965517241379327,True,True,True,True,True,True,0.3795803448275801
1.06,0.52,0.25,2.5262419000000003e-05,0.24366000000000002,1.3093046153846153e-10,0.0,1.3093046153846153e-10,1.012,1.018,True,True,True,0.025269999999992392,0.015000000000001124,0.04652307692307675,0.04652307692307675,True,True,True,True,True,True,0.13331615384614703
1.06,0.52,0.27,2.5262419000000003e-05,0.24366000000000002,1.2855709969788518e-10,0.0,1.2855709969788518e-10,1.012,1.018,True,True,True,0.025269999999992392,0.015000000000001124,0.07214501510574055,0.07214501510574055,True,True,True,True,True,True,0.1845600302114746
1.06,0.52,0.29,2.5262419000000003e-05,0.24366000000000002,1.2626824925816026e-10,0.0,1.2626824925816026e-10,1.012,1.018,True,True,True,0.025269999999992392,0.015000000000001124,0.18658753709198642,0.18658753709198642,True,True,True,True,True,True,0.41344507418396637
1.06,0.52,0.31,2.5262419000000003e-05,0.24366000000000002,1.240594752186589e-10,0.0,1.240594752186589e-10,1.012,1.018,True,True,True,0.025269999999992392,0.015000000000001124,0.29702623906705405,0.29702623906705405,True,True,True,True,True,True,0.6343224781341017
1.06,0.52,0.33,2.5262419000000003e-05,0.24366000000000002,1.2192664756446993e-10,0.0,1.2192664756446993e-10,1.012,1.018,True,True,True,0.025269999999992392,0.015000000000001124,0.4036676217765029,0.4036676217765029,True,True,True,True,True,True,0.8476052435529993
1.06,0.52,0.35,2.5262419000000003e-05,0.24366000000000002,1.1986591549295777e-10,0.0,1.1986591549295777e-10,1.012,1.018,True,True,True,0.025269999999992392,0.015000000000001124,0.5067042253521113,0.5067042253521113,True,True,True,True,True,True,1.0536784507042163
1.06,0.54,0.15,2.5262419000000003e-05,0.24366000000000002,1.461433898305085e-10,0.0,1.461433898305085e-10,1.012,1.018,True,True,True,0.025269999999992392,0.015000000000001124,0.8071694915254255,0.8071694915254255,True,True,True,True,True,True,1.6546089830508444
1.06,0.54,0.17,2.5262419000000003e-05,0.24366000000000002,1.4323023255813956e-10,0.0,1.4323023255813956e-10,1.012,1.018,True,True,True,0.025269999999992392,0.015000000000001124,0.6615116279069785,0.6615116279069785,True,True,True,True,True,True,1.3632932558139506
1.06,0.54,0.19,2.5262419000000003e-05,0.24366000000000002,1.4043094462540717e-10,0.0,1.4043094462540717e-10,1.012,1.018,True,True,True,0.025269999999992392,0.015000000000001124,0.5215472312703591,0.5215472312703591,True,True,True,True,True,True,1.0833644625407115
1.06,0.54,0.21,2.5262419000000003e-05,0.24366000000000002,1.3773897763578276e-10,0.0,1.3773897763578276e-10,1.012,1.018,True,True,True,0.025269999999992392,0.015000000000001124,0.38694888178913844,0.38694888178913844,True,True,True,True,True,True,0.8141677635782705
1.06,0.54,0.23,2.5262419000000003e-05,0.24366000000000002,1.3514827586206898e-10,0.0,1.3514827586206898e-10,1.012,1.018,True,True,True,0.025269999999992392,0.015000000000001124,0.25741379310344964,0.25741379310344964,True,True,True,True,True,True,0.5550975862068928
1.06,0.54,0.25,2.5262419000000003e-05,0.24366000000000002,1.3265323076923079e-10,0.0,1.3265323076923079e-10,1.012,1.018,True,True,True,0.025269999999992392,0.015000000000001124,0.13266153846153983,0.13266153846153983,True,True,True,True,True,True,0.3055930769230732
1.06,0.54,0.27,2.5262419000000003e-05,0.24366000000000002,1.3024864048338368e-10,0.0,1.3024864048338368e-10,1.012,1.018,True,True,True,0.025269999999992392,0.015000000000001124,0.012432024169184293,0.012432024169184293,True,True,True,True,True,True,0.0651340483383621
1.06,0.54,0.29,2.5262419000000003e-05,0.24366000000000002,1.2792967359050447e-10,0.0,1.2792967359050447e-10,1.012,1.018,True,True,True,0.025269999999992392,0.015000000000001124,0.10351632047477616,0.10351632047477616,True,True,True,True,True,True,0.24730264094954585
1.06,0.54,0.31,2.5262419000000003e-05,0.24366000000000002,1.256918367346939e-10,0.0,1.256918367346939e-10,1.012,1.018,True,True,True,0.025269999999992392,0.015000000000001124,0.21540816326530496,0.21540816326530496,True,True,True,True,True,True,0.47108632653060345
1.06,0.54,0.33,2.5262419000000003e-05,0.24366000000000002,1.2353094555873926e-10,0.0,1.2353094555873926e-10,1.012,1.018,True,True,True,0.025269999999992392,0.015000000000001124,0.3234527220630364,0.3234527220630364,True,True,True,True,True,True,0.6871754441260662
1.06,0.54,0.35,2.5262419000000003e-05,0.24366000000000002,1.214430985915493e-10,0.0,1.214430985915493e-10,1.012,1.018,True,True,True,0.025269999999992392,0.015000000000001124,0.427845070422534,0.427845070422534,True,True,True,True,True,True,0.8959601408450615
1.06,0.56,0.15,2.5262419000000003e-05,0.24366000000000002,1.480413559322034e-10,0.0,1.480413559322034e-10,1.012,1.018,True,True,True,0.025269999999992392,0.015000000000001124,0.9020677966101701,0.9020677966101701,True,True,True,True,True,True,1.8444055932203338
1.06,0.56,0.17,2.5262419000000003e-05,0.24366000000000002,1.45090365448505e-10,0.0,1.45090365448505e-10,1.012,1.018,True,True,True,0.025269999999992392,0.015000000000001124,0.75451827242525,0.75451827242525,True,True,True,True,True,True,1.5493065448504937
1.06,0.56,0.19,2.5262419000000003e-05,0.24366000000000002,1.4225472312703583e-10,0.0,1.4225472312703583e-10,1.012,1.018,True,True,True,0.025269999999992392,0.015000000000001124,0.6127361563517921,0.6127361563517921,True,True,True,True,True,True,1.2657423127035776
1.06,0.56,0.21,2.5262419000000003e-05,0.24366000000000002,1.3952779552715655e-10,0.0,1.3952779552715655e-10,1.012,1.018,True,True,True,0.025269999999992392,0.015000000000001124,0.4763897763578281,0.4763897763578281,True,True,True,True,True,True,0.9930495527156497
1.06,0.56,0.23,2.5262419000000003e-05,0.24366000000000002,1.3690344827586206e-10,0.0,1.3690344827586206e-10,1.012,1.018,True,True,True,0.025269999999992392,0.015000000000001124,0.3451724137931034,0.3451724137931034,True,True,True,True,True,True,0.7306148275862003
1.06,0.56,0.25,2.5262419000000003e-05,0.24366000000000002,1.34376e-10,0.0,1.34376e-10,1.012,1.018,True,True,True,0.025269999999992392,0.015000000000001124,0.21880000000000033,0.21880000000000033,True,True,True,True,True,True,0.4778699999999942
1.06,0.56,0.27,2.5262419000000003e-05,0.24366000000000002,1.3194018126888217e-10,0.0,1.3194018126888217e-10,1.012,1.018,True,True,True,0.025269999999992392,0.015000000000001124,0.09700906344410913,0.09700906344410913,True,True,True,True,True,True,0.23428812688821177
1.06,0.56,0.29,2.5262419000000003e-05,0.24366000000000002,1.2959109792284867e-10,0.0,1.2959109792284867e-10,1.012,1.018,True,True,True,0.025269999999992392,0.015000000000001124,0.020445103857565892,0.020445103857565892,True,True,True,True,True,True,0.0811602077151253
1.06,0.56,0.31,2.5262419000000003e-05,0.24366000000000002,1.2732419825072887e-10,0.0,1.2732419825072887e-10,1.012,1.018,True,True,True,0.025269999999992392,0.015000000000001124,0.13379008746355586,0.13379008746355586,True,True,True,True,True,True,0.30785017492710526
1.06,0.56,0.33,2.5262419000000003e-05,0.24366000000000002,1.251352435530086e-10,0.0,1.251352435530086e-10,1.012,1.018,True,True,True,0.025269999999992392,0.015000000000001124,0.24323782234956984,0.24323782234956984,True,True,True,True,True,True,0.5267456446991332
1.06,0.56,0.35,2.5262419000000003e-05,0.24366000000000002,1.2302028169014086e-10,0.0,1.2302028169014086e-10,1.012,1.018,True,True,True,0.025269999999992392,0.015000000000001124,0.3489859154929567,0.3489859154929567,True,True,True,True,True,True,0.7382418309859069
1.06,0.58,0.15,2.5262419000000003e-05,0.24366000000000002,1.499393220338983e-10,0.0,1.499393220338983e-10,1.012,1.018,True,True,True,0.025269999999992392,0.015000000000001124,0.9969661016949161,0.9969661016949161,True,True,True,True,True,True,2.0342022033898255
1.06,0.58,0.17,2.5262419000000003e-05,0.24366000000000002,1.4695049833887045e-10,0.0,1.4695049833887045e-10,1.012,1.018,True,True,True,0.025269999999992392,0.015000000000001124,0.8475249169435228,0.8475249169435228,True,True,True,True,True,True,1.735319833887039
1.06,0.58,0.19,2.5262419000000003e-05,0.24366000000000002,1.4407850162866452e-10,0.0,1.4407850162866452e-10,1.012,1.018,True,True,True,0.025269999999992392,0.015000000000001124,0.7039250814332264,0.7039250814332264,True,True,True,True,True,True,1.4481201628664464
1.06,0.58,0.21,2.5262419000000003e-05,0.24366000000000002,1.4131661341853037e-10,0.0,1.4131661341853037e-10,1.012,1.018,True,True,True,0.025269999999992392,0.015000000000001124,0.5658306709265191,0.5658306709265191,True,True,True,True,True,True,1.1719313418530315
1.06,0.58,0.23,2.5262419000000003e-05,0.24366000000000002,1.3865862068965519e-10,0.0,1.3865862068965519e-10,1.012,1.018,True,True,True,0.025269999999992392,0.015000000000001124,0.4329310344827598,0.4329310344827598,True,True,True,True,True,True,0.9061320689655132
1.06,0.58,0.25,2.5262419000000003e-05,0.24366000000000002,1.3609876923076923e-10,0.0,1.3609876923076923e-10,1.012,1.018,True,True,True,0.025269999999992392,0.015000000000001124,0.3049384615384621,0.3049384615384621,True,True,True,True,True,True,0.6501469230769177
1.06,0.58,0.27,2.5262419000000003e-05,0.24366000000000002,1.3363172205438067e-10,0.0,1.3363172205438067e-10,1.012,1.018,True,True,True,0.025269999999992392,0.015000000000001124,0.18158610271903397,0.18158610271903397,True,True,True,True,True,True,0.4034422054380615
1.06,0.58,0.29,2.5262419000000003e-05,0.24366000000000002,1.312525222551929e-10,0.0,1.312525222551929e-10,1.012,1.018,True,True,True,0.025269999999992392,0.015000000000001124,0.06262611275964566,0.06262611275964566,True,True,True,True,True,True,0.16552222551928486
1.06,0.58,0.31,2.5262419000000003e-05,0.24366000000000002,1.2895655976676385e-10,0.0,1.2895655976676385e-10,1.012,1.018,True,True,True,0.025269999999992392,0.015000000000001124,0.05217201166180678,0.05217201166180678,True,True,True,True,True,True,0.14461402332360707
1.06,0.58,0.33,2.5262419000000003e-05,0.24366000000000002,1.2673954154727795e-10,0.0,1.2673954154727795e-10,1.012,1.018,True,True,True,0.025269999999992392,0.015000000000001124,0.163022922636102,0.163022922636102,True,True,True,True,True,True,0.3663158452721975
1.06,0.58,0.35,2.5262419000000003e-05,0.24366000000000002,1.245974647887324e-10,0.0,1.245974647887324e-10,1.012,1.018,True,True,True,0.025269999999992392,0.015000000000001124,0.2701267605633794,0.2701267605633794,True,True,True,True,True,True,0.5805235211267523
1.06,0.6,0.15,2.5262419000000003e-05,0.24366000000000002,1.5183728813559323e-10,0.0,1.5183728813559323e-10,1.012,1.018,True,True,True,0.025269999999992392,0.015000000000001124,1.0918644067796621,1.0918644067796621,True,True,False,False,True,False,2.2239988135593176
1.06,0.6,0.17,2.5262419000000003e-05,0.24366000000000002,1.4881063122923588e-10,0.0,1.4881063122923588e-10,1.012,1.018,True,True,True,0.025269999999992392,0.015000000000001124,0.9405315614617943,0.9405315614617943,True,True,True,True,True,True,1.9213331229235822
1.06,0.6,0.19,2.5262419000000003e-05,0.24366000000000002,1.4590228013029315e-10,0.0,1.4590228013029315e-10,1.012,1.018,True,True,True,0.025269999999992392,0.015000000000001124,0.7951140065146581,0.7951140065146581,True,True,True,True,True,True,1.6304980130293099
1.06,0.6,0.21,2.5262419000000003e-05,0.24366000000000002,1.4310543130990414e-10,0.0,1.4310543130990414e-10,1.012,1.018,True,True,True,0.025269999999992392,0.015000000000001124,0.6552715654952074,0.6552715654952074,True,True,True,True,True,True,1.3508131309904083
1.06,0.6,0.23,2.5262419000000003e-05,0.24366000000000002,1.4041379310344826e-10,0.0,1.4041379310344826e-10,1.012,1.018,True,True,True,0.025269999999992392,0.015000000000001124,0.5206896551724136,0.5206896551724136,True,True,True,True,True,True,1.0816493103448206
1.06,0.6,0.25,2.5262419000000003e-05,0.24366000000000002,1.3782153846153844e-10,0.0,1.3782153846153844e-10,1.012,1.018,True,True,True,0.025269999999992392,0.015000000000001124,0.3910769230769226,0.3910769230769226,True,True,True,True,True,True,0.8224238461538387
1.06,0.6,0.27,2.5262419000000003e-05,0.24366000000000002,1.3532326283987914e-10,0.0,1.3532326283987914e-10,1.012,1.018,True,True,True,0.025269999999992392,0.015000000000001124,0.2661631419939575,0.2661631419939575,True,True,True,True,True,True,0.5725962839879086
1.06,0.6,0.29,2.5262419000000003e-05,0.24366000000000002,1.329139465875371e-10,0.0,1.329139465875371e-10,1.012,1.018,True,True,True,0.025269999999992392,0.015000000000001124,0.14569732937685592,0.14569732937685592,True,True,True,True,True,True,0.3316646587537054
1.06,0.6,0.31,2.5262419000000003e-05,0.24366000000000002,1.3058892128279884e-10,0.0,1.3058892128279884e-10,1.012,1.018,True,True,True,0.025269999999992392,0.015000000000001124,0.029446064139942302,0.029446064139942302,True,True,True,True,True,True,0.09916212827987812
1.06,0.6,0.33,2.5262419000000003e-05,0.24366000000000002,1.2834383954154728e-10,0.0,1.2834383954154728e-10,1.012,1.018,True,True,True,0.025269999999992392,0.015000000000001124,0.08280802292263545,0.08280802292263545,True,True,True,True,True,True,0.20588604584526443
1.06,0.6,0.35,2.5262419000000003e-05,0.24366000000000002,1.2617464788732395e-10,0.0,1.2617464788732395e-10,1.012,1.018,True,True,True,0.025269999999992392,0.015000000000001124,0.19126760563380213,0.19126760563380213,True,True,True,True,True,True,0.4228052112675978
1.07,0.4,0.15,2.5261155500000003e-05,0.24367,1.3324915254237285e-10,0.0,1.3324915254237285e-10,1.014,1.021,True,True,True,0.02948166666665779,0.017499999999996685,0.16245762711864287,0.16245762711864287,True,True,True,True,True,True,0.3718969209039402
1.07,0.4,0.17,2.5261155500000003e-05,0.24367,1.3059302325581393e-10,0.0,1.3059302325581393e-10,1.014,1.021,True,True,True,0.02948166666665779,0.017499999999996685,0.029651162790697124,0.029651162790697124,True,True,True,True,True,True,0.10628399224804873
1.07,0.4,0.19,2.5261155500000003e-05,0.24367,1.280407166123778e-10,0.0,1.280407166123778e-10,1.014,1.021,True,True,True,0.02948166666665779,0.017499999999996685,0.09796416938110891,0.09796416938110891,True,True,True,True,True,True,0.2429100054288723
1.07,0.4,0.21,2.5261155500000003e-05,0.24367,1.2558626198083064e-10,0.0,1.2558626198083064e-10,1.014,1.021,True,True,True,0.02948166666665779,0.017499999999996685,0.22068690095846777,0.22068690095846777,True,True,True,True,True,True,0.48835546858359
1.07,0.4,0.23,2.5261155500000003e-05,0.24367,1.2322413793103445e-10,0.0,1.2322413793103445e-10,1.014,1.021,True,True,True,0.02948166666665779,0.017499999999996685,0.33879310344827707,0.33879310344827707,True,True,True,True,True,True,0.7245678735632086
1.07,0.4,0.25,2.5261155500000003e-05,0.24367,1.2094923076923073e-10,0.0,1.2094923076923073e-10,1.014,1.021,True,True,True,0.02948166666665779,0.017499999999996685,0.452538461538463,0.452538461538463,True,True,True,True,True,True,0.9520585897435805
1.07,0.4,0.27,2.5261155500000003e-05,0.24367,1.1875679758308154e-10,0.0,1.1875679758308154e-10,1.014,1.021,True,True,True,0.02948166666665779,0.017499999999996685,0.5621601208459224,0.5621601208459224,True,True,True,True,True,True,1.1713019083584992
1.07,0.4,0.29,2.5261155500000003e-05,0.24367,1.1664243323442136e-10,0.0,1.1664243323442136e-10,1.014,1.021,True,True,True,0.02948166666665779,0.017499999999996685,0.6678783382789317,0.6678783382789317,True,True,True,True,True,True,1.382738343224518
1.07,0.4,0.31,2.5261155500000003e-05,0.24367,1.1460204081632652e-10,0.0,1.1460204081632652e-10,1.014,1.021,True,True,True,0.02948166666665779,0.017499999999996685,0.7698979591836738,0.7698979591836738,True,True,True,True,True,True,1.586777585034002
1.07,0.4,0.33,2.5261155500000003e-05,0.24367,1.1263180515759311e-10,0.0,1.1263180515759311e-10,1.014,1.021,True,True,True,0.02948166666665779,0.017499999999996685,0.868409742120344,0.868409742120344,True,True,True,True,True,True,1.7838011509073426
1.07,0.4,0.35,2.5261155500000003e-05,0.24367,1.1072816901408449e-10,0.0,1.1072816901408449e-10,1.014,1.021,True,True,True,0.02948166666665779,0.017499999999996685,0.963591549295775,0.963591549295775,True,True,True,True,True,True,1.9741647652582044
1.07,0.42,0.15,2.5261155500000003e-05,0.24367,1.3515271186440675e-10,0.0,1.3515271186440675e-10,1.014,1.021,True,True,True,0.02948166666665779,0.017499999999996685,0.25763559322033813,0.25763559322033813,True,True,True,True,True,True,0.5622528531073308
1.07,0.42,0.17,2.5261155500000003e-05,0.24367,1.3245863787375412e-10,0.0,1.3245863787375412e-10,1.014,1.021,True,True,True,0.02948166666665779,0.017499999999996685,0.12293189368770653,0.12293189368770653,True,True,True,True,True,True,0.2928454540420675
1.07,0.42,0.19,2.5261155500000003e-05,0.24367,1.2986986970684037e-10,0.0,1.2986986970684037e-10,1.014,1.021,True,True,True,0.02948166666665779,0.017499999999996685,0.00650651465798108,0.00650651465798108,True,True,True,True,True,True,0.05999469598261663
1.07,0.42,0.21,2.5261155500000003e-05,0.24367,1.2738035143769965e-10,0.0,1.2738035143769965e-10,1.014,1.021,True,True,True,0.02948166666665779,0.017499999999996685,0.1309824281150168,0.1309824281150168,True,True,True,True,True,True,0.3089465228966881
1.07,0.42,0.23,2.5261155500000003e-05,0.24367,1.2498448275862066e-10,0.0,1.2498448275862066e-10,1.014,1.021,True,True,True,0.02948166666665779,0.017499999999996685,0.2507758620689666,0.2507758620689666,True,True,True,True,True,True,0.5485333908045877
1.07,0.42,0.25,2.5261155500000003e-05,0.24367,1.2267707692307688e-10,0.0,1.2267707692307688e-10,1.014,1.021,True,True,True,0.02948166666665779,0.017499999999996685,0.3661461538461557,0.3661461538461557,True,True,True,True,True,True,0.7792739743589658
1.07,0.42,0.27,2.5261155500000003e-05,0.24367,1.2045332326283984e-10,0.0,1.2045332326283984e-10,1.014,1.021,True,True,True,0.02948166666665779,0.017499999999996685,0.4773338368580076,0.4773338368580076,True,True,True,True,True,True,1.0016493403826696
1.07,0.42,0.29,2.5261155500000003e-05,0.24367,1.183087537091988e-10,0.0,1.183087537091988e-10,1.014,1.021,True,True,True,0.02948166666665779,0.017499999999996685,0.5845623145400591,0.5845623145400591,True,True,True,True,True,True,1.2161062957467728
1.07,0.42,0.31,2.5261155500000003e-05,0.24367,1.1623921282798832e-10,0.0,1.1623921282798832e-10,1.014,1.021,True,True,True,0.02948166666665779,0.017499999999996685,0.6880393586005837,0.6880393586005837,True,True,True,True,True,True,1.423060383867822
1.07,0.42,0.33,2.5261155500000003e-05,0.24367,1.1424083094555871e-10,0.0,1.1424083094555871e-10,1.014,1.021,True,True,True,0.02948166666665779,0.017499999999996685,0.7879584527220639,0.7879584527220639,True,True,True,True,True,True,1.6228985721107823
1.07,0.42,0.35,2.5261155500000003e-05,0.24367,1.1230999999999998e-10,0.0,1.1230999999999998e-10,1.014,1.021,True,True,True,0.02948166666665779,0.017499999999996685,0.8845000000000003,0.8845000000000003,True,True,True,True,True,True,1.815981666666655
1.07,0.44,0.15,2.5261155500000003e-05,0.24367,1.3705627118644068e-10,0.0,1.3705627118644068e-10,1.014,1.021,True,True,True,0.02948166666665779,0.017499999999996685,0.3528135593220347,0.3528135593220347,True,True,True,True,True,True,0.7526087853107238
1.07,0.44,0.17,2.5261155500000003e-05,0.24367,1.3432425249169433e-10,0.0,1.3432425249169433e-10,1.014,1.021,True,True,True,0.02948166666665779,0.017499999999996685,0.2162126245847172,0.2162126245847172,True,True,True,True,True,True,0.47940691583608885
1.07,0.44,0.19,2.5261155500000003e-05,0.24367,1.3169902280130293e-10,0.0,1.3169902280130293e-10,1.014,1.021,True,True,True,0.02948166666665779,0.017499999999996685,0.08495114006514674,0.08495114006514674,True,True,True,True,True,True,0.21688394679694795
1.07,0.44,0.21,2.5261155500000003e-05,0.24367,1.2917444089456867e-10,0.0,1.2917444089456867e-10,1.014,1.021,True,True,True,0.02948166666665779,0.017499999999996685,0.04127795527156585,0.04127795527156585,True,True,True,True,True,True,0.12953757720978618
1.07,0.44,0.23,2.5261155500000003e-05,0.24367,1.267448275862069e-10,0.0,1.267448275862069e-10,1.014,1.021,True,True,True,0.02948166666665779,0.017499999999996685,0.16275862068965483,0.16275862068965483,True,True,True,True,True,True,0.3724989080459641
1.07,0.44,0.25,2.5261155500000003e-05,0.24367,1.2440492307692305e-10,0.0,1.2440492307692305e-10,1.014,1.021,True,True,True,0.02948166666665779,0.017499999999996685,0.279753846153847,0.279753846153847,True,True,True,True,True,True,0.6064893589743485
1.07,0.44,0.27,2.5261155500000003e-05,0.24367,1.2214984894259816e-10,0.0,1.2214984894259816e-10,1.014,1.021,True,True,True,0.02948166666665779,0.017499999999996685,0.3925075528700916,0.3925075528700916,True,True,True,True,True,True,0.8319967724068377
1.07,0.44,0.29,2.5261155500000003e-05,0.24367,1.1997507418397626e-10,0.0,1.1997507418397626e-10,1.014,1.021,True,True,True,0.02948166666665779,0.017499999999996685,0.5012462908011865,0.5012462908011865,True,True,True,True,True,True,1.0494742482690276
1.07,0.44,0.31,2.5261155500000003e-05,0.24367,1.1787638483965014e-10,0.0,1.1787638483965014e-10,1.014,1.021,True,True,True,0.02948166666665779,0.017499999999996685,0.6061807580174923,0.6061807580174923,True,True,True,True,True,True,1.259343182701639
1.07,0.44,0.33,2.5261155500000003e-05,0.24367,1.1584985673352435e-10,0.0,1.1584985673352435e-10,1.014,1.021,True,True,True,0.02948166666665779,0.017499999999996685,0.7075071633237818,0.7075071633237818,True,True,True,True,True,True,1.4619959933142181
1.07,0.44,0.35,2.5261155500000003e-05,0.24367,1.1389183098591549e-10,0.0,1.1389183098591549e-10,1.014,1.021,True,True,True,0.02948166666665779,0.017499999999996685,0.8054084507042251,0.8054084507042251,True,True,True,True,True,True,1.6577985680751046
1.07,0.46,0.15,2.5261155500000003e-05,0.24367,1.3895983050847456e-10,0.0,1.3895983050847456e-10,1.014,1.021,True,True,True,0.02948166666665779,0.017499999999996685,0.4479915254237286,0.4479915254237286,True,True,True,True,True,True,0.9429647175141117
1.07,0.46,0.17,2.5261155500000003e-05,0.24367,1.3618986710963455e-10,0.0,1.3618986710963455e-10,1.014,1.021,True,True,True,0.02948166666665779,0.017499999999996685,0.3094933554817279,0.3094933554817279,True,True,True,True,True,True,0.6659683776301103
1.07,0.46,0.19,2.5261155500000003e-05,0.24367,1.3352817589576546e-10,0.0,1.3352817589576546e-10,1.014,1.021,True,True,True,0.02948166666665779,0.017499999999996685,0.1764087947882733,0.1764087947882733,True,True,True,True,True,True,0.399799256243201
1.07,0.46,0.21,2.5261155500000003e-05,0.24367,1.309685303514377e-10,0.0,1.309685303514377e-10,1.014,1.021,True,True,True,0.02948166666665779,0.017499999999996685,0.048426517571885104,0.048426517571885104,True,True,True,True,True,True,0.14383470181042468
1.07,0.46,0.23,2.5261155500000003e-05,0.24367,1.2850517241379308e-10,0.0,1.2850517241379308e-10,1.014,1.021,True,True,True,0.02948166666665779,0.017499999999996685,0.07474137931034565,0.07474137931034565,True,True,True,True,True,True,0.19646442528734576
1.07,0.46,0.25,2.5261155500000003e-05,0.24367,1.2613276923076922e-10,0.0,1.2613276923076922e-10,1.014,1.021,True,True,True,0.02948166666665779,0.017499999999996685,0.1933615384615384,0.1933615384615384,True,True,True,True,True,True,0.4337047435897312
1.07,0.46,0.27,2.5261155500000003e-05,0.24367,1.2384637462235648e-10,0.0,1.2384637462235648e-10,1.014,1.021,True,True,True,0.02948166666665779,0.017499999999996685,0.3076812688821755,0.3076812688821755,True,True,True,True,True,True,0.6623442044310055
1.07,0.46,0.29,2.5261155500000003e-05,0.24367,1.216413946587537e-10,0.0,1.216413946587537e-10,1.014,1.021,True,True,True,0.02948166666665779,0.017499999999996685,0.41793026706231395,0.41793026706231395,True,True,True,True,True,True,0.8828422007912824
1.07,0.46,0.31,2.5261155500000003e-05,0.24367,1.1951355685131195e-10,0.0,1.1951355685131195e-10,1.014,1.021,True,True,True,0.02948166666665779,0.017499999999996685,0.5243221574344022,0.5243221574344022,True,True,True,True,True,True,1.095625981535459
1.07,0.46,0.33,2.5261155500000003e-05,0.24367,1.1745888252148996e-10,0.0,1.1745888252148996e-10,1.014,1.021,True,True,True,0.02948166666665779,0.017499999999996685,0.6270558739255017,0.6270558739255017,True,True,True,True,True,True,1.3010934145176578
1.07,0.46,0.35,2.5261155500000003e-05,0.24367,1.1547366197183098e-10,0.0,1.1547366197183098e-10,1.014,1.021,True,True,True,0.02948166666665779,0.017499999999996685,0.7263169014084505,0.7263169014084505,True,True,True,True,True,True,1.4996154694835555
1.07,0.48,0.15,2.5261155500000003e-05,0.24367,1.4086338983050847e-10,0.0,1.4086338983050847e-10,1.014,1.021,True,True,True,0.02948166666665779,0.017499999999996685,0.5431694915254238,0.5431694915254238,True,True,True,True,True,True,1.1333206497175021
1.07,0.48,0.17,2.5261155500000003e-05,0.24367,1.3805548172757474e-10,0.0,1.3805548172757474e-10,1.014,1.021,True,True,True,0.02948166666665779,0.017499999999996685,0.40277408637873735,0.40277408637873735,True,True,True,True,True,True,0.8525298394241292
1.07,0.48,0.19,2.5261155500000003e-05,0.24367,1.3535732899022799e-10,0.0,1.3535732899022799e-10,1.014,1.021,True,True,True,0.02948166666665779,0.017499999999996685,0.2678664495113998,0.2678664495113998,True,True,True,True,True,True,0.5827145656894541
1.07,0.48,0.21,2.5261155500000003e-05,0.24367,1.3276261980830669e-10,0.0,1.3276261980830669e-10,1.014,1.021,True,True,True,0.02948166666665779,0.017499999999996685,0.13813099041533478,0.13813099041533478,True,True,True,True,True,True,0.32324364749732404
1.07,0.48,0.23,2.5261155500000003e-05,0.24367,1.3026551724137929e-10,0.0,1.3026551724137929e-10,1.014,1.021,True,True,True,0.02948166666665779,0.017499999999996685,0.013275862068964821,0.013275862068964821,True,True,True,True,True,True,0.07353339080458411
1.07,0.48,0.25,2.5261155500000003e-05,0.24367,1.2786061538461537e-10,0.0,1.2786061538461537e-10,1.014,1.021,True,True,True,0.02948166666665779,0.017499999999996685,0.10696923076923107,0.10696923076923107,True,True,True,True,True,True,0.26092012820511656
1.07,0.48,0.27,2.5261155500000003e-05,0.24367,1.2554290030211478e-10,0.0,1.2554290030211478e-10,1.014,1.021,True,True,True,0.02948166666665779,0.017499999999996685,0.22285498489426078,0.22285498489426078,True,True,True,True,True,True,0.492691636455176
1.07,0.48,0.29,2.5261155500000003e-05,0.24367,1.2330771513353116e-10,0.0,1.2330771513353116e-10,1.014,1.021,True,True,True,0.02948166666665779,0.017499999999996685,0.33461424332344136,0.33461424332344136,True,True,True,True,True,True,0.7162101533135372
1.07,0.48,0.31,2.5261155500000003e-05,0.24367,1.2115072886297375e-10,0.0,1.2115072886297375e-10,1.014,1.021,True,True,True,0.02948166666665779,0.017499999999996685,0.4424635568513121,0.4424635568513121,True,True,True,True,True,True,0.9319087803692787
1.07,0.48,0.33,2.5261155500000003e-05,0.24367,1.1906790830945557e-10,0.0,1.1906790830945557e-10,1.014,1.021,True,True,True,0.02948166666665779,0.017499999999996685,0.5466045845272209,0.5466045845272209,True,True,True,True,True,True,1.1401908357210964
1.07,0.48,0.35,2.5261155500000003e-05,0.24367,1.1705549295774646e-10,0.0,1.1705549295774646e-10,1.014,1.021,True,True,True,0.02948166666665779,0.017499999999996685,0.6472253521126765,0.6472253521126765,True,True,True,True,True,True,1.3414323708920075
1.07,0.5,0.15,2.5261155500000003e-05,0.24367,1.4276694915254235e-10,0.0,1.4276694915254235e-10,1.014,1.021,True,True,True,0.02948166666665779,0.017499999999996685,0.6383474576271179,0.6383474576271179,True,True,True,True,True,True,1.3236765819208902
1.07,0.5,0.17,2.5261155500000003e-05,0.24367,1.3992109634551492e-10,0.0,1.3992109634551492e-10,1.014,1.021,True,True,True,0.02948166666665779,0.017499999999996685,0.49605481727574674,0.49605481727574674,True,True,True,True,True,True,1.039091301218148
1.07,0.5,0.19,2.5261155500000003e-05,0.24367,1.3718648208469054e-10,0.0,1.3718648208469054e-10,1.014,1.021,True,True,True,0.02948166666665779,0.017499999999996685,0.35932410423452765,0.35932410423452765,True,True,True,True,True,True,0.7656298751357098
1.07,0.5,0.21,2.5261155500000003e-05,0.24367,1.345567092651757e-10,0.0,1.345567092651757e-10,1.014,1.021,True,True,True,0.02948166666665779,0.017499999999996685,0.22783546325878573,0.22783546325878573,True,True,True,True,True,True,0.502652593184226
1.07,0.5,0.23,2.5261155500000003e-05,0.24367,1.320258620689655e-10,0.0,1.320258620689655e-10,1.014,1.021,True,True,True,0.02948166666665779,0.017499999999996685,0.1012931034482753,0.1012931034482753,True,True,True,True,True,True,0.2495678735632051
1.07,0.5,0.25,2.5261155500000003e-05,0.24367,1.2958846153846152e-10,0.0,1.2958846153846152e-10,1.014,1.021,True,True,True,0.02948166666665779,0.017499999999996685,0.02057692307692372,0.02057692307692372,True,True,True,True,True,True,0.08813551282050192
1.07,0.5,0.27,2.5261155500000003e-05,0.24367,1.272394259818731e-10,0.0,1.272394259818731e-10,1.014,1.021,True,True,True,0.02948166666665779,0.017499999999996685,0.13802870090634473,0.13802870090634473,True,True,True,True,True,True,0.32303906847934394
1.07,0.5,0.29,2.5261155500000003e-05,0.24367,1.249740356083086e-10,0.0,1.249740356083086e-10,1.014,1.021,True,True,True,0.02948166666665779,0.017499999999996685,0.2512982195845701,0.2512982195845701,True,True,True,True,True,True,0.5495781058357947
1.07,0.5,0.31,2.5261155500000003e-05,0.24367,1.2278790087463555e-10,0.0,1.2278790087463555e-10,1.014,1.021,True,True,True,0.02948166666665779,0.017499999999996685,0.36060495626822203,0.36060495626822203,True,True,True,True,True,True,0.7681915792030986
1.07,0.5,0.33,2.5261155500000003e-05,0.24367,1.206769340974212e-10,0.0,1.206769340974212e-10,1.014,1.021,True,True,True,0.02948166666665779,0.017499999999996685,0.46615329512894016,0.46615329512894016,True,True,True,True,True,True,0.9792882569245347
1.07,0.5,0.35,2.5261155500000003e-05,0.24367,1.1863732394366197e-10,0.0,1.1863732394366197e-10,1.014,1.021,True,True,True,0.02948166666665779,0.017499999999996685,0.5681338028169013,0.5681338028169013,True,True,True,True,True,True,1.183249272300457
1.07,0.52,0.15,2.5261155500000003e-05,0.24367,1.4467050847457625e-10,0.0,1.4467050847457625e-10,1.014,1.021,True,True,True,0.02948166666665779,0.017499999999996685,0.733525423728813,0.733525423728813,True,True,True,True,True,True,1.5140325141242805
1.07,0.52,0.17,2.5261155500000003e-05,0.24367,1.4178671096345514e-10,0.0,1.4178671096345514e-10,1.014,1.021,True,True,True,0.02948166666665779,0.017499999999996685,0.5893355481727575,0.5893355481727575,True,True,True,True,True,True,1.2256527630121694
1.07,0.52,0.19,2.5261155500000003e-05,0.24367,1.3901563517915307e-10,0.0,1.3901563517915307e-10,1.014,1.021,True,True,True,0.02948166666665779,0.017499999999996685,0.45078175895765416,0.45078175895765416,True,True,True,True,True,True,0.9485451845819628
1.07,0.52,0.21,2.5261155500000003e-05,0.24367,1.363507987220447e-10,0.0,1.363507987220447e-10,1.014,1.021,True,True,True,0.02948166666665779,0.017499999999996685,0.3175399361022354,0.3175399361022354,True,True,True,True,True,True,0.6820615388711253
1.07,0.52,0.23,2.5261155500000003e-05,0.24367,1.337862068965517e-10,0.0,1.337862068965517e-10,1.014,1.021,True,True,True,0.02948166666665779,0.017499999999996685,0.18931034482758577,0.18931034482758577,True,True,True,True,True,True,0.42560235632182597
1.07,0.52,0.25,2.5261155500000003e-05,0.24367,1.3131630769230766e-10,0.0,1.3131630769230766e-10,1.014,1.021,True,True,True,0.02948166666665779,0.017499999999996685,0.06581538461538361,0.06581538461538361,True,True,True,True,True,True,0.1786124358974217
1.07,0.52,0.27,2.5261155500000003e-05,0.24367,1.289359516616314e-10,0.0,1.289359516616314e-10,1.014,1.021,True,True,True,0.02948166666665779,0.017499999999996685,0.053202416918429994,0.053202416918429994,True,True,True,True,True,True,0.15338650050351446
1.07,0.52,0.29,2.5261155500000003e-05,0.24367,1.2664035608308604e-10,0.0,1.2664035608308604e-10,1.014,1.021,True,True,True,0.02948166666665779,0.017499999999996685,0.1679821958456975,0.1679821958456975,True,True,True,True,True,True,0.3829460583580495
1.07,0.52,0.31,2.5261155500000003e-05,0.24367,1.2442507288629735e-10,0.0,1.2442507288629735e-10,1.014,1.021,True,True,True,0.02948166666665779,0.017499999999996685,0.27874635568513195,0.27874635568513195,True,True,True,True,True,True,0.6044743780369184
1.07,0.52,0.33,2.5261155500000003e-05,0.24367,1.222859598853868e-10,0.0,1.222859598853868e-10,1.014,1.021,True,True,True,0.02948166666665779,0.017499999999996685,0.3857020057306594,0.3857020057306594,True,True,True,True,True,True,0.8183856781279732
1.07,0.52,0.35,2.5261155500000003e-05,0.24367,1.2021915492957745e-10,0.0,1.2021915492957745e-10,1.014,1.021,True,True,True,0.02948166666665779,0.017499999999996685,0.4890422535211273,0.4890422535211273,True,True,True,True,True,True,1.025066173708909
1.07,0.54,0.15,2.5261155500000003e-05,0.24367,1.4657406779661016e-10,0.0,1.4657406779661016e-10,1.014,1.021,True,True,True,0.02948166666665779,0.017499999999996685,0.8287033898305083,0.8287033898305083,True,True,True,True,True,True,1.704388446327671
1.07,0.54,0.17,2.5261155500000003e-05,0.24367,1.4365232558139535e-10,0.0,1.4365232558139535e-10,1.014,1.021,True,True,True,0.02948166666665779,0.017499999999996685,0.6826162790697681,0.6826162790697681,True,True,True,True,True,True,1.4122142248061906
1.07,0.54,0.19,2.5261155500000003e-05,0.24367,1.4084478827361563e-10,0.0,1.4084478827361563e-10,1.014,1.021,True,True,True,0.02948166666665779,0.017499999999996685,0.542239413680782,0.542239413680782,True,True,True,True,True,True,1.1314604940282185
1.07,0.54,0.21,2.5261155500000003e-05,0.24367,1.3814488817891372e-10,0.0,1.3814488817891372e-10,1.014,1.021,True,True,True,0.02948166666665779,0.017499999999996685,0.40724440894568636,0.40724440894568636,True,True,True,True,True,True,0.8614704845580272
1.07,0.54,0.23,2.5261155500000003e-05,0.24367,1.3554655172413792e-10,0.0,1.3554655172413792e-10,1.014,1.021,True,True,True,0.02948166666665779,0.017499999999996685,0.27732758620689624,0.27732758620689624,True,True,True,True,True,True,0.601636839080447
1.07,0.54,0.25,2.5261155500000003e-05,0.24367,1.3304415384615384e-10,0.0,1.3304415384615384e-10,1.014,1.021,True,True,True,0.02948166666665779,0.017499999999996685,0.15220769230769224,0.15220769230769224,True,True,True,True,True,True,0.3513970512820389
1.07,0.54,0.27,2.5261155500000003e-05,0.24367,1.306324773413897e-10,0.0,1.306324773413897e-10,1.014,1.021,True,True,True,0.02948166666665779,0.017499999999996685,0.03162386706948605,0.03162386706948605,True,True,True,True,True,True,0.11022940080562657
1.07,0.54,0.29,2.5261155500000003e-05,0.24367,1.2830667655786352e-10,0.0,1.2830667655786352e-10,1.014,1.021,True,True,True,0.02948166666665779,0.017499999999996685,0.08466617210682363,0.08466617210682363,True,True,True,True,True,True,0.21631401088030172
1.07,0.54,0.31,2.5261155500000003e-05,0.24367,1.2606224489795918e-10,0.0,1.2606224489795918e-10,1.014,1.021,True,True,True,0.02948166666665779,0.017499999999996685,0.19688775510204057,0.19688775510204057,True,True,True,True,True,True,0.44075717687073557
1.07,0.54,0.33,2.5261155500000003e-05,0.24367,1.2389498567335244e-10,0.0,1.2389498567335244e-10,1.014,1.021,True,True,True,0.02948166666665779,0.017499999999996685,0.3052507163323773,0.3052507163323773,True,True,True,True,True,True,0.6574830993314091
1.07,0.54,0.35,2.5261155500000003e-05,0.24367,1.2180098591549295e-10,0.0,1.2180098591549295e-10,1.014,1.021,True,True,True,0.02948166666665779,0.017499999999996685,0.40995070422535207,0.40995070422535207,True,True,True,True,True,True,0.8668830751173586
1.07,0.56,0.15,2.5261155500000003e-05,0.24367,1.4847762711864406e-10,0.0,1.4847762711864406e-10,1.014,1.021,True,True,True,0.02948166666665779,0.017499999999996685,0.9238813559322036,0.9238813559322036,True,True,True,True,True,True,1.8947443785310616
1.07,0.56,0.17,2.5261155500000003e-05,0.24367,1.4551794019933554e-10,0.0,1.4551794019933554e-10,1.014,1.021,True,True,True,0.02948166666665779,0.017499999999996685,0.7758970099667776,0.7758970099667776,True,True,True,True,True,True,1.5987756866002096
1.07,0.56,0.19,2.5261155500000003e-05,0.24367,1.4267394136807816e-10,0.0,1.4267394136807816e-10,1.014,1.021,True,True,True,0.02948166666665779,0.017499999999996685,0.6336970684039085,0.6336970684039085,True,True,True,True,True,True,1.3143758034744715
1.07,0.56,0.21,2.5261155500000003e-05,0.24367,1.3993897763578274e-10,0.0,1.3993897763578274e-10,1.014,1.021,True,True,True,0.02948166666665779,0.017499999999996685,0.4969488817891373,0.4969488817891373,True,True,True,True,True,True,1.0408794302449291
1.07,0.56,0.23,2.5261155500000003e-05,0.24367,1.3730689655172412e-10,0.0,1.3730689655172412e-10,1.014,1.021,True,True,True,0.02948166666665779,0.017499999999996685,0.36534482758620673,0.36534482758620673,True,True,True,True,True,True,0.777671321839068
1.07,0.56,0.25,2.5261155500000003e-05,0.24367,1.3477199999999998e-10,0.0,1.3477199999999998e-10,1.014,1.021,True,True,True,0.02948166666665779,0.017499999999996685,0.2385999999999996,0.2385999999999996,True,True,True,True,True,True,0.5241816666666537
1.07,0.56,0.27,2.5261155500000003e-05,0.24367,1.32329003021148e-10,0.0,1.32329003021148e-10,1.014,1.021,True,True,True,0.02948166666665779,0.017499999999996685,0.1164501510574008,0.1164501510574008,True,True,True,True,True,True,0.27988196878145605
1.07,0.56,0.29,2.5261155500000003e-05,0.24367,1.2997299703264094e-10,0.0,1.2997299703264094e-10,1.014,1.021,True,True,True,0.02948166666665779,0.017499999999996685,0.0013501483679523305,0.0013501483679523305,True,True,True,True,True,True,0.049681963402559134
1.07,0.56,0.31,2.5261155500000003e-05,0.24367,1.2769941690962098e-10,0.0,1.2769941690962098e-10,1.014,1.021,True,True,True,0.02948166666665779,0.017499999999996685,0.11502915451895046,0.11502915451895046,True,True,True,True,True,True,0.2770399757045554
1.07,0.56,0.33,2.5261155500000003e-05,0.24367,1.2550401146131806e-10,0.0,1.2550401146131806e-10,1.014,1.021,True,True,True,0.02948166666665779,0.017499999999996685,0.22479942693409652,0.22479942693409652,True,True,True,True,True,True,0.49658052053484747
1.07,0.56,0.35,2.5261155500000003e-05,0.24367,1.2338281690140845e-10,0.0,1.2338281690140845e-10,1.014,1.021,True,True,True,0.02948166666665779,0.017499999999996685,0.3308591549295768,0.3308591549295768,True,True,True,True,True,True,0.7086999765258081
1.07,0.58,0.15,2.5261155500000003e-05,0.24367,1.5038118644067797e-10,0.0,1.5038118644067797e-10,1.014,1.021,True,True,True,0.02948166666665779,0.017499999999996685,1.0190593220338988,1.0190593220338988,True,True,False,False,True,False,2.085100310734452
1.07,0.58,0.17,2.5261155500000003e-05,0.24367,1.4738355481727573e-10,0.0,1.4738355481727573e-10,1.014,1.021,True,True,True,0.02948166666665779,0.017499999999996685,0.869177740863787,0.869177740863787,True,True,True,True,True,True,1.7853371483942284
1.07,0.58,0.19,2.5261155500000003e-05,0.24367,1.445030944625407e-10,0.0,1.445030944625407e-10,1.014,1.021,True,True,True,0.02948166666665779,0.017499999999996685,0.7251547231270351,0.7251547231270351,True,True,True,True,True,True,1.4972911129207247
1.07,0.58,0.21,2.5261155500000003e-05,0.24367,1.4173306709265173e-10,0.0,1.4173306709265173e-10,1.014,1.021,True,True,True,0.02948166666665779,0.017499999999996685,0.5866533546325869,0.5866533546325869,True,True,True,True,True,True,1.2202883759318284
1.07,0.58,0.23,2.5261155500000003e-05,0.24367,1.3906724137931033e-10,0.0,1.3906724137931033e-10,1.014,1.021,True,True,True,0.02948166666665779,0.017499999999996685,0.4533620689655172,0.4533620689655172,True,True,True,True,True,True,0.9537058045976887
1.07,0.58,0.25,2.5261155500000003e-05,0.24367,1.3649984615384613e-10,0.0,1.3649984615384613e-10,1.014,1.021,True,True,True,0.02948166666665779,0.017499999999996685,0.3249923076923069,0.3249923076923069,True,True,True,True,True,True,0.6969662820512683
1.07,0.58,0.27,2.5261155500000003e-05,0.24367,1.3402552870090633e-10,0.0,1.3402552870090633e-10,1.014,1.021,True,True,True,0.02948166666665779,0.017499999999996685,0.20127643504531684,0.20127643504531684,True,True,True,True,True,True,0.44953453675728816
1.07,0.58,0.29,2.5261155500000003e-05,0.24367,1.316393175074184e-10,0.0,1.316393175074184e-10,1.014,1.021,True,True,True,0.02948166666665779,0.017499999999996685,0.08196587537092026,0.08196587537092026,True,True,True,True,True,True,0.210913417408495
1.07,0.58,0.31,2.5261155500000003e-05,0.24367,1.2933658892128278e-10,0.0,1.2933658892128278e-10,1.014,1.021,True,True,True,0.02948166666665779,0.017499999999996685,0.03317055393586036,0.03317055393586036,True,True,True,True,True,True,0.11332277453837519
1.07,0.58,0.33,2.5261155500000003e-05,0.24367,1.2711303724928365e-10,0.0,1.2711303724928365e-10,1.014,1.021,True,True,True,0.02948166666665779,0.017499999999996685,0.14434813753581704,0.14434813753581704,True,True,True,True,True,True,0.3356779417382886
1.07,0.58,0.35,2.5261155500000003e-05,0.24367,1.2496464788732393e-10,0.0,1.2496464788732393e-10,1.014,1.021,True,True,True,0.02948166666665779,0.017499999999996685,0.25176760563380285,0.25176760563380285,True,True,True,True,True,True,0.5505168779342602
1.07,0.6,0.15,2.5261155500000003e-05,0.24367,1.5228474576271184e-10,0.0,1.5228474576271184e-10,1.014,1.021,True,True,True,0.02948166666665779,0.017499999999996685,1.1142372881355929,1.1142372881355929,True,True,False,False,True,False,2.27545624293784
1.07,0.6,0.17,2.5261155500000003e-05,0.24367,1.4924916943521594e-10,0.0,1.4924916943521594e-10,1.014,1.021,True,True,True,0.02948166666665779,0.017499999999996685,0.9624584717607976,0.9624584717607976,True,True,True,True,True,True,1.9718986101882496
1.07,0.6,0.19,2.5261155500000003e-05,0.24367,1.4633224755700325e-10,0.0,1.4633224755700325e-10,1.014,1.021,True,True,True,0.02948166666665779,0.017499999999996685,0.8166123778501629,0.8166123778501629,True,True,True,True,True,True,1.6802064223669804
1.07,0.6,0.21,2.5261155500000003e-05,0.24367,1.4352715654952075e-10,0.0,1.4352715654952075e-10,1.014,1.021,True,True,True,0.02948166666665779,0.017499999999996685,0.6763578274760379,0.6763578274760379,True,True,True,True,True,True,1.3996973216187303
1.07,0.6,0.23,2.5261155500000003e-05,0.24367,1.4082758620689654e-10,0.0,1.4082758620689654e-10,1.014,1.021,True,True,True,0.02948166666665779,0.017499999999996685,0.5413793103448277,0.5413793103448277,True,True,True,True,True,True,1.1297402873563098
1.07,0.6,0.25,2.5261155500000003e-05,0.24367,1.3822769230769228e-10,0.0,1.3822769230769228e-10,1.014,1.021,True,True,True,0.02948166666665779,0.017499999999996685,0.41138461538461424,0.41138461538461424,True,True,True,True,True,True,0.869750897435883
1.07,0.6,0.27,2.5261155500000003e-05,0.24367,1.3572205438066462e-10,0.0,1.3572205438066462e-10,1.014,1.021,True,True,True,0.02948166666665779,0.017499999999996685,0.2861027190332316,0.2861027190332316,True,True,True,True,True,True,0.6191871047331177
1.07,0.6,0.29,2.5261155500000003e-05,0.24367,1.3330563798219585e-10,0.0,1.3330563798219585e-10,1.014,1.021,True,True,True,0.02948166666665779,0.017499999999996685,0.16528189910979285,0.16528189910979285,True,True,True,True,True,True,0.3775454648862402
1.07,0.6,0.31,2.5261155500000003e-05,0.24367,1.309737609329446e-10,0.0,1.309737609329446e-10,1.014,1.021,True,True,True,0.02948166666665779,0.017499999999996685,0.048688046647231024,0.048688046647231024,True,True,True,True,True,True,0.14435775996111652
1.07,0.6,0.33,2.5261155500000003e-05,0.24367,1.2872206303724927e-10,0.0,1.2872206303724927e-10,1.014,1.021,True,True,True,0.02948166666665779,0.017499999999996685,0.06389684813753625,0.06389684813753625,True,True,True,True,True,True,0.17477536294172696
1.07,0.6,0.35,2.5261155500000003e-05,0.24367,1.2654647887323941e-10,0.0,1.2654647887323941e-10,1.014,1.021,True,True,True,0.02948166666665779,0.017499999999996685,0.17267605633802888,0.17267605633802888,True,True,True,True,True,True,0.3923337793427122
1.08,0.4,0.15,2.5259892e-05,0.24368,1.336406779661017e-10,0.0,1.336406779661017e-10,1.016,1.024,True,True,True,0.033693333333334484,0.019999999999999185,0.1820338983050858,0.1820338983050858,True,True,True,True,True,True,0.4177611299435052
1.08,0.4,0.17,2.5259892e-05,0.24368,1.3097674418604652e-10,0.0,1.3097674418604652e-10,1.016,1.024,True,True,True,0.033693333333334484,0.019999999999999185,0.0488372093023265,0.0488372093023265,True,True,True,True,True,True,0.15136775193798666
1.08,0.4,0.19,2.5259892e-05,0.24368,1.2841693811074918e-10,0.0,1.2841693811074918e-10,1.016,1.024,True,True,True,0.033693333333334484,0.019999999999999185,0.0791530944625405,0.0791530944625405,True,True,True,True,True,True,0.21199952225841467
1.08,0.4,0.21,2.5259892e-05,0.24368,1.2595527156549522e-10,0.0,1.2595527156549522e-10,1.016,1.024,True,True,True,0.033693333333334484,0.019999999999999185,0.20223642172523876,0.20223642172523876,True,True,True,True,True,True,0.45816617678381116
1.08,0.4,0.23,2.5259892e-05,0.24368,1.2358620689655173e-10,0.0,1.2358620689655173e-10,1.016,1.024,True,True,True,0.033693333333334484,0.019999999999999185,0.320689655172413,0.320689655172413,True,True,True,True,True,True,0.6950726436781596
1.08,0.4,0.25,2.5259892e-05,0.24368,1.2130461538461538e-10,0.0,1.2130461538461538e-10,1.016,1.024,True,True,True,0.033693333333334484,0.019999999999999185,0.43476923076923074,0.43476923076923074,True,True,True,True,True,True,0.9232317948717952
1.08,0.4,0.27,2.5259892e-05,0.24368,1.191057401812689e-10,0.0,1.191057401812689e-10,1.016,1.024,True,True,True,0.033693333333334484,0.019999999999999185,0.5447129909365551,0.5447129909365551,True,True,True,True,True,True,1.143119315206444
1.08,0.4,0.29,2.5259892e-05,0.24368,1.1698516320474779e-10,0.0,1.1698516320474779e-10,1.016,1.024,True,True,True,0.033693333333334484,0.019999999999999185,0.6507418397626104,0.6507418397626104,True,True,True,True,True,True,1.3551770128585545
1.08,0.4,0.31,2.5259892e-05,0.24368,1.1493877551020409e-10,0.0,1.1493877551020409e-10,1.016,1.024,True,True,True,0.033693333333334484,0.019999999999999185,0.7530612244897952,0.7530612244897952,True,True,True,True,True,True,1.5598157823129242
1.08,0.4,0.33,2.5259892e-05,0.24368,1.1296275071633239e-10,0.0,1.1296275071633239e-10,1.016,1.024,True,True,True,0.033693333333334484,0.019999999999999185,0.8518624641833802,0.8518624641833802,True,True,True,True,True,True,1.757418261700094
1.08,0.4,0.35,2.5259892e-05,0.24368,1.1105352112676057e-10,0.0,1.1105352112676057e-10,1.016,1.024,True,True,True,0.033693333333334484,0.019999999999999185,0.9473239436619709,0.9473239436619709,True,True,True,True,True,True,1.9483412206572754
1.08,0.42,0.15,2.5259892e-05,0.24368,1.3554983050847457e-10,0.0,1.3554983050847457e-10,1.016,1.024,True,True,True,0.033693333333334484,0.019999999999999185,0.277491525423729,0.277491525423729,True,True,True,True,True,True,0.6086763841807916
1.08,0.42,0.17,2.5259892e-05,0.24368,1.3284784053156144e-10,0.0,1.3284784053156144e-10,1.016,1.024,True,True,True,0.033693333333334484,0.019999999999999185,0.1423920265780725,0.1423920265780725,True,True,True,True,True,True,0.33847738648947867
1.08,0.42,0.19,2.5259892e-05,0.24368,1.3025146579804558e-10,0.0,1.3025146579804558e-10,1.016,1.024,True,True,True,0.033693333333334484,0.019999999999999185,0.012573289902279534,0.012573289902279534,True,True,True,True,True,True,0.07883991313789274
1.08,0.42,0.21,2.5259892e-05,0.24368,1.277546325878594e-10,0.0,1.277546325878594e-10,1.016,1.024,True,True,True,0.033693333333334484,0.019999999999999185,0.11226837060702907,0.11226837060702907,True,True,True,True,True,True,0.2782300745473918
1.08,0.42,0.23,2.5259892e-05,0.24368,1.2535172413793102e-10,0.0,1.2535172413793102e-10,1.016,1.024,True,True,True,0.033693333333334484,0.019999999999999185,0.23241379310344845,0.23241379310344845,True,True,True,True,True,True,0.5185209195402305
1.08,0.42,0.25,2.5259892e-05,0.24368,1.2303753846153843e-10,0.0,1.2303753846153843e-10,1.016,1.024,True,True,True,0.033693333333334484,0.019999999999999185,0.3481230769230778,0.3481230769230778,True,True,True,True,True,True,0.7499394871794893
1.08,0.42,0.27,2.5259892e-05,0.24368,1.2080725075528698e-10,0.0,1.2080725075528698e-10,1.016,1.024,True,True,True,0.033693333333334484,0.019999999999999185,0.4596374622356505,0.4596374622356505,True,True,True,True,True,True,0.9729682578046347
1.08,0.42,0.29,2.5259892e-05,0.24368,1.1865637982195846e-10,0.0,1.1865637982195846e-10,1.016,1.024,True,True,True,0.033693333333334484,0.019999999999999185,0.5671810089020767,0.5671810089020767,True,True,True,True,True,True,1.188055351137487
1.08,0.42,0.31,2.5259892e-05,0.24368,1.165807580174927e-10,0.0,1.165807580174927e-10,1.016,1.024,True,True,True,0.033693333333334484,0.019999999999999185,0.6709620991253641,0.6709620991253641,True,True,True,True,True,True,1.3956175315840618
1.08,0.42,0.33,2.5259892e-05,0.24368,1.1457650429799426e-10,0.0,1.1457650429799426e-10,1.016,1.024,True,True,True,0.033693333333334484,0.019999999999999185,0.7711747851002864,0.7711747851002864,True,True,True,True,True,True,1.5960429035339065
1.08,0.42,0.35,2.5259892e-05,0.24368,1.1263999999999999e-10,0.0,1.1263999999999999e-10,1.016,1.024,True,True,True,0.033693333333334484,0.019999999999999185,0.8680000000000003,0.8680000000000003,True,True,True,True,True,True,1.7896933333333345
1.08,0.44,0.15,2.5259892e-05,0.24368,1.3745898305084746e-10,0.0,1.3745898305084746e-10,1.016,1.024,True,True,True,0.033693333333334484,0.019999999999999185,0.3729491525423736,0.3729491525423736,True,True,True,True,True,True,0.7995916384180808
1.08,0.44,0.17,2.5259892e-05,0.24368,1.347189368770764e-10,0.0,1.347189368770764e-10,1.016,1.024,True,True,True,0.033693333333334484,0.019999999999999185,0.23594684385382114,0.23594684385382114,True,True,True,True,True,True,0.5255870210409759
1.08,0.44,0.19,2.5259892e-05,0.24368,1.32085993485342e-10,0.0,1.32085993485342e-10,1.016,1.024,True,True,True,0.033693333333334484,0.019999999999999185,0.10429967426710086,0.10429967426710086,True,True,True,True,True,True,0.2622926818675354
1.08,0.44,0.21,2.5259892e-05,0.24368,1.2955399361022363e-10,0.0,1.2955399361022363e-10,1.016,1.024,True,True,True,0.033693333333334484,0.019999999999999185,0.022300319488818093,0.022300319488818093,True,True,True,True,True,True,0.09829397231096985
1.08,0.44,0.23,2.5259892e-05,0.24368,1.2711724137931034e-10,0.0,1.2711724137931034e-10,1.016,1.024,True,True,True,0.033693333333334484,0.019999999999999185,0.14413793103448258,0.14413793103448258,True,True,True,True,True,True,0.34196919540229886
1.08,0.44,0.25,2.5259892e-05,0.24368,1.2477046153846152e-10,0.0,1.2477046153846152e-10,1.016,1.024,True,True,True,0.033693333333334484,0.019999999999999185,0.26147692307692366,0.26147692307692366,True,True,True,True,True,True,0.576647179487181
1.08,0.44,0.27,2.5259892e-05,0.24368,1.2250876132930513e-10,0.0,1.2250876132930513e-10,1.016,1.024,True,True,True,0.033693333333334484,0.019999999999999185,0.3745619335347432,0.3745619335347432,True,True,True,True,True,True,0.80281720040282
1.08,0.44,0.29,2.5259892e-05,0.24368,1.2032759643916913e-10,0.0,1.2032759643916913e-10,1.016,1.024,True,True,True,0.033693333333334484,0.019999999999999185,0.48362017804154306,0.48362017804154306,True,True,True,True,True,True,1.0209336894164198
1.08,0.44,0.31,2.5259892e-05,0.24368,1.1822274052478133e-10,0.0,1.1822274052478133e-10,1.016,1.024,True,True,True,0.033693333333334484,0.019999999999999185,0.588862973760933,0.588862973760933,True,True,True,True,True,True,1.2314192808551998
1.08,0.44,0.33,2.5259892e-05,0.24368,1.1619025787965616e-10,0.0,1.1619025787965616e-10,1.016,1.024,True,True,True,0.033693333333334484,0.019999999999999185,0.6904871060171914,0.6904871060171914,True,True,True,True,True,True,1.4346675453677165
1.08,0.44,0.35,2.5259892e-05,0.24368,1.1422647887323944e-10,0.0,1.1422647887323944e-10,1.016,1.024,True,True,True,0.033693333333334484,0.019999999999999185,0.7886760563380277,0.7886760563380277,True,True,True,True,True,True,1.6310454460093893
1.08,0.46,0.15,2.5259892e-05,0.24368,1.3936813559322035e-10,0.0,1.3936813559322035e-10,1.016,1.024,True,True,True,0.033693333333334484,0.019999999999999185,0.4684067796610181,0.4684067796610181,True,True,True,True,True,True,0.99050689265537
1.08,0.46,0.17,2.5259892e-05,0.24368,1.3659003322259136e-10,0.0,1.3659003322259136e-10,1.016,1.024,True,True,True,0.033693333333334484,0.019999999999999185,0.32950166112956847,0.32950166112956847,True,True,True,True,True,True,0.7126966555924705
1.08,0.46,0.19,2.5259892e-05,0.24368,1.3392052117263843e-10,0.0,1.3392052117263843e-10,1.016,1.024,True,True,True,0.033693333333334484,0.019999999999999185,0.19602605863192218,0.19602605863192218,True,True,True,True,True,True,0.4457454505971781
1.08,0.46,0.21,2.5259892e-05,0.24368,1.3135335463258785e-10,0.0,1.3135335463258785e-10,1.016,1.024,True,True,True,0.033693333333334484,0.019999999999999185,0.0676677316293929,0.0676677316293929,True,True,True,True,True,True,0.18902879659211946
1.08,0.46,0.23,2.5259892e-05,0.24368,1.2888275862068966e-10,0.0,1.2888275862068966e-10,1.016,1.024,True,True,True,0.033693333333334484,0.019999999999999185,0.05586206896551673,0.05586206896551673,True,True,True,True,True,True,0.16541747126436712
1.08,0.46,0.25,2.5259892e-05,0.24368,1.265033846153846e-10,0.0,1.265033846153846e-10,1.016,1.024,True,True,True,0.033693333333334484,0.019999999999999185,0.17483076923076948,0.17483076923076948,True,True,True,True,True,True,0.4033548717948726
1.08,0.46,0.27,2.5259892e-05,0.24368,1.2421027190332325e-10,0.0,1.2421027190332325e-10,1.016,1.024,True,True,True,0.033693333333334484,0.019999999999999185,0.2894864048338373,0.2894864048338373,True,True,True,True,True,True,0.6326661430010083
1.08,0.46,0.29,2.5259892e-05,0.24368,1.2199881305637983e-10,0.0,1.2199881305637983e-10,1.016,1.024,True,True,True,0.033693333333334484,0.019999999999999185,0.40005934718100816,0.40005934718100816,True,True,True,True,True,True,0.85381202769535
1.08,0.46,0.31,2.5259892e-05,0.24368,1.1986472303206998e-10,0.0,1.1986472303206998e-10,1.016,1.024,True,True,True,0.033693333333334484,0.019999999999999185,0.5067638483965006,0.5067638483965006,True,True,True,True,True,True,1.0672210301263347
1.08,0.46,0.33,2.5259892e-05,0.24368,1.1780401146131805e-10,0.0,1.1780401146131805e-10,1.016,1.024,True,True,True,0.033693333333334484,0.019999999999999185,0.609799426934097,0.609799426934097,True,True,True,True,True,True,1.2732921872015277
1.08,0.46,0.35,2.5259892e-05,0.24368,1.1581295774647887e-10,0.0,1.1581295774647887e-10,1.016,1.024,True,True,True,0.033693333333334484,0.019999999999999185,0.7093521126760558,0.7093521126760558,True,True,True,True,True,True,1.4723975586854454
1.08,0.48,0.15,2.5259892e-05,0.24368,1.4127728813559322e-10,0.0,1.4127728813559322e-10,1.016,1.024,True,True,True,0.033693333333334484,0.019999999999999185,0.5638644067796613,0.5638644067796613,True,True,True,True,True,True,1.1814221468926562
1.08,0.48,0.17,2.5259892e-05,0.24368,1.384611295681063e-10,0.0,1.384611295681063e-10,1.016,1.024,True,True,True,0.033693333333334484,0.019999999999999185,0.42305647840531574,0.42305647840531574,True,True,True,True,True,True,0.8998062901439652
1.08,0.48,0.19,2.5259892e-05,0.24368,1.3575504885993486e-10,0.0,1.3575504885993486e-10,1.016,1.024,True,True,True,0.033693333333334484,0.019999999999999185,0.2877524429967435,0.2877524429967435,True,True,True,True,True,True,0.6291982193268206
1.08,0.48,0.21,2.5259892e-05,0.24368,1.3315271565495207e-10,0.0,1.3315271565495207e-10,1.016,1.024,True,True,True,0.033693333333334484,0.019999999999999185,0.15763578274760387,0.15763578274760387,True,True,True,True,True,True,0.36896489882854144
1.08,0.48,0.23,2.5259892e-05,0.24368,1.3064827586206897e-10,0.0,1.3064827586206897e-10,1.016,1.024,True,True,True,0.033693333333334484,0.019999999999999185,0.03241379310344913,0.03241379310344913,True,True,True,True,True,True,0.11852091954023192
1.08,0.48,0.25,2.5259892e-05,0.24368,1.2823630769230768e-10,0.0,1.2823630769230768e-10,1.016,1.024,True,True,True,0.033693333333334484,0.019999999999999185,0.08818461538461529,0.08818461538461529,True,True,True,True,True,True,0.23006256410256426
1.08,0.48,0.27,2.5259892e-05,0.24368,1.259117824773414e-10,0.0,1.259117824773414e-10,1.016,1.024,True,True,True,0.033693333333334484,0.019999999999999185,0.20441087613293005,0.20441087613293005,True,True,True,True,True,True,0.46251508559919374
1.08,0.48,0.29,2.5259892e-05,0.24368,1.2367002967359053e-10,0.0,1.2367002967359053e-10,1.016,1.024,True,True,True,0.033693333333334484,0.019999999999999185,0.31649851632047327,0.31649851632047327,True,True,True,True,True,True,0.6866903659742802
1.08,0.48,0.31,2.5259892e-05,0.24368,1.215067055393586e-10,0.0,1.215067055393586e-10,1.016,1.024,True,True,True,0.033693333333334484,0.019999999999999185,0.4246647230320695,0.4246647230320695,True,True,True,True,True,True,0.9030227793974726
1.08,0.48,0.33,2.5259892e-05,0.24368,1.1941776504297995e-10,0.0,1.1941776504297995e-10,1.016,1.024,True,True,True,0.033693333333334484,0.019999999999999185,0.529111747851002,0.529111747851002,True,True,True,True,True,True,1.1119168290353376
1.08,0.48,0.35,2.5259892e-05,0.24368,1.1739943661971833e-10,0.0,1.1739943661971833e-10,1.016,1.024,True,True,True,0.033693333333334484,0.019999999999999185,0.6300281690140833,0.6300281690140833,True,True,True,True,True,True,1.3137496713615002
1.08,0.5,0.15,2.5259892e-05,0.24368,1.431864406779661e-10,0.0,1.431864406779661e-10,1.016,1.024,True,True,True,0.033693333333334484,0.019999999999999185,0.6593220338983059,0.6593220338983059,True,True,True,True,True,True,1.3723374011299456
1.08,0.5,0.17,2.5259892e-05,0.24368,1.4033222591362128e-10,0.0,1.4033222591362128e-10,1.016,1.024,True,True,True,0.033693333333334484,0.019999999999999185,0.5166112956810643,0.5166112956810643,True,True,True,True,True,True,1.0869159246954623
1.08,0.5,0.19,2.5259892e-05,0.24368,1.3758957654723129e-10,0.0,1.3758957654723129e-10,1.016,1.024,True,True,True,0.033693333333334484,0.019999999999999185,0.37947882736156485,0.37947882736156485,True,True,True,True,True,True,0.8126509880564634
1.08,0.5,0.21,2.5259892e-05,0.24368,1.349520766773163e-10,0.0,1.349520766773163e-10,1.016,1.024,True,True,True,0.033693333333334484,0.019999999999999185,0.24760383386581486,0.24760383386581486,True,True,True,True,True,True,0.5489010010649633
1.08,0.5,0.23,2.5259892e-05,0.24368,1.3241379310344826e-10,0.0,1.3241379310344826e-10,1.016,1.024,True,True,True,0.033693333333334484,0.019999999999999185,0.1206896551724137,0.1206896551724137,True,True,True,True,True,True,0.2950726436781611
1.08,0.5,0.25,2.5259892e-05,0.24368,1.2996923076923077e-10,0.0,1.2996923076923077e-10,1.016,1.024,True,True,True,0.033693333333334484,0.019999999999999185,0.0015384615384611156,0.0015384615384611156,True,True,True,True,True,True,0.0567702564102559
1.08,0.5,0.27,2.5259892e-05,0.24368,1.276132930513595e-10,0.0,1.276132930513595e-10,1.016,1.024,True,True,True,0.033693333333334484,0.019999999999999185,0.11933534743202409,0.11933534743202409,True,True,True,True,True,True,0.29236402819738183
1.08,0.5,0.29,2.5259892e-05,0.24368,1.253412462908012e-10,0.0,1.253412462908012e-10,1.016,1.024,True,True,True,0.033693333333334484,0.019999999999999185,0.23293768545993962,0.23293768545993962,True,True,True,True,True,True,0.5195687042532129
1.08,0.5,0.31,2.5259892e-05,0.24368,1.2314868804664725e-10,0.0,1.2314868804664725e-10,1.016,1.024,True,True,True,0.033693333333334484,0.019999999999999185,0.3425655976676371,0.3425655976676371,True,True,True,True,True,True,0.7388245286686079
1.08,0.5,0.33,2.5259892e-05,0.24368,1.2103151862464185e-10,0.0,1.2103151862464185e-10,1.016,1.024,True,True,True,0.033693333333334484,0.019999999999999185,0.44842406876790697,0.44842406876790697,True,True,True,True,True,True,0.9505414708691476
1.08,0.5,0.35,2.5259892e-05,0.24368,1.1898591549295776e-10,0.0,1.1898591549295776e-10,1.016,1.024,True,True,True,0.033693333333334484,0.019999999999999185,0.5507042253521114,0.5507042253521114,True,True,True,True,True,True,1.1551017840375564
1.08,0.52,0.15,2.5259892e-05,0.24368,1.45095593220339e-10,0.0,1.45095593220339e-10,1.016,1.024,True,True,True,0.033693333333334484,0.019999999999999185,0.7547796610169505,0.7547796610169505,True,True,True,True,True,True,1.5632526553672346
1.08,0.52,0.17,2.5259892e-05,0.24368,1.4220332225913622e-10,0.0,1.4220332225913622e-10,1.016,1.024,True,True,True,0.033693333333334484,0.019999999999999185,0.6101661129568117,0.6101661129568117,True,True,True,True,True,True,1.2740255592469572
1.08,0.52,0.19,2.5259892e-05,0.24368,1.394241042345277e-10,0.0,1.394241042345277e-10,1.016,1.024,True,True,True,0.033693333333334484,0.019999999999999185,0.4712052117263849,0.4712052117263849,True,True,True,True,True,True,0.9961037567861035
1.08,0.52,0.21,2.5259892e-05,0.24368,1.367514376996805e-10,0.0,1.367514376996805e-10,1.016,1.024,True,True,True,0.033693333333334484,0.019999999999999185,0.33757188498402585,0.33757188498402585,True,True,True,True,True,True,0.7288371033013854
1.08,0.52,0.23,2.5259892e-05,0.24368,1.3417931034482758e-10,0.0,1.3417931034482758e-10,1.016,1.024,True,True,True,0.033693333333334484,0.019999999999999185,0.20896551724137954,0.20896551724137954,True,True,True,True,True,True,0.47162436781609274
1.08,0.52,0.25,2.5259892e-05,0.24368,1.3170215384615385e-10,0.0,1.3170215384615385e-10,1.016,1.024,True,True,True,0.033693333333334484,0.019999999999999185,0.08510769230769306,0.08510769230769306,True,True,True,True,True,True,0.2239087179487198
1.08,0.52,0.27,2.5259892e-05,0.24368,1.2931480362537765e-10,0.0,1.2931480362537765e-10,1.016,1.024,True,True,True,0.033693333333334484,0.019999999999999185,0.03425981873111685,0.03425981873111685,True,True,True,True,True,True,0.12221297079556737
1.08,0.52,0.29,2.5259892e-05,0.24368,1.270124629080119e-10,0.0,1.270124629080119e-10,1.016,1.024,True,True,True,0.033693333333334484,0.019999999999999185,0.14937685459940472,0.14937685459940472,True,True,True,True,True,True,0.3524470425321431
1.08,0.52,0.31,2.5259892e-05,0.24368,1.2479067055393587e-10,0.0,1.2479067055393587e-10,1.016,1.024,True,True,True,0.033693333333334484,0.019999999999999185,0.26046647230320596,0.26046647230320596,True,True,True,True,True,True,0.5746262779397455
1.08,0.52,0.33,2.5259892e-05,0.24368,1.2264527220630375e-10,0.0,1.2264527220630375e-10,1.016,1.024,True,True,True,0.033693333333334484,0.019999999999999185,0.367736389684812,0.367736389684812,True,True,True,True,True,True,0.7891661127029577
1.08,0.52,0.35,2.5259892e-05,0.24368,1.205723943661972e-10,0.0,1.205723943661972e-10,1.016,1.024,True,True,True,0.033693333333334484,0.019999999999999185,0.47138028169013946,0.47138028169013946,True,True,True,True,True,True,0.9964538967136126
1.08,0.54,0.15,2.5259892e-05,0.24368,1.4700474576271186e-10,0.0,1.4700474576271186e-10,1.016,1.024,True,True,True,0.033693333333334484,0.019999999999999185,0.8502372881355937,0.8502372881355937,True,True,True,True,True,True,1.7541679096045213
1.08,0.54,0.17,2.5259892e-05,0.24368,1.4407441860465117e-10,0.0,1.4407441860465117e-10,1.016,1.024,True,True,True,0.033693333333334484,0.019999999999999185,0.703720930232559,0.703720930232559,True,True,True,True,True,True,1.4611351937984516
1.08,0.54,0.19,2.5259892e-05,0.24368,1.412586319218241e-10,0.0,1.412586319218241e-10,1.016,1.024,True,True,True,0.033693333333334484,0.019999999999999185,0.5629315960912049,0.5629315960912049,True,True,True,True,True,True,1.1795565255157436
1.08,0.54,0.21,2.5259892e-05,0.24368,1.3855079872204473e-10,0.0,1.3855079872204473e-10,1.016,1.024,True,True,True,0.033693333333334484,0.019999999999999185,0.42753993610223684,0.42753993610223684,True,True,True,True,True,True,0.9087732055378073
1.08,0.54,0.23,2.5259892e-05,0.24368,1.359448275862069e-10,0.0,1.359448275862069e-10,1.016,1.024,True,True,True,0.033693333333334484,0.019999999999999185,0.2972413793103454,0.2972413793103454,True,True,True,True,True,True,0.6481760919540245
1.08,0.54,0.25,2.5259892e-05,0.24368,1.334350769230769e-10,0.0,1.334350769230769e-10,1.016,1.024,True,True,True,0.033693333333334484,0.019999999999999185,0.17175384615384595,0.17175384615384595,True,True,True,True,True,True,0.39720102564102555
1.08,0.54,0.27,2.5259892e-05,0.24368,1.3101631419939575e-10,0.0,1.3101631419939575e-10,1.016,1.024,True,True,True,0.033693333333334484,0.019999999999999185,0.050815709969787806,0.050815709969787806,True,True,True,True,True,True,0.1553247532729093
1.08,0.54,0.29,2.5259892e-05,0.24368,1.2868367952522257e-10,0.0,1.2868367952522257e-10,1.016,1.024,True,True,True,0.033693333333334484,0.019999999999999185,0.06581602373887109,0.06581602373887109,True,True,True,True,True,True,0.18532538081107586
1.08,0.54,0.31,2.5259892e-05,0.24368,1.264326530612245e-10,0.0,1.264326530612245e-10,1.016,1.024,True,True,True,0.033693333333334484,0.019999999999999185,0.17836734693877487,0.17836734693877487,True,True,True,True,True,True,0.41042802721088345
1.08,0.54,0.33,2.5259892e-05,0.24368,1.2425902578796563e-10,0.0,1.2425902578796563e-10,1.016,1.024,True,True,True,0.033693333333334484,0.019999999999999185,0.2870487106017182,0.2870487106017182,True,True,True,True,True,True,0.62779075453677
1.08,0.54,0.35,2.5259892e-05,0.24368,1.2215887323943661e-10,0.0,1.2215887323943661e-10,1.016,1.024,True,True,True,0.033693333333334484,0.019999999999999185,0.3920563380281688,0.3920563380281688,True,True,True,True,True,True,0.8378060093896713
1.08,0.56,0.15,2.5259892e-05,0.24368,1.4891389830508475e-10,0.0,1.4891389830508475e-10,1.016,1.024,True,True,True,0.033693333333334484,0.019999999999999185,0.9456949152542382,0.9456949152542382,True,True,True,True,True,True,1.9450831638418102
1.08,0.56,0.17,2.5259892e-05,0.24368,1.4594551495016612e-10,0.0,1.4594551495016612e-10,1.016,1.024,True,True,True,0.033693333333334484,0.019999999999999185,0.7972757475083063,0.7972757475083063,True,True,True,True,True,True,1.6482448283499465
1.08,0.56,0.19,2.5259892e-05,0.24368,1.4309315960912051e-10,0.0,1.4309315960912051e-10,1.016,1.024,True,True,True,0.033693333333334484,0.019999999999999185,0.6546579804560263,0.6546579804560263,True,True,True,True,True,True,1.3630092942453862
1.08,0.56,0.21,2.5259892e-05,0.24368,1.4035015974440895e-10,0.0,1.4035015974440895e-10,1.016,1.024,True,True,True,0.033693333333334484,0.019999999999999185,0.5175079872204478,0.5175079872204478,True,True,True,True,True,True,1.0887093077742294
1.08,0.56,0.23,2.5259892e-05,0.24368,1.377103448275862e-10,0.0,1.377103448275862e-10,1.016,1.024,True,True,True,0.033693333333334484,0.019999999999999185,0.38551724137931,0.38551724137931,True,True,True,True,True,True,0.8247278160919536
1.08,0.56,0.25,2.5259892e-05,0.24368,1.35168e-10,0.0,1.35168e-10,1.016,1.024,True,True,True,0.033693333333334484,0.019999999999999185,0.25840000000000013,0.25840000000000013,True,True,True,True,True,True,0.570493333333334
1.08,0.56,0.27,2.5259892e-05,0.24368,1.327178247734139e-10,0.0,1.327178247734139e-10,1.016,1.024,True,True,True,0.033693333333334484,0.019999999999999185,0.13589123867069505,0.13589123867069505,True,True,True,True,True,True,0.32547581067472375
1.08,0.56,0.29,2.5259892e-05,0.24368,1.3035489614243324e-10,0.0,1.3035489614243324e-10,1.016,1.024,True,True,True,0.033693333333334484,0.019999999999999185,0.017744807121662525,0.017744807121662525,True,True,True,True,True,True,0.08918294757665872
1.08,0.56,0.31,2.5259892e-05,0.24368,1.2807463556851312e-10,0.0,1.2807463556851312e-10,1.016,1.024,True,True,True,0.033693333333334484,0.019999999999999185,0.09626822157434375,0.09626822157434375,True,True,True,True,True,True,0.24622977648202118
1.08,0.56,0.33,2.5259892e-05,0.24368,1.258727793696275e-10,0.0,1.258727793696275e-10,1.016,1.024,True,True,True,0.033693333333334484,0.019999999999999185,0.2063610315186245,0.2063610315186245,True,True,True,True,True,True,0.46641539637058266
1.08,0.56,0.35,2.5259892e-05,0.24368,1.2374535211267605e-10,0.0,1.2374535211267605e-10,1.016,1.024,True,True,True,0.033693333333334484,0.019999999999999185,0.3127323943661969,0.3127323943661969,True,True,True,True,True,True,0.6791581220657275
1.08,0.58,0.15,2.5259892e-05,0.24368,1.5082305084745765e-10,0.0,1.5082305084745765e-10,1.016,1.024,True,True,True,0.033693333333334484,0.019999999999999185,1.041152542372883,1.041152542372883,True,True,False,False,True,False,2.135998418079099
1.08,0.58,0.17,2.5259892e-05,0.24368,1.4781661129568106e-10,0.0,1.4781661129568106e-10,1.016,1.024,True,True,True,0.033693333333334484,0.019999999999999185,0.8908305647840536,0.8908305647840536,True,True,True,True,True,True,1.8353544629014409
1.08,0.58,0.19,2.5259892e-05,0.24368,1.4492768729641694e-10,0.0,1.4492768729641694e-10,1.016,1.024,True,True,True,0.033693333333334484,0.019999999999999185,0.7463843648208476,0.7463843648208476,True,True,True,True,True,True,1.5464620629750288
1.08,0.58,0.21,2.5259892e-05,0.24368,1.4214952076677317e-10,0.0,1.4214952076677317e-10,1.016,1.024,True,True,True,0.033693333333334484,0.019999999999999185,0.6074760383386588,0.6074760383386588,True,True,True,True,True,True,1.2686454100106515
1.08,0.58,0.23,2.5259892e-05,0.24368,1.394758620689655e-10,0.0,1.394758620689655e-10,1.016,1.024,True,True,True,0.033693333333334484,0.019999999999999185,0.47379310344827585,0.47379310344827585,True,True,True,True,True,True,1.0012795402298855
1.08,0.58,0.25,2.5259892e-05,0.24368,1.3690092307692308e-10,0.0,1.3690092307692308e-10,1.016,1.024,True,True,True,0.033693333333334484,0.019999999999999185,0.3450461538461543,0.3450461538461543,True,True,True,True,True,True,0.7437856410256423
1.08,0.58,0.27,2.5259892e-05,0.24368,1.34419335347432e-10,0.0,1.34419335347432e-10,1.016,1.024,True,True,True,0.033693333333334484,0.019999999999999185,0.22096676737160098,0.22096676737160098,True,True,True,True,True,True,0.4956268680765356
1.08,0.58,0.29,2.5259892e-05,0.24368,1.3202611275964394e-10,0.0,1.3202611275964394e-10,1.016,1.024,True,True,True,0.033693333333334484,0.019999999999999185,0.10130563798219744,0.10130563798219744,True,True,True,True,True,True,0.2563046092977286
1.08,0.58,0.31,2.5259892e-05,0.24368,1.2971661807580176e-10,0.0,1.2971661807580176e-10,1.016,1.024,True,True,True,0.033693333333334484,0.019999999999999185,0.01416909620991136,0.01416909620991136,True,True,True,True,True,True,0.08203152575315639
1.08,0.58,0.33,2.5259892e-05,0.24368,1.274865329512894e-10,0.0,1.274865329512894e-10,1.016,1.024,True,True,True,0.033693333333334484,0.019999999999999185,0.1256733524355295,0.1256733524355295,True,True,True,True,True,True,0.3050400382043926
1.08,0.58,0.35,2.5259892e-05,0.24368,1.253318309859155e-10,0.0,1.253318309859155e-10,1.016,1.024,True,True,True,0.033693333333334484,0.019999999999999185,0.23340845070422497,0.23340845070422497,True,True,True,True,True,True,0.5205102347417836
1.08,0.6,0.15,2.5259892e-05,0.24368,1.527322033898305e-10,0.0,1.527322033898305e-10,1.016,1.024,True,True,True,0.033693333333334484,0.019999999999999185,1.136610169491526,1.136610169491526,True,True,False,False,True,False,2.326913672316386
1.08,0.6,0.17,2.5259892e-05,0.24368,1.4968770764119603e-10,0.0,1.4968770764119603e-10,1.016,1.024,True,True,True,0.033693333333334484,0.019999999999999185,0.9843853820598023,0.9843853820598023,True,True,True,True,True,True,2.0224640974529384
1.08,0.6,0.19,2.5259892e-05,0.24368,1.4676221498371337e-10,0.0,1.4676221498371337e-10,1.016,1.024,True,True,True,0.033693333333334484,0.019999999999999185,0.8381107491856689,0.8381107491856689,True,True,True,True,True,True,1.7299148317046713
1.08,0.6,0.21,2.5259892e-05,0.24368,1.4394888178913739e-10,0.0,1.4394888178913739e-10,1.016,1.024,True,True,True,0.033693333333334484,0.019999999999999185,0.6974440894568698,0.6974440894568698,True,True,True,True,True,True,1.448581512247073
1.08,0.6,0.23,2.5259892e-05,0.24368,1.4124137931034482e-10,0.0,1.4124137931034482e-10,1.016,1.024,True,True,True,0.033693333333334484,0.019999999999999185,0.5620689655172417,0.5620689655172417,True,True,True,True,True,True,1.1778312643678173
1.08,0.6,0.25,2.5259892e-05,0.24368,1.3863384615384616e-10,0.0,1.3863384615384616e-10,1.016,1.024,True,True,True,0.033693333333334484,0.019999999999999185,0.4316923076923085,0.4316923076923085,True,True,True,True,True,True,0.9170779487179506
1.08,0.6,0.27,2.5259892e-05,0.24368,1.3612084592145015e-10,0.0,1.3612084592145015e-10,1.016,1.024,True,True,True,0.033693333333334484,0.019999999999999185,0.3060422960725082,0.3060422960725082,True,True,True,True,True,True,0.66577792547835
1.08,0.6,0.29,2.5259892e-05,0.24368,1.336973293768546e-10,0.0,1.336973293768546e-10,1.016,1.024,True,True,True,0.033693333333334484,0.019999999999999185,0.18486646884273106,0.18486646884273106,True,True,True,True,True,True,0.4234262710187958
1.08,0.6,0.31,2.5259892e-05,0.24368,1.3135860058309039e-10,0.0,1.3135860058309039e-10,1.016,1.024,True,True,True,0.033693333333334484,0.019999999999999185,0.06793002915451975,0.06793002915451975,True,True,True,True,True,True,0.18955339164237317
1.08,0.6,0.33,2.5259892e-05,0.24368,1.291002865329513e-10,0.0,1.291002865329513e-10,1.016,1.024,True,True,True,0.033693333333334484,0.019999999999999185,0.04498567335243446,0.04498567335243446,True,True,True,True,True,True,0.1436646800382026
1.08,0.6,0.35,2.5259892e-05,0.24368,1.2691830985915493e-10,0.0,1.2691830985915493e-10,1.016,1.024,True,True,True,0.033693333333334484,0.019999999999999185,0.15408450704225307,0.15408450704225307,True,True,True,True,True,True,0.36186234741783985
1.09,0.4,0.15,2.52586285e-05,0.24369000000000002,1.340322033898305e-10,0.0,1.340322033898305e-10,1.018,1.0270000000000001,True,True,True,0.03790499999999988,0.022500000000001685,0.2016101694915261,0.2016101694915261,True,True,True,True,True,True,0.4636253389830538
1.09,0.4,0.17,2.52586285e-05,0.24369000000000002,1.3136046511627908e-10,0.0,1.3136046511627908e-10,1.018,1.0270000000000001,True,True,True,0.03790499999999988,0.022500000000001685,0.06802325581395458,0.06802325581395458,True,True,True,True,True,True,0.19645151162791072
1.09,0.4,0.19,2.52586285e-05,0.24369000000000002,1.2879315960912052e-10,0.0,1.2879315960912052e-10,1.018,1.0270000000000001,True,True,True,0.03790499999999988,0.022500000000001685,0.06034201954397339,0.06034201954397339,True,True,True,True,True,True,0.18108903908794835
1.09,0.4,0.21,2.52586285e-05,0.24369000000000002,1.2632428115015974e-10,0.0,1.2632428115015974e-10,1.018,1.0270000000000001,True,True,True,0.03790499999999988,0.022500000000001685,0.18378594249201236,0.18378594249201236,True,True,True,True,True,True,0.4279768849840263
1.09,0.4,0.23,2.52586285e-05,0.24369000000000002,1.2394827586206896e-10,0.0,1.2394827586206896e-10,1.018,1.0270000000000001,True,True,True,0.03790499999999988,0.022500000000001685,0.3025862068965515,0.3025862068965515,True,True,True,True,True,True,0.6655774137931045
1.09,0.4,0.25,2.52586285e-05,0.24369000000000002,1.2166e-10,0.0,1.2166e-10,1.018,1.0270000000000001,True,True,True,0.03790499999999988,0.022500000000001685,0.4169999999999997,0.4169999999999997,True,True,True,True,True,True,0.894405000000001
1.09,0.4,0.27,2.52586285e-05,0.24369000000000002,1.1945468277945618e-10,0.0,1.1945468277945618e-10,1.018,1.0270000000000001,True,True,True,0.03790499999999988,0.022500000000001685,0.5272658610271905,0.5272658610271905,True,True,True,True,True,True,1.1149367220543827
1.09,0.4,0.29,2.52586285e-05,0.24369000000000002,1.1732789317507421e-10,0.0,1.1732789317507421e-10,1.018,1.0270000000000001,True,True,True,0.03790499999999988,0.022500000000001685,0.6336053412462889,0.6336053412462889,True,True,True,True,True,True,1.3276156824925793
1.09,0.4,0.31,2.52586285e-05,0.24369000000000002,1.1527551020408165e-10,0.0,1.1527551020408165e-10,1.018,1.0270000000000001,True,True,True,0.03790499999999988,0.022500000000001685,0.7362244897959173,0.7362244897959173,True,True,True,True,True,True,1.5328539795918361
1.09,0.4,0.33,2.52586285e-05,0.24369000000000002,1.1329369627507164e-10,0.0,1.1329369627507164e-10,1.018,1.0270000000000001,True,True,True,0.03790499999999988,0.022500000000001685,0.8353151862464175,0.8353151862464175,True,True,True,True,True,True,1.7310353724928367
1.09,0.4,0.35,2.52586285e-05,0.24369000000000002,1.1137887323943663e-10,0.0,1.1137887323943663e-10,1.018,1.0270000000000001,True,True,True,0.03790499999999988,0.022500000000001685,0.9310563380281682,0.9310563380281682,True,True,True,True,True,True,1.922517676056338
1.09,0.42,0.15,2.52586285e-05,0.24369000000000002,1.359469491525424e-10,0.0,1.359469491525424e-10,1.018,1.0270000000000001,True,True,True,0.03790499999999988,0.022500000000001685,0.29734745762711995,0.29734745762711995,True,True,True,True,True,True,0.6550999152542414
1.09,0.42,0.17,2.52586285e-05,0.24369000000000002,1.3323704318936879e-10,0.0,1.3323704318936879e-10,1.018,1.0270000000000001,True,True,True,0.03790499999999988,0.022500000000001685,0.1618521594684398,0.1618521594684398,True,True,True,True,True,True,0.38410931893688116
1.09,0.42,0.19,2.52586285e-05,0.24369000000000002,1.3063306188925082e-10,0.0,1.3063306188925082e-10,1.018,1.0270000000000001,True,True,True,0.03790499999999988,0.022500000000001685,0.03165309446254144,0.03165309446254144,True,True,True,True,True,True,0.12371118892508445
1.09,0.42,0.21,2.52586285e-05,0.24369000000000002,1.2812891373801916e-10,0.0,1.2812891373801916e-10,1.018,1.0270000000000001,True,True,True,0.03790499999999988,0.022500000000001685,0.09355431309904134,0.09355431309904134,True,True,True,True,True,True,0.24751362619808426
1.09,0.42,0.23,2.52586285e-05,0.24369000000000002,1.2571896551724138e-10,0.0,1.2571896551724138e-10,1.018,1.0270000000000001,True,True,True,0.03790499999999988,0.022500000000001685,0.2140517241379303,0.2140517241379303,True,True,True,True,True,True,0.48850844827586215
1.09,0.42,0.25,2.52586285e-05,0.24369000000000002,1.23398e-10,0.0,1.23398e-10,1.018,1.0270000000000001,True,True,True,0.03790499999999988,0.022500000000001685,0.3301,0.3301,True,True,True,True,True,True,0.7206050000000015
1.09,0.42,0.27,2.52586285e-05,0.24369000000000002,1.2116117824773412e-10,0.0,1.2116117824773412e-10,1.018,1.0270000000000001,True,True,True,0.03790499999999988,0.022500000000001685,0.4419410876132933,0.4419410876132933,True,True,True,True,True,True,0.9442871752265882
1.09,0.42,0.29,2.52586285e-05,0.24369000000000002,1.190040059347181e-10,0.0,1.190040059347181e-10,1.018,1.0270000000000001,True,True,True,0.03790499999999988,0.022500000000001685,0.5497997032640942,0.5497997032640942,True,True,True,True,True,True,1.16000440652819
1.09,0.42,0.31,2.52586285e-05,0.24369000000000002,1.169223032069971e-10,0.0,1.169223032069971e-10,1.018,1.0270000000000001,True,True,True,0.03790499999999988,0.022500000000001685,0.6538848396501444,0.6538848396501444,True,True,True,True,True,True,1.3681746793002905
1.09,0.42,0.33,2.52586285e-05,0.24369000000000002,1.149121776504298e-10,0.0,1.149121776504298e-10,1.018,1.0270000000000001,True,True,True,0.03790499999999988,0.022500000000001685,0.7543911174785095,0.7543911174785095,True,True,True,True,True,True,1.5691872349570206
1.09,0.42,0.35,2.52586285e-05,0.24369000000000002,1.1297e-10,0.0,1.1297e-10,1.018,1.0270000000000001,True,True,True,0.03790499999999988,0.022500000000001685,0.8514999999999996,0.8514999999999996,True,True,True,True,True,True,1.7634050000000008
1.09,0.44,0.15,2.52586285e-05,0.24369000000000002,1.3786169491525427e-10,0.0,1.3786169491525427e-10,1.018,1.0270000000000001,True,True,True,0.03790499999999988,0.022500000000001685,0.3930847457627138,0.3930847457627138,True,True,True,True,True,True,0.8465744915254292
1.09,0.44,0.17,2.52586285e-05,0.24369000000000002,1.351136212624585e-10,0.0,1.351136212624585e-10,1.018,1.0270000000000001,True,True,True,0.03790499999999988,0.022500000000001685,0.25568106312292505,0.25568106312292505,True,True,True,True,True,True,0.5717671262458517
1.09,0.44,0.19,2.52586285e-05,0.24369000000000002,1.3247296416938112e-10,0.0,1.3247296416938112e-10,1.018,1.0270000000000001,True,True,True,0.03790499999999988,0.022500000000001685,0.12364820846905628,0.12364820846905628,True,True,True,True,True,True,0.30770141693811415
1.09,0.44,0.21,2.52586285e-05,0.24369000000000002,1.299335463258786e-10,0.0,1.299335463258786e-10,1.018,1.0270000000000001,True,True,True,0.03790499999999988,0.022500000000001685,0.00332268370606904,0.00332268370606904,True,True,True,True,True,True,0.06705036741213966
1.09,0.44,0.23,2.52586285e-05,0.24369000000000002,1.274896551724138e-10,0.0,1.274896551724138e-10,1.018,1.0270000000000001,True,True,True,0.03790499999999988,0.022500000000001685,0.12551724137930906,0.12551724137930906,True,True,True,True,True,True,0.31143948275861966
1.09,0.44,0.25,2.52586285e-05,0.24369000000000002,1.25136e-10,0.0,1.25136e-10,1.018,1.0270000000000001,True,True,True,0.03790499999999988,0.022500000000001685,0.24319999999999897,0.24319999999999897,True,True,True,True,True,True,0.5468049999999995
1.09,0.44,0.27,2.52586285e-05,0.24369000000000002,1.228676737160121e-10,0.0,1.228676737160121e-10,1.018,1.0270000000000001,True,True,True,0.03790499999999988,0.022500000000001685,0.3566163141993949,0.3566163141993949,True,True,True,True,True,True,0.7736376283987914
1.09,0.44,0.29,2.52586285e-05,0.24369000000000002,1.2068011869436205e-10,0.0,1.2068011869436205e-10,1.018,1.0270000000000001,True,True,True,0.03790499999999988,0.022500000000001685,0.465994065281897,0.465994065281897,True,True,True,True,True,True,0.9923931305637956
1.09,0.44,0.31,2.52586285e-05,0.24369000000000002,1.1856909620991257e-10,0.0,1.1856909620991257e-10,1.018,1.0270000000000001,True,True,True,0.03790499999999988,0.022500000000001685,0.571545189504371,0.571545189504371,True,True,True,True,True,True,1.2034953790087437
1.09,0.44,0.33,2.52586285e-05,0.24369000000000002,1.1653065902578799e-10,0.0,1.1653065902578799e-10,1.018,1.0270000000000001,True,True,True,0.03790499999999988,0.022500000000001685,0.6734670487106003,0.6734670487106003,True,True,True,True,True,True,1.4073390974212021
1.09,0.44,0.35,2.52586285e-05,0.24369000000000002,1.145611267605634e-10,0.0,1.145611267605634e-10,1.018,1.0270000000000001,True,True,True,0.03790499999999988,0.022500000000001685,0.7719436619718297,0.7719436619718297,True,True,True,True,True,True,1.604292323943661
1.09,0.46,0.15,2.52586285e-05,0.24369000000000002,1.3977644067796612e-10,0.0,1.3977644067796612e-10,1.018,1.0270000000000001,True,True,True,0.03790499999999988,0.022500000000001685,0.48882203389830636,0.48882203389830636,True,True,True,True,True,True,1.0380490677966143
1.09,0.46,0.17,2.52586285e-05,0.24369000000000002,1.3699019933554817e-10,0.0,1.3699019933554817e-10,1.018,1.0270000000000001,True,True,True,0.03790499999999988,0.022500000000001685,0.349509966777409,0.349509966777409,True,True,True,True,True,True,0.7594249335548195
1.09,0.46,0.19,2.52586285e-05,0.24369000000000002,1.343128664495114e-10,0.0,1.343128664495114e-10,1.018,1.0270000000000001,True,True,True,0.03790499999999988,0.022500000000001685,0.2156433224755711,0.2156433224755711,True,True,True,True,True,True,0.49169164495114376
1.09,0.46,0.21,2.52586285e-05,0.24369000000000002,1.3173817891373803e-10,0.0,1.3173817891373803e-10,1.018,1.0270000000000001,True,True,True,0.03790499999999988,0.022500000000001685,0.08690894568690197,0.08690894568690197,True,True,True,True,True,True,0.2342228913738055
1.09,0.46,0.23,2.52586285e-05,0.24369000000000002,1.292603448275862e-10,0.0,1.292603448275862e-10,1.018,1.0270000000000001,True,True,True,0.03790499999999988,0.022500000000001685,0.0369827586206891,0.0369827586206891,True,True,True,True,True,True,0.13437051724137977
1.09,0.46,0.25,2.52586285e-05,0.24369000000000002,1.26874e-10,0.0,1.26874e-10,1.018,1.0270000000000001,True,True,True,0.03790499999999988,0.022500000000001685,0.15629999999999925,0.15629999999999925,True,True,True,True,True,True,0.37300500000000003
1.09,0.46,0.27,2.52586285e-05,0.24369000000000002,1.2457416918429004e-10,0.0,1.2457416918429004e-10,1.018,1.0270000000000001,True,True,True,0.03790499999999988,0.022500000000001685,0.2712915407854977,0.2712915407854977,True,True,True,True,True,True,0.6029880815709969
1.09,0.46,0.29,2.52586285e-05,0.24369000000000002,1.2235623145400594e-10,0.0,1.2235623145400594e-10,1.018,1.0270000000000001,True,True,True,0.03790499999999988,0.022500000000001685,0.38218842729970237,0.38218842729970237,True,True,True,True,True,True,0.8247818545994063
1.09,0.46,0.31,2.52586285e-05,0.24369000000000002,1.20215889212828e-10,0.0,1.20215889212828e-10,1.018,1.0270000000000001,True,True,True,0.03790499999999988,0.022500000000001685,0.48920553935859895,0.48920553935859895,True,True,True,True,True,True,1.0388160787171994
1.09,0.46,0.33,2.52586285e-05,0.24369000000000002,1.1814914040114614e-10,0.0,1.1814914040114614e-10,1.018,1.0270000000000001,True,True,True,0.03790499999999988,0.022500000000001685,0.5925429799426923,0.5925429799426923,True,True,True,True,True,True,1.2454909598853863
1.09,0.46,0.35,2.52586285e-05,0.24369000000000002,1.1615225352112677e-10,0.0,1.1615225352112677e-10,1.018,1.0270000000000001,True,True,True,0.03790499999999988,0.022500000000001685,0.6923873239436612,0.6923873239436612,True,True,True,True,True,True,1.445179647887324
1.09,0.48,0.15,2.52586285e-05,0.24369000000000002,1.41691186440678e-10,0.0,1.41691186440678e-10,1.018,1.0270000000000001,True,True,True,0.03790499999999988,0.022500000000001685,0.5845593220339002,0.5845593220339002,True,True,True,True,True,True,1.229523644067802
1.09,0.48,0.17,2.52586285e-05,0.24369000000000002,1.388667774086379e-10,0.0,1.388667774086379e-10,1.018,1.0270000000000001,True,True,True,0.03790499999999988,0.022500000000001685,0.4433388704318955,0.4433388704318955,True,True,True,True,True,True,0.9470827408637925
1.09,0.48,0.19,2.52586285e-05,0.24369000000000002,1.361527687296417e-10,0.0,1.361527687296417e-10,1.018,1.0270000000000001,True,True,True,0.03790499999999988,0.022500000000001685,0.30763843648208594,0.30763843648208594,True,True,True,True,True,True,0.6756818729641734
1.09,0.48,0.21,2.52586285e-05,0.24369000000000002,1.3354281150159745e-10,0.0,1.3354281150159745e-10,1.018,1.0270000000000001,True,True,True,0.03790499999999988,0.022500000000001685,0.177140575079873,0.177140575079873,True,True,True,True,True,True,0.4146861501597475
1.09,0.48,0.23,2.52586285e-05,0.24369000000000002,1.3103103448275863e-10,0.0,1.3103103448275863e-10,1.018,1.0270000000000001,True,True,True,0.03790499999999988,0.022500000000001685,0.051551724137932145,0.051551724137932145,True,True,True,True,True,True,0.16350844827586586
1.09,0.48,0.25,2.52586285e-05,0.24369000000000002,1.28612e-10,0.0,1.28612e-10,1.018,1.0270000000000001,True,True,True,0.03790499999999988,0.022500000000001685,0.06939999999999953,0.06939999999999953,True,True,True,True,True,True,0.19920500000000063
1.09,0.48,0.27,2.52586285e-05,0.24369000000000002,1.2628066465256798e-10,0.0,1.2628066465256798e-10,1.018,1.0270000000000001,True,True,True,0.03790499999999988,0.022500000000001685,0.1859667673716006,0.1859667673716006,True,True,True,True,True,True,0.4323385347432027
1.09,0.48,0.29,2.52586285e-05,0.24369000000000002,1.240323442136499e-10,0.0,1.240323442136499e-10,1.018,1.0270000000000001,True,True,True,0.03790499999999988,0.022500000000001685,0.2983827893175051,0.2983827893175051,True,True,True,True,True,True,0.6571705786350117
1.09,0.48,0.31,2.52586285e-05,0.24369000000000002,1.2186268221574345e-10,0.0,1.2186268221574345e-10,1.018,1.0270000000000001,True,True,True,0.03790499999999988,0.022500000000001685,0.40686588921282685,0.40686588921282685,True,True,True,True,True,True,0.8741367784256553
1.09,0.48,0.33,2.52586285e-05,0.24369000000000002,1.1976762177650433e-10,0.0,1.1976762177650433e-10,1.018,1.0270000000000001,True,True,True,0.03790499999999988,0.022500000000001685,0.5116189111747831,0.5116189111747831,True,True,True,True,True,True,1.0836428223495678
1.09,0.48,0.35,2.52586285e-05,0.24369000000000002,1.1774338028169016e-10,0.0,1.1774338028169016e-10,1.018,1.0270000000000001,True,True,True,0.03790499999999988,0.022500000000001685,0.6128309859154913,0.6128309859154913,True,True,True,True,True,True,1.2860669718309843
1.09,0.5,0.15,2.52586285e-05,0.24369000000000002,1.4360593220338984e-10,0.0,1.4360593220338984e-10,1.018,1.0270000000000001,True,True,True,0.03790499999999988,0.022500000000001685,0.6802966101694927,0.6802966101694927,True,True,True,True,True,True,1.420998220338987
1.09,0.5,0.17,2.52586285e-05,0.24369000000000002,1.4074335548172758e-10,0.0,1.4074335548172758e-10,1.018,1.0270000000000001,True,True,True,0.03790499999999988,0.022500000000001685,0.5371677740863794,0.5371677740863794,True,True,True,True,True,True,1.1347405481727604
1.09,0.5,0.19,2.52586285e-05,0.24369000000000002,1.37992671009772e-10,0.0,1.37992671009772e-10,1.018,1.0270000000000001,True,True,True,0.03790499999999988,0.022500000000001685,0.3996335504886008,0.3996335504886008,True,True,True,True,True,True,0.859672100977203
1.09,0.5,0.21,2.52586285e-05,0.24369000000000002,1.3534744408945687e-10,0.0,1.3534744408945687e-10,1.018,1.0270000000000001,True,True,True,0.03790499999999988,0.022500000000001685,0.267372204472844,0.267372204472844,True,True,True,True,True,True,0.5951494089456895
1.09,0.5,0.23,2.52586285e-05,0.24369000000000002,1.3280172413793103e-10,0.0,1.3280172413793103e-10,1.018,1.0270000000000001,True,True,True,0.03790499999999988,0.022500000000001685,0.1400862068965521,0.1400862068965521,True,True,True,True,True,True,0.3405774137931058
1.09,0.5,0.25,2.52586285e-05,0.24369000000000002,1.3035e-10,0.0,1.3035e-10,1.018,1.0270000000000001,True,True,True,0.03790499999999988,0.022500000000001685,0.0175000000000002,0.0175000000000002,True,True,True,True,True,True,0.09540500000000196
1.09,0.5,0.27,2.52586285e-05,0.24369000000000002,1.2798716012084592e-10,0.0,1.2798716012084592e-10,1.018,1.0270000000000001,True,True,True,0.03790499999999988,0.022500000000001685,0.10064199395770344,0.10064199395770344,True,True,True,True,True,True,0.26168898791540846
1.09,0.5,0.29,2.52586285e-05,0.24369000000000002,1.2570845697329378e-10,0.0,1.2570845697329378e-10,1.018,1.0270000000000001,True,True,True,0.03790499999999988,0.022500000000001685,0.21457715133531047,0.21457715133531047,True,True,True,True,True,True,0.4895593026706225
1.09,0.5,0.31,2.52586285e-05,0.24369000000000002,1.2350947521865892e-10,0.0,1.2350947521865892e-10,1.018,1.0270000000000001,True,True,True,0.03790499999999988,0.022500000000001685,0.3245262390670534,0.3245262390670534,True,True,True,True,True,True,0.7094574781341083
1.09,0.5,0.33,2.52586285e-05,0.24369000000000002,1.213861031518625e-10,0.0,1.213861031518625e-10,1.018,1.0270000000000001,True,True,True,0.03790499999999988,0.022500000000001685,0.4306948424068751,0.4306948424068751,True,True,True,True,True,True,0.9217946848137517
1.09,0.5,0.35,2.52586285e-05,0.24369000000000002,1.1933450704225354e-10,0.0,1.1933450704225354e-10,1.018,1.0270000000000001,True,True,True,0.03790499999999988,0.022500000000001685,0.5332746478873227,0.5332746478873227,True,True,True,True,True,True,1.126954295774647
1.09,0.52,0.15,2.52586285e-05,0.24369000000000002,1.4552067796610172e-10,0.0,1.4552067796610172e-10,1.018,1.0270000000000001,True,True,True,0.03790499999999988,0.022500000000001685,0.7760338983050865,0.7760338983050865,True,True,True,True,True,True,1.6124727966101746
1.09,0.52,0.17,2.52586285e-05,0.24369000000000002,1.426199335548173e-10,0.0,1.426199335548173e-10,1.018,1.0270000000000001,True,True,True,0.03790499999999988,0.022500000000001685,0.630996677740866,0.630996677740866,True,True,True,True,True,True,1.3223983554817336
1.09,0.52,0.19,2.52586285e-05,0.24369000000000002,1.398325732899023e-10,0.0,1.398325732899023e-10,1.018,1.0270000000000001,True,True,True,0.03790499999999988,0.022500000000001685,0.4916286644951156,0.4916286644951156,True,True,True,True,True,True,1.0436623289902327
1.09,0.52,0.21,2.52586285e-05,0.24369000000000002,1.3715207667731632e-10,0.0,1.3715207667731632e-10,1.018,1.0270000000000001,True,True,True,0.03790499999999988,0.022500000000001685,0.3576038338658163,0.3576038338658163,True,True,True,True,True,True,0.7756126677316342
1.09,0.52,0.23,2.52586285e-05,0.24369000000000002,1.3457241379310346e-10,0.0,1.3457241379310346e-10,1.018,1.0270000000000001,True,True,True,0.03790499999999988,0.022500000000001685,0.22862068965517335,0.22862068965517335,True,True,True,True,True,True,0.5176463793103483
1.09,0.52,0.25,2.52586285e-05,0.24369000000000002,1.3208800000000001e-10,0.0,1.3208800000000001e-10,1.018,1.0270000000000001,True,True,True,0.03790499999999988,0.022500000000001685,0.10440000000000121,0.10440000000000121,True,True,True,True,True,True,0.269205000000004
1.09,0.52,0.27,2.52586285e-05,0.24369000000000002,1.296936555891239e-10,0.0,1.296936555891239e-10,1.018,1.0270000000000001,True,True,True,0.03790499999999988,0.022500000000001685,0.015317220543805004,0.015317220543805004,True,True,True,True,True,True,0.09103944108761158
1.09,0.52,0.29,2.52586285e-05,0.24369000000000002,1.2738456973293773e-10,0.0,1.2738456973293773e-10,1.018,1.0270000000000001,True,True,True,0.03790499999999988,0.022500000000001685,0.1307715133531132,0.1307715133531132,True,True,True,True,True,True,0.321948026706228
1.09,0.52,0.31,2.52586285e-05,0.24369000000000002,1.2515626822157436e-10,0.0,1.2515626822157436e-10,1.018,1.0270000000000001,True,True,True,0.03790499999999988,0.022500000000001685,0.2421865889212813,0.2421865889212813,True,True,True,True,True,True,0.5447781778425642
1.09,0.52,0.33,2.52586285e-05,0.24369000000000002,1.2300458452722065e-10,0.0,1.2300458452722065e-10,1.018,1.0270000000000001,True,True,True,0.03790499999999988,0.022500000000001685,0.34977077363896714,0.34977077363896714,True,True,True,True,True,True,0.7599465472779359
1.09,0.52,0.35,2.52586285e-05,0.24369000000000002,1.2092563380281693e-10,0.0,1.2092563380281693e-10,1.018,1.0270000000000001,True,True,True,0.03790499999999988,0.022500000000001685,0.45371830985915285,0.45371830985915285,True,True,True,True,True,True,0.9678416197183073
1.09,0.54,0.15,2.52586285e-05,0.24369000000000002,1.4743542372881357e-10,0.0,1.4743542372881357e-10,1.018,1.0270000000000001,True,True,True,0.03790499999999988,0.022500000000001685,0.8717711864406791,0.8717711864406791,True,True,True,True,True,True,1.8039473728813598
1.09,0.54,0.17,2.52586285e-05,0.24369000000000002,1.44496511627907e-10,0.0,1.44496511627907e-10,1.018,1.0270000000000001,True,True,True,0.03790499999999988,0.022500000000001685,0.7248255813953499,0.7248255813953499,True,True,True,True,True,True,1.5100561627907014
1.09,0.54,0.19,2.52586285e-05,0.24369000000000002,1.416724755700326e-10,0.0,1.416724755700326e-10,1.018,1.0270000000000001,True,True,True,0.03790499999999988,0.022500000000001685,0.5836237785016304,0.5836237785016304,True,True,True,True,True,True,1.2276525570032624
1.09,0.54,0.21,2.52586285e-05,0.24369000000000002,1.3895670926517574e-10,0.0,1.3895670926517574e-10,1.018,1.0270000000000001,True,True,True,0.03790499999999988,0.022500000000001685,0.4478354632587873,0.4478354632587873,True,True,True,True,True,True,0.9560759265175762
1.09,0.54,0.23,2.52586285e-05,0.24369000000000002,1.3634310344827588e-10,0.0,1.3634310344827588e-10,1.018,1.0270000000000001,True,True,True,0.03790499999999988,0.022500000000001685,0.3171551724137946,0.3171551724137946,True,True,True,True,True,True,0.6947153448275907
1.09,0.54,0.25,2.52586285e-05,0.24369000000000002,1.33826e-10,0.0,1.33826e-10,1.018,1.0270000000000001,True,True,True,0.03790499999999988,0.022500000000001685,0.19130000000000094,0.19130000000000094,True,True,True,True,True,True,0.4430050000000034
1.09,0.54,0.27,2.52586285e-05,0.24369000000000002,1.314001510574018e-10,0.0,1.314001510574018e-10,1.018,1.0270000000000001,True,True,True,0.03790499999999988,0.022500000000001685,0.07000755287009085,0.07000755287009085,True,True,True,True,True,True,0.20042010574018326
1.09,0.54,0.29,2.52586285e-05,0.24369000000000002,1.2906068249258162e-10,0.0,1.2906068249258162e-10,1.018,1.0270000000000001,True,True,True,0.03790499999999988,0.022500000000001685,0.046965875370918564,0.046965875370918564,True,True,True,True,True,True,0.1543367507418387
1.09,0.54,0.31,2.52586285e-05,0.24369000000000002,1.268030612244898e-10,0.0,1.268030612244898e-10,1.018,1.0270000000000001,True,True,True,0.03790499999999988,0.022500000000001685,0.15984693877550918,0.15984693877550918,True,True,True,True,True,True,0.3800988775510199
1.09,0.54,0.33,2.52586285e-05,0.24369000000000002,1.246230659025788e-10,0.0,1.246230659025788e-10,1.018,1.0270000000000001,True,True,True,0.03790499999999988,0.022500000000001685,0.26884670487105916,0.26884670487105916,True,True,True,True,True,True,0.5980984097421198
1.09,0.54,0.35,2.52586285e-05,0.24369000000000002,1.225167605633803e-10,0.0,1.225167605633803e-10,1.018,1.0270000000000001,True,True,True,0.03790499999999988,0.022500000000001685,0.37416197183098426,0.37416197183098426,True,True,True,True,True,True,0.80872894366197
1.09,0.56,0.15,2.52586285e-05,0.24369000000000002,1.4935016949152545e-10,0.0,1.4935016949152545e-10,1.018,1.0270000000000001,True,True,True,0.03790499999999988,0.022500000000001685,0.967508474576273,0.967508474576273,True,True,True,True,True,True,1.9954219491525476
1.09,0.56,0.17,2.52586285e-05,0.24369000000000002,1.4637308970099672e-10,0.0,1.4637308970099672e-10,1.018,1.0270000000000001,True,True,True,0.03790499999999988,0.022500000000001685,0.8186544850498364,0.8186544850498364,True,True,True,True,True,True,1.6977139700996744
1.09,0.56,0.19,2.52586285e-05,0.24369000000000002,1.435123778501629e-10,0.0,1.435123778501629e-10,1.018,1.0270000000000001,True,True,True,0.03790499999999988,0.022500000000001685,0.6756188925081452,0.6756188925081452,True,True,True,True,True,True,1.411642785016292
1.09,0.56,0.21,2.52586285e-05,0.24369000000000002,1.4076134185303518e-10,0.0,1.4076134185303518e-10,1.018,1.0270000000000001,True,True,True,0.03790499999999988,0.022500000000001685,0.5380670926517596,0.5380670926517596,True,True,True,True,True,True,1.1365391853035207
1.09,0.56,0.23,2.52586285e-05,0.24369000000000002,1.381137931034483e-10,0.0,1.381137931034483e-10,1.018,1.0270000000000001,True,True,True,0.03790499999999988,0.022500000000001685,0.40568965517241584,0.40568965517241584,True,True,True,True,True,True,0.8717843103448333
1.09,0.56,0.25,2.52586285e-05,0.24369000000000002,1.3556400000000003e-10,0.0,1.3556400000000003e-10,1.018,1.0270000000000001,True,True,True,0.03790499999999988,0.022500000000001685,0.27820000000000195,0.27820000000000195,True,True,True,True,True,True,0.6168050000000054
1.09,0.56,0.27,2.52586285e-05,0.24369000000000002,1.3310664652567978e-10,0.0,1.3310664652567978e-10,1.018,1.0270000000000001,True,True,True,0.03790499999999988,0.022500000000001685,0.1553323262839893,0.1553323262839893,True,True,True,True,True,True,0.3710696525679802
1.09,0.56,0.29,2.52586285e-05,0.24369000000000002,1.3073679525222556e-10,0.0,1.3073679525222556e-10,1.018,1.0270000000000001,True,True,True,0.03790499999999988,0.022500000000001685,0.03683976261127867,0.03683976261127867,True,True,True,True,True,True,0.1340845252225589
1.09,0.56,0.31,2.52586285e-05,0.24369000000000002,1.2844985422740528e-10,0.0,1.2844985422740528e-10,1.018,1.0270000000000001,True,True,True,0.03790499999999988,0.022500000000001685,0.07750728862973577,0.07750728862973577,True,True,True,True,True,True,0.2154195772594731
1.09,0.56,0.33,2.52586285e-05,0.24369000000000002,1.26241547277937e-10,0.0,1.26241547277937e-10,1.018,1.0270000000000001,True,True,True,0.03790499999999988,0.022500000000001685,0.1879226361031499,0.1879226361031499,True,True,True,True,True,True,0.4362502722063014
1.09,0.56,0.35,2.52586285e-05,0.24369000000000002,1.241078873239437e-10,0.0,1.241078873239437e-10,1.018,1.0270000000000001,True,True,True,0.03790499999999988,0.022500000000001685,0.2946056338028144,0.2946056338028144,True,True,True,True,True,True,0.6496162676056303
1.09,0.58,0.15,2.52586285e-05,0.24369000000000002,1.5126491525423732e-10,0.0,1.5126491525423732e-10,1.018,1.0270000000000001,True,True,True,0.03790499999999988,0.022500000000001685,1.0632457627118668,1.0632457627118668,True,True,False,False,True,False,2.186896525423735
1.09,0.58,0.17,2.52586285e-05,0.24369000000000002,1.482496677740864e-10,0.0,1.482496677740864e-10,1.018,1.0270000000000001,True,True,True,0.03790499999999988,0.022500000000001685,0.9124833887043203,0.9124833887043203,True,True,True,True,True,True,1.8853717774086423
1.09,0.58,0.19,2.52586285e-05,0.24369000000000002,1.453522801302932e-10,0.0,1.453522801302932e-10,1.018,1.0270000000000001,True,True,True,0.03790499999999988,0.022500000000001685,0.76761400651466,0.76761400651466,True,True,True,True,True,True,1.5956330130293217
1.09,0.58,0.21,2.52586285e-05,0.24369000000000002,1.4256597444089458e-10,0.0,1.4256597444089458e-10,1.018,1.0270000000000001,True,True,True,0.03790499999999988,0.022500000000001685,0.6282987220447294,0.6282987220447294,True,True,True,True,True,True,1.3170024440894603
1.09,0.58,0.23,2.52586285e-05,0.24369000000000002,1.398844827586207e-10,0.0,1.398844827586207e-10,1.018,1.0270000000000001,True,True,True,0.03790499999999988,0.022500000000001685,0.49422413793103576,0.49422413793103576,True,True,True,True,True,True,1.048853275862073
1.09,0.58,0.25,2.52586285e-05,0.24369000000000002,1.3730200000000002e-10,0.0,1.3730200000000002e-10,1.018,1.0270000000000001,True,True,True,0.03790499999999988,0.022500000000001685,0.3651000000000017,0.3651000000000017,True,True,True,True,True,True,0.7906050000000049
1.09,0.58,0.27,2.52586285e-05,0.24369000000000002,1.3481314199395772e-10,0.0,1.3481314199395772e-10,1.018,1.0270000000000001,True,True,True,0.03790499999999988,0.022500000000001685,0.24065709969788643,0.24065709969788643,True,True,True,True,True,True,0.5417191993957744
1.09,0.58,0.29,2.52586285e-05,0.24369000000000002,1.3241290801186946e-10,0.0,1.3241290801186946e-10,1.018,1.0270000000000001,True,True,True,0.03790499999999988,0.022500000000001685,0.12064540059347333,0.12064540059347333,True,True,True,True,True,True,0.3016958011869482
1.09,0.58,0.31,2.52586285e-05,0.24369000000000002,1.3009664723032072e-10,0.0,1.3009664723032072e-10,1.018,1.0270000000000001,True,True,True,0.03790499999999988,0.022500000000001685,0.004832361516036351,0.004832361516036351,True,True,True,True,True,True,0.07006972303207426
1.09,0.58,0.33,2.52586285e-05,0.24369000000000002,1.2786002865329515e-10,0.0,1.2786002865329515e-10,1.018,1.0270000000000001,True,True,True,0.03790499999999988,0.022500000000001685,0.10699856733524193,0.10699856733524193,True,True,True,True,True,True,0.27440213467048546
1.09,0.58,0.35,2.52586285e-05,0.24369000000000002,1.2569901408450707e-10,0.0,1.2569901408450707e-10,1.018,1.0270000000000001,True,True,True,0.03790499999999988,0.022500000000001685,0.21504929577464582,0.21504929577464582,True,True,True,True,True,True,0.49050359154929324
1.09,0.6,0.15,2.52586285e-05,0.24369000000000002,1.531796610169492e-10,0.0,1.531796610169492e-10,1.018,1.0270000000000001,True,True,True,0.03790499999999988,0.022500000000001685,1.1589830508474606,1.1589830508474606,True,True,False,False,True,False,2.3783711016949227
1.09,0.6,0.17,2.52586285e-05,0.24369000000000002,1.5012624584717613e-10,0.0,1.5012624584717613e-10,1.018,1.0270000000000001,True,True,True,0.03790499999999988,0.022500000000001685,1.0063122923588068,1.0063122923588068,True,True,False,False,True,False,2.0730295847176152
1.09,0.6,0.19,2.52586285e-05,0.24369000000000002,1.471921824104235e-10,0.0,1.471921824104235e-10,1.018,1.0270000000000001,True,True,True,0.03790499999999988,0.022500000000001685,0.8596091205211749,0.8596091205211749,True,True,True,True,True,True,1.7796232410423514
1.09,0.6,0.21,2.52586285e-05,0.24369000000000002,1.4437060702875402e-10,0.0,1.4437060702875402e-10,1.018,1.0270000000000001,True,True,True,0.03790499999999988,0.022500000000001685,0.7185303514377016,0.7185303514377016,True,True,True,True,True,True,1.4974657028754048
1.09,0.6,0.23,2.52586285e-05,0.24369000000000002,1.4165517241379313e-10,0.0,1.4165517241379313e-10,1.018,1.0270000000000001,True,True,True,0.03790499999999988,0.022500000000001685,0.582758620689657,0.582758620689657,True,True,True,True,True,True,1.2259222413793156
1.09,0.6,0.25,2.52586285e-05,0.24369000000000002,1.3904000000000002e-10,0.0,1.3904000000000002e-10,1.018,1.0270000000000001,True,True,True,0.03790499999999988,0.022500000000001685,0.4520000000000014,0.4520000000000014,True,True,True,True,True,True,0.9644050000000044
1.09,0.6,0.27,2.52586285e-05,0.24369000000000002,1.3651963746223566e-10,0.0,1.3651963746223566e-10,1.018,1.0270000000000001,True,True,True,0.03790499999999988,0.022500000000001685,0.3259818731117836,0.3259818731117836,True,True,True,True,True,True,0.7123687462235688
1.09,0.6,0.29,2.52586285e-05,0.24369000000000002,1.340890207715134e-10,0.0,1.340890207715134e-10,1.018,1.0270000000000001,True,True,True,0.03790499999999988,0.022500000000001685,0.20445103857567057,0.20445103857567057,True,True,True,True,True,True,0.4693070771513427
1.09,0.6,0.31,2.52586285e-05,0.24369000000000002,1.3174344023323619e-10,0.0,1.3174344023323619e-10,1.018,1.0270000000000001,True,True,True,0.03790499999999988,0.022500000000001685,0.08717201166180977,0.08717201166180977,True,True,True,True,True,True,0.2347490233236211
1.09,0.6,0.33,2.52586285e-05,0.24369000000000002,1.2947851002865334e-10,0.0,1.2947851002865334e-10,1.018,1.0270000000000001,True,True,True,0.03790499999999988,0.022500000000001685,0.026074498567332675,0.026074498567332675,True,True,True,True,True,True,0.11255399713466693
1.09,0.6,0.35,2.52586285e-05,0.24369000000000002,1.2729014084507045e-10,0.0,1.2729014084507045e-10,1.018,1.0270000000000001,True,True,True,0.03790499999999988,0.022500000000001685,0.13549295774647724,0.13549295774647724,True,True,True,True,True,True,0.3313909154929561
1.1,0.4,0.15,2.5257365e-05,0.2437,1.3442372881355932e-10,0.0,1.3442372881355932e-10,1.02,1.03,True,True,True,0.04211666666666528,0.024999999999997247,0.22118644067796644,0.22118644067796644,True,True,True,True,True,True,0.5094895480225954
1.1,0.4,0.17,2.5257365e-05,0.2437,1.3174418604651162e-10,0.0,1.3174418604651162e-10,1.02,1.03,True,True,True,0.04211666666666528,0.024999999999997247,0.08720930232558137,0.08720930232558137,True,True,True,True,True,True,0.24153527131782526
1.1,0.4,0.19,2.5257365e-05,0.2437,1.2916938110749184e-10,0.0,1.2916938110749184e-10,1.02,1.03,True,True,True,0.04211666666666528,0.024999999999997247,0.04153094462540757,0.04153094462540757,True,True,True,True,True,True,0.15017855591747767
1.1,0.4,0.21,2.5257365e-05,0.2437,1.2669329073482427e-10,0.0,1.2669329073482427e-10,1.02,1.03,True,True,True,0.04211666666666528,0.024999999999997247,0.16533546325878593,0.16533546325878593,True,True,True,True,True,True,0.3977875931842344
1.1,0.4,0.23,2.5257365e-05,0.2437,1.243103448275862e-10,0.0,1.243103448275862e-10,1.02,1.03,True,True,True,0.04211666666666528,0.024999999999997247,0.28448275862069006,0.28448275862069006,True,True,True,True,True,True,0.6360821839080426
1.1,0.4,0.25,2.5257365e-05,0.2437,1.2201538461538462e-10,0.0,1.2201538461538462e-10,1.02,1.03,True,True,True,0.04211666666666528,0.024999999999997247,0.3992307692307687,0.3992307692307687,True,True,True,True,True,True,0.8655782051281999
1.1,0.4,0.27,2.5257365e-05,0.2437,1.198036253776435e-10,0.0,1.198036253776435e-10,1.02,1.03,True,True,True,0.04211666666666528,0.024999999999997247,0.5098187311178245,0.5098187311178245,True,True,True,True,True,True,1.0867541289023115
1.1,0.4,0.29,2.5257365e-05,0.2437,1.176706231454006e-10,0.0,1.176706231454006e-10,1.02,1.03,True,True,True,0.04211666666666528,0.024999999999997247,0.61646884272997,0.61646884272997,True,True,True,True,True,True,1.3000543521266026
1.1,0.4,0.31,2.5257365e-05,0.2437,1.1561224489795919e-10,0.0,1.1561224489795919e-10,1.02,1.03,True,True,True,0.04211666666666528,0.024999999999997247,0.7193877551020399,0.7193877551020399,True,True,True,True,True,True,1.5058921768707423
1.1,0.4,0.33,2.5257365e-05,0.2437,1.1362464183381089e-10,0.0,1.1362464183381089e-10,1.02,1.03,True,True,True,0.04211666666666528,0.024999999999997247,0.8187679083094549,0.8187679083094549,True,True,True,True,True,True,1.7046524832855723
1.1,0.4,0.35,2.5257365e-05,0.2437,1.1170422535211268e-10,0.0,1.1170422535211268e-10,1.02,1.03,True,True,True,0.04211666666666528,0.024999999999997247,0.9147887323943655,0.9147887323943655,True,True,True,True,True,True,1.8966941314553936
1.1,0.42,0.15,2.5257365e-05,0.2437,1.3634406779661018e-10,0.0,1.3634406779661018e-10,1.02,1.03,True,True,True,0.04211666666666528,0.024999999999997247,0.3172033898305096,0.3172033898305096,True,True,True,True,True,True,0.7015234463276818
1.1,0.42,0.17,2.5257365e-05,0.2437,1.3362624584717608e-10,0.0,1.3362624584717608e-10,1.02,1.03,True,True,True,0.04211666666666528,0.024999999999997247,0.1813122923588045,0.1813122923588045,True,True,True,True,True,True,0.42974125138427155
1.1,0.42,0.19,2.5257365e-05,0.2437,1.3101465798045603e-10,0.0,1.3101465798045603e-10,1.02,1.03,True,True,True,0.04211666666666528,0.024999999999997247,0.05073289902280205,0.05073289902280205,True,True,True,True,True,True,0.16858246471226662
1.1,0.42,0.21,2.5257365e-05,0.2437,1.2850319488817892e-10,0.0,1.2850319488817892e-10,1.02,1.03,True,True,True,0.04211666666666528,0.024999999999997247,0.0748402555910536,0.0748402555910536,True,True,True,True,True,True,0.21679717784876973
1.1,0.42,0.23,2.5257365e-05,0.2437,1.2608620689655172e-10,0.0,1.2608620689655172e-10,1.02,1.03,True,True,True,0.04211666666666528,0.024999999999997247,0.19568965517241343,0.19568965517241343,True,True,True,True,True,True,0.45849597701148936
1.1,0.42,0.25,2.5257365e-05,0.2437,1.2375846153846152e-10,0.0,1.2375846153846152e-10,1.02,1.03,True,True,True,0.04211666666666528,0.024999999999997247,0.3120769230769235,0.3120769230769235,True,True,True,True,True,True,0.6912705128205094
1.1,0.42,0.27,2.5257365e-05,0.2437,1.2151510574018127e-10,0.0,1.2151510574018127e-10,1.02,1.03,True,True,True,0.04211666666666528,0.024999999999997247,0.4242447129909362,0.4242447129909362,True,True,True,True,True,True,0.915606092648535
1.1,0.42,0.29,2.5257365e-05,0.2437,1.1935163204747776e-10,0.0,1.1935163204747776e-10,1.02,1.03,True,True,True,0.04211666666666528,0.024999999999997247,0.5324183976261118,0.5324183976261118,True,True,True,True,True,True,1.131953461918886
1.1,0.42,0.31,2.5257365e-05,0.2437,1.1726384839650147e-10,0.0,1.1726384839650147e-10,1.02,1.03,True,True,True,0.04211666666666528,0.024999999999997247,0.6368075801749261,0.6368075801749261,True,True,True,True,True,True,1.3407318270165147
1.1,0.42,0.33,2.5257365e-05,0.2437,1.1524785100286534e-10,0.0,1.1524785100286534e-10,1.02,1.03,True,True,True,0.04211666666666528,0.024999999999997247,0.7376074498567328,0.7376074498567328,True,True,True,True,True,True,1.542331566380128
1.1,0.42,0.35,2.5257365e-05,0.2437,1.133e-10,0.0,1.133e-10,1.02,1.03,True,True,True,0.04211666666666528,0.024999999999997247,0.8349999999999996,0.8349999999999996,True,True,True,True,True,True,1.7371166666666618
1.1,0.44,0.15,2.5257365e-05,0.2437,1.3826440677966102e-10,0.0,1.3826440677966102e-10,1.02,1.03,True,True,True,0.04211666666666528,0.024999999999997247,0.41322033898305144,0.41322033898305144,True,True,True,True,True,True,0.8935573446327654
1.1,0.44,0.17,2.5257365e-05,0.2437,1.3550830564784052e-10,0.0,1.3550830564784052e-10,1.02,1.03,True,True,True,0.04211666666666528,0.024999999999997247,0.27541528239202634,0.27541528239202634,True,True,True,True,True,True,0.6179472314507153
1.1,0.44,0.19,2.5257365e-05,0.2437,1.328599348534202e-10,0.0,1.328599348534202e-10,1.02,1.03,True,True,True,0.04211666666666528,0.024999999999997247,0.1429967426710104,0.1429967426710104,True,True,True,True,True,True,0.35311015200868334
1.1,0.44,0.21,2.5257365e-05,0.2437,1.3031309904153354e-10,0.0,1.3031309904153354e-10,1.02,1.03,True,True,True,0.04211666666666528,0.024999999999997247,0.015654952076677428,0.015654952076677428,True,True,True,True,True,True,0.09842657082001738
1.1,0.44,0.23,2.5257365e-05,0.2437,1.2786206896551723e-10,0.0,1.2786206896551723e-10,1.02,1.03,True,True,True,0.04211666666666528,0.024999999999997247,0.1068965517241381,0.1068965517241381,True,True,True,True,True,True,0.28090977011493873
1.1,0.44,0.25,2.5257365e-05,0.2437,1.2550153846153845e-10,0.0,1.2550153846153845e-10,1.02,1.03,True,True,True,0.04211666666666528,0.024999999999997247,0.2249230769230769,0.2249230769230769,True,True,True,True,True,True,0.5169628205128163
1.1,0.44,0.27,2.5257365e-05,0.2437,1.23226586102719e-10,0.0,1.23226586102719e-10,1.02,1.03,True,True,True,0.04211666666666528,0.024999999999997247,0.33867069486404916,0.33867069486404916,True,True,True,True,True,True,0.7444580563947609
1.1,0.44,0.29,2.5257365e-05,0.2437,1.210326409495549e-10,0.0,1.210326409495549e-10,1.02,1.03,True,True,True,0.04211666666666528,0.024999999999997247,0.4483679525222548,0.4483679525222548,True,True,True,True,True,True,0.9638525717111721
1.1,0.44,0.31,2.5257365e-05,0.2437,1.1891545189504373e-10,0.0,1.1891545189504373e-10,1.02,1.03,True,True,True,0.04211666666666528,0.024999999999997247,0.554227405247813,0.554227405247813,True,True,True,True,True,True,1.1755714771622885
1.1,0.44,0.33,2.5257365e-05,0.2437,1.1687106017191977e-10,0.0,1.1687106017191977e-10,1.02,1.03,True,True,True,0.04211666666666528,0.024999999999997247,0.6564469914040112,0.6564469914040112,True,True,True,True,True,True,1.3800106494746849
1.1,0.44,0.35,2.5257365e-05,0.2437,1.1489577464788733e-10,0.0,1.1489577464788733e-10,1.02,1.03,True,True,True,0.04211666666666528,0.024999999999997247,0.7552112676056331,0.7552112676056331,True,True,True,True,True,True,1.5775392018779286
1.1,0.46,0.15,2.5257365e-05,0.2437,1.4018474576271186e-10,0.0,1.4018474576271186e-10,1.02,1.03,True,True,True,0.04211666666666528,0.024999999999997247,0.5092372881355932,0.5092372881355932,True,True,True,True,True,True,1.085591242937849
1.1,0.46,0.17,2.5257365e-05,0.2437,1.3739036544850498e-10,0.0,1.3739036544850498e-10,1.02,1.03,True,True,True,0.04211666666666528,0.024999999999997247,0.3695182724252495,0.3695182724252495,True,True,True,True,True,True,0.8061532115171615
1.1,0.46,0.19,2.5257365e-05,0.2437,1.3470521172638436e-10,0.0,1.3470521172638436e-10,1.02,1.03,True,True,True,0.04211666666666528,0.024999999999997247,0.23526058631921873,0.23526058631921873,True,True,True,True,True,True,0.5376378393051
1.1,0.46,0.21,2.5257365e-05,0.2437,1.3212300319488816e-10,0.0,1.3212300319488816e-10,1.02,1.03,True,True,True,0.04211666666666528,0.024999999999997247,0.10615015974440846,0.10615015974440846,True,True,True,True,True,True,0.27941698615547944
1.1,0.46,0.23,2.5257365e-05,0.2437,1.2963793103448276e-10,0.0,1.2963793103448276e-10,1.02,1.03,True,True,True,0.04211666666666528,0.024999999999997247,0.018103448275861474,0.018103448275861474,True,True,True,True,True,True,0.10332356321838546
1.1,0.46,0.25,2.5257365e-05,0.2437,1.2724461538461538e-10,0.0,1.2724461538461538e-10,1.02,1.03,True,True,True,0.04211666666666528,0.024999999999997247,0.13776923076923034,0.13776923076923034,True,True,True,True,True,True,0.3426551282051232
1.1,0.46,0.27,2.5257365e-05,0.2437,1.2493806646525678e-10,0.0,1.2493806646525678e-10,1.02,1.03,True,True,True,0.04211666666666528,0.024999999999997247,0.2530966767371608,0.2530966767371608,True,True,True,True,True,True,0.5733100201409842
1.1,0.46,0.29,2.5257365e-05,0.2437,1.2271364985163206e-10,0.0,1.2271364985163206e-10,1.02,1.03,True,True,True,0.04211666666666528,0.024999999999997247,0.3643175074183965,0.3643175074183965,True,True,True,True,True,True,0.7957516815034555
1.1,0.46,0.31,2.5257365e-05,0.2437,1.2056705539358602e-10,0.0,1.2056705539358602e-10,1.02,1.03,True,True,True,0.04211666666666528,0.024999999999997247,0.4716472303206986,0.4716472303206986,True,True,True,True,True,True,1.0104111273080598
1.1,0.46,0.33,2.5257365e-05,0.2437,1.184942693409742e-10,0.0,1.184942693409742e-10,1.02,1.03,True,True,True,0.04211666666666528,0.024999999999997247,0.575286532951289,0.575286532951289,True,True,True,True,True,True,1.2176897325692404
1.1,0.46,0.35,2.5257365e-05,0.2437,1.1649154929577465e-10,0.0,1.1649154929577465e-10,1.02,1.03,True,True,True,0.04211666666666528,0.024999999999997247,0.6754225352112672,0.6754225352112672,True,True,True,True,True,True,1.4179617370891968
1.1,0.48,0.15,2.5257365e-05,0.2437,1.4210508474576272e-10,0.0,1.4210508474576272e-10,1.02,1.03,True,True,True,0.04211666666666528,0.024999999999997247,0.6052542372881364,0.6052542372881364,True,True,True,True,True,True,1.2776251412429354
1.1,0.48,0.17,2.5257365e-05,0.2437,1.3927242524916944e-10,0.0,1.3927242524916944e-10,1.02,1.03,True,True,True,0.04211666666666528,0.024999999999997247,0.4636212624584726,0.4636212624584726,True,True,True,True,True,True,0.9943591915836079
1.1,0.48,0.19,2.5257365e-05,0.2437,1.3655048859934853e-10,0.0,1.3655048859934853e-10,1.02,1.03,True,True,True,0.04211666666666528,0.024999999999997247,0.32752442996742703,0.32752442996742703,True,True,True,True,True,True,0.7221655266015166
1.1,0.48,0.21,2.5257365e-05,0.2437,1.339329073482428e-10,0.0,1.339329073482428e-10,1.02,1.03,True,True,True,0.04211666666666528,0.024999999999997247,0.1966453674121408,0.1966453674121408,True,True,True,True,True,True,0.46040740149094417
1.1,0.48,0.23,2.5257365e-05,0.2437,1.3141379310344827e-10,0.0,1.3141379310344827e-10,1.02,1.03,True,True,True,0.04211666666666528,0.024999999999997247,0.07068965517241386,0.07068965517241386,True,True,True,True,True,True,0.20849597701149025
1.1,0.48,0.25,2.5257365e-05,0.2437,1.289876923076923e-10,0.0,1.289876923076923e-10,1.02,1.03,True,True,True,0.04211666666666528,0.024999999999997247,0.050615384615385055,0.050615384615385055,True,True,True,True,True,True,0.16834743589743265
1.1,0.48,0.27,2.5257365e-05,0.2437,1.2664954682779454e-10,0.0,1.2664954682779454e-10,1.02,1.03,True,True,True,0.04211666666666528,0.024999999999997247,0.16752265861027243,0.16752265861027243,True,True,True,True,True,True,0.40216198388720736
1.1,0.48,0.29,2.5257365e-05,0.2437,1.243946587537092e-10,0.0,1.243946587537092e-10,1.02,1.03,True,True,True,0.04211666666666528,0.024999999999997247,0.2802670623145396,0.2802670623145396,True,True,True,True,True,True,0.6276507912957416
1.1,0.48,0.31,2.5257365e-05,0.2437,1.2221865889212828e-10,0.0,1.2221865889212828e-10,1.02,1.03,True,True,True,0.04211666666666528,0.024999999999997247,0.3890670553935855,0.3890670553935855,True,True,True,True,True,True,0.8452507774538336
1.1,0.48,0.33,2.5257365e-05,0.2437,1.2011747851002866e-10,0.0,1.2011747851002866e-10,1.02,1.03,True,True,True,0.04211666666666528,0.024999999999997247,0.4941260744985667,0.4941260744985667,True,True,True,True,True,True,1.055368815663796
1.1,0.48,0.35,2.5257365e-05,0.2437,1.1808732394366198e-10,0.0,1.1808732394366198e-10,1.02,1.03,True,True,True,0.04211666666666528,0.024999999999997247,0.5956338028169007,0.5956338028169007,True,True,True,True,True,True,1.258384272300464
1.1,0.5,0.15,2.5257365e-05,0.2437,1.4402542372881355e-10,0.0,1.4402542372881355e-10,1.02,1.03,True,True,True,0.04211666666666528,0.024999999999997247,0.7012711864406782,0.7012711864406782,True,True,True,True,True,True,1.469659039548019
1.1,0.5,0.17,2.5257365e-05,0.2437,1.4115448504983388e-10,0.0,1.4115448504983388e-10,1.02,1.03,True,True,True,0.04211666666666528,0.024999999999997247,0.5577242524916945,0.5577242524916945,True,True,True,True,True,True,1.1825651716500516
1.1,0.5,0.19,2.5257365e-05,0.2437,1.383957654723127e-10,0.0,1.383957654723127e-10,1.02,1.03,True,True,True,0.04211666666666528,0.024999999999997247,0.41978827361563537,0.41978827361563537,True,True,True,True,True,True,0.9066932138979333
1.1,0.5,0.21,2.5257365e-05,0.2437,1.3574281150159743e-10,0.0,1.3574281150159743e-10,1.02,1.03,True,True,True,0.04211666666666528,0.024999999999997247,0.28714057507987184,0.28714057507987184,True,True,True,True,True,True,0.6413978168264063
1.1,0.5,0.23,2.5257365e-05,0.2437,1.3318965517241377e-10,0.0,1.3318965517241377e-10,1.02,1.03,True,True,True,0.04211666666666528,0.024999999999997247,0.1594827586206892,0.1594827586206892,True,True,True,True,True,True,0.38608218390804094
1.1,0.5,0.25,2.5257365e-05,0.2437,1.3073076923076922e-10,0.0,1.3073076923076922e-10,1.02,1.03,True,True,True,0.04211666666666528,0.024999999999997247,0.03653846153846151,0.03653846153846151,True,True,True,True,True,True,0.14019358974358556
1.1,0.5,0.27,2.5257365e-05,0.2437,1.283610271903323e-10,0.0,1.283610271903323e-10,1.02,1.03,True,True,True,0.04211666666666528,0.024999999999997247,0.08194864048338409,0.08194864048338409,True,True,True,True,True,True,0.2310139476334307
1.1,0.5,0.29,2.5257365e-05,0.2437,1.2607566765578637e-10,0.0,1.2607566765578637e-10,1.02,1.03,True,True,True,0.04211666666666528,0.024999999999997247,0.1962166172106813,0.1962166172106813,True,True,True,True,True,True,0.45954990108802507
1.1,0.5,0.31,2.5257365e-05,0.2437,1.2387026239067057e-10,0.0,1.2387026239067057e-10,1.02,1.03,True,True,True,0.04211666666666528,0.024999999999997247,0.30648688046647105,0.30648688046647105,True,True,True,True,True,True,0.6800904275996047
1.1,0.5,0.33,2.5257365e-05,0.2437,1.217406876790831e-10,0.0,1.217406876790831e-10,1.02,1.03,True,True,True,0.04211666666666528,0.024999999999997247,0.41296561604584453,0.41296561604584453,True,True,True,True,True,True,0.8930478987583517
1.1,0.5,0.35,2.5257365e-05,0.2437,1.196830985915493e-10,0.0,1.196830985915493e-10,1.02,1.03,True,True,True,0.04211666666666528,0.024999999999997247,0.5158450704225341,0.5158450704225341,True,True,True,True,True,True,1.0988068075117308
1.1,0.52,0.15,2.5257365e-05,0.2437,1.4594576271186442e-10,0.0,1.4594576271186442e-10,1.02,1.03,True,True,True,0.04211666666666528,0.024999999999997247,0.7972881355932214,0.7972881355932214,True,True,True,True,True,True,1.6616929378531053
1.1,0.52,0.17,2.5257365e-05,0.2437,1.4303654485049834e-10,0.0,1.4303654485049834e-10,1.02,1.03,True,True,True,0.04211666666666528,0.024999999999997247,0.6518272425249176,0.6518272425249176,True,True,True,True,True,True,1.3707711517164978
1.1,0.52,0.19,2.5257365e-05,0.2437,1.4024104234527686e-10,0.0,1.4024104234527686e-10,1.02,1.03,True,True,True,0.04211666666666528,0.024999999999997247,0.5120521172638437,0.5120521172638437,True,True,True,True,True,True,1.09122090119435
1.1,0.52,0.21,2.5257365e-05,0.2437,1.3755271565495207e-10,0.0,1.3755271565495207e-10,1.02,1.03,True,True,True,0.04211666666666528,0.024999999999997247,0.3776357827476042,0.3776357827476042,True,True,True,True,True,True,0.822388232161871
1.1,0.52,0.23,2.5257365e-05,0.2437,1.349655172413793e-10,0.0,1.349655172413793e-10,1.02,1.03,True,True,True,0.04211666666666528,0.024999999999997247,0.24827586206896585,0.24827586206896585,True,True,True,True,True,True,0.5636683908045943
1.1,0.52,0.25,2.5257365e-05,0.2437,1.3247384615384615e-10,0.0,1.3247384615384615e-10,1.02,1.03,True,True,True,0.04211666666666528,0.024999999999997247,0.12369230769230807,0.12369230769230807,True,True,True,True,True,True,0.3145012820512787
1.1,0.52,0.27,2.5257365e-05,0.2437,1.3007250755287008e-10,0.0,1.3007250755287008e-10,1.02,1.03,True,True,True,0.04211666666666528,0.024999999999997247,0.0036253776435042576,0.0036253776435042576,True,True,True,True,True,True,0.07436742195367105
1.1,0.52,0.29,2.5257365e-05,0.2437,1.277566765578635e-10,0.0,1.277566765578635e-10,1.02,1.03,True,True,True,0.04211666666666528,0.024999999999997247,0.11216617210682431,0.11216617210682431,True,True,True,True,True,True,0.29144901088031117
1.1,0.52,0.31,2.5257365e-05,0.2437,1.2552186588921283e-10,0.0,1.2552186588921283e-10,1.02,1.03,True,True,True,0.04211666666666528,0.024999999999997247,0.22390670553935793,0.22390670553935793,True,True,True,True,True,True,0.5149300777453785
1.1,0.52,0.33,2.5257365e-05,0.2437,1.2336389684813754e-10,0.0,1.2336389684813754e-10,1.02,1.03,True,True,True,0.04211666666666528,0.024999999999997247,0.3318051575931223,0.3318051575931223,True,True,True,True,True,True,0.7307269818529072
1.1,0.52,0.35,2.5257365e-05,0.2437,1.2127887323943661e-10,0.0,1.2127887323943661e-10,1.02,1.03,True,True,True,0.04211666666666528,0.024999999999997247,0.43605633802816884,0.43605633802816884,True,True,True,True,True,True,0.9392293427230003
1.1,0.54,0.15,2.5257365e-05,0.2437,1.4786610169491525e-10,0.0,1.4786610169491525e-10,1.02,1.03,True,True,True,0.04211666666666528,0.024999999999997247,0.8933050847457632,0.8933050847457632,True,True,True,True,True,True,1.853726836158189
1.1,0.54,0.17,2.5257365e-05,0.2437,1.4491860465116278e-10,0.0,1.4491860465116278e-10,1.02,1.03,True,True,True,0.04211666666666528,0.024999999999997247,0.7459302325581395,0.7459302325581395,True,True,True,True,True,True,1.5589771317829415
1.1,0.54,0.19,2.5257365e-05,0.2437,1.4208631921824103e-10,0.0,1.4208631921824103e-10,1.02,1.03,True,True,True,0.04211666666666528,0.024999999999997247,0.6043159609120521,0.6043159609120521,True,True,True,True,True,True,1.2757485884907667
1.1,0.54,0.21,2.5257365e-05,0.2437,1.393626198083067e-10,0.0,1.393626198083067e-10,1.02,1.03,True,True,True,0.04211666666666528,0.024999999999997247,0.4681309904153352,0.4681309904153352,True,True,True,True,True,True,1.003378647497333
1.1,0.54,0.23,2.5257365e-05,0.2437,1.3674137931034481e-10,0.0,1.3674137931034481e-10,1.02,1.03,True,True,True,0.04211666666666528,0.024999999999997247,0.3370689655172412,0.3370689655172412,True,True,True,True,True,True,0.7412545977011449
1.1,0.54,0.25,2.5257365e-05,0.2437,1.3421692307692306e-10,0.0,1.3421692307692306e-10,1.02,1.03,True,True,True,0.04211666666666528,0.024999999999997247,0.21084615384615335,0.21084615384615335,True,True,True,True,True,True,0.4888089743589692
1.1,0.54,0.27,2.5257365e-05,0.2437,1.3178398791540784e-10,0.0,1.3178398791540784e-10,1.02,1.03,True,True,True,0.04211666666666528,0.024999999999997247,0.08919939577039261,0.08919939577039261,True,True,True,True,True,True,0.24551545820744775
1.1,0.54,0.29,2.5257365e-05,0.2437,1.2943768545994067e-10,0.0,1.2943768545994067e-10,1.02,1.03,True,True,True,0.04211666666666528,0.024999999999997247,0.028115727002966037,0.028115727002966037,True,True,True,True,True,True,0.1233481206725946
1.1,0.54,0.31,2.5257365e-05,0.2437,1.271734693877551e-10,0.0,1.271734693877551e-10,1.02,1.03,True,True,True,0.04211666666666528,0.024999999999997247,0.1413265306122448,0.1413265306122448,True,True,True,True,True,True,0.3497697278911521
1.1,0.54,0.33,2.5257365e-05,0.2437,1.24987106017192e-10,0.0,1.24987106017192e-10,1.02,1.03,True,True,True,0.04211666666666528,0.024999999999997247,0.2506446991404001,0.2506446991404001,True,True,True,True,True,True,0.5684060649474627
1.1,0.54,0.35,2.5257365e-05,0.2437,1.2287464788732394e-10,0.0,1.2287464788732394e-10,1.02,1.03,True,True,True,0.04211666666666528,0.024999999999997247,0.35626760563380233,0.35626760563380233,True,True,True,True,True,True,0.7796518779342672
1.1,0.56,0.15,2.5257365e-05,0.2437,1.4978644067796612e-10,0.0,1.4978644067796612e-10,1.02,1.03,True,True,True,0.04211666666666528,0.024999999999997247,0.9893220338983063,0.9893220338983063,True,True,True,True,True,True,2.045760734463275
1.1,0.56,0.17,2.5257365e-05,0.2437,1.4680066445182724e-10,0.0,1.4680066445182724e-10,1.02,1.03,True,True,True,0.04211666666666528,0.024999999999997247,0.8400332225913626,0.8400332225913626,True,True,True,True,True,True,1.7471831118493877
1.1,0.56,0.19,2.5257365e-05,0.2437,1.439315960912052e-10,0.0,1.439315960912052e-10,1.02,1.03,True,True,True,0.04211666666666528,0.024999999999997247,0.6965798045602604,0.6965798045602604,True,True,True,True,True,True,1.4602762757871832
1.1,0.56,0.21,2.5257365e-05,0.2437,1.4117252396166134e-10,0.0,1.4117252396166134e-10,1.02,1.03,True,True,True,0.04211666666666528,0.024999999999997247,0.5586261980830676,0.5586261980830676,True,True,True,True,True,True,1.1843690628327976
1.1,0.56,0.23,2.5257365e-05,0.2437,1.3851724137931035e-10,0.0,1.3851724137931035e-10,1.02,1.03,True,True,True,0.04211666666666528,0.024999999999997247,0.4258620689655178,0.4258620689655178,True,True,True,True,True,True,0.9188408045976981
1.1,0.56,0.25,2.5257365e-05,0.2437,1.3596e-10,0.0,1.3596e-10,1.02,1.03,True,True,True,0.04211666666666528,0.024999999999997247,0.29799999999999993,0.29799999999999993,True,True,True,True,True,True,0.6631166666666624
1.1,0.56,0.27,2.5257365e-05,0.2437,1.334954682779456e-10,0.0,1.334954682779456e-10,1.02,1.03,True,True,True,0.04211666666666528,0.024999999999997247,0.17477341389728096,0.17477341389728096,True,True,True,True,True,True,0.4166634944612244
1.1,0.56,0.29,2.5257365e-05,0.2437,1.311186943620178e-10,0.0,1.311186943620178e-10,1.02,1.03,True,True,True,0.04211666666666528,0.024999999999997247,0.05593471810089094,0.05593471810089094,True,True,True,True,True,True,0.1789861028684444
1.1,0.56,0.31,2.5257365e-05,0.2437,1.2882507288629738e-10,0.0,1.2882507288629738e-10,1.02,1.03,True,True,True,0.04211666666666528,0.024999999999997247,0.05874635568513036,0.05874635568513036,True,True,True,True,True,True,0.18460937803692326
1.1,0.56,0.33,2.5257365e-05,0.2437,1.2661031518624643e-10,0.0,1.2661031518624643e-10,1.02,1.03,True,True,True,0.04211666666666528,0.024999999999997247,0.1694842406876779,0.1694842406876779,True,True,True,True,True,True,0.40608514804201834
1.1,0.56,0.35,2.5257365e-05,0.2437,1.2447042253521127e-10,0.0,1.2447042253521127e-10,1.02,1.03,True,True,True,0.04211666666666528,0.024999999999997247,0.2764788732394358,0.2764788732394358,True,True,True,True,True,True,0.6200744131455342
1.1,0.58,0.15,2.5257365e-05,0.2437,1.5170677966101698e-10,0.0,1.5170677966101698e-10,1.02,1.03,True,True,True,0.04211666666666528,0.024999999999997247,1.0853389830508495,1.0853389830508495,True,True,False,False,True,False,2.2377946327683613
1.1,0.58,0.17,2.5257365e-05,0.2437,1.486827242524917e-10,0.0,1.486827242524917e-10,1.02,1.03,True,True,True,0.04211666666666528,0.024999999999997247,0.9341362126245858,0.9341362126245858,True,True,True,True,True,True,1.935389091915834
1.1,0.58,0.19,2.5257365e-05,0.2437,1.457768729641694e-10,0.0,1.457768729641694e-10,1.02,1.03,True,True,True,0.04211666666666528,0.024999999999997247,0.78884364820847,0.78884364820847,True,True,True,True,True,True,1.6448039630836024
1.1,0.58,0.21,2.5257365e-05,0.2437,1.4298242811501599e-10,0.0,1.4298242811501599e-10,1.02,1.03,True,True,True,0.04211666666666528,0.024999999999997247,0.6491214057507999,0.6491214057507999,True,True,True,True,True,True,1.3653594781682623
1.1,0.58,0.23,2.5257365e-05,0.2437,1.4029310344827588e-10,0.0,1.4029310344827588e-10,1.02,1.03,True,True,True,0.04211666666666528,0.024999999999997247,0.5146551724137944,0.5146551724137944,True,True,True,True,True,True,1.0964270114942514
1.1,0.58,0.25,2.5257365e-05,0.2437,1.3770307692307695e-10,0.0,1.3770307692307695e-10,1.02,1.03,True,True,True,0.04211666666666528,0.024999999999997247,0.3851538461538478,0.3851538461538478,True,True,True,True,True,True,0.8374243589743582
1.1,0.58,0.27,2.5257365e-05,0.2437,1.352069486404834e-10,0.0,1.352069486404834e-10,1.02,1.03,True,True,True,0.04211666666666528,0.024999999999997247,0.2603474320241706,0.2603474320241706,True,True,True,True,True,True,0.5878115307150038
1.1,0.58,0.29,2.5257365e-05,0.2437,1.3279970326409497e-10,0.0,1.3279970326409497e-10,1.02,1.03,True,True,True,0.04211666666666528,0.024999999999997247,0.1399851632047492,0.1399851632047492,True,True,True,True,True,True,0.347086993076161
1.1,0.58,0.31,2.5257365e-05,0.2437,1.3047667638483967e-10,0.0,1.3047667638483967e-10,1.02,1.03,True,True,True,0.04211666666666528,0.024999999999997247,0.02383381924198406,0.02383381924198406,True,True,True,True,True,True,0.11478430515063065
1.1,0.58,0.33,2.5257365e-05,0.2437,1.2823352435530088e-10,0.0,1.2823352435530088e-10,1.02,1.03,True,True,True,0.04211666666666528,0.024999999999997247,0.08832378223495568,0.08832378223495568,True,True,True,True,True,True,0.2437642311365739
1.1,0.58,0.35,2.5257365e-05,0.2437,1.260661971830986e-10,0.0,1.260661971830986e-10,1.02,1.03,True,True,True,0.04211666666666528,0.024999999999997247,0.19669014084506925,0.19669014084506925,True,True,True,True,True,True,0.46049694835680105
1.1,0.6,0.15,2.5257365e-05,0.2437,1.5362711864406782e-10,0.0,1.5362711864406782e-10,1.02,1.03,True,True,True,0.04211666666666528,0.024999999999997247,1.1813559322033913,1.1813559322033913,True,True,False,False,True,False,2.4298285310734453
1.1,0.6,0.17,2.5257365e-05,0.2437,1.5056478405315617e-10,0.0,1.5056478405315617e-10,1.02,1.03,True,True,True,0.04211666666666528,0.024999999999997247,1.0282392026578089,1.0282392026578089,True,True,False,False,True,False,2.1235950719822805
1.1,0.6,0.19,2.5257365e-05,0.2437,1.4762214983713356e-10,0.0,1.4762214983713356e-10,1.02,1.03,True,True,True,0.04211666666666528,0.024999999999997247,0.8811074918566784,0.8811074918566784,True,True,True,True,True,True,1.8293316503800192
1.1,0.6,0.21,2.5257365e-05,0.2437,1.4479233226837063e-10,0.0,1.4479233226837063e-10,1.02,1.03,True,True,True,0.04211666666666528,0.024999999999997247,0.7396166134185322,0.7396166134185322,True,True,True,True,True,True,1.546349893503727
1.1,0.6,0.23,2.5257365e-05,0.2437,1.4206896551724139e-10,0.0,1.4206896551724139e-10,1.02,1.03,True,True,True,0.04211666666666528,0.024999999999997247,0.6034482758620697,0.6034482758620697,True,True,True,True,True,True,1.274013218390802
1.1,0.6,0.25,2.5257365e-05,0.2437,1.3944615384615385e-10,0.0,1.3944615384615385e-10,1.02,1.03,True,True,True,0.04211666666666528,0.024999999999997247,0.47230769230769304,0.47230769230769304,True,True,True,True,True,True,1.0117320512820487
1.1,0.6,0.27,2.5257365e-05,0.2437,1.3691842900302114e-10,0.0,1.3691842900302114e-10,1.02,1.03,True,True,True,0.04211666666666528,0.024999999999997247,0.34592145015105763,0.34592145015105763,True,True,True,True,True,True,0.7589595669687779
1.1,0.6,0.29,2.5257365e-05,0.2437,1.3448071216617214e-10,0.0,1.3448071216617214e-10,1.02,1.03,True,True,True,0.04211666666666528,0.024999999999997247,0.2240356083086075,0.2240356083086075,True,True,True,True,True,True,0.5151878832838775
1.1,0.6,0.31,2.5257365e-05,0.2437,1.3212827988338196e-10,0.0,1.3212827988338196e-10,1.02,1.03,True,True,True,0.04211666666666528,0.024999999999997247,0.10641399416909848,0.10641399416909848,True,True,True,True,True,True,0.2799446550048595
1.1,0.6,0.33,2.5257365e-05,0.2437,1.2985673352435532e-10,0.0,1.2985673352435532e-10,1.02,1.03,True,True,True,0.04211666666666528,0.024999999999997247,0.00716332378223347,0.00716332378223347,True,True,True,True,True,True,0.08144331423112947
1.1,0.6,0.35,2.5257365e-05,0.2437,1.2766197183098594e-10,0.0,1.2766197183098594e-10,1.02,1.03,True,True,True,0.04211666666666528,0.024999999999997247,0.11690140845070272,0.11690140845070272,True,True,True,True,True,True,0.30091948356806797
1.11,0.4,0.15,2.5256101499999998e-05,0.24371,1.3481525423728813e-10,0.0,1.3481525423728813e-10,1.022,1.033,True,True,True,0.04632833333334197,0.027499999999999747,0.2407627118644068,0.2407627118644068,True,True,True,True,True,True,0.5553537570621553
1.11,0.4,0.17,2.5256101499999998e-05,0.24371,1.3212790697674418e-10,0.0,1.3212790697674418e-10,1.022,1.033,True,True,True,0.04632833333334197,0.027499999999999747,0.10639534883720946,0.10639534883720946,True,True,True,True,True,True,0.28661903100776065
1.11,0.4,0.19,2.5256101499999998e-05,0.24371,1.2954560260586318e-10,0.0,1.2954560260586318e-10,1.022,1.033,True,True,True,0.04632833333334197,0.027499999999999747,0.02271986970684046,0.02271986970684046,True,True,True,True,True,True,0.11926807274702264
1.11,0.4,0.21,2.5256101499999998e-05,0.24371,1.270623003194888e-10,0.0,1.270623003194888e-10,1.022,1.033,True,True,True,0.04632833333334197,0.027499999999999747,0.14688498402555952,0.14688498402555952,True,True,True,True,True,True,0.36759830138446076
1.11,0.4,0.23,2.5256101499999998e-05,0.24371,1.2467241379310342e-10,0.0,1.2467241379310342e-10,1.022,1.033,True,True,True,0.04632833333334197,0.027499999999999747,0.2663793103448286,0.2663793103448286,True,True,True,True,True,True,0.6065869540229989
1.11,0.4,0.25,2.5256101499999998e-05,0.24371,1.223707692307692e-10,0.0,1.223707692307692e-10,1.022,1.033,True,True,True,0.04632833333334197,0.027499999999999747,0.381461538461539,0.381461538461539,True,True,True,True,True,True,0.8367514102564197
1.11,0.4,0.27,2.5256101499999998e-05,0.24371,1.201525679758308e-10,0.0,1.201525679758308e-10,1.022,1.033,True,True,True,0.04632833333334197,0.027499999999999747,0.4923716012084599,0.4923716012084599,True,True,True,True,True,True,1.0585715357502616
1.11,0.4,0.29,2.5256101499999998e-05,0.24371,1.18013353115727e-10,0.0,1.18013353115727e-10,1.022,1.033,True,True,True,0.04632833333334197,0.027499999999999747,0.5993323442136499,0.5993323442136499,True,True,True,True,True,True,1.2724930217606416
1.11,0.4,0.31,2.5256101499999998e-05,0.24371,1.1594897959183673e-10,0.0,1.1594897959183673e-10,1.022,1.033,True,True,True,0.04632833333334197,0.027499999999999747,0.7025510204081633,0.7025510204081633,True,True,True,True,True,True,1.4789303741496682
1.11,0.4,0.33,2.5256101499999998e-05,0.24371,1.1395558739255013e-10,0.0,1.1395558739255013e-10,1.022,1.033,True,True,True,0.04632833333334197,0.027499999999999747,0.8022206303724929,0.8022206303724929,True,True,True,True,True,True,1.6782695940783277
1.11,0.4,0.35,2.5256101499999998e-05,0.24371,1.1202957746478872e-10,0.0,1.1202957746478872e-10,1.022,1.033,True,True,True,0.04632833333334197,0.027499999999999747,0.8985211267605635,0.8985211267605635,True,True,True,True,True,True,1.8708705868544686
1.11,0.42,0.15,2.5256101499999998e-05,0.24371,1.3674118644067795e-10,0.0,1.3674118644067795e-10,1.022,1.033,True,True,True,0.04632833333334197,0.027499999999999747,0.33705932203389793,0.33705932203389793,True,True,True,True,True,True,0.7479469774011376
1.11,0.42,0.17,2.5256101499999998e-05,0.24371,1.3401544850498337e-10,0.0,1.3401544850498337e-10,1.022,1.033,True,True,True,0.04632833333334197,0.027499999999999747,0.20077242524916922,0.20077242524916922,True,True,True,True,True,True,0.47537318383168015
1.11,0.42,0.19,2.5256101499999998e-05,0.24371,1.3139625407166122e-10,0.0,1.3139625407166122e-10,1.022,1.033,True,True,True,0.04632833333334197,0.027499999999999747,0.06981270358306137,0.06981270358306137,True,True,True,True,True,True,0.21345374049946442
1.11,0.42,0.21,2.5256101499999998e-05,0.24371,1.2887747603833865e-10,0.0,1.2887747603833865e-10,1.022,1.033,True,True,True,0.04632833333334197,0.027499999999999747,0.056126198083067166,0.056126198083067166,True,True,True,True,True,True,0.18608072949947607
1.11,0.42,0.23,2.5256101499999998e-05,0.24371,1.2645344827586206e-10,0.0,1.2645344827586206e-10,1.022,1.033,True,True,True,0.04632833333334197,0.027499999999999747,0.1773275862068966,0.1773275862068966,True,True,True,True,True,True,0.4284835057471349
1.11,0.42,0.25,2.5256101499999998e-05,0.24371,1.2411892307692305e-10,0.0,1.2411892307692305e-10,1.022,1.033,True,True,True,0.04632833333334197,0.027499999999999747,0.29405384615384694,0.29405384615384694,True,True,True,True,True,True,0.6619360256410356
1.11,0.42,0.27,2.5256101499999998e-05,0.24371,1.2186903323262838e-10,0.0,1.2186903323262838e-10,1.022,1.033,True,True,True,0.04632833333334197,0.027499999999999747,0.40654833836858034,0.40654833836858034,True,True,True,True,True,True,0.8869250100705024
1.11,0.42,0.29,2.5256101499999998e-05,0.24371,1.1969925816023738e-10,0.0,1.1969925816023738e-10,1.022,1.033,True,True,True,0.04632833333334197,0.027499999999999747,0.5150370919881306,0.5150370919881306,True,True,True,True,True,True,1.1039025173096029
1.11,0.42,0.31,2.5256101499999998e-05,0.24371,1.1760539358600583e-10,0.0,1.1760539358600583e-10,1.022,1.033,True,True,True,0.04632833333334197,0.027499999999999747,0.6197303206997078,0.6197303206997078,True,True,True,True,True,True,1.3132889747327572
1.11,0.42,0.33,2.5256101499999998e-05,0.24371,1.1558352435530086e-10,0.0,1.1558352435530086e-10,1.022,1.033,True,True,True,0.04632833333334197,0.027499999999999747,0.7208237822349565,0.7208237822349565,True,True,True,True,True,True,1.5154758978032548
1.11,0.42,0.35,2.5256101499999998e-05,0.24371,1.1363e-10,0.0,1.1363e-10,1.022,1.033,True,True,True,0.04632833333334197,0.027499999999999747,0.8184999999999996,0.8184999999999996,True,True,True,True,True,True,1.7108283333333407
1.11,0.44,0.15,2.5256101499999998e-05,0.24371,1.3866711864406777e-10,0.0,1.3866711864406777e-10,1.022,1.033,True,True,True,0.04632833333334197,0.027499999999999747,0.433355932203389,0.433355932203389,True,True,True,True,True,True,0.9405401977401198
1.11,0.44,0.17,2.5256101499999998e-05,0.24371,1.3590299003322257e-10,0.0,1.3590299003322257e-10,1.022,1.033,True,True,True,0.04632833333334197,0.027499999999999747,0.29514950166112897,0.29514950166112897,True,True,True,True,True,True,0.6641273366555996
1.11,0.44,0.19,2.5256101499999998e-05,0.24371,1.3324690553745925e-10,0.0,1.3324690553745925e-10,1.022,1.033,True,True,True,0.04632833333334197,0.027499999999999747,0.1623452768729632,0.1623452768729632,True,True,True,True,True,True,0.39851888707926814
1.11,0.44,0.21,2.5256101499999998e-05,0.24371,1.3069265175718847e-10,0.0,1.3069265175718847e-10,1.022,1.033,True,True,True,0.04632833333334197,0.027499999999999747,0.0346325878594239,0.0346325878594239,True,True,True,True,True,True,0.1430935090521895
1.11,0.44,0.23,2.5256101499999998e-05,0.24371,1.2823448275862067e-10,0.0,1.2823448275862067e-10,1.022,1.033,True,True,True,0.04632833333334197,0.027499999999999747,0.08827586206896586,0.08827586206896586,True,True,True,True,True,True,0.25038005747127345
1.11,0.44,0.25,2.5256101499999998e-05,0.24371,1.258670769230769e-10,0.0,1.258670769230769e-10,1.022,1.033,True,True,True,0.04632833333334197,0.027499999999999747,0.2066461538461548,0.2066461538461548,True,True,True,True,True,True,0.48712064102565134
1.11,0.44,0.27,2.5256101499999998e-05,0.24371,1.2358549848942595e-10,0.0,1.2358549848942595e-10,1.022,1.033,True,True,True,0.04632833333334197,0.027499999999999747,0.3207250755287021,0.3207250755287021,True,True,True,True,True,True,0.7152784843907459
1.11,0.44,0.29,2.5256101499999998e-05,0.24371,1.2138516320474776e-10,0.0,1.2138516320474776e-10,1.022,1.033,True,True,True,0.04632833333334197,0.027499999999999747,0.4307418397626113,0.4307418397626113,True,True,True,True,True,True,0.9353120128585644
1.11,0.44,0.31,2.5256101499999998e-05,0.24371,1.1926180758017492e-10,0.0,1.1926180758017492e-10,1.022,1.033,True,True,True,0.04632833333334197,0.027499999999999747,0.5369096209912537,0.5369096209912537,True,True,True,True,True,True,1.1476475753158493
1.11,0.44,0.33,2.5256101499999998e-05,0.24371,1.1721146131805155e-10,0.0,1.1721146131805155e-10,1.022,1.033,True,True,True,0.04632833333334197,0.027499999999999747,0.639426934097422,0.639426934097422,True,True,True,True,True,True,1.3526822015281859
1.11,0.44,0.35,2.5256101499999998e-05,0.24371,1.1523042253521125e-10,0.0,1.1523042253521125e-10,1.022,1.033,True,True,True,0.04632833333334197,0.027499999999999747,0.7384788732394371,0.7384788732394371,True,True,True,True,True,True,1.550786079812216
1.11,0.46,0.15,2.5256101499999998e-05,0.24371,1.4059305084745762e-10,0.0,1.4059305084745762e-10,1.022,1.033,True,True,True,0.04632833333334197,0.027499999999999747,0.5296525423728815,0.5296525423728815,True,True,True,True,True,True,1.1331334180791046
1.11,0.46,0.17,2.5256101499999998e-05,0.24371,1.377905315614618e-10,0.0,1.377905315614618e-10,1.022,1.033,True,True,True,0.04632833333334197,0.027499999999999747,0.38952657807309005,0.38952657807309005,True,True,True,True,True,True,0.8528814894795218
1.11,0.46,0.19,2.5256101499999998e-05,0.24371,1.3509755700325732e-10,0.0,1.3509755700325732e-10,1.022,1.033,True,True,True,0.04632833333334197,0.027499999999999747,0.25487785016286635,0.25487785016286635,True,True,True,True,True,True,0.5835840336590744
1.11,0.46,0.21,2.5256101499999998e-05,0.24371,1.3250782747603832e-10,0.0,1.3250782747603832e-10,1.022,1.033,True,True,True,0.04632833333334197,0.027499999999999747,0.12539137380191626,0.12539137380191626,True,True,True,True,True,True,0.3246110809371742
1.11,0.46,0.23,2.5256101499999998e-05,0.24371,1.300155172413793e-10,0.0,1.300155172413793e-10,1.022,1.033,True,True,True,0.04632833333334197,0.027499999999999747,0.0007758620689648639,0.0007758620689648639,True,True,True,True,True,True,0.07538005747127144
1.11,0.46,0.25,2.5256101499999998e-05,0.24371,1.2761523076923074e-10,0.0,1.2761523076923074e-10,1.022,1.033,True,True,True,0.04632833333334197,0.027499999999999747,0.1192384615384627,0.1192384615384627,True,True,True,True,True,True,0.3123052564102671
1.11,0.46,0.27,2.5256101499999998e-05,0.24371,1.2530196374622354e-10,0.0,1.2530196374622354e-10,1.022,1.033,True,True,True,0.04632833333334197,0.027499999999999747,0.23490181268882254,0.23490181268882254,True,True,True,True,True,True,0.5436319587109868
1.11,0.46,0.29,2.5256101499999998e-05,0.24371,1.2307106824925815e-10,0.0,1.2307106824925815e-10,1.022,1.033,True,True,True,0.04632833333334197,0.027499999999999747,0.346446587537092,0.346446587537092,True,True,True,True,True,True,0.7667215084075257
1.11,0.46,0.31,2.5256101499999998e-05,0.24371,1.2091822157434403e-10,0.0,1.2091822157434403e-10,1.022,1.033,True,True,True,0.04632833333334197,0.027499999999999747,0.45408892128279826,0.45408892128279826,True,True,True,True,True,True,0.9820061758989382
1.11,0.46,0.33,2.5256101499999998e-05,0.24371,1.1883939828080228e-10,0.0,1.1883939828080228e-10,1.022,1.033,True,True,True,0.04632833333334197,0.027499999999999747,0.5580300859598856,0.5580300859598856,True,True,True,True,True,True,1.189888505253113
1.11,0.46,0.35,2.5256101499999998e-05,0.24371,1.1683084507042253e-10,0.0,1.1683084507042253e-10,1.022,1.033,True,True,True,0.04632833333334197,0.027499999999999747,0.6584577464788732,0.6584577464788732,True,True,True,True,True,True,1.390743826291088
1.11,0.48,0.15,2.5256101499999998e-05,0.24371,1.4251898305084747e-10,0.0,1.4251898305084747e-10,1.022,1.033,True,True,True,0.04632833333334197,0.027499999999999747,0.6259491525423739,0.6259491525423739,True,True,True,True,True,True,1.3257266384180895
1.11,0.48,0.17,2.5256101499999998e-05,0.24371,1.3967807308970099e-10,0.0,1.3967807308970099e-10,1.022,1.033,True,True,True,0.04632833333334197,0.027499999999999747,0.4839036544850498,0.4839036544850498,True,True,True,True,True,True,1.0416356423034414
1.11,0.48,0.19,2.5256101499999998e-05,0.24371,1.3694820846905538e-10,0.0,1.3694820846905538e-10,1.022,1.033,True,True,True,0.04632833333334197,0.027499999999999747,0.34741042345276946,0.34741042345276946,True,True,True,True,True,True,0.7686491802388806
1.11,0.48,0.21,2.5256101499999998e-05,0.24371,1.3432300319488816e-10,0.0,1.3432300319488816e-10,1.022,1.033,True,True,True,0.04632833333334197,0.027499999999999747,0.2161501597444086,0.2161501597444086,True,True,True,True,True,True,0.5061286528221589
1.11,0.48,0.23,2.5256101499999998e-05,0.24371,1.3179655172413793e-10,0.0,1.3179655172413793e-10,1.022,1.033,True,True,True,0.04632833333334197,0.027499999999999747,0.08982758620689688,0.08982758620689688,True,True,True,True,True,True,0.25348350574713546
1.11,0.48,0.25,2.5256101499999998e-05,0.24371,1.293633846153846e-10,0.0,1.293633846153846e-10,1.022,1.033,True,True,True,0.04632833333334197,0.027499999999999747,0.03183076923076929,0.03183076923076929,True,True,True,True,True,True,0.1374898717948803
1.11,0.48,0.27,2.5256101499999998e-05,0.24371,1.2701842900302113e-10,0.0,1.2701842900302113e-10,1.022,1.033,True,True,True,0.04632833333334197,0.027499999999999747,0.149078549848943,0.149078549848943,True,True,True,True,True,True,0.3719854330312277
1.11,0.48,0.29,2.5256101499999998e-05,0.24371,1.2475697329376856e-10,0.0,1.2475697329376856e-10,1.022,1.033,True,True,True,0.04632833333334197,0.027499999999999747,0.2621513353115714,0.2621513353115714,True,True,True,True,True,True,0.5981310039564846
1.11,0.48,0.31,2.5256101499999998e-05,0.24371,1.2257463556851313e-10,0.0,1.2257463556851313e-10,1.022,1.033,True,True,True,0.04632833333334197,0.027499999999999747,0.3712682215743428,0.3712682215743428,True,True,True,True,True,True,0.8163647764820273
1.11,0.48,0.33,2.5256101499999998e-05,0.24371,1.20467335243553e-10,0.0,1.20467335243553e-10,1.022,1.033,True,True,True,0.04632833333334197,0.027499999999999747,0.4766332378223491,0.4766332378223491,True,True,True,True,True,True,1.02709480897804
1.11,0.48,0.35,2.5256101499999998e-05,0.24371,1.184312676056338e-10,0.0,1.184312676056338e-10,1.022,1.033,True,True,True,0.04632833333334197,0.027499999999999747,0.57843661971831,0.57843661971831,True,True,True,True,True,True,1.2307015727699615
1.11,0.5,0.15,2.5256101499999998e-05,0.24371,1.4444491525423726e-10,0.0,1.4444491525423726e-10,1.022,1.033,True,True,True,0.04632833333334197,0.027499999999999747,0.7222457627118638,0.7222457627118638,True,True,True,True,True,True,1.5183198587570694
1.11,0.5,0.17,2.5256101499999998e-05,0.24371,1.4156561461794018e-10,0.0,1.4156561461794018e-10,1.022,1.033,True,True,True,0.04632833333334197,0.027499999999999747,0.5782807308970096,0.5782807308970096,True,True,True,True,True,True,1.230389795127361
1.11,0.5,0.19,2.5256101499999998e-05,0.24371,1.387988599348534e-10,0.0,1.387988599348534e-10,1.022,1.033,True,True,True,0.04632833333334197,0.027499999999999747,0.43994299674267,0.43994299674267,True,True,True,True,True,True,0.9537143268186817
1.11,0.5,0.21,2.5256101499999998e-05,0.24371,1.36138178913738e-10,0.0,1.36138178913738e-10,1.022,1.033,True,True,True,0.04632833333334197,0.027499999999999747,0.30690894568690097,0.30690894568690097,True,True,True,True,True,True,0.6876462247071436
1.11,0.5,0.23,2.5256101499999998e-05,0.24371,1.3357758620689652e-10,0.0,1.3357758620689652e-10,1.022,1.033,True,True,True,0.04632833333334197,0.027499999999999747,0.17887931034482632,0.17887931034482632,True,True,True,True,True,True,0.4315869540229943
1.11,0.5,0.25,2.5256101499999998e-05,0.24371,1.3111153846153845e-10,0.0,1.3111153846153845e-10,1.022,1.033,True,True,True,0.04632833333334197,0.027499999999999747,0.05557692307692283,0.05557692307692283,True,True,True,True,True,True,0.18498217948718737
1.11,0.5,0.27,2.5256101499999998e-05,0.24371,1.287348942598187e-10,0.0,1.287348942598187e-10,1.022,1.033,True,True,True,0.04632833333334197,0.027499999999999747,0.06325528700906474,0.06325528700906474,True,True,True,True,True,True,0.2003389073514712
1.11,0.5,0.29,2.5256101499999998e-05,0.24371,1.2644287833827892e-10,0.0,1.2644287833827892e-10,1.022,1.033,True,True,True,0.04632833333334197,0.027499999999999747,0.1778560830860534,0.1778560830860534,True,True,True,True,True,True,0.4295404995054485
1.11,0.5,0.31,2.5256101499999998e-05,0.24371,1.2423104956268222e-10,0.0,1.2423104956268222e-10,1.022,1.033,True,True,True,0.04632833333334197,0.027499999999999747,0.2884475218658887,0.2884475218658887,True,True,True,True,True,True,0.6507233770651191
1.11,0.5,0.33,2.5256101499999998e-05,0.24371,1.220952722063037e-10,0.0,1.220952722063037e-10,1.022,1.033,True,True,True,0.04632833333334197,0.027499999999999747,0.39523638968481395,0.39523638968481395,True,True,True,True,True,True,0.8643011127029696
1.11,0.5,0.35,2.5256101499999998e-05,0.24371,1.2003169014084506e-10,0.0,1.2003169014084506e-10,1.022,1.033,True,True,True,0.04632833333334197,0.027499999999999747,0.4984154929577468,0.4984154929577468,True,True,True,True,True,True,1.0706593192488354
1.11,0.52,0.15,2.5256101499999998e-05,0.24371,1.4637084745762711e-10,0.0,1.4637084745762711e-10,1.022,1.033,True,True,True,0.04632833333334197,0.027499999999999747,0.8185423728813562,0.8185423728813562,True,True,True,True,True,True,1.7109130790960543
1.11,0.52,0.17,2.5256101499999998e-05,0.24371,1.434531561461794e-10,0.0,1.434531561461794e-10,1.022,1.033,True,True,True,0.04632833333334197,0.027499999999999747,0.6726578073089706,0.6726578073089706,True,True,True,True,True,True,1.4191439479512828
1.11,0.52,0.19,2.5256101499999998e-05,0.24371,1.4064951140065145e-10,0.0,1.4064951140065145e-10,1.022,1.033,True,True,True,0.04632833333334197,0.027499999999999747,0.5324755700325732,0.5324755700325732,True,True,True,True,True,True,1.138779473398488
1.11,0.52,0.21,2.5256101499999998e-05,0.24371,1.3795335463258786e-10,0.0,1.3795335463258786e-10,1.022,1.033,True,True,True,0.04632833333334197,0.027499999999999747,0.39766773162939334,0.39766773162939334,True,True,True,True,True,True,0.8691637965921284
1.11,0.52,0.23,2.5256101499999998e-05,0.24371,1.3535862068965516e-10,0.0,1.3535862068965516e-10,1.022,1.033,True,True,True,0.04632833333334197,0.027499999999999747,0.26793103448275835,0.26793103448275835,True,True,True,True,True,True,0.6096904022988584
1.11,0.52,0.25,2.5256101499999998e-05,0.24371,1.328596923076923e-10,0.0,1.328596923076923e-10,1.022,1.033,True,True,True,0.04632833333334197,0.027499999999999747,0.14298461538461493,0.14298461538461493,True,True,True,True,True,True,0.3597975641025716
1.11,0.52,0.27,2.5256101499999998e-05,0.24371,1.3045135951661629e-10,0.0,1.3045135951661629e-10,1.022,1.033,True,True,True,0.04632833333334197,0.027499999999999747,0.022567975830814813,0.022567975830814813,True,True,True,True,True,True,0.11896428499497133
1.11,0.52,0.29,2.5256101499999998e-05,0.24371,1.281287833827893e-10,0.0,1.281287833827893e-10,1.022,1.033,True,True,True,0.04632833333334197,0.027499999999999747,0.0935608308605341,0.0935608308605341,True,True,True,True,True,True,0.2609499950544099
1.11,0.52,0.31,2.5256101499999998e-05,0.24371,1.258874635568513e-10,0.0,1.258874635568513e-10,1.022,1.033,True,True,True,0.04632833333334197,0.027499999999999747,0.20562682215743452,0.20562682215743452,True,True,True,True,True,True,0.4850819776482108
1.11,0.52,0.33,2.5256101499999998e-05,0.24371,1.2372320916905444e-10,0.0,1.2372320916905444e-10,1.022,1.033,True,True,True,0.04632833333334197,0.027499999999999747,0.3138395415472775,0.3138395415472775,True,True,True,True,True,True,0.7015074164278967
1.11,0.52,0.35,2.5256101499999998e-05,0.24371,1.2163211267605635e-10,0.0,1.2163211267605635e-10,1.022,1.033,True,True,True,0.04632833333334197,0.027499999999999747,0.4183943661971823,0.4183943661971823,True,True,True,True,True,True,0.9106170657277063
1.11,0.54,0.15,2.5256101499999998e-05,0.24371,1.4829677966101696e-10,0.0,1.4829677966101696e-10,1.022,1.033,True,True,True,0.04632833333334197,0.027499999999999747,0.9148389830508487,0.9148389830508487,True,True,True,True,True,True,1.9035062994350391
1.11,0.54,0.17,2.5256101499999998e-05,0.24371,1.453406976744186e-10,0.0,1.453406976744186e-10,1.022,1.033,True,True,True,0.04632833333334197,0.027499999999999747,0.7670348837209304,0.7670348837209304,True,True,True,True,True,True,1.6078981007752025
1.11,0.54,0.19,2.5256101499999998e-05,0.24371,1.4250016286644951e-10,0.0,1.4250016286644951e-10,1.022,1.033,True,True,True,0.04632833333334197,0.027499999999999747,0.6250081433224762,0.6250081433224762,True,True,True,True,True,True,1.3238446199782943
1.11,0.54,0.21,2.5256101499999998e-05,0.24371,1.397685303514377e-10,0.0,1.397685303514377e-10,1.022,1.033,True,True,True,0.04632833333334197,0.027499999999999747,0.48842651757188565,0.48842651757188565,True,True,True,True,True,True,1.050681368477113
1.11,0.54,0.23,2.5256101499999998e-05,0.24371,1.371396551724138e-10,0.0,1.371396551724138e-10,1.022,1.033,True,True,True,0.04632833333334197,0.027499999999999747,0.35698275862069034,0.35698275862069034,True,True,True,True,True,True,0.7877938505747224
1.11,0.54,0.25,2.5256101499999998e-05,0.24371,1.3460784615384616e-10,0.0,1.3460784615384616e-10,1.022,1.033,True,True,True,0.04632833333334197,0.027499999999999747,0.23039230769230834,0.23039230769230834,True,True,True,True,True,True,0.5346129487179584
1.11,0.54,0.27,2.5256101499999998e-05,0.24371,1.3216782477341388e-10,0.0,1.3216782477341388e-10,1.022,1.033,True,True,True,0.04632833333334197,0.027499999999999747,0.10839123867069436,0.10839123867069436,True,True,True,True,True,True,0.29061081067473044
1.11,0.54,0.29,2.5256101499999998e-05,0.24371,1.2981468842729972e-10,0.0,1.2981468842729972e-10,1.022,1.033,True,True,True,0.04632833333334197,0.027499999999999747,0.009265578635013507,0.009265578635013507,True,True,True,True,True,True,0.09235949060336873
1.11,0.54,0.31,2.5256101499999998e-05,0.24371,1.275438775510204e-10,0.0,1.275438775510204e-10,1.022,1.033,True,True,True,0.04632833333334197,0.027499999999999747,0.12280612244897911,0.12280612244897911,True,True,True,True,True,True,0.3194405782312999
1.11,0.54,0.33,2.5256101499999998e-05,0.24371,1.2535114613180517e-10,0.0,1.2535114613180517e-10,1.022,1.033,True,True,True,0.04632833333334197,0.027499999999999747,0.23244269340974102,0.23244269340974102,True,True,True,True,True,True,0.5387137201528237
1.11,0.54,0.35,2.5256101499999998e-05,0.24371,1.232325352112676e-10,0.0,1.232325352112676e-10,1.022,1.033,True,True,True,0.04632833333334197,0.027499999999999747,0.33837323943661907,0.33837323943661907,True,True,True,True,True,True,0.7505748122065798
1.11,0.56,0.15,2.5256101499999998e-05,0.24371,1.5022271186440676e-10,0.0,1.5022271186440676e-10,1.022,1.033,True,True,True,0.04632833333334197,0.027499999999999747,1.0111355932203385,1.0111355932203385,True,True,False,False,True,False,2.0960995197740186
1.11,0.56,0.17,2.5256101499999998e-05,0.24371,1.472282392026578e-10,0.0,1.472282392026578e-10,1.022,1.033,True,True,True,0.04632833333334197,0.027499999999999747,0.8614119601328901,0.8614119601328901,True,True,True,True,True,True,1.796652253599122
1.11,0.56,0.19,2.5256101499999998e-05,0.24371,1.4435081433224755e-10,0.0,1.4435081433224755e-10,1.022,1.033,True,True,True,0.04632833333334197,0.027499999999999747,0.7175407166123781,0.7175407166123781,True,True,True,True,True,True,1.508909766558098
1.11,0.56,0.21,2.5256101499999998e-05,0.24371,1.4158370607028752e-10,0.0,1.4158370607028752e-10,1.022,1.033,True,True,True,0.04632833333334197,0.027499999999999747,0.5791853035143767,0.5791853035143767,True,True,True,True,True,True,1.2321989403620952
1.11,0.56,0.23,2.5256101499999998e-05,0.24371,1.3892068965517239e-10,0.0,1.3892068965517239e-10,1.022,1.033,True,True,True,0.04632833333334197,0.027499999999999747,0.4460344827586198,0.4460344827586198,True,True,True,True,True,True,0.9658972988505813
1.11,0.56,0.25,2.5256101499999998e-05,0.24371,1.3635599999999997e-10,0.0,1.3635599999999997e-10,1.022,1.033,True,True,True,0.04632833333334197,0.027499999999999747,0.3177999999999992,0.3177999999999992,True,True,True,True,True,True,0.7094283333333401
1.11,0.56,0.27,2.5256101499999998e-05,0.24371,1.3388429003021147e-10,0.0,1.3388429003021147e-10,1.022,1.033,True,True,True,0.04632833333334197,0.027499999999999747,0.1942145015105739,0.1942145015105739,True,True,True,True,True,True,0.4622573363544895
1.11,0.56,0.29,2.5256101499999998e-05,0.24371,1.3150059347181008e-10,0.0,1.3150059347181008e-10,1.022,1.033,True,True,True,0.04632833333334197,0.027499999999999747,0.07502967359050451,0.07502967359050451,True,True,True,True,True,True,0.2238876805143507
1.11,0.56,0.31,2.5256101499999998e-05,0.24371,1.292002915451895e-10,0.0,1.292002915451895e-10,1.022,1.033,True,True,True,0.04632833333334197,0.027499999999999747,0.039985422740524953,0.039985422740524953,True,True,True,True,True,True,0.15379917881439162
1.11,0.56,0.33,2.5256101499999998e-05,0.24371,1.2697908309455587e-10,0.0,1.2697908309455587e-10,1.022,1.033,True,True,True,0.04632833333334197,0.027499999999999747,0.15104584527220588,0.15104584527220588,True,True,True,True,True,True,0.3759200238777535
1.11,0.56,0.35,2.5256101499999998e-05,0.24371,1.2483295774647887e-10,0.0,1.2483295774647887e-10,1.022,1.033,True,True,True,0.04632833333334197,0.027499999999999747,0.2583521126760559,0.2583521126760559,True,True,True,True,True,True,0.5905325586854535
1.11,0.58,0.15,2.5256101499999998e-05,0.24371,1.521486440677966e-10,0.0,1.521486440677966e-10,1.022,1.033,True,True,True,0.04632833333334197,0.027499999999999747,1.107432203389831,1.107432203389831,True,True,False,False,True,False,2.2886927401130035
1.11,0.58,0.17,2.5256101499999998e-05,0.24371,1.4911578073089701e-10,0.0,1.4911578073089701e-10,1.022,1.033,True,True,True,0.04632833333334197,0.027499999999999747,0.9557890365448513,0.9557890365448513,True,True,True,True,True,True,1.9854064064230443
1.11,0.58,0.19,2.5256101499999998e-05,0.24371,1.462014657980456e-10,0.0,1.462014657980456e-10,1.022,1.033,True,True,True,0.04632833333334197,0.027499999999999747,0.8100732899022799,0.8100732899022799,True,True,True,True,True,True,1.6939749131379016
1.11,0.58,0.21,2.5256101499999998e-05,0.24371,1.4339888178913737e-10,0.0,1.4339888178913737e-10,1.022,1.033,True,True,True,0.04632833333334197,0.027499999999999747,0.6699440894568691,0.6699440894568691,True,True,True,True,True,True,1.4137165122470798
1.11,0.58,0.23,2.5256101499999998e-05,0.24371,1.4070172413793103e-10,0.0,1.4070172413793103e-10,1.022,1.033,True,True,True,0.04632833333334197,0.027499999999999747,0.5350862068965518,0.5350862068965518,True,True,True,True,True,True,1.1440007471264453
1.11,0.58,0.25,2.5256101499999998e-05,0.24371,1.3810415384615384e-10,0.0,1.3810415384615384e-10,1.022,1.033,True,True,True,0.04632833333334197,0.027499999999999747,0.4052076923076926,0.4052076923076926,True,True,True,True,True,True,0.8842437179487269
1.11,0.58,0.27,2.5256101499999998e-05,0.24371,1.3560075528700906e-10,0.0,1.3560075528700906e-10,1.022,1.033,True,True,True,0.04632833333334197,0.027499999999999747,0.28003776435045347,0.28003776435045347,True,True,True,True,True,True,0.6339038620342486
1.11,0.58,0.29,2.5256101499999998e-05,0.24371,1.331864985163205e-10,0.0,1.331864985163205e-10,1.022,1.033,True,True,True,0.04632833333334197,0.027499999999999747,0.15932492581602511,0.15932492581602511,True,True,True,True,True,True,0.39247818496539194
1.11,0.58,0.31,2.5256101499999998e-05,0.24371,1.308567055393586e-10,0.0,1.308567055393586e-10,1.022,1.033,True,True,True,0.04632833333334197,0.027499999999999747,0.04283527696793048,0.04283527696793048,True,True,True,True,True,True,0.15949888726920267
1.11,0.58,0.33,2.5256101499999998e-05,0.24371,1.286070200573066e-10,0.0,1.286070200573066e-10,1.022,1.033,True,True,True,0.04632833333334197,0.027499999999999747,0.06964899713466942,0.06964899713466942,True,True,True,True,True,True,0.21312632760268058
1.11,0.58,0.35,2.5256101499999998e-05,0.24371,1.2643338028169014e-10,0.0,1.2643338028169014e-10,1.022,1.033,True,True,True,0.04632833333334197,0.027499999999999747,0.17833098591549268,0.17833098591549268,True,True,True,True,True,True,0.43049030516432707
1.11,0.6,0.15,2.5256101499999998e-05,0.24371,1.5407457627118646e-10,0.0,1.5407457627118646e-10,1.022,1.033,True,True,True,0.04632833333334197,0.027499999999999747,1.2037288135593234,1.2037288135593234,True,True,False,False,True,False,2.4812859604519883
1.11,0.6,0.17,2.5256101499999998e-05,0.24371,1.510033222591362e-10,0.0,1.510033222591362e-10,1.022,1.033,True,True,True,0.04632833333334197,0.027499999999999747,1.050166112956811,1.050166112956811,True,True,False,False,True,False,2.1741605592469635
1.11,0.6,0.19,2.5256101499999998e-05,0.24371,1.4805211726384365e-10,0.0,1.4805211726384365e-10,1.022,1.033,True,True,True,0.04632833333334197,0.027499999999999747,0.902605863192183,0.902605863192183,True,True,True,True,True,True,1.879040059717708
1.11,0.6,0.21,2.5256101499999998e-05,0.24371,1.4521405750798722e-10,0.0,1.4521405750798722e-10,1.022,1.033,True,True,True,0.04632833333334197,0.027499999999999747,0.7607028753993614,0.7607028753993614,True,True,True,True,True,True,1.5952340841320645
1.11,0.6,0.23,2.5256101499999998e-05,0.24371,1.4248275862068964e-10,0.0,1.4248275862068964e-10,1.022,1.033,True,True,True,0.04632833333334197,0.027499999999999747,0.6241379310344826,0.6241379310344826,True,True,True,True,True,True,1.3221041954023067
1.11,0.6,0.25,2.5256101499999998e-05,0.24371,1.3985230769230768e-10,0.0,1.3985230769230768e-10,1.022,1.033,True,True,True,0.04632833333334197,0.027499999999999747,0.4926153846153847,0.4926153846153847,True,True,True,True,True,True,1.059059102564111
1.11,0.6,0.27,2.5256101499999998e-05,0.24371,1.3731722054380665e-10,0.0,1.3731722054380665e-10,1.022,1.033,True,True,True,0.04632833333334197,0.027499999999999747,0.36586102719033303,0.36586102719033303,True,True,True,True,True,True,0.8055503877140078
1.11,0.6,0.29,2.5256101499999998e-05,0.24371,1.3487240356083088e-10,0.0,1.3487240356083088e-10,1.022,1.033,True,True,True,0.04632833333334197,0.027499999999999747,0.2436201780415444,0.2436201780415444,True,True,True,True,True,True,0.5610686894164305
1.11,0.6,0.31,2.5256101499999998e-05,0.24371,1.325131195335277e-10,0.0,1.325131195335277e-10,1.022,1.033,True,True,True,0.04632833333334197,0.027499999999999747,0.12565597667638592,0.12565597667638592,True,True,True,True,True,True,0.32514028668611356
1.11,0.6,0.33,2.5256101499999998e-05,0.24371,1.302349570200573e-10,0.0,1.302349570200573e-10,1.022,1.033,True,True,True,0.04632833333334197,0.027499999999999747,0.011747851002865734,0.011747851002865734,True,True,True,True,True,True,0.09732403533907319
1.11,0.6,0.35,2.5256101499999998e-05,0.24371,1.2803380281690143e-10,0.0,1.2803380281690143e-10,1.022,1.033,True,True,True,0.04632833333334197,0.027499999999999747,0.0983098591549282,0.0983098591549282,True,True,True,True,True,True,0.2704480516431981
1.12,0.4,0.15,2.5254837999999998e-05,0.24372000000000002,1.3520677966101693e-10,0.0,1.3520677966101693e-10,1.024,1.036,True,True,True,0.05054000000000737,0.030000000000002247,0.26033898305084713,0.26033898305084713,True,True,True,True,True,True,0.6012179661017039
1.12,0.4,0.17,2.5254837999999998e-05,0.24372000000000002,1.3251162790697674e-10,0.0,1.3251162790697674e-10,1.024,1.036,True,True,True,0.05054000000000737,0.030000000000002247,0.12558139534883753,0.12558139534883753,True,True,True,True,True,True,0.3317027906976847
1.12,0.4,0.19,2.5254837999999998e-05,0.24372000000000002,1.2992182410423452e-10,0.0,1.2992182410423452e-10,1.024,1.036,True,True,True,0.05054000000000737,0.030000000000002247,0.0039087947882733495,0.0039087947882733495,True,True,True,True,True,True,0.08835758957655632
1.12,0.4,0.21,2.5254837999999998e-05,0.24372000000000002,1.2743130990415333e-10,0.0,1.2743130990415333e-10,1.024,1.036,True,True,True,0.05054000000000737,0.030000000000002247,0.12843450479233312,0.12843450479233312,True,True,True,True,True,True,0.3374090095846759
1.12,0.4,0.23,2.5254837999999998e-05,0.24372000000000002,1.2503448275862067e-10,0.0,1.2503448275862067e-10,1.024,1.036,True,True,True,0.05054000000000737,0.030000000000002247,0.24827586206896585,0.24827586206896585,True,True,True,True,True,True,0.5770917241379413
1.12,0.4,0.25,2.5254837999999998e-05,0.24372000000000002,1.2272615384615383e-10,0.0,1.2272615384615383e-10,1.024,1.036,True,True,True,0.05054000000000737,0.030000000000002247,0.36369230769230804,0.36369230769230804,True,True,True,True,True,True,0.8079246153846257
1.12,0.4,0.27,2.5254837999999998e-05,0.24372000000000002,1.205015105740181e-10,0.0,1.205015105740181e-10,1.024,1.036,True,True,True,0.05054000000000737,0.030000000000002247,0.474924471299094,0.474924471299094,True,True,True,True,True,True,1.0303889425981976
1.12,0.4,0.29,2.5254837999999998e-05,0.24372000000000002,1.1835608308605342e-10,0.0,1.1835608308605342e-10,1.024,1.036,True,True,True,0.05054000000000737,0.030000000000002247,0.5821958456973285,0.5821958456973285,True,True,True,True,True,True,1.2449316913946666
1.12,0.4,0.31,2.5254837999999998e-05,0.24372000000000002,1.1628571428571428e-10,0.0,1.1628571428571428e-10,1.024,1.036,True,True,True,0.05054000000000737,0.030000000000002247,0.6857142857142853,0.6857142857142853,True,True,True,True,True,True,1.4519685714285802
1.12,0.4,0.33,2.5254837999999998e-05,0.24372000000000002,1.142865329512894e-10,0.0,1.142865329512894e-10,1.024,1.036,True,True,True,0.05054000000000737,0.030000000000002247,0.7856733524355297,0.7856733524355297,True,True,True,True,True,True,1.651886704871069
1.12,0.4,0.35,2.5254837999999998e-05,0.24372000000000002,1.1235492957746478e-10,0.0,1.1235492957746478e-10,1.024,1.036,True,True,True,0.05054000000000737,0.030000000000002247,0.8822535211267607,0.8822535211267607,True,True,True,True,True,True,1.845047042253531
1.12,0.42,0.15,2.5254837999999998e-05,0.24372000000000002,1.3713830508474577e-10,0.0,1.3713830508474577e-10,1.024,1.036,True,True,True,0.05054000000000737,0.030000000000002247,0.3569152542372888,0.3569152542372888,True,True,True,True,True,True,0.7943705084745872
1.12,0.42,0.17,2.5254837999999998e-05,0.24372000000000002,1.344046511627907e-10,0.0,1.344046511627907e-10,1.024,1.036,True,True,True,0.05054000000000737,0.030000000000002247,0.2202325581395352,0.2202325581395352,True,True,True,True,True,True,0.5210051162790801
1.12,0.42,0.19,2.5254837999999998e-05,0.24372000000000002,1.3177785016286646e-10,0.0,1.3177785016286646e-10,1.024,1.036,True,True,True,0.05054000000000737,0.030000000000002247,0.08889250814332328,0.08889250814332328,True,True,True,True,True,True,0.25832501628665616
1.12,0.42,0.21,2.5254837999999998e-05,0.24372000000000002,1.292517571884984e-10,0.0,1.292517571884984e-10,1.024,1.036,True,True,True,0.05054000000000737,0.030000000000002247,0.03741214057507943,0.03741214057507943,True,True,True,True,True,True,0.15536428115016848
1.12,0.42,0.23,2.5254837999999998e-05,0.24372000000000002,1.2682068965517242e-10,0.0,1.2682068965517242e-10,1.024,1.036,True,True,True,0.05054000000000737,0.030000000000002247,0.15896551724137845,0.15896551724137845,True,True,True,True,True,True,0.39847103448276655
1.12,0.42,0.25,2.5254837999999998e-05,0.24372000000000002,1.244793846153846e-10,0.0,1.244793846153846e-10,1.024,1.036,True,True,True,0.05054000000000737,0.030000000000002247,0.2760307692307691,0.2760307692307691,True,True,True,True,True,True,0.6326015384615478
1.12,0.42,0.27,2.5254837999999998e-05,0.24372000000000002,1.2222296072507553e-10,0.0,1.2222296072507553e-10,1.024,1.036,True,True,True,0.05054000000000737,0.030000000000002247,0.3888519637462232,0.3888519637462232,True,True,True,True,True,True,0.858243927492456
1.12,0.42,0.29,2.5254837999999998e-05,0.24372000000000002,1.2004688427299705e-10,0.0,1.2004688427299705e-10,1.024,1.036,True,True,True,0.05054000000000737,0.030000000000002247,0.4976557863501469,0.4976557863501469,True,True,True,True,True,True,1.0758515727003035
1.12,0.42,0.31,2.5254837999999998e-05,0.24372000000000002,1.1794693877551023e-10,0.0,1.1794693877551023e-10,1.024,1.036,True,True,True,0.05054000000000737,0.030000000000002247,0.6026530612244883,0.6026530612244883,True,True,True,True,True,True,1.285846122448986
1.12,0.42,0.33,2.5254837999999998e-05,0.24372000000000002,1.159191977077364e-10,0.0,1.159191977077364e-10,1.024,1.036,True,True,True,0.05054000000000737,0.030000000000002247,0.7040401146131796,0.7040401146131796,True,True,True,True,True,True,1.4886202292263688
1.12,0.42,0.35,2.5254837999999998e-05,0.24372000000000002,1.1396000000000001e-10,0.0,1.1396000000000001e-10,1.024,1.036,True,True,True,0.05054000000000737,0.030000000000002247,0.8019999999999989,0.8019999999999989,True,True,True,True,True,True,1.6845400000000075
1.12,0.44,0.15,2.5254837999999998e-05,0.24372000000000002,1.3906983050847458e-10,0.0,1.3906983050847458e-10,1.024,1.036,True,True,True,0.05054000000000737,0.030000000000002247,0.4534915254237293,0.4534915254237293,True,True,True,True,True,True,0.9875230508474682
1.12,0.44,0.17,2.5254837999999998e-05,0.24372000000000002,1.3629767441860465e-10,0.0,1.3629767441860465e-10,1.024,1.036,True,True,True,0.05054000000000737,0.030000000000002247,0.31488372093023287,0.31488372093023287,True,True,True,True,True,True,0.7103074418604753
1.12,0.44,0.19,2.5254837999999998e-05,0.24372000000000002,1.3363387622149836e-10,0.0,1.3363387622149836e-10,1.024,1.036,True,True,True,0.05054000000000737,0.030000000000002247,0.1816938110749186,0.1816938110749186,True,True,True,True,True,True,0.4439276221498468
1.12,0.44,0.21,2.5254837999999998e-05,0.24372000000000002,1.3107220447284345e-10,0.0,1.3107220447284345e-10,1.024,1.036,True,True,True,0.05054000000000737,0.030000000000002247,0.05361022364217295,0.05361022364217295,True,True,True,True,True,True,0.18776044728435554
1.12,0.44,0.23,2.5254837999999998e-05,0.24372000000000002,1.2860689655172414e-10,0.0,1.2860689655172414e-10,1.024,1.036,True,True,True,0.05054000000000737,0.030000000000002247,0.06965517241379232,0.06965517241379232,True,True,True,True,True,True,0.21985034482759425
1.12,0.44,0.25,2.5254837999999998e-05,0.24372000000000002,1.262326153846154e-10,0.0,1.262326153846154e-10,1.024,1.036,True,True,True,0.05054000000000737,0.030000000000002247,0.18836923076923012,0.18836923076923012,True,True,True,True,True,True,0.45727846153846985
1.12,0.44,0.27,2.5254837999999998e-05,0.24372000000000002,1.2394441087613292e-10,0.0,1.2394441087613292e-10,1.024,1.036,True,True,True,0.05054000000000737,0.030000000000002247,0.3027794561933538,0.3027794561933538,True,True,True,True,True,True,0.6860989123867172
1.12,0.44,0.29,2.5254837999999998e-05,0.24372000000000002,1.2173768545994066e-10,0.0,1.2173768545994066e-10,1.024,1.036,True,True,True,0.05054000000000737,0.030000000000002247,0.41311572700296656,0.41311572700296656,True,True,True,True,True,True,0.9067714540059427
1.12,0.44,0.31,2.5254837999999998e-05,0.24372000000000002,1.1960816326530613e-10,0.0,1.1960816326530613e-10,1.024,1.036,True,True,True,0.05054000000000737,0.030000000000002247,0.5195918367346931,0.5195918367346931,True,True,True,True,True,True,1.1197236734693958
1.12,0.44,0.33,2.5254837999999998e-05,0.24372000000000002,1.1755186246418339e-10,0.0,1.1755186246418339e-10,1.024,1.036,True,True,True,0.05054000000000737,0.030000000000002247,0.6224068767908303,0.6224068767908303,True,True,True,True,True,True,1.3253537535816702
1.12,0.44,0.35,2.5254837999999998e-05,0.24372000000000002,1.1556507042253521e-10,0.0,1.1556507042253521e-10,1.024,1.036,True,True,True,0.05054000000000737,0.030000000000002247,0.7217464788732391,0.7217464788732391,True,True,True,True,True,True,1.5240329577464877
1.12,0.46,0.15,2.5254837999999998e-05,0.24372000000000002,1.4100135593220338e-10,0.0,1.4100135593220338e-10,1.024,1.036,True,True,True,0.05054000000000737,0.030000000000002247,0.5500677966101697,0.5500677966101697,True,True,True,True,True,True,1.180675593220349
1.12,0.46,0.17,2.5254837999999998e-05,0.24372000000000002,1.381906976744186e-10,0.0,1.381906976744186e-10,1.024,1.036,True,True,True,0.05054000000000737,0.030000000000002247,0.40953488372093055,0.40953488372093055,True,True,True,True,True,True,0.8996097674418707
1.12,0.46,0.19,2.5254837999999998e-05,0.24372000000000002,1.354899022801303e-10,0.0,1.354899022801303e-10,1.024,1.036,True,True,True,0.05054000000000737,0.030000000000002247,0.2744951140065153,0.2744951140065153,True,True,True,True,True,True,0.6295302280130401
1.12,0.46,0.21,2.5254837999999998e-05,0.24372000000000002,1.328926517571885e-10,0.0,1.328926517571885e-10,1.024,1.036,True,True,True,0.05054000000000737,0.030000000000002247,0.14463258785942534,0.14463258785942534,True,True,True,True,True,True,0.3698051757188603
1.12,0.46,0.23,2.5254837999999998e-05,0.24372000000000002,1.3039310344827584e-10,0.0,1.3039310344827584e-10,1.024,1.036,True,True,True,0.05054000000000737,0.030000000000002247,0.019655172413792492,0.019655172413792492,True,True,True,True,True,True,0.1198503448275946
1.12,0.46,0.25,2.5254837999999998e-05,0.24372000000000002,1.2798584615384614e-10,0.0,1.2798584615384614e-10,1.024,1.036,True,True,True,0.05054000000000737,0.030000000000002247,0.10070769230769247,0.10070769230769247,True,True,True,True,True,True,0.2819553846153946
1.12,0.46,0.27,2.5254837999999998e-05,0.24372000000000002,1.2566586102719033e-10,0.0,1.2566586102719033e-10,1.024,1.036,True,True,True,0.05054000000000737,0.030000000000002247,0.216706948640483,0.216706948640483,True,True,True,True,True,True,0.5139538972809756
1.12,0.46,0.29,2.5254837999999998e-05,0.24372000000000002,1.2342848664688427e-10,0.0,1.2342848664688427e-10,1.024,1.036,True,True,True,0.05054000000000737,0.030000000000002247,0.3285756676557862,0.3285756676557862,True,True,True,True,True,True,0.737691335311582
1.12,0.46,0.31,2.5254837999999998e-05,0.24372000000000002,1.2126938775510203e-10,0.0,1.2126938775510203e-10,1.024,1.036,True,True,True,0.05054000000000737,0.030000000000002247,0.4365306122448979,0.4365306122448979,True,True,True,True,True,True,0.9536012244898056
1.12,0.46,0.33,2.5254837999999998e-05,0.24372000000000002,1.1918452722063037e-10,0.0,1.1918452722063037e-10,1.024,1.036,True,True,True,0.05054000000000737,0.030000000000002247,0.5407736389684809,0.5407736389684809,True,True,True,True,True,True,1.1620872779369713
1.12,0.46,0.35,2.5254837999999998e-05,0.24372000000000002,1.1717014084507043e-10,0.0,1.1717014084507043e-10,1.024,1.036,True,True,True,0.05054000000000737,0.030000000000002247,0.6414929577464779,0.6414929577464779,True,True,True,True,True,True,1.3635259154929653
1.12,0.48,0.15,2.5254837999999998e-05,0.24372000000000002,1.429328813559322e-10,0.0,1.429328813559322e-10,1.024,1.036,True,True,True,0.05054000000000737,0.030000000000002247,0.6466440677966101,0.6466440677966101,True,True,True,True,True,True,1.3738281355932298
1.12,0.48,0.17,2.5254837999999998e-05,0.24372000000000002,1.4008372093023255e-10,0.0,1.4008372093023255e-10,1.024,1.036,True,True,True,0.05054000000000737,0.030000000000002247,0.5041860465116282,0.5041860465116282,True,True,True,True,True,True,1.088912093023266
1.12,0.48,0.19,2.5254837999999998e-05,0.24372000000000002,1.373459283387622e-10,0.0,1.373459283387622e-10,1.024,1.036,True,True,True,0.05054000000000737,0.030000000000002247,0.3672964169381106,0.3672964169381106,True,True,True,True,True,True,0.8151328338762308
1.12,0.48,0.21,2.5254837999999998e-05,0.24372000000000002,1.3471309904153354e-10,0.0,1.3471309904153354e-10,1.024,1.036,True,True,True,0.05054000000000737,0.030000000000002247,0.23565495207667772,0.23565495207667772,True,True,True,True,True,True,0.5518499041533651
1.12,0.48,0.23,2.5254837999999998e-05,0.24372000000000002,1.3217931034482756e-10,0.0,1.3217931034482756e-10,1.024,1.036,True,True,True,0.05054000000000737,0.030000000000002247,0.1089655172413786,0.1089655172413786,True,True,True,True,True,True,0.2984710344827668
1.12,0.48,0.25,2.5254837999999998e-05,0.24372000000000002,1.2973907692307692e-10,0.0,1.2973907692307692e-10,1.024,1.036,True,True,True,0.05054000000000737,0.030000000000002247,0.013046153846153518,0.013046153846153518,True,True,True,True,True,True,0.10663230769231664
1.12,0.48,0.27,2.5254837999999998e-05,0.24372000000000002,1.2738731117824772e-10,0.0,1.2738731117824772e-10,1.024,1.036,True,True,True,0.05054000000000737,0.030000000000002247,0.13063444108761355,0.13063444108761355,True,True,True,True,True,True,0.34180888217523675
1.12,0.48,0.29,2.5254837999999998e-05,0.24372000000000002,1.251192878338279e-10,0.0,1.251192878338279e-10,1.024,1.036,True,True,True,0.05054000000000737,0.030000000000002247,0.24403560830860457,0.24403560830860457,True,True,True,True,True,True,0.5686112166172188
1.12,0.48,0.31,2.5254837999999998e-05,0.24372000000000002,1.2293061224489796e-10,0.0,1.2293061224489796e-10,1.024,1.036,True,True,True,0.05054000000000737,0.030000000000002247,0.35346938775510145,0.35346938775510145,True,True,True,True,True,True,0.7874787755102125
1.12,0.48,0.33,2.5254837999999998e-05,0.24372000000000002,1.2081719197707736e-10,0.0,1.2081719197707736e-10,1.024,1.036,True,True,True,0.05054000000000737,0.030000000000002247,0.45914040114613147,0.45914040114613147,True,True,True,True,True,True,0.9988208022922727
1.12,0.48,0.35,2.5254837999999998e-05,0.24372000000000002,1.1877521126760563e-10,0.0,1.1877521126760563e-10,1.024,1.036,True,True,True,0.05054000000000737,0.030000000000002247,0.5612394366197181,0.5612394366197181,True,True,True,True,True,True,1.2030188732394458
1.12,0.5,0.15,2.5254837999999998e-05,0.24372000000000002,1.4486440677966103e-10,0.0,1.4486440677966103e-10,1.024,1.036,True,True,True,0.05054000000000737,0.030000000000002247,0.7432203389830518,0.7432203389830518,True,True,True,True,True,True,1.5669806779661133
1.12,0.5,0.17,2.5254837999999998e-05,0.24372000000000002,1.4197674418604653e-10,0.0,1.4197674418604653e-10,1.024,1.036,True,True,True,0.05054000000000737,0.030000000000002247,0.5988372093023272,0.5988372093023272,True,True,True,True,True,True,1.278214418604664
1.12,0.5,0.19,2.5254837999999998e-05,0.24372000000000002,1.3920195439739413e-10,0.0,1.3920195439739413e-10,1.024,1.036,True,True,True,0.05054000000000737,0.030000000000002247,0.4600977198697072,0.4600977198697072,True,True,True,True,True,True,1.0007354397394241
1.12,0.5,0.21,2.5254837999999998e-05,0.24372000000000002,1.365335463258786e-10,0.0,1.365335463258786e-10,1.024,1.036,True,True,True,0.05054000000000737,0.030000000000002247,0.3266773162939301,0.3266773162939301,True,True,True,True,True,True,0.7338946325878698
1.12,0.5,0.23,2.5254837999999998e-05,0.24372000000000002,1.339655172413793e-10,0.0,1.339655172413793e-10,1.024,1.036,True,True,True,0.05054000000000737,0.030000000000002247,0.198275862068966,0.198275862068966,True,True,True,True,True,True,0.47709172413794165
1.12,0.5,0.25,2.5254837999999998e-05,0.24372000000000002,1.314923076923077e-10,0.0,1.314923076923077e-10,1.024,1.036,True,True,True,0.05054000000000737,0.030000000000002247,0.07461538461538543,0.07461538461538543,True,True,True,True,True,True,0.2297707692307805
1.12,0.5,0.27,2.5254837999999998e-05,0.24372000000000002,1.2910876132930513e-10,0.0,1.2910876132930513e-10,1.024,1.036,True,True,True,0.05054000000000737,0.030000000000002247,0.0445619335347428,0.0445619335347428,True,True,True,True,True,True,0.1696638670694952
1.12,0.5,0.29,2.5254837999999998e-05,0.24372000000000002,1.2681008902077153e-10,0.0,1.2681008902077153e-10,1.024,1.036,True,True,True,0.05054000000000737,0.030000000000002247,0.15949554896142296,0.15949554896142296,True,True,True,True,True,True,0.39953109792285557
1.12,0.5,0.31,2.5254837999999998e-05,0.24372000000000002,1.245918367346939e-10,0.0,1.245918367346939e-10,1.024,1.036,True,True,True,0.05054000000000737,0.030000000000002247,0.27040816326530503,0.27040816326530503,True,True,True,True,True,True,0.6213563265306197
1.12,0.5,0.33,2.5254837999999998e-05,0.24372000000000002,1.2244985673352438e-10,0.0,1.2244985673352438e-10,1.024,1.036,True,True,True,0.05054000000000737,0.030000000000002247,0.37750716332378076,0.37750716332378076,True,True,True,True,True,True,0.8355543266475711
1.12,0.5,0.35,2.5254837999999998e-05,0.24372000000000002,1.2038028169014085e-10,0.0,1.2038028169014085e-10,1.024,1.036,True,True,True,0.05054000000000737,0.030000000000002247,0.4809859154929569,0.4809859154929569,True,True,True,True,True,True,1.0425118309859234
1.12,0.52,0.15,2.5254837999999998e-05,0.24372000000000002,1.4679593220338984e-10,0.0,1.4679593220338984e-10,1.024,1.036,True,True,True,0.05054000000000737,0.030000000000002247,0.8397966101694923,0.8397966101694923,True,True,True,True,True,True,1.760133220338994
1.12,0.52,0.17,2.5254837999999998e-05,0.24372000000000002,1.4386976744186046e-10,0.0,1.4386976744186046e-10,1.024,1.036,True,True,True,0.05054000000000737,0.030000000000002247,0.6934883720930236,0.6934883720930236,True,True,True,True,True,True,1.4675167441860568
1.12,0.52,0.19,2.5254837999999998e-05,0.24372000000000002,1.4105798045602607e-10,0.0,1.4105798045602607e-10,1.024,1.036,True,True,True,0.05054000000000737,0.030000000000002247,0.5528990228013039,0.5528990228013039,True,True,True,True,True,True,1.1863380456026174
1.12,0.52,0.21,2.5254837999999998e-05,0.24372000000000002,1.3835399361022364e-10,0.0,1.3835399361022364e-10,1.024,1.036,True,True,True,0.05054000000000737,0.030000000000002247,0.4176996805111825,0.4176996805111825,True,True,True,True,True,True,0.9159393610223746
1.12,0.52,0.23,2.5254837999999998e-05,0.24372000000000002,1.3575172413793103e-10,0.0,1.3575172413793103e-10,1.024,1.036,True,True,True,0.05054000000000737,0.030000000000002247,0.2875862068965521,0.2875862068965521,True,True,True,True,True,True,0.6557124137931138
1.12,0.52,0.25,2.5254837999999998e-05,0.24372000000000002,1.3324553846153845e-10,0.0,1.3324553846153845e-10,1.024,1.036,True,True,True,0.05054000000000737,0.030000000000002247,0.1622769230769231,0.1622769230769231,True,True,True,True,True,True,0.4050938461538558
1.12,0.52,0.27,2.5254837999999998e-05,0.24372000000000002,1.3083021148036252e-10,0.0,1.3083021148036252e-10,1.024,1.036,True,True,True,0.05054000000000737,0.030000000000002247,0.04151057401812666,0.04151057401812666,True,True,True,True,True,True,0.16356114803626293
1.12,0.52,0.29,2.5254837999999998e-05,0.24372000000000002,1.2850089020771514e-10,0.0,1.2850089020771514e-10,1.024,1.036,True,True,True,0.05054000000000737,0.030000000000002247,0.0749554896142426,0.0749554896142426,True,True,True,True,True,True,0.23045097922849483
1.12,0.52,0.31,2.5254837999999998e-05,0.24372000000000002,1.2625306122448982e-10,0.0,1.2625306122448982e-10,1.024,1.036,True,True,True,0.05054000000000737,0.030000000000002247,0.18734693877550856,0.18734693877550856,True,True,True,True,True,True,0.45523387755102673
1.12,0.52,0.33,2.5254837999999998e-05,0.24372000000000002,1.2408252148997136e-10,0.0,1.2408252148997136e-10,1.024,1.036,True,True,True,0.05054000000000737,0.030000000000002247,0.2958739255014314,0.2958739255014314,True,True,True,True,True,True,0.6722878510028724
1.12,0.52,0.35,2.5254837999999998e-05,0.24372000000000002,1.2198535211267605e-10,0.0,1.2198535211267605e-10,1.024,1.036,True,True,True,0.05054000000000737,0.030000000000002247,0.400732394366197,0.400732394366197,True,True,True,True,True,True,0.8820047887324036
1.12,0.54,0.15,2.5254837999999998e-05,0.24372000000000002,1.4872745762711864e-10,0.0,1.4872745762711864e-10,1.024,1.036,True,True,True,0.05054000000000737,0.030000000000002247,0.9363728813559327,0.9363728813559327,True,True,True,True,True,True,1.953285762711875
1.12,0.54,0.17,2.5254837999999998e-05,0.24372000000000002,1.4576279069767442e-10,0.0,1.4576279069767442e-10,1.024,1.036,True,True,True,0.05054000000000737,0.030000000000002247,0.7881395348837212,0.7881395348837212,True,True,True,True,True,True,1.656819069767452
1.12,0.54,0.19,2.5254837999999998e-05,0.24372000000000002,1.4291400651465797e-10,0.0,1.4291400651465797e-10,1.024,1.036,True,True,True,0.05054000000000737,0.030000000000002247,0.6457003257328991,0.6457003257328991,True,True,True,True,True,True,1.371940651465808
1.12,0.54,0.21,2.5254837999999998e-05,0.24372000000000002,1.401744408945687e-10,0.0,1.401744408945687e-10,1.024,1.036,True,True,True,0.05054000000000737,0.030000000000002247,0.5087220447284349,0.5087220447284349,True,True,True,True,True,True,1.0979840894568793
1.12,0.54,0.23,2.5254837999999998e-05,0.24372000000000002,1.3753793103448275e-10,0.0,1.3753793103448275e-10,1.024,1.036,True,True,True,0.05054000000000737,0.030000000000002247,0.3768965517241382,0.3768965517241382,True,True,True,True,True,True,0.834333103448286
1.12,0.54,0.25,2.5254837999999998e-05,0.24372000000000002,1.3499876923076923e-10,0.0,1.3499876923076923e-10,1.024,1.036,True,True,True,0.05054000000000737,0.030000000000002247,0.24993846153846205,0.24993846153846205,True,True,True,True,True,True,0.5804169230769337
1.12,0.54,0.27,2.5254837999999998e-05,0.24372000000000002,1.3255166163141994e-10,0.0,1.3255166163141994e-10,1.024,1.036,True,True,True,0.05054000000000737,0.030000000000002247,0.1275830815709974,0.1275830815709974,True,True,True,True,True,True,0.3357061631420044
1.12,0.54,0.29,2.5254837999999998e-05,0.24372000000000002,1.3019169139465877e-10,0.0,1.3019169139465877e-10,1.024,1.036,True,True,True,0.05054000000000737,0.030000000000002247,0.009584569732939023,0.009584569732939023,True,True,True,True,True,True,0.09970913946588766
1.12,0.54,0.31,2.5254837999999998e-05,0.24372000000000002,1.2791428571428572e-10,0.0,1.2791428571428572e-10,1.024,1.036,True,True,True,0.05054000000000737,0.030000000000002247,0.10428571428571341,0.10428571428571341,True,True,True,True,True,True,0.28911142857143646
1.12,0.54,0.33,2.5254837999999998e-05,0.24372000000000002,1.2571518624641835e-10,0.0,1.2571518624641835e-10,1.024,1.036,True,True,True,0.05054000000000737,0.030000000000002247,0.21424068767908197,0.21424068767908197,True,True,True,True,True,True,0.5090213753581736
1.12,0.54,0.35,2.5254837999999998e-05,0.24372000000000002,1.2359042253521127e-10,0.0,1.2359042253521127e-10,1.024,1.036,True,True,True,0.05054000000000737,0.030000000000002247,0.32047887323943586,0.32047887323943586,True,True,True,True,True,True,0.7214977464788813
1.12,0.56,0.15,2.5254837999999998e-05,0.24372000000000002,1.5065898305084748e-10,0.0,1.5065898305084748e-10,1.024,1.036,True,True,True,0.05054000000000737,0.030000000000002247,1.0329491525423744,1.0329491525423744,True,True,False,False,True,False,2.146438305084758
1.12,0.56,0.17,2.5254837999999998e-05,0.24372000000000002,1.476558139534884e-10,0.0,1.476558139534884e-10,1.024,1.036,True,True,True,0.05054000000000737,0.030000000000002247,0.8827906976744202,0.8827906976744202,True,True,True,True,True,True,1.84612139534885
1.12,0.56,0.19,2.5254837999999998e-05,0.24372000000000002,1.447700325732899e-10,0.0,1.447700325732899e-10,1.024,1.036,True,True,True,0.05054000000000737,0.030000000000002247,0.7385016286644958,0.7385016286644958,True,True,True,True,True,True,1.5575432573290011
1.12,0.56,0.21,2.5254837999999998e-05,0.24372000000000002,1.4199488817891376e-10,0.0,1.4199488817891376e-10,1.024,1.036,True,True,True,0.05054000000000737,0.030000000000002247,0.5997444089456886,0.5997444089456886,True,True,True,True,True,True,1.2800288178913868
1.12,0.56,0.23,2.5254837999999998e-05,0.24372000000000002,1.393241379310345e-10,0.0,1.393241379310345e-10,1.024,1.036,True,True,True,0.05054000000000737,0.030000000000002247,0.46620689655172565,0.46620689655172565,True,True,True,True,True,True,1.012953793103461
1.12,0.56,0.25,2.5254837999999998e-05,0.24372000000000002,1.36752e-10,0.0,1.36752e-10,1.024,1.036,True,True,True,0.05054000000000737,0.030000000000002247,0.337600000000001,0.337600000000001,True,True,True,True,True,True,0.7557400000000116
1.12,0.56,0.27,2.5254837999999998e-05,0.24372000000000002,1.3427311178247735e-10,0.0,1.3427311178247735e-10,1.024,1.036,True,True,True,0.05054000000000737,0.030000000000002247,0.21365558912386817,0.21365558912386817,True,True,True,True,True,True,0.507851178247746
1.12,0.56,0.29,2.5254837999999998e-05,0.24372000000000002,1.318824925816024e-10,0.0,1.318824925816024e-10,1.024,1.036,True,True,True,0.05054000000000737,0.030000000000002247,0.09412462908012065,0.09412462908012065,True,True,True,True,True,True,0.2687892581602509
1.12,0.56,0.31,2.5254837999999998e-05,0.24372000000000002,1.2957551020408165e-10,0.0,1.2957551020408165e-10,1.024,1.036,True,True,True,0.05054000000000737,0.030000000000002247,0.021224489795916967,0.021224489795916967,True,True,True,True,True,True,0.12298897959184356
1.12,0.56,0.33,2.5254837999999998e-05,0.24372000000000002,1.2734785100286534e-10,0.0,1.2734785100286534e-10,1.024,1.036,True,True,True,0.05054000000000737,0.030000000000002247,0.13260744985673256,0.13260744985673256,True,True,True,True,True,True,0.34575489971347473
1.12,0.56,0.35,2.5254837999999998e-05,0.24372000000000002,1.251954929577465e-10,0.0,1.251954929577465e-10,1.024,1.036,True,True,True,0.05054000000000737,0.030000000000002247,0.2402253521126747,0.2402253521126747,True,True,True,True,True,True,0.560990704225359
1.12,0.58,0.15,2.5254837999999998e-05,0.24372000000000002,1.5259050847457629e-10,0.0,1.5259050847457629e-10,1.024,1.036,True,True,True,0.05054000000000737,0.030000000000002247,1.1295254237288148,1.1295254237288148,True,True,False,False,True,False,2.3395908474576395
1.12,0.58,0.17,2.5254837999999998e-05,0.24372000000000002,1.4954883720930235e-10,0.0,1.4954883720930235e-10,1.024,1.036,True,True,True,0.05054000000000737,0.030000000000002247,0.9774418604651179,0.9774418604651179,True,True,True,True,True,True,2.0354237209302455
1.12,0.58,0.19,2.5254837999999998e-05,0.24372000000000002,1.4662605863192184e-10,0.0,1.4662605863192184e-10,1.024,1.036,True,True,True,0.05054000000000737,0.030000000000002247,0.8313029315960925,0.8313029315960925,True,True,True,True,True,True,1.7431458631921946
1.12,0.58,0.21,2.5254837999999998e-05,0.24372000000000002,1.4381533546325878e-10,0.0,1.4381533546325878e-10,1.024,1.036,True,True,True,0.05054000000000737,0.030000000000002247,0.6907667731629397,0.6907667731629397,True,True,True,True,True,True,1.462073546325889
1.12,0.58,0.23,2.5254837999999998e-05,0.24372000000000002,1.4111034482758622e-10,0.0,1.4111034482758622e-10,1.024,1.036,True,True,True,0.05054000000000737,0.030000000000002247,0.5555172413793117,0.5555172413793117,True,True,True,True,True,True,1.191574482758633
1.12,0.58,0.25,2.5254837999999998e-05,0.24372000000000002,1.3850523076923076e-10,0.0,1.3850523076923076e-10,1.024,1.036,True,True,True,0.05054000000000737,0.030000000000002247,0.4252615384615387,0.4252615384615387,True,True,True,True,True,True,0.931063076923087
1.12,0.58,0.27,2.5254837999999998e-05,0.24372000000000002,1.3599456193353474e-10,0.0,1.3599456193353474e-10,1.024,1.036,True,True,True,0.05054000000000737,0.030000000000002247,0.2997280966767376,0.2997280966767376,True,True,True,True,True,True,0.6799961933534848
1.12,0.58,0.29,2.5254837999999998e-05,0.24372000000000002,1.33573293768546e-10,0.0,1.33573293768546e-10,1.024,1.036,True,True,True,0.05054000000000737,0.030000000000002247,0.178664688427301,0.178664688427301,True,True,True,True,True,True,0.4378693768546116
1.12,0.58,0.31,2.5254837999999998e-05,0.24372000000000002,1.3123673469387758e-10,0.0,1.3123673469387758e-10,1.024,1.036,True,True,True,0.05054000000000737,0.030000000000002247,0.061836734693879486,0.061836734693879486,True,True,True,True,True,True,0.2042134693877686
1.12,0.58,0.33,2.5254837999999998e-05,0.24372000000000002,1.2898051575931233e-10,0.0,1.2898051575931233e-10,1.024,1.036,True,True,True,0.05054000000000737,0.030000000000002247,0.05097421203438317,0.05097421203438317,True,True,True,True,True,True,0.18248842406877597
1.12,0.58,0.35,2.5254837999999998e-05,0.24372000000000002,1.268005633802817e-10,0.0,1.268005633802817e-10,1.024,1.036,True,True,True,0.05054000000000737,0.030000000000002247,0.15997183098591483,0.15997183098591483,True,True,True,True,True,True,0.40048366197183927
1.12,0.6,0.15,2.5254837999999998e-05,0.24372000000000002,1.545220338983051e-10,0.0,1.545220338983051e-10,1.024,1.036,True,True,True,0.05054000000000737,0.030000000000002247,1.2261016949152552,1.2261016949152552,True,True,False,False,True,False,2.53274338983052
1.12,0.6,0.17,2.5254837999999998e-05,0.24372000000000002,1.5144186046511628e-10,0.0,1.5144186046511628e-10,1.024,1.036,True,True,True,0.05054000000000737,0.030000000000002247,1.0720930232558143,1.0720930232558143,True,True,False,False,True,False,2.2247260465116385
1.12,0.6,0.19,2.5254837999999998e-05,0.24372000000000002,1.4848208469055374e-10,0.0,1.4848208469055374e-10,1.024,1.036,True,True,True,0.05054000000000737,0.030000000000002247,0.9241042345276878,0.9241042345276878,True,True,True,True,True,True,1.928748469055385
1.12,0.6,0.21,2.5254837999999998e-05,0.24372000000000002,1.4563578274760383e-10,0.0,1.4563578274760383e-10,1.024,1.036,True,True,True,0.05054000000000737,0.030000000000002247,0.7817891373801921,0.7817891373801921,True,True,True,True,True,True,1.6441182747603937
1.12,0.6,0.23,2.5254837999999998e-05,0.24372000000000002,1.4289655172413792e-10,0.0,1.4289655172413792e-10,1.024,1.036,True,True,True,0.05054000000000737,0.030000000000002247,0.6448275862068965,0.6448275862068965,True,True,True,True,True,True,1.3701951724138026
1.12,0.6,0.25,2.5254837999999998e-05,0.24372000000000002,1.4025846153846154e-10,0.0,1.4025846153846154e-10,1.024,1.036,True,True,True,0.05054000000000737,0.030000000000002247,0.5129230769230776,0.5129230769230776,True,True,True,True,True,True,1.1063861538461648
1.12,0.6,0.27,2.5254837999999998e-05,0.24372000000000002,1.3771601208459213e-10,0.0,1.3771601208459213e-10,1.024,1.036,True,True,True,0.05054000000000737,0.030000000000002247,0.38580060422960705,0.38580060422960705,True,True,True,True,True,True,0.8521412084592237
1.12,0.6,0.29,2.5254837999999998e-05,0.24372000000000002,1.3526409495548964e-10,0.0,1.3526409495548964e-10,1.024,1.036,True,True,True,0.05054000000000737,0.030000000000002247,0.2632047477744826,0.2632047477744826,True,True,True,True,True,True,0.6069494955489748
1.12,0.6,0.31,2.5254837999999998e-05,0.24372000000000002,1.3289795918367348e-10,0.0,1.3289795918367348e-10,1.024,1.036,True,True,True,0.05054000000000737,0.030000000000002247,0.14489795918367465,0.14489795918367465,True,True,True,True,True,True,0.3703359183673589
1.12,0.6,0.33,2.5254837999999998e-05,0.24372000000000002,1.3061318051575932e-10,0.0,1.3061318051575932e-10,1.024,1.036,True,True,True,0.05054000000000737,0.030000000000002247,0.03065902578796623,0.03065902578796623,True,True,True,True,True,True,0.14185805157594208
1.12,0.6,0.35,2.5254837999999998e-05,0.24372000000000002,1.2840563380281692e-10,0.0,1.2840563380281692e-10,1.024,1.036,True,True,True,0.05054000000000737,0.030000000000002247,0.07971830985915367,0.07971830985915367,True,True,True,True,True,True,0.23997661971831696
1.13,0.4,0.15,2.52535745e-05,0.24373,1.3559830508474574e-10,0.0,1.3559830508474574e-10,1.026,1.039,True,True,True,0.05475166666667277,0.03249999999999781,0.2799152542372874,0.2799152542372874,True,True,True,True,True,True,0.6470821751412454
1.13,0.4,0.17,2.52535745e-05,0.24373,1.3289534883720928e-10,0.0,1.3289534883720928e-10,1.026,1.039,True,True,True,0.05475166666667277,0.03249999999999781,0.14476744186046434,0.14476744186046434,True,True,True,True,True,True,0.37678655038759923
1.13,0.4,0.19,2.52535745e-05,0.24373,1.3029804560260584e-10,0.0,1.3029804560260584e-10,1.026,1.039,True,True,True,0.05475166666667277,0.03249999999999781,0.01490228013029247,0.01490228013029247,True,True,True,True,True,True,0.11705622692725554
1.13,0.4,0.21,2.52535745e-05,0.24373,1.2780031948881786e-10,0.0,1.2780031948881786e-10,1.026,1.039,True,True,True,0.05475166666667277,0.03249999999999781,0.10998402555910669,0.10998402555910669,True,True,True,True,True,True,0.307219717784884
1.13,0.4,0.23,2.52535745e-05,0.24373,1.253965517241379e-10,0.0,1.253965517241379e-10,1.026,1.039,True,True,True,0.05475166666667277,0.03249999999999781,0.23017241379310435,0.23017241379310435,True,True,True,True,True,True,0.5475964942528793
1.13,0.4,0.25,2.52535745e-05,0.24373,1.2308153846153842e-10,0.0,1.2308153846153842e-10,1.026,1.039,True,True,True,0.05475166666667277,0.03249999999999781,0.34592307692307833,0.34592307692307833,True,True,True,True,True,True,0.7790978205128273
1.13,0.4,0.27,2.52535745e-05,0.24373,1.208504531722054e-10,0.0,1.208504531722054e-10,1.026,1.039,True,True,True,0.05475166666667277,0.03249999999999781,0.45747734138972934,0.45747734138972934,True,True,True,True,True,True,1.0022063494461293
1.13,0.4,0.29,2.52535745e-05,0.24373,1.186988130563798e-10,0.0,1.186988130563798e-10,1.026,1.039,True,True,True,0.05475166666667277,0.03249999999999781,0.5650593471810097,0.5650593471810097,True,True,True,True,True,True,1.21737036102869
1.13,0.4,0.31,2.52535745e-05,0.24373,1.1662244897959182e-10,0.0,1.1662244897959182e-10,1.026,1.039,True,True,True,0.05475166666667277,0.03249999999999781,0.6688775510204087,0.6688775510204087,True,True,True,True,True,True,1.425006768707488
1.13,0.4,0.33,2.52535745e-05,0.24373,1.1461747851002864e-10,0.0,1.1461747851002864e-10,1.026,1.039,True,True,True,0.05475166666667277,0.03249999999999781,0.7691260744985677,0.7691260744985677,True,True,True,True,True,True,1.625503815663806
1.13,0.4,0.35,2.52535745e-05,0.24373,1.1268028169014083e-10,0.0,1.1268028169014083e-10,1.026,1.039,True,True,True,0.05475166666667277,0.03249999999999781,0.865985915492958,0.865985915492958,True,True,True,True,True,True,1.8192234976525867
1.13,0.42,0.15,2.52535745e-05,0.24373,1.3753542372881353e-10,0.0,1.3753542372881353e-10,1.026,1.039,True,True,True,0.05475166666667277,0.03249999999999781,0.37677118644067714,0.37677118644067714,True,True,True,True,True,True,0.8407940395480249
1.13,0.42,0.17,2.52535745e-05,0.24373,1.34793853820598e-10,0.0,1.34793853820598e-10,1.026,1.039,True,True,True,0.05475166666667277,0.03249999999999781,0.23969269102989993,0.23969269102989993,True,True,True,True,True,True,0.5666370487264705
1.13,0.42,0.19,2.52535745e-05,0.24373,1.3215944625407164e-10,0.0,1.3215944625407164e-10,1.026,1.039,True,True,True,0.05475166666667277,0.03249999999999781,0.1079723127035826,0.1079723127035826,True,True,True,True,True,True,0.3031962920738358
1.13,0.42,0.21,2.52535745e-05,0.24373,1.2962603833865813e-10,0.0,1.2962603833865813e-10,1.026,1.039,True,True,True,0.05475166666667277,0.03249999999999781,0.01869808306709299,0.01869808306709299,True,True,True,True,True,True,0.12464783280085656
1.13,0.42,0.23,2.52535745e-05,0.24373,1.2718793103448273e-10,0.0,1.2718793103448273e-10,1.026,1.039,True,True,True,0.05475166666667277,0.03249999999999781,0.14060344827586288,0.14060344827586288,True,True,True,True,True,True,0.3684585632183963
1.13,0.42,0.25,2.52535745e-05,0.24373,1.2483984615384611e-10,0.0,1.2483984615384611e-10,1.026,1.039,True,True,True,0.05475166666667277,0.03249999999999781,0.2580076923076938,0.2580076923076938,True,True,True,True,True,True,0.6032670512820583
1.13,0.42,0.27,2.52535745e-05,0.24373,1.2257688821752262e-10,0.0,1.2257688821752262e-10,1.026,1.039,True,True,True,0.05475166666667277,0.03249999999999781,0.37115558912386865,0.37115558912386865,True,True,True,True,True,True,0.8295628449144079
1.13,0.42,0.29,2.52535745e-05,0.24373,1.2039451038575668e-10,0.0,1.2039451038575668e-10,1.026,1.039,True,True,True,0.05475166666667277,0.03249999999999781,0.4802744807121657,0.4802744807121657,True,True,True,True,True,True,1.047800628091002
1.13,0.42,0.31,2.52535745e-05,0.24373,1.1828848396501457e-10,0.0,1.1828848396501457e-10,1.026,1.039,True,True,True,0.05475166666667277,0.03249999999999781,0.5855758017492712,0.5855758017492712,True,True,True,True,True,True,1.2584032701652128
1.13,0.42,0.33,2.52535745e-05,0.24373,1.1625487106017191e-10,0.0,1.1625487106017191e-10,1.026,1.039,True,True,True,0.05475166666667277,0.03249999999999781,0.6872564469914041,0.6872564469914041,True,True,True,True,True,True,1.461764560649479
1.13,0.42,0.35,2.52535745e-05,0.24373,1.1428999999999999e-10,0.0,1.1428999999999999e-10,1.026,1.039,True,True,True,0.05475166666667277,0.03249999999999781,0.7855000000000002,0.7855000000000002,True,True,True,True,True,True,1.6582516666666711
1.13,0.44,0.15,2.52535745e-05,0.24373,1.3947254237288135e-10,0.0,1.3947254237288135e-10,1.026,1.039,True,True,True,0.05475166666667277,0.03249999999999781,0.4736271186440682,0.4736271186440682,True,True,True,True,True,True,1.034505903954807
1.13,0.44,0.17,2.52535745e-05,0.24373,1.366923588039867e-10,0.0,1.366923588039867e-10,1.026,1.039,True,True,True,0.05475166666667277,0.03249999999999781,0.3346179401993355,0.3346179401993355,True,True,True,True,True,True,0.7564875470653416
1.13,0.44,0.19,2.52535745e-05,0.24373,1.3402084690553744e-10,0.0,1.3402084690553744e-10,1.026,1.039,True,True,True,0.05475166666667277,0.03249999999999781,0.20104234527687273,0.20104234527687273,True,True,True,True,True,True,0.489336357220416
1.13,0.44,0.21,2.52535745e-05,0.24373,1.3145175718849838e-10,0.0,1.3145175718849838e-10,1.026,1.039,True,True,True,0.05475166666667277,0.03249999999999781,0.07258785942491942,0.07258785942491942,True,True,True,True,True,True,0.23242738551650943
1.13,0.44,0.23,2.52535745e-05,0.24373,1.2897931034482756e-10,0.0,1.2897931034482756e-10,1.026,1.039,True,True,True,0.05475166666667277,0.03249999999999781,0.05103448275862137,0.05103448275862137,True,True,True,True,True,True,0.18932063218391335
1.13,0.44,0.25,2.52535745e-05,0.24373,1.2659815384615383e-10,0.0,1.2659815384615383e-10,1.026,1.039,True,True,True,0.05475166666667277,0.03249999999999781,0.17009230769230804,0.17009230769230804,True,True,True,True,True,True,0.42743628205128664
1.13,0.44,0.27,2.52535745e-05,0.24373,1.2430332326283986e-10,0.0,1.2430332326283986e-10,1.026,1.039,True,True,True,0.05475166666667277,0.03249999999999781,0.28483383685800673,0.28483383685800673,True,True,True,True,True,True,0.6569193403826841
1.13,0.44,0.29,2.52535745e-05,0.24373,1.2209020771513353e-10,0.0,1.2209020771513353e-10,1.026,1.039,True,True,True,0.05475166666667277,0.03249999999999781,0.3954896142433231,0.3954896142433231,True,True,True,True,True,True,0.8782308951533168
1.13,0.44,0.31,2.52535745e-05,0.24373,1.1995451895043732e-10,0.0,1.1995451895043732e-10,1.026,1.039,True,True,True,0.05475166666667277,0.03249999999999781,0.5022740524781337,0.5022740524781337,True,True,True,True,True,True,1.091799771622938
1.13,0.44,0.33,2.52535745e-05,0.24373,1.1789226361031517e-10,0.0,1.1789226361031517e-10,1.026,1.039,True,True,True,0.05475166666667277,0.03249999999999781,0.6053868194842411,0.6053868194842411,True,True,True,True,True,True,1.2980253056351527
1.13,0.44,0.35,2.52535745e-05,0.24373,1.1589971830985914e-10,0.0,1.1589971830985914e-10,1.026,1.039,True,True,True,0.05475166666667277,0.03249999999999781,0.7050140845070424,0.7050140845070424,True,True,True,True,True,True,1.4972798356807555
1.13,0.46,0.15,2.52535745e-05,0.24373,1.4140966101694915e-10,0.0,1.4140966101694915e-10,1.026,1.039,True,True,True,0.05475166666667277,0.03249999999999781,0.5704830508474579,0.5704830508474579,True,True,True,True,True,True,1.2282177683615862
1.13,0.46,0.17,2.52535745e-05,0.24373,1.385908637873754e-10,0.0,1.385908637873754e-10,1.026,1.039,True,True,True,0.05475166666667277,0.03249999999999781,0.4295431893687711,0.4295431893687711,True,True,True,True,True,True,0.9463380454042128
1.13,0.46,0.19,2.52535745e-05,0.24373,1.3588224755700325e-10,0.0,1.3588224755700325e-10,1.026,1.039,True,True,True,0.05475166666667277,0.03249999999999781,0.29411237785016286,0.29411237785016286,True,True,True,True,True,True,0.6754764223669963
1.13,0.46,0.21,2.52535745e-05,0.24373,1.3327747603833865e-10,0.0,1.3327747603833865e-10,1.026,1.039,True,True,True,0.05475166666667277,0.03249999999999781,0.16387380191693313,0.16387380191693313,True,True,True,True,True,True,0.41499927050053687
1.13,0.46,0.23,2.52535745e-05,0.24373,1.307706896551724e-10,0.0,1.307706896551724e-10,1.026,1.039,True,True,True,0.05475166666667277,0.03249999999999781,0.03853448275862012,0.03853448275862012,True,True,True,True,True,True,0.16432063218391083
1.13,0.46,0.25,2.52535745e-05,0.24373,1.2835646153846152e-10,0.0,1.2835646153846152e-10,1.026,1.039,True,True,True,0.05475166666667277,0.03249999999999781,0.08217692307692355,0.08217692307692355,True,True,True,True,True,True,0.2516055128205177
1.13,0.46,0.27,2.52535745e-05,0.24373,1.2602975830815707e-10,0.0,1.2602975830815707e-10,1.026,1.039,True,True,True,0.05475166666667277,0.03249999999999781,0.19851208459214606,0.19851208459214606,True,True,True,True,True,True,0.4842758358509627
1.13,0.46,0.29,2.52535745e-05,0.24373,1.2378590504451038e-10,0.0,1.2378590504451038e-10,1.026,1.039,True,True,True,0.05475166666667277,0.03249999999999781,0.31070474777448037,0.31070474777448037,True,True,True,True,True,True,0.7086611622156314
1.13,0.46,0.31,2.52535745e-05,0.24373,1.2162055393586007e-10,0.0,1.2162055393586007e-10,1.026,1.039,True,True,True,0.05475166666667277,0.03249999999999781,0.4189723032069963,0.4189723032069963,True,True,True,True,True,True,0.9251962730806632
1.13,0.46,0.33,2.52535745e-05,0.24373,1.1952965616045844e-10,0.0,1.1952965616045844e-10,1.026,1.039,True,True,True,0.05475166666667277,0.03249999999999781,0.5235171919770775,0.5235171919770775,True,True,True,True,True,True,1.1342860506208257
1.13,0.46,0.35,2.52535745e-05,0.24373,1.1750943661971831e-10,0.0,1.1750943661971831e-10,1.026,1.039,True,True,True,0.05475166666667277,0.03249999999999781,0.6245281690140839,0.6245281690140839,True,True,True,True,True,True,1.3363080046948386
1.13,0.48,0.15,2.52535745e-05,0.24373,1.4334677966101694e-10,0.0,1.4334677966101694e-10,1.026,1.039,True,True,True,0.05475166666667277,0.03249999999999781,0.6673389830508476,0.6673389830508476,True,True,True,True,True,True,1.4219296327683657
1.13,0.48,0.17,2.52535745e-05,0.24373,1.404893687707641e-10,0.0,1.404893687707641e-10,1.026,1.039,True,True,True,0.05475166666667277,0.03249999999999781,0.5244684385382054,0.5244684385382054,True,True,True,True,True,True,1.1361885437430814
1.13,0.48,0.19,2.52535745e-05,0.24373,1.3774364820846905e-10,0.0,1.3774364820846905e-10,1.026,1.039,True,True,True,0.05475166666667277,0.03249999999999781,0.38718241042345297,0.38718241042345297,True,True,True,True,True,True,0.8616164875135766
1.13,0.48,0.21,2.52535745e-05,0.24373,1.351031948881789e-10,0.0,1.351031948881789e-10,1.026,1.039,True,True,True,0.05475166666667277,0.03249999999999781,0.2551597444089455,0.2551597444089455,True,True,True,True,True,True,0.5975711554845616
1.13,0.48,0.23,2.52535745e-05,0.24373,1.3256206896551722e-10,0.0,1.3256206896551722e-10,1.026,1.039,True,True,True,0.05475166666667277,0.03249999999999781,0.12810344827586162,0.12810344827586162,True,True,True,True,True,True,0.34345856321839385
1.13,0.48,0.25,2.52535745e-05,0.24373,1.301147692307692e-10,0.0,1.301147692307692e-10,1.026,1.039,True,True,True,0.05475166666667277,0.03249999999999781,0.005738461538460957,0.005738461538460957,True,True,True,True,True,True,0.0987285897435925
1.13,0.48,0.27,2.52535745e-05,0.24373,1.277561933534743e-10,0.0,1.277561933534743e-10,1.026,1.039,True,True,True,0.05475166666667277,0.03249999999999781,0.1121903323262841,0.1121903323262841,True,True,True,True,True,True,0.3116323313192388
1.13,0.48,0.29,2.52535745e-05,0.24373,1.2548160237388724e-10,0.0,1.2548160237388724e-10,1.026,1.039,True,True,True,0.05475166666667277,0.03249999999999781,0.22591988130563773,0.22591988130563773,True,True,True,True,True,True,0.5390914292779461
1.13,0.48,0.31,2.52535745e-05,0.24373,1.232865889212828e-10,0.0,1.232865889212828e-10,1.026,1.039,True,True,True,0.05475166666667277,0.03249999999999781,0.3356705539358601,0.3356705539358601,True,True,True,True,True,True,0.7585927745383908
1.13,0.48,0.33,2.52535745e-05,0.24373,1.2116704871060171e-10,0.0,1.2116704871060171e-10,1.026,1.039,True,True,True,0.05475166666667277,0.03249999999999781,0.4416475644699138,0.4416475644699138,True,True,True,True,True,True,0.9705467956064983
1.13,0.48,0.35,2.52535745e-05,0.24373,1.1911915492957747e-10,0.0,1.1911915492957747e-10,1.026,1.039,True,True,True,0.05475166666667277,0.03249999999999781,0.5440422535211261,0.5440422535211261,True,True,True,True,True,True,1.175336173708923
1.13,0.5,0.15,2.52535745e-05,0.24373,1.4528389830508474e-10,0.0,1.4528389830508474e-10,1.026,1.039,True,True,True,0.05475166666667277,0.03249999999999781,0.7641949152542373,0.7641949152542373,True,True,True,True,True,True,1.6156414971751452
1.13,0.5,0.17,2.52535745e-05,0.24373,1.423878737541528e-10,0.0,1.423878737541528e-10,1.026,1.039,True,True,True,0.05475166666667277,0.03249999999999781,0.619393687707641,0.619393687707641,True,True,True,True,True,True,1.3260390420819528
1.13,0.5,0.19,2.52535745e-05,0.24373,1.3960504885993485e-10,0.0,1.3960504885993485e-10,1.026,1.039,True,True,True,0.05475166666667277,0.03249999999999781,0.48025244299674313,0.48025244299674313,True,True,True,True,True,True,1.0477565526601569
1.13,0.5,0.21,2.52535745e-05,0.24373,1.3692891373801915e-10,0.0,1.3692891373801915e-10,1.026,1.039,True,True,True,0.05475166666667277,0.03249999999999781,0.34644568690095795,0.34644568690095795,True,True,True,True,True,True,0.7801430404685865
1.13,0.5,0.23,2.52535745e-05,0.24373,1.3435344827586205e-10,0.0,1.3435344827586205e-10,1.026,1.039,True,True,True,0.05475166666667277,0.03249999999999781,0.21767241379310312,0.21767241379310312,True,True,True,True,True,True,0.5225964942528768
1.13,0.5,0.25,2.52535745e-05,0.24373,1.318730769230769e-10,0.0,1.318730769230769e-10,1.026,1.039,True,True,True,0.05475166666667277,0.03249999999999781,0.09365384615384546,0.09365384615384546,True,True,True,True,True,True,0.2745593589743615
1.13,0.5,0.27,2.52535745e-05,0.24373,1.2948262839879152e-10,0.0,1.2948262839879152e-10,1.026,1.039,True,True,True,0.05475166666667277,0.03249999999999781,0.025868580060423443,0.025868580060423443,True,True,True,True,True,True,0.13898882678751748
1.13,0.5,0.29,2.52535745e-05,0.24373,1.271772997032641e-10,0.0,1.271772997032641e-10,1.026,1.039,True,True,True,0.05475166666667277,0.03249999999999781,0.14113501483679505,0.14113501483679505,True,True,True,True,True,True,0.36952169634026066
1.13,0.5,0.31,2.52535745e-05,0.24373,1.2495262390670554e-10,0.0,1.2495262390670554e-10,1.026,1.039,True,True,True,0.05475166666667277,0.03249999999999781,0.25236880466472267,0.25236880466472267,True,True,True,True,True,True,0.591989275996116
1.13,0.5,0.33,2.52535745e-05,0.24373,1.22804441260745e-10,0.0,1.22804441260745e-10,1.026,1.039,True,True,True,0.05475166666667277,0.03249999999999781,0.3597779369627502,0.3597779369627502,True,True,True,True,True,True,0.806807540592171
1.13,0.5,0.35,2.52535745e-05,0.24373,1.2072887323943663e-10,0.0,1.2072887323943663e-10,1.026,1.039,True,True,True,0.05475166666667277,0.03249999999999781,0.46355633802816826,0.46355633802816826,True,True,True,True,True,True,1.0143643427230071
1.13,0.52,0.15,2.52535745e-05,0.24373,1.4722101694915253e-10,0.0,1.4722101694915253e-10,1.026,1.039,True,True,True,0.05475166666667277,0.03249999999999781,0.861050847457627,0.861050847457627,True,True,True,True,True,True,1.8093533615819246
1.13,0.52,0.17,2.52535745e-05,0.24373,1.4428637873754152e-10,0.0,1.4428637873754152e-10,1.026,1.039,True,True,True,0.05475166666667277,0.03249999999999781,0.7143189368770766,0.7143189368770766,True,True,True,True,True,True,1.5158895404208237
1.13,0.52,0.19,2.52535745e-05,0.24373,1.4146644951140065e-10,0.0,1.4146644951140065e-10,1.026,1.039,True,True,True,0.05475166666667277,0.03249999999999781,0.5733224755700332,0.5733224755700332,True,True,True,True,True,True,1.233896617806737
1.13,0.52,0.21,2.52535745e-05,0.24373,1.3875463258785942e-10,0.0,1.3875463258785942e-10,1.026,1.039,True,True,True,0.05475166666667277,0.03249999999999781,0.43773162939297167,0.43773162939297167,True,True,True,True,True,True,0.962714925452614
1.13,0.52,0.23,2.52535745e-05,0.24373,1.3614482758620688e-10,0.0,1.3614482758620688e-10,1.026,1.039,True,True,True,0.05475166666667277,0.03249999999999781,0.3072413793103446,0.3072413793103446,True,True,True,True,True,True,0.7017344252873599
1.13,0.52,0.25,2.52535745e-05,0.24373,1.3363138461538462e-10,0.0,1.3363138461538462e-10,1.026,1.039,True,True,True,0.05475166666667277,0.03249999999999781,0.18156923076923126,0.18156923076923126,True,True,True,True,True,True,0.45039012820513313
1.13,0.52,0.27,2.52535745e-05,0.24373,1.3120906344410876e-10,0.0,1.3120906344410876e-10,1.026,1.039,True,True,True,0.05475166666667277,0.03249999999999781,0.060453172205438506,0.060453172205438506,True,True,True,True,True,True,0.20815801107754758
1.13,0.52,0.29,2.52535745e-05,0.24373,1.2887299703264097e-10,0.0,1.2887299703264097e-10,1.026,1.039,True,True,True,0.05475166666667277,0.03249999999999781,0.05635014836795111,0.05635014836795111,True,True,True,True,True,True,0.1999519634025728
1.13,0.52,0.31,2.52535745e-05,0.24373,1.2661865889212829e-10,0.0,1.2661865889212829e-10,1.026,1.039,True,True,True,0.05475166666667277,0.03249999999999781,0.16906705539358519,0.16906705539358519,True,True,True,True,True,True,0.42538577745384093
1.13,0.52,0.33,2.52535745e-05,0.24373,1.2444183381088826e-10,0.0,1.2444183381088826e-10,1.026,1.039,True,True,True,0.05475166666667277,0.03249999999999781,0.27790830945558653,0.27790830945558653,True,True,True,True,True,True,0.6430682855778437
1.13,0.52,0.35,2.52535745e-05,0.24373,1.2233859154929578e-10,0.0,1.2233859154929578e-10,1.026,1.039,True,True,True,0.05475166666667277,0.03249999999999781,0.38307042253521045,0.38307042253521045,True,True,True,True,True,True,0.8533925117370915
1.13,0.54,0.15,2.52535745e-05,0.24373,1.4915813559322035e-10,0.0,1.4915813559322035e-10,1.026,1.039,True,True,True,0.05475166666667277,0.03249999999999781,0.9579067796610181,0.9579067796610181,True,True,True,True,True,True,2.0030652259887067
1.13,0.54,0.17,2.52535745e-05,0.24373,1.4618488372093023e-10,0.0,1.4618488372093023e-10,1.026,1.039,True,True,True,0.05475166666667277,0.03249999999999781,0.8092441860465122,0.8092441860465122,True,True,True,True,True,True,1.705740038759695
1.13,0.54,0.19,2.52535745e-05,0.24373,1.4332785016286646e-10,0.0,1.4332785016286646e-10,1.026,1.039,True,True,True,0.05475166666667277,0.03249999999999781,0.6663925081433234,0.6663925081433234,True,True,True,True,True,True,1.4200366829533175
1.13,0.54,0.21,2.52535745e-05,0.24373,1.4058035143769967e-10,0.0,1.4058035143769967e-10,1.026,1.039,True,True,True,0.05475166666667277,0.03249999999999781,0.5290175718849841,0.5290175718849841,True,True,True,True,True,True,1.1452868104366387
1.13,0.54,0.23,2.52535745e-05,0.24373,1.379362068965517e-10,0.0,1.379362068965517e-10,1.026,1.039,True,True,True,0.05475166666667277,0.03249999999999781,0.3968103448275861,0.3968103448275861,True,True,True,True,True,True,0.8808723563218428
1.13,0.54,0.25,2.52535745e-05,0.24373,1.353896923076923e-10,0.0,1.353896923076923e-10,1.026,1.039,True,True,True,0.05475166666667277,0.03249999999999781,0.26948461538461577,0.26948461538461577,True,True,True,True,True,True,0.6262208974359021
1.13,0.54,0.27,2.52535745e-05,0.24373,1.3293549848942597e-10,0.0,1.3293549848942597e-10,1.026,1.039,True,True,True,0.05475166666667277,0.03249999999999781,0.14677492447129917,0.14677492447129917,True,True,True,True,True,True,0.3808015156092689
1.13,0.54,0.29,2.52535745e-05,0.24373,1.3056869436201782e-10,0.0,1.3056869436201782e-10,1.026,1.039,True,True,True,0.05475166666667277,0.03249999999999781,0.028434718100891553,0.028434718100891553,True,True,True,True,True,True,0.1441211028684537
1.13,0.54,0.31,2.52535745e-05,0.24373,1.2828469387755104e-10,0.0,1.2828469387755104e-10,1.026,1.039,True,True,True,0.05475166666667277,0.03249999999999781,0.08576530612244773,0.08576530612244773,True,True,True,True,True,True,0.258782278911566
1.13,0.54,0.33,2.52535745e-05,0.24373,1.2607922636103153e-10,0.0,1.2607922636103153e-10,1.026,1.039,True,True,True,0.05475166666667277,0.03249999999999781,0.1960386819484229,0.1960386819484229,True,True,True,True,True,True,0.4793290305635164
1.13,0.54,0.35,2.52535745e-05,0.24373,1.2394830985915494e-10,0.0,1.2394830985915494e-10,1.026,1.039,True,True,True,0.05475166666667277,0.03249999999999781,0.3025845070422526,0.3025845070422526,True,True,True,True,True,True,0.6924206807511758
1.13,0.56,0.15,2.52535745e-05,0.24373,1.5109525423728812e-10,0.0,1.5109525423728812e-10,1.026,1.039,True,True,True,0.05475166666667277,0.03249999999999781,1.0547627118644065,1.0547627118644065,True,True,False,False,True,False,2.1967770903954835
1.13,0.56,0.17,2.52535745e-05,0.24373,1.4808338870431892e-10,0.0,1.4808338870431892e-10,1.026,1.039,True,True,True,0.05475166666667277,0.03249999999999781,0.9041694352159465,0.9041694352159465,True,True,True,True,True,True,1.8955905370985637
1.13,0.56,0.19,2.52535745e-05,0.24373,1.4518925081433223e-10,0.0,1.4518925081433223e-10,1.026,1.039,True,True,True,0.05475166666667277,0.03249999999999781,0.7594625407166122,0.7594625407166122,True,True,True,True,True,True,1.606176748099895
1.13,0.56,0.21,2.52535745e-05,0.24373,1.4240607028753992e-10,0.0,1.4240607028753992e-10,1.026,1.039,True,True,True,0.05475166666667277,0.03249999999999781,0.6203035143769965,0.6203035143769965,True,True,True,True,True,True,1.3278586954206637
1.13,0.56,0.23,2.52535745e-05,0.24373,1.3972758620689654e-10,0.0,1.3972758620689654e-10,1.026,1.039,True,True,True,0.05475166666667277,0.03249999999999781,0.4863793103448276,0.4863793103448276,True,True,True,True,True,True,1.060010287356326
1.13,0.56,0.25,2.52535745e-05,0.24373,1.3714799999999997e-10,0.0,1.3714799999999997e-10,1.026,1.039,True,True,True,0.05475166666667277,0.03249999999999781,0.35739999999999894,0.35739999999999894,True,True,True,True,True,True,0.8020516666666685
1.13,0.56,0.27,2.52535745e-05,0.24373,1.3466193353474319e-10,0.0,1.3466193353474319e-10,1.026,1.039,True,True,True,0.05475166666667277,0.03249999999999781,0.23309667673715984,0.23309667673715984,True,True,True,True,True,True,0.5534450201409903
1.13,0.56,0.29,2.52535745e-05,0.24373,1.3226439169139465e-10,0.0,1.3226439169139465e-10,1.026,1.039,True,True,True,0.05475166666667277,0.03249999999999781,0.11321958456973293,0.11321958456973293,True,True,True,True,True,True,0.31369083580613644
1.13,0.56,0.31,2.52535745e-05,0.24373,1.2995072886297376e-10,0.0,1.2995072886297376e-10,1.026,1.039,True,True,True,0.05475166666667277,0.03249999999999781,0.00246355685131156,0.00246355685131156,True,True,True,True,True,True,0.0921787803692937
1.13,0.56,0.33,2.52535745e-05,0.24373,1.2771661891117478e-10,0.0,1.2771661891117478e-10,1.026,1.039,True,True,True,0.05475166666667277,0.03249999999999781,0.11416905444126055,0.11416905444126055,True,True,True,True,True,True,0.31558977554919165
1.13,0.56,0.35,2.52535745e-05,0.24373,1.2555802816901407e-10,0.0,1.2555802816901407e-10,1.026,1.039,True,True,True,0.05475166666667277,0.03249999999999781,0.2220985915492961,0.2220985915492961,True,True,True,True,True,True,0.5314488497652627
1.13,0.58,0.15,2.52535745e-05,0.24373,1.5303237288135591e-10,0.0,1.5303237288135591e-10,1.026,1.039,True,True,True,0.05475166666667277,0.03249999999999781,1.1516186440677962,1.1516186440677962,True,True,False,False,True,False,2.390488954802263
1.13,0.58,0.17,2.52535745e-05,0.24373,1.4998189368770763e-10,0.0,1.4998189368770763e-10,1.026,1.039,True,True,True,0.05475166666667277,0.03249999999999781,0.9990946843853821,0.9990946843853821,True,True,True,True,True,True,2.0854410354374346
1.13,0.58,0.19,2.52535745e-05,0.24373,1.4705065146579804e-10,0.0,1.4705065146579804e-10,1.026,1.039,True,True,True,0.05475166666667277,0.03249999999999781,0.8525325732899024,0.8525325732899024,True,True,True,True,True,True,1.7923168132464755
1.13,0.58,0.21,2.52535745e-05,0.24373,1.4423178913738017e-10,0.0,1.4423178913738017e-10,1.026,1.039,True,True,True,0.05475166666667277,0.03249999999999781,0.7115894568690089,0.7115894568690089,True,True,True,True,True,True,1.5104305804046882
1.13,0.58,0.23,2.52535745e-05,0.24373,1.4151896551724137e-10,0.0,1.4151896551724137e-10,1.026,1.039,True,True,True,0.05475166666667277,0.03249999999999781,0.5759482758620691,0.5759482758620691,True,True,True,True,True,True,1.2391482183908087
1.13,0.58,0.25,2.52535745e-05,0.24373,1.3890630769230769e-10,0.0,1.3890630769230769e-10,1.026,1.039,True,True,True,0.05475166666667277,0.03249999999999781,0.4453153846153848,0.4453153846153848,True,True,True,True,True,True,0.9778824358974402
1.13,0.58,0.27,2.52535745e-05,0.24373,1.363883685800604e-10,0.0,1.363883685800604e-10,1.026,1.039,True,True,True,0.05475166666667277,0.03249999999999781,0.3194184290030205,0.3194184290030205,True,True,True,True,True,True,0.7260885246727116
1.13,0.58,0.29,2.52535745e-05,0.24373,1.339600890207715e-10,0.0,1.339600890207715e-10,1.026,1.039,True,True,True,0.05475166666667277,0.03249999999999781,0.19800445103857559,0.19800445103857559,True,True,True,True,True,True,0.48326056874382173
1.13,0.58,0.31,2.52535745e-05,0.24373,1.316167638483965e-10,0.0,1.316167638483965e-10,1.026,1.039,True,True,True,0.05475166666667277,0.03249999999999781,0.0808381924198259,0.0808381924198259,True,True,True,True,True,True,0.24892805150632238
1.13,0.58,0.33,2.52535745e-05,0.24373,1.2935401146131805e-10,0.0,1.2935401146131805e-10,1.026,1.039,True,True,True,0.05475166666667277,0.03249999999999781,0.03229942693409691,0.03229942693409691,True,True,True,True,True,True,0.1518505205348644
1.13,0.58,0.35,2.52535745e-05,0.24373,1.2716774647887323e-10,0.0,1.2716774647887323e-10,1.026,1.039,True,True,True,0.05475166666667277,0.03249999999999781,0.14161267605633826,0.14161267605633826,True,True,True,True,True,True,0.37047701877934713
1.13,0.6,0.15,2.52535745e-05,0.24373,1.5496949152542373e-10,0.0,1.5496949152542373e-10,1.026,1.039,True,True,True,0.05475166666667277,0.03249999999999781,1.2484745762711873,1.2484745762711873,True,True,False,False,True,False,2.584200819209045
1.13,0.6,0.17,2.52535745e-05,0.24373,1.5188039867109634e-10,0.0,1.5188039867109634e-10,1.026,1.039,True,True,True,0.05475166666667277,0.03249999999999781,1.0940199335548177,1.0940199335548177,True,True,False,False,True,False,2.275291533776306
1.13,0.6,0.19,2.52535745e-05,0.24373,1.4891205211726384e-10,0.0,1.4891205211726384e-10,1.026,1.039,True,True,True,0.05475166666667277,0.03249999999999781,0.9456026058631924,0.9456026058631924,True,True,True,True,True,True,1.9784568783930556
1.13,0.6,0.21,2.52535745e-05,0.24373,1.4605750798722044e-10,0.0,1.4605750798722044e-10,1.026,1.039,True,True,True,0.05475166666667277,0.03249999999999781,0.8028753993610226,0.8028753993610226,True,True,True,True,True,True,1.693002465388716
1.13,0.6,0.23,2.52535745e-05,0.24373,1.433103448275862e-10,0.0,1.433103448275862e-10,1.026,1.039,True,True,True,0.05475166666667277,0.03249999999999781,0.6655172413793106,0.6655172413793106,True,True,True,True,True,True,1.4182861494252919
1.13,0.6,0.25,2.52535745e-05,0.24373,1.4066461538461538e-10,0.0,1.4066461538461538e-10,1.026,1.039,True,True,True,0.05475166666667277,0.03249999999999781,0.5332307692307693,0.5332307692307693,True,True,True,True,True,True,1.1537132051282093
1.13,0.6,0.27,2.52535745e-05,0.24373,1.381148036253776e-10,0.0,1.381148036253776e-10,1.026,1.039,True,True,True,0.05475166666667277,0.03249999999999781,0.4057401812688811,0.4057401812688811,True,True,True,True,True,True,0.8987320292044328
1.13,0.6,0.29,2.52535745e-05,0.24373,1.3565578635014838e-10,0.0,1.3565578635014838e-10,1.026,1.039,True,True,True,0.05475166666667277,0.03249999999999781,0.28278931750741954,0.28278931750741954,True,True,True,True,True,True,0.6528303016815097
1.13,0.6,0.31,2.52535745e-05,0.24373,1.3328279883381923e-10,0.0,1.3328279883381923e-10,1.026,1.039,True,True,True,0.05475166666667277,0.03249999999999781,0.16413994169096208,0.16413994169096208,True,True,True,True,True,True,0.4155315500485947
1.13,0.6,0.33,2.52535745e-05,0.24373,1.3099140401146132e-10,0.0,1.3099140401146132e-10,1.026,1.039,True,True,True,0.05475166666667277,0.03249999999999781,0.04957020057306673,0.04957020057306673,True,True,True,True,True,True,0.18639206781280404
1.13,0.6,0.35,2.52535745e-05,0.24373,1.2877746478873238e-10,0.0,1.2877746478873238e-10,1.026,1.039,True,True,True,0.05475166666667277,0.03249999999999781,0.06112676056338043,0.06112676056338043,True,True,True,True,True,True,0.20950518779343144
1.14,0.4,0.15,2.5252311e-05,0.24374,1.3598983050847457e-10,0.0,1.3598983050847457e-10,1.028,1.042,True,True,True,0.05896333333333817,0.03500000000000031,0.2994915254237291,0.2994915254237291,True,True,True,True,True,True,0.6929463841807966
1.14,0.4,0.17,2.5252311e-05,0.24374,1.3327906976744186e-10,0.0,1.3327906976744186e-10,1.028,1.042,True,True,True,0.05896333333333817,0.03500000000000031,0.1639534883720937,0.1639534883720937,True,True,True,True,True,True,0.42187031007752585
1.14,0.4,0.19,2.5252311e-05,0.24374,1.306742671009772e-10,0.0,1.306742671009772e-10,1.028,1.042,True,True,True,0.05896333333333817,0.03500000000000031,0.033713355048860874,0.033713355048860874,True,True,True,True,True,True,0.16139004343106023
1.14,0.4,0.21,2.5252311e-05,0.24374,1.2816932907348244e-10,0.0,1.2816932907348244e-10,1.028,1.042,True,True,True,0.05896333333333817,0.03500000000000031,0.0915335463258777,0.0915335463258777,True,True,True,True,True,True,0.27703042598509386
1.14,0.4,0.23,2.5252311e-05,0.24374,1.2575862068965516e-10,0.0,1.2575862068965516e-10,1.028,1.042,True,True,True,0.05896333333333817,0.03500000000000031,0.2120689655172416,0.2120689655172416,True,True,True,True,True,True,0.5181012643678217
1.14,0.4,0.25,2.5252311e-05,0.24374,1.2343692307692307e-10,0.0,1.2343692307692307e-10,1.028,1.042,True,True,True,0.05896333333333817,0.03500000000000031,0.3281538461538461,0.3281538461538461,True,True,True,True,True,True,0.7502710256410305
1.14,0.4,0.27,2.5252311e-05,0.24374,1.2119939577039275e-10,0.0,1.2119939577039275e-10,1.028,1.042,True,True,True,0.05896333333333817,0.03500000000000031,0.4400302114803621,0.4400302114803621,True,True,True,True,True,True,0.9740237562940626
1.14,0.4,0.29,2.5252311e-05,0.24374,1.1904154302670625e-10,0.0,1.1904154302670625e-10,1.028,1.042,True,True,True,0.05896333333333817,0.03500000000000031,0.547922848664687,0.547922848664687,True,True,True,True,True,True,1.1898090306627125
1.14,0.4,0.31,2.5252311e-05,0.24374,1.169591836734694e-10,0.0,1.169591836734694e-10,1.028,1.042,True,True,True,0.05896333333333817,0.03500000000000031,0.6520408163265301,0.6520408163265301,True,True,True,True,True,True,1.3980449659863987
1.14,0.4,0.33,2.5252311e-05,0.24374,1.1494842406876791e-10,0.0,1.1494842406876791e-10,1.028,1.042,True,True,True,0.05896333333333817,0.03500000000000031,0.7525787965616039,0.7525787965616039,True,True,True,True,True,True,1.5991209264565462
1.14,0.4,0.35,2.5252311e-05,0.24374,1.1300563380281691e-10,0.0,1.1300563380281691e-10,1.028,1.042,True,True,True,0.05896333333333817,0.03500000000000031,0.849718309859154,0.849718309859154,True,True,True,True,True,True,1.7933999530516465
1.14,0.42,0.15,2.5252311e-05,0.24374,1.3793254237288135e-10,0.0,1.3793254237288135e-10,1.028,1.042,True,True,True,0.05896333333333817,0.03500000000000031,0.3966271186440681,0.3966271186440681,True,True,True,True,True,True,0.8872175706214747
1.14,0.42,0.17,2.5252311e-05,0.24374,1.351830564784053e-10,0.0,1.351830564784053e-10,1.028,1.042,True,True,True,0.05896333333333817,0.03500000000000031,0.2591528239202659,0.2591528239202659,True,True,True,True,True,True,0.6122689811738702
1.14,0.42,0.19,2.5252311e-05,0.24374,1.3254104234527685e-10,0.0,1.3254104234527685e-10,1.028,1.042,True,True,True,0.05896333333333817,0.03500000000000031,0.12705211726384322,0.12705211726384322,True,True,True,True,True,True,0.3480675678610249
1.14,0.42,0.21,2.5252311e-05,0.24374,1.3000031948881789e-10,0.0,1.3000031948881789e-10,1.028,1.042,True,True,True,0.05896333333333817,0.03500000000000031,1.597444089474289e-05,1.597444089474289e-05,True,True,True,True,True,True,0.09399528221512796
1.14,0.42,0.23,2.5252311e-05,0.24374,1.275551724137931e-10,0.0,1.275551724137931e-10,1.028,1.042,True,True,True,0.05896333333333817,0.03500000000000031,0.12224137931034472,0.12224137931034472,True,True,True,True,True,True,0.3384460919540279
1.14,0.42,0.25,2.5252311e-05,0.24374,1.2520030769230767e-10,0.0,1.2520030769230767e-10,1.028,1.042,True,True,True,0.05896333333333817,0.03500000000000031,0.23998461538461602,0.23998461538461602,True,True,True,True,True,True,0.5739325641025705
1.14,0.42,0.27,2.5252311e-05,0.24374,1.2293081570996976e-10,0.0,1.2293081570996976e-10,1.028,1.042,True,True,True,0.05896333333333817,0.03500000000000031,0.3534592145015115,0.3534592145015115,True,True,True,True,True,True,0.8008817623363615
1.14,0.42,0.29,2.5252311e-05,0.24374,1.2074213649851633e-10,0.0,1.2074213649851633e-10,1.028,1.042,True,True,True,0.05896333333333817,0.03500000000000031,0.46289317507418326,0.46289317507418326,True,True,True,True,True,True,1.019749683481705
1.14,0.42,0.31,2.5252311e-05,0.24374,1.1863002915451896e-10,0.0,1.1863002915451896e-10,1.028,1.042,True,True,True,0.05896333333333817,0.03500000000000031,0.5684985422740516,0.5684985422740516,True,True,True,True,True,True,1.2309604178814417
1.14,0.42,0.33,2.5252311e-05,0.24374,1.1659054441260745e-10,0.0,1.1659054441260745e-10,1.028,1.042,True,True,True,0.05896333333333817,0.03500000000000031,0.6704727793696272,0.6704727793696272,True,True,True,True,True,True,1.434908892072593
1.14,0.42,0.35,2.5252311e-05,0.24374,1.1462e-10,0.0,1.1462e-10,1.028,1.042,True,True,True,0.05896333333333817,0.03500000000000031,0.7689999999999996,0.7689999999999996,True,True,True,True,True,True,1.6319633333333377
1.14,0.44,0.15,2.5252311e-05,0.24374,1.3987525423728813e-10,0.0,1.3987525423728813e-10,1.028,1.042,True,True,True,0.05896333333333817,0.03500000000000031,0.4937627118644071,0.4937627118644071,True,True,True,True,True,True,1.0814887570621528
1.14,0.44,0.17,2.5252311e-05,0.24374,1.3708704318936878e-10,0.0,1.3708704318936878e-10,1.028,1.042,True,True,True,0.05896333333333817,0.03500000000000031,0.3543521594684394,0.3543521594684394,True,True,True,True,True,True,0.8026676522702172
1.14,0.44,0.19,2.5252311e-05,0.24374,1.3440781758957655e-10,0.0,1.3440781758957655e-10,1.028,1.042,True,True,True,0.05896333333333817,0.03500000000000031,0.22039087947882813,0.22039087947882813,True,True,True,True,True,True,0.5347450922909947
1.14,0.44,0.21,2.5252311e-05,0.24374,1.3183130990415336e-10,0.0,1.3183130990415336e-10,1.028,1.042,True,True,True,0.05896333333333817,0.03500000000000031,0.09156549520766848,0.09156549520766848,True,True,True,True,True,True,0.27709432374867543
1.14,0.44,0.23,2.5252311e-05,0.24374,1.2935172413793103e-10,0.0,1.2935172413793103e-10,1.028,1.042,True,True,True,0.05896333333333817,0.03500000000000031,0.03241379310344784,0.03241379310344784,True,True,True,True,True,True,0.15879091954023414
1.14,0.44,0.25,2.5252311e-05,0.24374,1.269636923076923e-10,0.0,1.269636923076923e-10,1.028,1.042,True,True,True,0.05896333333333817,0.03500000000000031,0.15181538461538466,0.15181538461538466,True,True,True,True,True,True,0.39759410256410777
1.14,0.44,0.27,2.5252311e-05,0.24374,1.2466223564954682e-10,0.0,1.2466223564954682e-10,1.028,1.042,True,True,True,0.05896333333333817,0.03500000000000031,0.26688821752265834,0.26688821752265834,True,True,True,True,True,True,0.6277397683786552
1.14,0.44,0.29,2.5252311e-05,0.24374,1.2244272997032643e-10,0.0,1.2244272997032643e-10,1.028,1.042,True,True,True,0.05896333333333817,0.03500000000000031,0.37786350148367825,0.37786350148367825,True,True,True,True,True,True,0.8496903363006949
1.14,0.44,0.31,2.5252311e-05,0.24374,1.2030087463556853e-10,0.0,1.2030087463556853e-10,1.028,1.042,True,True,True,0.05896333333333817,0.03500000000000031,0.4849562682215731,0.4849562682215731,True,True,True,True,True,True,1.0638758697764847
1.14,0.44,0.33,2.5252311e-05,0.24374,1.18232664756447e-10,0.0,1.18232664756447e-10,1.028,1.042,True,True,True,0.05896333333333817,0.03500000000000031,0.5883667621776494,0.5883667621776494,True,True,True,True,True,True,1.2706968576886373
1.14,0.44,0.35,2.5252311e-05,0.24374,1.162343661971831e-10,0.0,1.162343661971831e-10,1.028,1.042,True,True,True,0.05896333333333817,0.03500000000000031,0.6882816901408444,0.6882816901408444,True,True,True,True,True,True,1.4705267136150273
1.14,0.46,0.15,2.5252311e-05,0.24374,1.418179661016949e-10,0.0,1.418179661016949e-10,1.028,1.042,True,True,True,0.05896333333333817,0.03500000000000031,0.5908983050847462,0.5908983050847462,True,True,True,True,True,True,1.2757599435028308
1.14,0.46,0.17,2.5252311e-05,0.24374,1.3899102990033222e-10,0.0,1.3899102990033222e-10,1.028,1.042,True,True,True,0.05896333333333817,0.03500000000000031,0.4495514950166116,0.4495514950166116,True,True,True,True,True,True,0.9930663233665618
1.14,0.46,0.19,2.5252311e-05,0.24374,1.3627459283387623e-10,0.0,1.3627459283387623e-10,1.028,1.042,True,True,True,0.05896333333333817,0.03500000000000031,0.3137296416938118,0.3137296416938118,True,True,True,True,True,True,0.7214226167209621
1.14,0.46,0.21,2.5252311e-05,0.24374,1.336623003194888e-10,0.0,1.336623003194888e-10,1.028,1.042,True,True,True,0.05896333333333817,0.03500000000000031,0.1831150159744409,0.1831150159744409,True,True,True,True,True,True,0.4601933652822203
1.14,0.46,0.23,2.5252311e-05,0.24374,1.3114827586206895e-10,0.0,1.3114827586206895e-10,1.028,1.042,True,True,True,0.05896333333333817,0.03500000000000031,0.05741379310344775,0.05741379310344775,True,True,True,True,True,True,0.20879091954023396
1.14,0.46,0.25,2.5252311e-05,0.24374,1.2872707692307692e-10,0.0,1.2872707692307692e-10,1.028,1.042,True,True,True,0.05896333333333817,0.03500000000000031,0.06364615384615332,0.06364615384615332,True,True,True,True,True,True,0.22125564102564513
1.14,0.46,0.27,2.5252311e-05,0.24374,1.2639365558912386e-10,0.0,1.2639365558912386e-10,1.028,1.042,True,True,True,0.05896333333333817,0.03500000000000031,0.1803172205438065,0.1803172205438065,True,True,True,True,True,True,0.4545977744209515
1.14,0.46,0.29,2.5252311e-05,0.24374,1.241433234421365e-10,0.0,1.241433234421365e-10,1.028,1.042,True,True,True,0.05896333333333817,0.03500000000000031,0.2928338278931746,0.2928338278931746,True,True,True,True,True,True,0.6796309891196877
1.14,0.46,0.31,2.5252311e-05,0.24374,1.2197172011661807e-10,0.0,1.2197172011661807e-10,1.028,1.042,True,True,True,0.05896333333333817,0.03500000000000031,0.40141399416909596,0.40141399416909596,True,True,True,True,True,True,0.8967913216715304
1.14,0.46,0.33,2.5252311e-05,0.24374,1.1987478510028654e-10,0.0,1.1987478510028654e-10,1.028,1.042,True,True,True,0.05896333333333817,0.03500000000000031,0.5062607449856728,0.5062607449856728,True,True,True,True,True,True,1.106484823304684
1.14,0.46,0.35,2.5252311e-05,0.24374,1.178487323943662e-10,0.0,1.178487323943662e-10,1.028,1.042,True,True,True,0.05896333333333817,0.03500000000000031,0.6075633802816899,0.6075633802816899,True,True,True,True,True,True,1.3090900938967183
1.14,0.48,0.15,2.5252311e-05,0.24374,1.4376067796610172e-10,0.0,1.4376067796610172e-10,1.028,1.042,True,True,True,0.05896333333333817,0.03500000000000031,0.6880338983050864,0.6880338983050864,True,True,True,True,True,True,1.4700311299435114
1.14,0.48,0.17,2.5252311e-05,0.24374,1.408950166112957e-10,0.0,1.408950166112957e-10,1.028,1.042,True,True,True,0.05896333333333817,0.03500000000000031,0.5447508305647851,0.5447508305647851,True,True,True,True,True,True,1.1834649944629088
1.14,0.48,0.19,2.5252311e-05,0.24374,1.381413680781759e-10,0.0,1.381413680781759e-10,1.028,1.042,True,True,True,0.05896333333333817,0.03500000000000031,0.4070684039087954,0.4070684039087954,True,True,True,True,True,True,0.9081001411509293
1.14,0.48,0.21,2.5252311e-05,0.24374,1.3549329073482428e-10,0.0,1.3549329073482428e-10,1.028,1.042,True,True,True,0.05896333333333817,0.03500000000000031,0.27466453674121466,0.27466453674121466,True,True,True,True,True,True,0.6432924068157677
1.14,0.48,0.23,2.5252311e-05,0.24374,1.329448275862069e-10,0.0,1.329448275862069e-10,1.028,1.042,True,True,True,0.05896333333333817,0.03500000000000031,0.14724137931034592,0.14724137931034592,True,True,True,True,True,True,0.38844609195403035
1.14,0.48,0.25,2.5252311e-05,0.24374,1.3049046153846155e-10,0.0,1.3049046153846155e-10,1.028,1.042,True,True,True,0.05896333333333817,0.03500000000000031,0.024523076923078015,0.024523076923078015,True,True,True,True,True,True,0.1430094871794945
1.14,0.48,0.27,2.5252311e-05,0.24374,1.281250755287009e-10,0.0,1.281250755287009e-10,1.028,1.042,True,True,True,0.05896333333333817,0.03500000000000031,0.09374622356495466,0.09374622356495466,True,True,True,True,True,True,0.2814557804632478
1.14,0.48,0.29,2.5252311e-05,0.24374,1.258439169139466e-10,0.0,1.258439169139466e-10,1.028,1.042,True,True,True,0.05896333333333817,0.03500000000000031,0.2078041543026696,0.2078041543026696,True,True,True,True,True,True,0.5095716419386777
1.14,0.48,0.31,2.5252311e-05,0.24374,1.2364256559766764e-10,0.0,1.2364256559766764e-10,1.028,1.042,True,True,True,0.05896333333333817,0.03500000000000031,0.31787172011661746,0.31787172011661746,True,True,True,True,True,True,0.7297067735665734
1.14,0.48,0.33,2.5252311e-05,0.24374,1.215169054441261e-10,0.0,1.215169054441261e-10,1.028,1.042,True,True,True,0.05896333333333817,0.03500000000000031,0.4241547277936949,0.4241547277936949,True,True,True,True,True,True,0.9422727889207283
1.14,0.48,0.35,2.5252311e-05,0.24374,1.194630985915493e-10,0.0,1.194630985915493e-10,1.028,1.042,True,True,True,0.05896333333333817,0.03500000000000031,0.5268450704225341,0.5268450704225341,True,True,True,True,True,True,1.1476534741784068
1.14,0.5,0.15,2.5252311e-05,0.24374,1.4570338983050847e-10,0.0,1.4570338983050847e-10,1.028,1.042,True,True,True,0.05896333333333817,0.03500000000000031,0.7851694915254241,0.7851694915254241,True,True,True,True,True,True,1.6643023163841868
1.14,0.5,0.17,2.5252311e-05,0.24374,1.4279900332225914e-10,0.0,1.4279900332225914e-10,1.028,1.042,True,True,True,0.05896333333333817,0.03500000000000031,0.6399501661129573,0.6399501661129573,True,True,True,True,True,True,1.373863665559253
1.14,0.5,0.19,2.5252311e-05,0.24374,1.4000814332247557e-10,0.0,1.4000814332247557e-10,1.028,1.042,True,True,True,0.05896333333333817,0.03500000000000031,0.500407166123779,0.500407166123779,True,True,True,True,True,True,1.0947776655808965
1.14,0.5,0.21,2.5252311e-05,0.24374,1.3732428115015973e-10,0.0,1.3732428115015973e-10,1.028,1.042,True,True,True,0.05896333333333817,0.03500000000000031,0.3662140575079871,0.3662140575079871,True,True,True,True,True,True,0.8263914483493127
1.14,0.5,0.23,2.5252311e-05,0.24374,1.3474137931034482e-10,0.0,1.3474137931034482e-10,1.028,1.042,True,True,True,0.05896333333333817,0.03500000000000031,0.23706896551724152,0.23706896551724152,True,True,True,True,True,True,0.5681012643678215
1.14,0.5,0.25,2.5252311e-05,0.24374,1.3225384615384615e-10,0.0,1.3225384615384615e-10,1.028,1.042,True,True,True,0.05896333333333817,0.03500000000000031,0.11269230769230806,0.11269230769230806,True,True,True,True,True,True,0.3193479487179546
1.14,0.5,0.27,2.5252311e-05,0.24374,1.2985649546827793e-10,0.0,1.2985649546827793e-10,1.028,1.042,True,True,True,0.05896333333333817,0.03500000000000031,0.007175226586102796,0.007175226586102796,True,True,True,True,True,True,0.10831378650554407
1.14,0.5,0.29,2.5252311e-05,0.24374,1.2754451038575667e-10,0.0,1.2754451038575667e-10,1.028,1.042,True,True,True,0.05896333333333817,0.03500000000000031,0.12277448071216589,0.12277448071216589,True,True,True,True,True,True,0.33951229475767025
1.14,0.5,0.31,2.5252311e-05,0.24374,1.253134110787172e-10,0.0,1.253134110787172e-10,1.028,1.042,True,True,True,0.05896333333333817,0.03500000000000031,0.234329446064139,0.234329446064139,True,True,True,True,True,True,0.5626222254616164
1.14,0.5,0.33,2.5252311e-05,0.24374,1.2315902578796562e-10,0.0,1.2315902578796562e-10,1.028,1.042,True,True,True,0.05896333333333817,0.03500000000000031,0.3420487106017183,0.3420487106017183,True,True,True,True,True,True,0.778060754536775
1.14,0.5,0.35,2.5252311e-05,0.24374,1.210774647887324e-10,0.0,1.210774647887324e-10,1.028,1.042,True,True,True,0.05896333333333817,0.03500000000000031,0.44612676056337963,0.44612676056337963,True,True,True,True,True,True,0.9862168544600978
1.14,0.52,0.15,2.5252311e-05,0.24374,1.4764610169491528e-10,0.0,1.4764610169491528e-10,1.028,1.042,True,True,True,0.05896333333333817,0.03500000000000031,0.8823050847457645,0.8823050847457645,True,True,True,True,True,True,1.8585735028248676
1.14,0.52,0.17,2.5252311e-05,0.24374,1.447029900332226e-10,0.0,1.447029900332226e-10,1.028,1.042,True,True,True,0.05896333333333817,0.03500000000000031,0.7351495016611308,0.7351495016611308,True,True,True,True,True,True,1.5642623366556
1.14,0.52,0.19,2.5252311e-05,0.24374,1.4187491856677524e-10,0.0,1.4187491856677524e-10,1.028,1.042,True,True,True,0.05896333333333817,0.03500000000000031,0.5937459283387627,0.5937459283387627,True,True,True,True,True,True,1.281455190010864
1.14,0.52,0.21,2.5252311e-05,0.24374,1.391552715654952e-10,0.0,1.391552715654952e-10,1.028,1.042,True,True,True,0.05896333333333817,0.03500000000000031,0.4577635782747608,0.4577635782747608,True,True,True,True,True,True,1.00949048988286
1.14,0.52,0.23,2.5252311e-05,0.24374,1.3653793103448276e-10,0.0,1.3653793103448276e-10,1.028,1.042,True,True,True,0.05896333333333817,0.03500000000000031,0.3268965517241384,0.3268965517241384,True,True,True,True,True,True,0.7477564367816152
1.14,0.52,0.25,2.5252311e-05,0.24374,1.3401723076923078e-10,0.0,1.3401723076923078e-10,1.028,1.042,True,True,True,0.05896333333333817,0.03500000000000031,0.2008615384615394,0.2008615384615394,True,True,True,True,True,True,0.49568641025641724
1.14,0.52,0.27,2.5252311e-05,0.24374,1.31587915407855e-10,0.0,1.31587915407855e-10,1.028,1.042,True,True,True,0.05896333333333817,0.03500000000000031,0.07939577039275035,0.07939577039275035,True,True,True,True,True,True,0.2527548741188392
1.14,0.52,0.29,2.5252311e-05,0.24374,1.292451038575668e-10,0.0,1.292451038575668e-10,1.028,1.042,True,True,True,0.05896333333333817,0.03500000000000031,0.03774480712165961,0.03774480712165961,True,True,True,True,True,True,0.16945294757665771
1.14,0.52,0.31,2.5252311e-05,0.24374,1.2698425655976678e-10,0.0,1.2698425655976678e-10,1.028,1.042,True,True,True,0.05896333333333817,0.03500000000000031,0.1507871720116605,0.1507871720116605,True,True,True,True,True,True,0.39553767735665946
1.14,0.52,0.33,2.5252311e-05,0.24374,1.2480114613180518e-10,0.0,1.2480114613180518e-10,1.028,1.042,True,True,True,0.05896333333333817,0.03500000000000031,0.2599426934097404,0.2599426934097404,True,True,True,True,True,True,0.6138487201528193
1.14,0.52,0.35,2.5252311e-05,0.24374,1.2269183098591551e-10,0.0,1.2269183098591551e-10,1.028,1.042,True,True,True,0.05896333333333817,0.03500000000000031,0.36540845070422384,0.36540845070422384,True,True,True,True,True,True,0.8247802347417861
1.14,0.54,0.15,2.5252311e-05,0.24374,1.4958881355932203e-10,0.0,1.4958881355932203e-10,1.028,1.042,True,True,True,0.05896333333333817,0.03500000000000031,0.9794406779661022,0.9794406779661022,True,True,True,True,True,True,2.0528446892655428
1.14,0.54,0.17,2.5252311e-05,0.24374,1.4660697674418605e-10,0.0,1.4660697674418605e-10,1.028,1.042,True,True,True,0.05896333333333817,0.03500000000000031,0.8303488372093031,0.8303488372093031,True,True,True,True,True,True,1.7546610077519447
1.14,0.54,0.19,2.5252311e-05,0.24374,1.4374169381107492e-10,0.0,1.4374169381107492e-10,1.028,1.042,True,True,True,0.05896333333333817,0.03500000000000031,0.6870846905537463,0.6870846905537463,True,True,True,True,True,True,1.4681327144408312
1.14,0.54,0.21,2.5252311e-05,0.24374,1.4098626198083068e-10,0.0,1.4098626198083068e-10,1.028,1.042,True,True,True,0.05896333333333817,0.03500000000000031,0.5493130990415346,0.5493130990415346,True,True,True,True,True,True,1.1925895314164077
1.14,0.54,0.23,2.5252311e-05,0.24374,1.383344827586207e-10,0.0,1.383344827586207e-10,1.028,1.042,True,True,True,0.05896333333333817,0.03500000000000031,0.41672413793103524,0.41672413793103524,True,True,True,True,True,True,0.927411609195409
1.14,0.54,0.25,2.5252311e-05,0.24374,1.3578061538461538e-10,0.0,1.3578061538461538e-10,1.028,1.042,True,True,True,0.05896333333333817,0.03500000000000031,0.2890307692307695,0.2890307692307695,True,True,True,True,True,True,0.6720248717948774
1.14,0.54,0.27,2.5252311e-05,0.24374,1.33319335347432e-10,0.0,1.33319335347432e-10,1.028,1.042,True,True,True,0.05896333333333817,0.03500000000000031,0.16596676737160093,0.16596676737160093,True,True,True,True,True,True,0.4258968680765403
1.14,0.54,0.29,2.5252311e-05,0.24374,1.3094569732937687e-10,0.0,1.3094569732937687e-10,1.028,1.042,True,True,True,0.05896333333333817,0.03500000000000031,0.04728486646884408,0.04728486646884408,True,True,True,True,True,True,0.18853306627102664
1.14,0.54,0.31,2.5252311e-05,0.24374,1.2865510204081632e-10,0.0,1.2865510204081632e-10,1.028,1.042,True,True,True,0.05896333333333817,0.03500000000000031,0.06724489795918333,0.06724489795918333,True,True,True,True,True,True,0.22845312925170513
1.14,0.54,0.33,2.5252311e-05,0.24374,1.2644326647564471e-10,0.0,1.2644326647564471e-10,1.028,1.042,True,True,True,0.05896333333333817,0.03500000000000031,0.17783667621776383,0.17783667621776383,True,True,True,True,True,True,0.4496366857688661
1.14,0.54,0.35,2.5252311e-05,0.24374,1.243061971830986e-10,0.0,1.243061971830986e-10,1.028,1.042,True,True,True,0.05896333333333817,0.03500000000000031,0.2846901408450694,0.2846901408450694,True,True,True,True,True,True,0.6633436150234773
1.14,0.56,0.15,2.5252311e-05,0.24374,1.5153152542372884e-10,0.0,1.5153152542372884e-10,1.028,1.042,True,True,True,0.05896333333333817,0.03500000000000031,1.0765762711864426,1.0765762711864426,True,True,False,False,True,False,2.247115875706224
1.14,0.56,0.17,2.5252311e-05,0.24374,1.4851096345514952e-10,0.0,1.4851096345514952e-10,1.028,1.042,True,True,True,0.05896333333333817,0.03500000000000031,0.9255481727574766,0.9255481727574766,True,True,True,True,True,True,1.9450596788482917
1.14,0.56,0.19,2.5252311e-05,0.24374,1.4560846905537461e-10,0.0,1.4560846905537461e-10,1.028,1.042,True,True,True,0.05896333333333817,0.03500000000000031,0.7804234527687313,0.7804234527687313,True,True,True,True,True,True,1.654810238870801
1.14,0.56,0.21,2.5252311e-05,0.24374,1.4281725239616615e-10,0.0,1.4281725239616615e-10,1.028,1.042,True,True,True,0.05896333333333817,0.03500000000000031,0.6408626198083083,0.6408626198083083,True,True,True,True,True,True,1.375688572949955
1.14,0.56,0.23,2.5252311e-05,0.24374,1.4013103448275863e-10,0.0,1.4013103448275863e-10,1.028,1.042,True,True,True,0.05896333333333817,0.03500000000000031,0.5065517241379321,0.5065517241379321,True,True,True,True,True,True,1.1070667816092028
1.14,0.56,0.25,2.5252311e-05,0.24374,1.37544e-10,0.0,1.37544e-10,1.028,1.042,True,True,True,0.05896333333333817,0.03500000000000031,0.3772000000000008,0.3772000000000008,True,True,True,True,True,True,0.84836333333334
1.14,0.56,0.27,2.5252311e-05,0.24374,1.3505075528700907e-10,0.0,1.3505075528700907e-10,1.028,1.042,True,True,True,0.05896333333333817,0.03500000000000031,0.25253776435045405,0.25253776435045405,True,True,True,True,True,True,0.5990388620342466
1.14,0.56,0.29,2.5252311e-05,0.24374,1.3264629080118697e-10,0.0,1.3264629080118697e-10,1.028,1.042,True,True,True,0.05896333333333817,0.03500000000000031,0.13231454005934906,0.13231454005934906,True,True,True,True,True,True,0.35859241345203663
1.14,0.56,0.31,2.5252311e-05,0.24374,1.3032594752186592e-10,0.0,1.3032594752186592e-10,1.028,1.042,True,True,True,0.05896333333333817,0.03500000000000031,0.016297376093296432,0.016297376093296432,True,True,True,True,True,True,0.12655808551993133
1.14,0.56,0.33,2.5252311e-05,0.24374,1.2808538681948425e-10,0.0,1.2808538681948425e-10,1.028,1.042,True,True,True,0.05896333333333817,0.03500000000000031,0.09573065902578724,0.09573065902578724,True,True,True,True,True,True,0.28542465138491296
1.14,0.56,0.35,2.5252311e-05,0.24374,1.259205633802817e-10,0.0,1.259205633802817e-10,1.028,1.042,True,True,True,0.05896333333333817,0.03500000000000031,0.20397183098591487,0.20397183098591487,True,True,True,True,True,True,0.5019069953051682
1.14,0.58,0.15,2.5252311e-05,0.24374,1.534742372881356e-10,0.0,1.534742372881356e-10,1.028,1.042,True,True,True,0.05896333333333817,0.03500000000000031,1.1737118644067803,1.1737118644067803,True,True,False,False,True,False,2.441387062146899
1.14,0.58,0.17,2.5252311e-05,0.24374,1.5041495016611296e-10,0.0,1.5041495016611296e-10,1.028,1.042,True,True,True,0.05896333333333817,0.03500000000000031,1.0207475083056488,1.0207475083056488,True,True,False,False,True,False,2.135458349944636
1.14,0.58,0.19,2.5252311e-05,0.24374,1.4747524429967426e-10,0.0,1.4747524429967426e-10,1.028,1.042,True,True,True,0.05896333333333817,0.03500000000000031,0.8737622149837135,0.8737622149837135,True,True,True,True,True,True,1.8414877633007656
1.14,0.58,0.21,2.5252311e-05,0.24374,1.446482428115016e-10,0.0,1.446482428115016e-10,1.028,1.042,True,True,True,0.05896333333333817,0.03500000000000031,0.7324121405750806,0.7324121405750806,True,True,True,True,True,True,1.5587876144834998
1.14,0.58,0.23,2.5252311e-05,0.24374,1.4192758620689654e-10,0.0,1.4192758620689654e-10,1.028,1.042,True,True,True,0.05896333333333817,0.03500000000000031,0.5963793103448277,0.5963793103448277,True,True,True,True,True,True,1.286721954022994
1.14,0.58,0.25,2.5252311e-05,0.24374,1.393073846153846e-10,0.0,1.393073846153846e-10,1.028,1.042,True,True,True,0.05896333333333817,0.03500000000000031,0.46536923076923087,0.46536923076923087,True,True,True,True,True,True,1.0247017948718002
1.14,0.58,0.27,2.5252311e-05,0.24374,1.367821752265861e-10,0.0,1.367821752265861e-10,1.028,1.042,True,True,True,0.05896333333333817,0.03500000000000031,0.33910876132930595,0.33910876132930595,True,True,True,True,True,True,0.7721808559919503
1.14,0.58,0.29,2.5252311e-05,0.24374,1.3434688427299705e-10,0.0,1.3434688427299705e-10,1.028,1.042,True,True,True,0.05896333333333817,0.03500000000000031,0.21734421364985276,0.21734421364985276,True,True,True,True,True,True,0.528651760633044
1.14,0.58,0.31,2.5252311e-05,0.24374,1.3199679300291546e-10,0.0,1.3199679300291546e-10,1.028,1.042,True,True,True,0.05896333333333817,0.03500000000000031,0.09983965014577362,0.09983965014577362,True,True,True,True,True,True,0.29364263362488574
1.14,0.58,0.33,2.5252311e-05,0.24374,1.297275071633238e-10,0.0,1.297275071633238e-10,1.028,1.042,True,True,True,0.05896333333333817,0.03500000000000031,0.013624641833809365,0.013624641833809365,True,True,True,True,True,True,0.1212126170009572
1.14,0.58,0.35,2.5252311e-05,0.24374,1.275349295774648e-10,0.0,1.275349295774648e-10,1.028,1.042,True,True,True,0.05896333333333817,0.03500000000000031,0.1232535211267591,0.1232535211267591,True,True,True,True,True,True,0.34047037558685667
1.14,0.6,0.15,2.5252311e-05,0.24374,1.554169491525424e-10,0.0,1.554169491525424e-10,1.028,1.042,True,True,True,0.05896333333333817,0.03500000000000031,1.2708474576271205,1.2708474576271205,True,True,False,False,True,False,2.6356582485875792
1.14,0.6,0.17,2.5252311e-05,0.24374,1.5231893687707643e-10,0.0,1.5231893687707643e-10,1.028,1.042,True,True,True,0.05896333333333817,0.03500000000000031,1.1159468438538223,1.1159468438538223,True,True,False,False,True,False,2.3258570210409832
1.14,0.6,0.19,2.5252311e-05,0.24374,1.4934201954397396e-10,0.0,1.4934201954397396e-10,1.028,1.042,True,True,True,0.05896333333333817,0.03500000000000031,0.9671009771986985,0.9671009771986985,True,True,True,True,True,True,2.0281652877307357
1.14,0.6,0.21,2.5252311e-05,0.24374,1.4647923322683708e-10,0.0,1.4647923322683708e-10,1.028,1.042,True,True,True,0.05896333333333817,0.03500000000000031,0.8239616613418544,0.8239616613418544,True,True,True,True,True,True,1.7418866560170474
1.14,0.6,0.23,2.5252311e-05,0.24374,1.4372413793103448e-10,0.0,1.4372413793103448e-10,1.028,1.042,True,True,True,0.05896333333333817,0.03500000000000031,0.6862068965517246,0.6862068965517246,True,True,True,True,True,True,1.4663771264367877
1.14,0.6,0.25,2.5252311e-05,0.24374,1.4107076923076923e-10,0.0,1.4107076923076923e-10,1.028,1.042,True,True,True,0.05896333333333817,0.03500000000000031,0.5535384615384622,0.5535384615384622,True,True,True,True,True,True,1.201040256410263
1.14,0.6,0.27,2.5252311e-05,0.24374,1.3851359516616315e-10,0.0,1.3851359516616315e-10,1.028,1.042,True,True,True,0.05896333333333817,0.03500000000000031,0.4256797583081578,0.4256797583081578,True,True,True,True,True,True,0.945322849949654
1.14,0.6,0.29,2.5252311e-05,0.24374,1.3604747774480715e-10,0.0,1.3604747774480715e-10,1.028,1.042,True,True,True,0.05896333333333817,0.03500000000000031,0.30237388724035774,0.30237388724035774,True,True,True,True,True,True,0.698711107814054
1.14,0.6,0.31,2.5252311e-05,0.24374,1.3366763848396503e-10,0.0,1.3366763848396503e-10,1.028,1.042,True,True,True,0.05896333333333817,0.03500000000000031,0.18338192419825208,0.18338192419825208,True,True,True,True,True,True,0.4607271817298426
1.14,0.6,0.33,2.5252311e-05,0.24374,1.3136962750716333e-10,0.0,1.3136962750716333e-10,1.028,1.042,True,True,True,0.05896333333333817,0.03500000000000031,0.06848137535816723,0.06848137535816723,True,True,True,True,True,True,0.23092608404967294
1.14,0.6,0.35,2.5252311e-05,0.24374,1.291492957746479e-10,0.0,1.291492957746479e-10,1.028,1.042,True,True,True,0.05896333333333817,0.03500000000000031,0.042535211267604615,0.042535211267604615,True,True,True,True,True,True,0.17903375586854772
1.15,0.4,0.15,2.52510475e-05,0.24375000000000002,1.3638135593220338e-10,0.0,1.3638135593220338e-10,1.03,1.045,True,True,True,0.06317500000000356,0.03750000000000281,0.3190677966101694,0.3190677966101694,True,True,True,True,True,True,0.7388105932203451
1.15,0.4,0.17,2.52510475e-05,0.24375000000000002,1.336627906976744e-10,0.0,1.336627906976744e-10,1.03,1.045,True,True,True,0.06317500000000356,0.03750000000000281,0.18313953488372048,0.18313953488372048,True,True,True,True,True,True,0.46695406976744736
1.15,0.4,0.19,2.52510475e-05,0.24375000000000002,1.3105048859934852e-10,0.0,1.3105048859934852e-10,1.03,1.045,True,True,True,0.06317500000000356,0.03750000000000281,0.05252442996742669,0.05252442996742669,True,True,True,True,True,True,0.20572385993485975
1.15,0.4,0.21,2.52510475e-05,0.24375000000000002,1.2853833865814694e-10,0.0,1.2853833865814694e-10,1.03,1.045,True,True,True,0.06317500000000356,0.03750000000000281,0.07308306709265257,0.07308306709265257,True,True,True,True,True,True,0.2468411341853115
1.15,0.4,0.23,2.52510475e-05,0.24375000000000002,1.261206896551724e-10,0.0,1.261206896551724e-10,1.03,1.045,True,True,True,0.06317500000000356,0.03750000000000281,0.19396551724138011,0.19396551724138011,True,True,True,True,True,True,0.4886060344827666
1.15,0.4,0.25,2.52510475e-05,0.24375000000000002,1.2379230769230766e-10,0.0,1.2379230769230766e-10,1.03,1.045,True,True,True,0.06317500000000356,0.03750000000000281,0.31038461538461637,0.31038461538461637,True,True,True,True,True,True,0.7214442307692391
1.15,0.4,0.27,2.52510475e-05,0.24375000000000002,1.2154833836858004e-10,0.0,1.2154833836858004e-10,1.03,1.045,True,True,True,0.06317500000000356,0.03750000000000281,0.42258308157099744,0.42258308157099744,True,True,True,True,True,True,0.9458411631420013
1.15,0.4,0.29,2.52510475e-05,0.24375000000000002,1.1938427299703263e-10,0.0,1.1938427299703263e-10,1.03,1.045,True,True,True,0.06317500000000356,0.03750000000000281,0.5307863501483682,0.5307863501483682,True,True,True,True,True,True,1.1622477002967426
1.15,0.4,0.31,2.52510475e-05,0.24375000000000002,1.1729591836734694e-10,0.0,1.1729591836734694e-10,1.03,1.045,True,True,True,0.06317500000000356,0.03750000000000281,0.6352040816326527,0.6352040816326527,True,True,True,True,True,True,1.371083163265312
1.15,0.4,0.33,2.52510475e-05,0.24375000000000002,1.1527936962750715e-10,0.0,1.1527936962750715e-10,1.03,1.045,True,True,True,0.06317500000000356,0.03750000000000281,0.7360315186246419,0.7360315186246419,True,True,True,True,True,True,1.57273803724929
1.15,0.4,0.35,2.52510475e-05,0.24375000000000002,1.1333098591549295e-10,0.0,1.1333098591549295e-10,1.03,1.045,True,True,True,0.06317500000000356,0.03750000000000281,0.833450704225352,0.833450704225352,True,True,True,True,True,True,1.7675764084507102
1.15,0.42,0.15,2.52510475e-05,0.24375000000000002,1.3832966101694914e-10,0.0,1.3832966101694914e-10,1.03,1.045,True,True,True,0.06317500000000356,0.03750000000000281,0.41648305084745774,0.41648305084745774,True,True,True,True,True,True,0.9336411016949219
1.15,0.42,0.17,2.52510475e-05,0.24375000000000002,1.355722591362126e-10,0.0,1.355722591362126e-10,1.03,1.045,True,True,True,0.06317500000000356,0.03750000000000281,0.27861295681063064,0.27861295681063064,True,True,True,True,True,True,0.6579009136212677
1.15,0.42,0.19,2.52510475e-05,0.24375000000000002,1.3292263843648207e-10,0.0,1.3292263843648207e-10,1.03,1.045,True,True,True,0.06317500000000356,0.03750000000000281,0.14613192182410384,0.14613192182410384,True,True,True,True,True,True,0.3929388436482141
1.15,0.42,0.21,2.52510475e-05,0.24375000000000002,1.3037460063897761e-10,0.0,1.3037460063897761e-10,1.03,1.045,True,True,True,0.06317500000000356,0.03750000000000281,0.018730031948881183,0.018730031948881183,True,True,True,True,True,True,0.13813506389776872
1.15,0.42,0.23,2.52510475e-05,0.24375000000000002,1.2792241379310343e-10,0.0,1.2792241379310343e-10,1.03,1.045,True,True,True,0.06317500000000356,0.03750000000000281,0.10387931034482786,0.10387931034482786,True,True,True,True,True,True,0.30843362068966207
1.15,0.42,0.25,2.52510475e-05,0.24375000000000002,1.255607692307692e-10,0.0,1.255607692307692e-10,1.03,1.045,True,True,True,0.06317500000000356,0.03750000000000281,0.22196153846153946,0.22196153846153946,True,True,True,True,True,True,0.5445980769230853
1.15,0.42,0.27,2.52510475e-05,0.24375000000000002,1.232847432024169e-10,0.0,1.232847432024169e-10,1.03,1.045,True,True,True,0.06317500000000356,0.03750000000000281,0.3357628398791544,0.3357628398791544,True,True,True,True,True,True,0.7722006797583152
1.15,0.42,0.29,2.52510475e-05,0.24375000000000002,1.2108976261127595e-10,0.0,1.2108976261127595e-10,1.03,1.045,True,True,True,0.06317500000000356,0.03750000000000281,0.4455118694362021,0.4455118694362021,True,True,True,True,True,True,0.9916987388724106
1.15,0.42,0.31,2.52510475e-05,0.24375000000000002,1.1897157434402333e-10,0.0,1.1897157434402333e-10,1.03,1.045,True,True,True,0.06317500000000356,0.03750000000000281,0.5514212827988333,0.5514212827988333,True,True,True,True,True,True,1.2035175655976729
1.15,0.42,0.33,2.52510475e-05,0.24375000000000002,1.1692621776504297e-10,0.0,1.1692621776504297e-10,1.03,1.045,True,True,True,0.06317500000000356,0.03750000000000281,0.653689111747851,0.653689111747851,True,True,True,True,True,True,1.4080532234957084
1.15,0.42,0.35,2.52510475e-05,0.24375000000000002,1.1494999999999999e-10,0.0,1.1494999999999999e-10,1.03,1.045,True,True,True,0.06317500000000356,0.03750000000000281,0.7525000000000002,0.7525000000000002,True,True,True,True,True,True,1.6056750000000068
1.15,0.44,0.15,2.52510475e-05,0.24375000000000002,1.402779661016949e-10,0.0,1.402779661016949e-10,1.03,1.045,True,True,True,0.06317500000000356,0.03750000000000281,0.513898305084746,0.513898305084746,True,True,True,True,True,True,1.1284716101694983
1.15,0.44,0.17,2.52510475e-05,0.24375000000000002,1.374817275747508e-10,0.0,1.374817275747508e-10,1.03,1.045,True,True,True,0.06317500000000356,0.03750000000000281,0.37408637873754075,0.37408637873754075,True,True,True,True,True,True,0.8488477574750879
1.15,0.44,0.19,2.52510475e-05,0.24375000000000002,1.347947882736156e-10,0.0,1.347947882736156e-10,1.03,1.045,True,True,True,0.06317500000000356,0.03750000000000281,0.23973941368078097,0.23973941368078097,True,True,True,True,True,True,0.5801538273615683
1.15,0.44,0.21,2.52510475e-05,0.24375000000000002,1.322108626198083e-10,0.0,1.322108626198083e-10,1.03,1.045,True,True,True,0.06317500000000356,0.03750000000000281,0.11054313099041493,0.11054313099041493,True,True,True,True,True,True,0.3217612619808362
1.15,0.44,0.23,2.52510475e-05,0.24375000000000002,1.2972413793103445e-10,0.0,1.2972413793103445e-10,1.03,1.045,True,True,True,0.06317500000000356,0.03750000000000281,0.013793103448276885,0.013793103448276885,True,True,True,True,True,True,0.12826120689656015
1.15,0.44,0.25,2.52510475e-05,0.24375000000000002,1.2732923076923074e-10,0.0,1.2732923076923074e-10,1.03,1.045,True,True,True,0.06317500000000356,0.03750000000000281,0.13353846153846258,0.13353846153846258,True,True,True,True,True,True,0.3677519230769315
1.15,0.44,0.27,2.52510475e-05,0.24375000000000002,1.2502114803625376e-10,0.0,1.2502114803625376e-10,1.03,1.045,True,True,True,0.06317500000000356,0.03750000000000281,0.24894259818731132,0.24894259818731132,True,True,True,True,True,True,0.598560196374629
1.15,0.44,0.29,2.52510475e-05,0.24375000000000002,1.227952522255193e-10,0.0,1.227952522255193e-10,1.03,1.045,True,True,True,0.06317500000000356,0.03750000000000281,0.36023738872403477,0.36023738872403477,True,True,True,True,True,True,0.8211497774480759
1.15,0.44,0.31,2.52510475e-05,0.24375000000000002,1.2064723032069972e-10,0.0,1.2064723032069972e-10,1.03,1.045,True,True,True,0.06317500000000356,0.03750000000000281,0.4676384839650138,0.4676384839650138,True,True,True,True,True,True,1.035951967930034
1.15,0.44,0.33,2.52510475e-05,0.24375000000000002,1.1857306590257879e-10,0.0,1.1857306590257879e-10,1.03,1.045,True,True,True,0.06317500000000356,0.03750000000000281,0.5713467048710602,0.5713467048710602,True,True,True,True,True,True,1.2433684097421267
1.15,0.44,0.35,2.52510475e-05,0.24375000000000002,1.1656901408450702e-10,0.0,1.1656901408450702e-10,1.03,1.045,True,True,True,0.06317500000000356,0.03750000000000281,0.6715492957746484,0.6715492957746484,True,True,True,True,True,True,1.443773591549303
1.15,0.46,0.15,2.52510475e-05,0.24375000000000002,1.4222627118644068e-10,0.0,1.4222627118644068e-10,1.03,1.045,True,True,True,0.06317500000000356,0.03750000000000281,0.6113135593220343,0.6113135593220343,True,True,True,True,True,True,1.323302118644075
1.15,0.46,0.17,2.52510475e-05,0.24375000000000002,1.3939119601328903e-10,0.0,1.3939119601328903e-10,1.03,1.045,True,True,True,0.06317500000000356,0.03750000000000281,0.46955980066445213,0.46955980066445213,True,True,True,True,True,True,1.0397946013289108
1.15,0.46,0.19,2.52510475e-05,0.24375000000000002,1.3666693811074918e-10,0.0,1.3666693811074918e-10,1.03,1.045,True,True,True,0.06317500000000356,0.03750000000000281,0.3333469055374594,0.3333469055374594,True,True,True,True,True,True,0.7673688110749252
1.15,0.46,0.21,2.52510475e-05,0.24375000000000002,1.3404712460063896e-10,0.0,1.3404712460063896e-10,1.03,1.045,True,True,True,0.06317500000000356,0.03750000000000281,0.2023562300319487,0.2023562300319487,True,True,True,True,True,True,0.5053874600639038
1.15,0.46,0.23,2.52510475e-05,0.24375000000000002,1.315258620689655e-10,0.0,1.315258620689655e-10,1.03,1.045,True,True,True,0.06317500000000356,0.03750000000000281,0.07629310344827538,0.07629310344827538,True,True,True,True,True,True,0.2532612068965571
1.15,0.46,0.25,2.52510475e-05,0.24375000000000002,1.2909769230769228e-10,0.0,1.2909769230769228e-10,1.03,1.045,True,True,True,0.06317500000000356,0.03750000000000281,0.04511538461538569,0.04511538461538569,True,True,True,True,True,True,0.19090576923077776
1.15,0.46,0.27,2.52510475e-05,0.24375000000000002,1.267575528700906e-10,0.0,1.267575528700906e-10,1.03,1.045,True,True,True,0.06317500000000356,0.03750000000000281,0.16212235649546955,0.16212235649546955,True,True,True,True,True,True,0.42491971299094544
1.15,0.46,0.29,2.52510475e-05,0.24375000000000002,1.2450074183976262e-10,0.0,1.2450074183976262e-10,1.03,1.045,True,True,True,0.06317500000000356,0.03750000000000281,0.2749629080118688,0.2749629080118688,True,True,True,True,True,True,0.650600816023744
1.15,0.46,0.31,2.52510475e-05,0.24375000000000002,1.2232288629737608e-10,0.0,1.2232288629737608e-10,1.03,1.045,True,True,True,0.06317500000000356,0.03750000000000281,0.3838556851311956,0.3838556851311956,True,True,True,True,True,True,0.8683863702623976
1.15,0.46,0.33,2.52510475e-05,0.24375000000000002,1.202199140401146e-10,0.0,1.202199140401146e-10,1.03,1.045,True,True,True,0.06317500000000356,0.03750000000000281,0.48900429799426937,0.48900429799426937,True,True,True,True,True,True,1.078683595988545
1.15,0.46,0.35,2.52510475e-05,0.24375000000000002,1.1818802816901407e-10,0.0,1.1818802816901407e-10,1.03,1.045,True,True,True,0.06317500000000356,0.03750000000000281,0.590598591549296,0.590598591549296,True,True,True,True,True,True,1.2818721830985984
1.15,0.48,0.15,2.52510475e-05,0.24375000000000002,1.4417457627118642e-10,0.0,1.4417457627118642e-10,1.03,1.045,True,True,True,0.06317500000000356,0.03750000000000281,0.7087288135593214,0.7087288135593214,True,True,True,True,True,True,1.518132627118649
1.15,0.48,0.17,2.52510475e-05,0.24375000000000002,1.4130066445182724e-10,0.0,1.4130066445182724e-10,1.03,1.045,True,True,True,0.06317500000000356,0.03750000000000281,0.5650332225913622,0.5650332225913622,True,True,True,True,True,True,1.2307414451827308
1.15,0.48,0.19,2.52510475e-05,0.24375000000000002,1.3853908794788272e-10,0.0,1.3853908794788272e-10,1.03,1.045,True,True,True,0.06317500000000356,0.03750000000000281,0.42695439739413654,0.42695439739413654,True,True,True,True,True,True,0.9545837947882795
1.15,0.48,0.21,2.52510475e-05,0.24375000000000002,1.3588338658146964e-10,0.0,1.3588338658146964e-10,1.03,1.045,True,True,True,0.06317500000000356,0.03750000000000281,0.2941693290734825,0.2941693290734825,True,True,True,True,True,True,0.6890136581469714
1.15,0.48,0.23,2.52510475e-05,0.24375000000000002,1.3332758620689654e-10,0.0,1.3332758620689654e-10,1.03,1.045,True,True,True,0.06317500000000356,0.03750000000000281,0.16637931034482764,0.16637931034482764,True,True,True,True,True,True,0.4334336206896616
1.15,0.48,0.25,2.52510475e-05,0.24375000000000002,1.3086615384615381e-10,0.0,1.3086615384615381e-10,1.03,1.045,True,True,True,0.06317500000000356,0.03750000000000281,0.0433076923076912,0.0433076923076912,True,True,True,True,True,True,0.18729038461538877
1.15,0.48,0.27,2.52510475e-05,0.24375000000000002,1.2849395770392746e-10,0.0,1.2849395770392746e-10,1.03,1.045,True,True,True,0.06317500000000356,0.03750000000000281,0.0753021148036265,0.0753021148036265,True,True,True,True,True,True,0.25127922960725935
1.15,0.48,0.29,2.52510475e-05,0.24375000000000002,1.2620623145400594e-10,0.0,1.2620623145400594e-10,1.03,1.045,True,True,True,0.06317500000000356,0.03750000000000281,0.18968842729970276,0.18968842729970276,True,True,True,True,True,True,0.48005185459941185
1.15,0.48,0.31,2.52510475e-05,0.24375000000000002,1.2399854227405247e-10,0.0,1.2399854227405247e-10,1.03,1.045,True,True,True,0.06317500000000356,0.03750000000000281,0.3000728862973761,0.3000728862973761,True,True,True,True,True,True,0.7008207725947586
1.15,0.48,0.33,2.52510475e-05,0.24375000000000002,1.2186676217765042e-10,0.0,1.2186676217765042e-10,1.03,1.045,True,True,True,0.06317500000000356,0.03750000000000281,0.4066618911174785,0.4066618911174785,True,True,True,True,True,True,0.9139987822349634
1.15,0.48,0.35,2.52510475e-05,0.24375000000000002,1.1980704225352112e-10,0.0,1.1980704225352112e-10,1.03,1.045,True,True,True,0.06317500000000356,0.03750000000000281,0.5096478873239435,0.5096478873239435,True,True,True,True,True,True,1.1199707746478933
1.15,0.5,0.15,2.52510475e-05,0.24375000000000002,1.4612288135593218e-10,0.0,1.4612288135593218e-10,1.03,1.045,True,True,True,0.06317500000000356,0.03750000000000281,0.8061440677966097,0.8061440677966097,True,True,True,True,True,True,1.7129631355932258
1.15,0.5,0.17,2.52510475e-05,0.24375000000000002,1.4321013289036544e-10,0.0,1.4321013289036544e-10,1.03,1.045,True,True,True,0.06317500000000356,0.03750000000000281,0.6605066445182725,0.6605066445182725,True,True,True,True,True,True,1.4216882890365512
1.15,0.5,0.19,2.52510475e-05,0.24375000000000002,1.4041123778501626e-10,0.0,1.4041123778501626e-10,1.03,1.045,True,True,True,0.06317500000000356,0.03750000000000281,0.5205618892508137,0.5205618892508137,True,True,True,True,True,True,1.141798778501634
1.15,0.5,0.21,2.52510475e-05,0.24375000000000002,1.377196485623003e-10,0.0,1.377196485623003e-10,1.03,1.045,True,True,True,0.06317500000000356,0.03750000000000281,0.38598242811501493,0.38598242811501493,True,True,True,True,True,True,0.8726398562300363
1.15,0.5,0.23,2.52510475e-05,0.24375000000000002,1.3512931034482756e-10,0.0,1.3512931034482756e-10,1.03,1.045,True,True,True,0.06317500000000356,0.03750000000000281,0.2564655172413786,0.2564655172413786,True,True,True,True,True,True,0.6136060344827636
1.15,0.5,0.25,2.52510475e-05,0.24375000000000002,1.3263461538461535e-10,0.0,1.3263461538461535e-10,1.03,1.045,True,True,True,0.06317500000000356,0.03750000000000281,0.1317307692307681,0.1317307692307681,True,True,True,True,True,True,0.3641365384615426
1.15,0.5,0.27,2.52510475e-05,0.24375000000000002,1.3023036253776432e-10,0.0,1.3023036253776432e-10,1.03,1.045,True,True,True,0.06317500000000356,0.03750000000000281,0.011518126888216558,0.011518126888216558,True,True,True,True,True,True,0.12371125377643949
1.15,0.5,0.29,2.52510475e-05,0.24375000000000002,1.2791172106824926e-10,0.0,1.2791172106824926e-10,1.03,1.045,True,True,True,0.06317500000000356,0.03750000000000281,0.10441394658753672,0.10441394658753672,True,True,True,True,True,True,0.30950289317507984
1.15,0.5,0.31,2.52510475e-05,0.24375000000000002,1.2567419825072886e-10,0.0,1.2567419825072886e-10,1.03,1.045,True,True,True,0.06317500000000356,0.03750000000000281,0.21629008746355663,0.21629008746355663,True,True,True,True,True,True,0.5332551749271196
1.15,0.5,0.33,2.52510475e-05,0.24375000000000002,1.2351361031518624e-10,0.0,1.2351361031518624e-10,1.03,1.045,True,True,True,0.06317500000000356,0.03750000000000281,0.32431948424068774,0.32431948424068774,True,True,True,True,True,True,0.7493139684813819
1.15,0.5,0.35,2.52510475e-05,0.24375000000000002,1.2142605633802817e-10,0.0,1.2142605633802817e-10,1.03,1.045,True,True,True,0.06317500000000356,0.03750000000000281,0.428697183098591,0.428697183098591,True,True,True,True,True,True,0.9580693661971884
1.15,0.52,0.15,2.52510475e-05,0.24375000000000002,1.4807118644067795e-10,0.0,1.4807118644067795e-10,1.03,1.045,True,True,True,0.06317500000000356,0.03750000000000281,0.903559322033898,0.903559322033898,True,True,True,True,True,True,1.9077936440678023
1.15,0.52,0.17,2.52510475e-05,0.24375000000000002,1.4511960132890364e-10,0.0,1.4511960132890364e-10,1.03,1.045,True,True,True,0.06317500000000356,0.03750000000000281,0.7559800664451826,0.7559800664451826,True,True,True,True,True,True,1.6126351328903716
1.15,0.52,0.19,2.52510475e-05,0.24375000000000002,1.4228338762214983e-10,0.0,1.4228338762214983e-10,1.03,1.045,True,True,True,0.06317500000000356,0.03750000000000281,0.6141693811074921,0.6141693811074921,True,True,True,True,True,True,1.3290137622149905
1.15,0.52,0.21,2.52510475e-05,0.24375000000000002,1.3955591054313096e-10,0.0,1.3955591054313096e-10,1.03,1.045,True,True,True,0.06317500000000356,0.03750000000000281,0.47779552715654866,0.47779552715654866,True,True,True,True,True,True,1.0562660543131037
1.15,0.52,0.23,2.52510475e-05,0.24375000000000002,1.369310344827586e-10,0.0,1.369310344827586e-10,1.03,1.045,True,True,True,0.06317500000000356,0.03750000000000281,0.3465517241379309,0.3465517241379309,True,True,True,True,True,True,0.7937784482758682
1.15,0.52,0.25,2.52510475e-05,0.24375000000000002,1.344030769230769e-10,0.0,1.344030769230769e-10,1.03,1.045,True,True,True,0.06317500000000356,0.03750000000000281,0.22015384615384498,0.22015384615384498,True,True,True,True,True,True,0.5409826923076964
1.15,0.52,0.27,2.52510475e-05,0.24375000000000002,1.3196676737160118e-10,0.0,1.3196676737160118e-10,1.03,1.045,True,True,True,0.06317500000000356,0.03750000000000281,0.09833836858005962,0.09833836858005962,True,True,True,True,True,True,0.29735173716012564
1.15,0.52,0.29,2.52510475e-05,0.24375000000000002,1.2961721068249258e-10,0.0,1.2961721068249258e-10,1.03,1.045,True,True,True,0.06317500000000356,0.03750000000000281,0.0191394658753707,0.0191394658753707,True,True,True,True,True,True,0.13895393175074777
1.15,0.52,0.31,2.52510475e-05,0.24375000000000002,1.2734985422740525e-10,0.0,1.2734985422740525e-10,1.03,1.045,True,True,True,0.06317500000000356,0.03750000000000281,0.13250728862973712,0.13250728862973712,True,True,True,True,True,True,0.3656895772594806
1.15,0.52,0.33,2.52510475e-05,0.24375000000000002,1.2516045845272205e-10,0.0,1.2516045845272205e-10,1.03,1.045,True,True,True,0.06317500000000356,0.03750000000000281,0.2419770773638969,0.2419770773638969,True,True,True,True,True,True,0.5846291547278002
1.15,0.52,0.35,2.52510475e-05,0.24375000000000002,1.230450704225352e-10,0.0,1.230450704225352e-10,1.03,1.045,True,True,True,0.06317500000000356,0.03750000000000281,0.3477464788732399,0.3477464788732399,True,True,True,True,True,True,0.7961679577464862
1.15,0.54,0.15,2.52510475e-05,0.24375000000000002,1.5001949152542372e-10,0.0,1.5001949152542372e-10,1.03,1.045,True,True,True,0.06317500000000356,0.03750000000000281,1.0009745762711864,1.0009745762711864,True,True,False,False,True,False,2.102624152542379
1.15,0.54,0.17,2.52510475e-05,0.24375000000000002,1.4702906976744184e-10,0.0,1.4702906976744184e-10,1.03,1.045,True,True,True,0.06317500000000356,0.03750000000000281,0.8514534883720927,0.8514534883720927,True,True,True,True,True,True,1.8035819767441916
1.15,0.54,0.19,2.52510475e-05,0.24375000000000002,1.4415553745928337e-10,0.0,1.4415553745928337e-10,1.03,1.045,True,True,True,0.06317500000000356,0.03750000000000281,0.7077768729641692,0.7077768729641692,True,True,True,True,True,True,1.5162287459283448
1.15,0.54,0.21,2.52510475e-05,0.24375000000000002,1.4139217252396164e-10,0.0,1.4139217252396164e-10,1.03,1.045,True,True,True,0.06317500000000356,0.03750000000000281,0.5696086261980824,0.5696086261980824,True,True,True,True,True,True,1.2398922523961713
1.15,0.54,0.23,2.52510475e-05,0.24375000000000002,1.3873275862068963e-10,0.0,1.3873275862068963e-10,1.03,1.045,True,True,True,0.06317500000000356,0.03750000000000281,0.43663793103448184,0.43663793103448184,True,True,True,True,True,True,0.9739508620689701
1.15,0.54,0.25,2.52510475e-05,0.24375000000000002,1.3617153846153843e-10,0.0,1.3617153846153843e-10,1.03,1.045,True,True,True,0.06317500000000356,0.03750000000000281,0.30857692307692186,0.30857692307692186,True,True,True,True,True,True,0.7178288461538501
1.15,0.54,0.27,2.52510475e-05,0.24375000000000002,1.3370317220543804e-10,0.0,1.3370317220543804e-10,1.03,1.045,True,True,True,0.06317500000000356,0.03750000000000281,0.18515861027190267,0.18515861027190267,True,True,True,True,True,True,0.4709922205438117
1.15,0.54,0.29,2.52510475e-05,0.24375000000000002,1.313227002967359e-10,0.0,1.313227002967359e-10,1.03,1.045,True,True,True,0.06317500000000356,0.03750000000000281,0.06613501483679532,0.06613501483679532,True,True,True,True,True,True,0.232945029673597
1.15,0.54,0.31,2.52510475e-05,0.24375000000000002,1.290255102040816e-10,0.0,1.290255102040816e-10,1.03,1.045,True,True,True,0.06317500000000356,0.03750000000000281,0.04872448979591894,0.04872448979591894,True,True,True,True,True,True,0.19812397959184425
1.15,0.54,0.33,2.52510475e-05,0.24375000000000002,1.2680730659025787e-10,0.0,1.2680730659025787e-10,1.03,1.045,True,True,True,0.06317500000000356,0.03750000000000281,0.15963467048710606,0.15963467048710606,True,True,True,True,True,True,0.41994434097421846
1.15,0.54,0.35,2.52510475e-05,0.24375000000000002,1.2466408450704224e-10,0.0,1.2466408450704224e-10,1.03,1.045,True,True,True,0.06317500000000356,0.03750000000000281,0.2667957746478874,0.2667957746478874,True,True,True,True,True,True,0.6342665492957812
1.15,0.56,0.15,2.52510475e-05,0.24375000000000002,1.519677966101695e-10,0.0,1.519677966101695e-10,1.03,1.045,True,True,True,0.06317500000000356,0.03750000000000281,1.0983898305084758,1.0983898305084758,True,True,False,False,True,False,2.2974546610169577
1.15,0.56,0.17,2.52510475e-05,0.24375000000000002,1.4893853820598007e-10,0.0,1.4893853820598007e-10,1.03,1.045,True,True,True,0.06317500000000356,0.03750000000000281,0.9469269102990041,0.9469269102990041,True,True,True,True,True,True,1.9945288205980145
1.15,0.56,0.19,2.52510475e-05,0.24375000000000002,1.4602768729641694e-10,0.0,1.4602768729641694e-10,1.03,1.045,True,True,True,0.06317500000000356,0.03750000000000281,0.8013843648208476,0.8013843648208476,True,True,True,True,True,True,1.7034437296417018
1.15,0.56,0.21,2.52510475e-05,0.24375000000000002,1.4322843450479234e-10,0.0,1.4322843450479234e-10,1.03,1.045,True,True,True,0.06317500000000356,0.03750000000000281,0.6614217252396175,0.6614217252396175,True,True,True,True,True,True,1.4235184504792415
1.15,0.56,0.23,2.52510475e-05,0.24375000000000002,1.405344827586207e-10,0.0,1.405344827586207e-10,1.03,1.045,True,True,True,0.06317500000000356,0.03750000000000281,0.5267241379310355,0.5267241379310355,True,True,True,True,True,True,1.1541232758620774
1.15,0.56,0.25,2.52510475e-05,0.24375000000000002,1.3794e-10,0.0,1.3794e-10,1.03,1.045,True,True,True,0.06317500000000356,0.03750000000000281,0.3970000000000001,0.3970000000000001,True,True,True,True,True,True,0.8946750000000065
1.15,0.56,0.27,2.52510475e-05,0.24375000000000002,1.354395770392749e-10,0.0,1.354395770392749e-10,1.03,1.045,True,True,True,0.06317500000000356,0.03750000000000281,0.2719788519637457,0.2719788519637457,True,True,True,True,True,True,0.6446327039274978
1.15,0.56,0.29,2.52510475e-05,0.24375000000000002,1.3302818991097924e-10,0.0,1.3302818991097924e-10,1.03,1.045,True,True,True,0.06317500000000356,0.03750000000000281,0.15140949554896263,0.15140949554896263,True,True,True,True,True,True,0.4034939910979316
1.15,0.56,0.31,2.52510475e-05,0.24375000000000002,1.3070116618075803e-10,0.0,1.3070116618075803e-10,1.03,1.045,True,True,True,0.06317500000000356,0.03750000000000281,0.03505830903790184,0.03505830903790184,True,True,True,True,True,True,0.17079161807581003
1.15,0.56,0.33,2.52510475e-05,0.24375000000000002,1.284541547277937e-10,0.0,1.284541547277937e-10,1.03,1.045,True,True,True,0.06317500000000356,0.03750000000000281,0.07729226361031394,0.07729226361031394,True,True,True,True,True,True,0.2552595272206343
1.15,0.56,0.35,2.52510475e-05,0.24375000000000002,1.262830985915493e-10,0.0,1.262830985915493e-10,1.03,1.045,True,True,True,0.06317500000000356,0.03750000000000281,0.18584507042253498,0.18584507042253498,True,True,True,True,True,True,0.4723651408450763
1.15,0.58,0.15,2.52510475e-05,0.24375000000000002,1.5391610169491525e-10,0.0,1.5391610169491525e-10,1.03,1.045,True,True,True,0.06317500000000356,0.03750000000000281,1.1958050847457629,1.1958050847457629,True,True,False,False,True,False,2.492285169491532
1.15,0.58,0.17,2.52510475e-05,0.24375000000000002,1.5084800664451827e-10,0.0,1.5084800664451827e-10,1.03,1.045,True,True,True,0.06317500000000356,0.03750000000000281,1.042400332225914,1.042400332225914,True,True,False,False,True,False,2.1854756644518343
1.15,0.58,0.19,2.52510475e-05,0.24375000000000002,1.4789983713355049e-10,0.0,1.4789983713355049e-10,1.03,1.045,True,True,True,0.06317500000000356,0.03750000000000281,0.8949918566775248,0.8949918566775248,True,True,True,True,True,True,1.890658713355056
1.15,0.58,0.21,2.52510475e-05,0.24375000000000002,1.45064696485623e-10,0.0,1.45064696485623e-10,1.03,1.045,True,True,True,0.06317500000000356,0.03750000000000281,0.75323482428115,0.75323482428115,True,True,True,True,True,True,1.6071446485623064
1.15,0.58,0.23,2.52510475e-05,0.24375000000000002,1.4233620689655172e-10,0.0,1.4233620689655172e-10,1.03,1.045,True,True,True,0.06317500000000356,0.03750000000000281,0.6168103448275863,0.6168103448275863,True,True,True,True,True,True,1.3342956896551792
1.15,0.58,0.25,2.52510475e-05,0.24375000000000002,1.3970846153846153e-10,0.0,1.3970846153846153e-10,1.03,1.045,True,True,True,0.06317500000000356,0.03750000000000281,0.48542307692307696,0.48542307692307696,True,True,True,True,True,True,1.0715211538461604
1.15,0.58,0.27,2.52510475e-05,0.24375000000000002,1.3717598187311177e-10,0.0,1.3717598187311177e-10,1.03,1.045,True,True,True,0.06317500000000356,0.03750000000000281,0.3587990936555888,0.3587990936555888,True,True,True,True,True,True,0.818273187311184
1.15,0.58,0.29,2.52510475e-05,0.24375000000000002,1.3473367952522256e-10,0.0,1.3473367952522256e-10,1.03,1.045,True,True,True,0.06317500000000356,0.03750000000000281,0.23668397626112866,0.23668397626112866,True,True,True,True,True,True,0.5740429525222637
1.15,0.58,0.31,2.52510475e-05,0.24375000000000002,1.3237682215743442e-10,0.0,1.3237682215743442e-10,1.03,1.045,True,True,True,0.06317500000000356,0.03750000000000281,0.11884110787172132,0.11884110787172132,True,True,True,True,True,True,0.338357215743449
1.15,0.58,0.33,2.52510475e-05,0.24375000000000002,1.3010100286532953e-10,0.0,1.3010100286532953e-10,1.03,1.045,True,True,True,0.06317500000000356,0.03750000000000281,0.00505014326647689,0.00505014326647689,True,True,True,True,True,True,0.11077528653296015
1.15,0.58,0.35,2.52510475e-05,0.24375000000000002,1.2790211267605634e-10,0.0,1.2790211267605634e-10,1.03,1.045,True,True,True,0.06317500000000356,0.03750000000000281,0.10489436619718254,0.10489436619718254,True,True,True,True,True,True,0.3104637323943714
1.15,0.6,0.15,2.52510475e-05,0.24375000000000002,1.5586440677966101e-10,0.0,1.5586440677966101e-10,1.03,1.045,True,True,True,0.06317500000000356,0.03750000000000281,1.2932203389830512,1.2932203389830512,True,True,False,False,True,False,2.6871156779661085
1.15,0.6,0.17,2.52510475e-05,0.24375000000000002,1.5275747508305648e-10,0.0,1.5275747508305648e-10,1.03,1.045,True,True,True,0.06317500000000356,0.03750000000000281,1.1378737541528243,1.1378737541528243,True,True,False,False,True,False,2.376422508305655
1.15,0.6,0.19,2.52510475e-05,0.24375000000000002,1.4977198697068403e-10,0.0,1.4977198697068403e-10,1.03,1.045,True,True,True,0.06317500000000356,0.03750000000000281,0.988599348534202,0.988599348534202,True,True,True,True,True,True,2.0778736970684104
1.15,0.6,0.21,2.52510475e-05,0.24375000000000002,1.4690095846645366e-10,0.0,1.4690095846645366e-10,1.03,1.045,True,True,True,0.06317500000000356,0.03750000000000281,0.8450479233226836,0.8450479233226836,True,True,True,True,True,True,1.7907708466453736
1.15,0.6,0.23,2.52510475e-05,0.24375000000000002,1.4413793103448276e-10,0.0,1.4413793103448276e-10,1.03,1.045,True,True,True,0.06317500000000356,0.03750000000000281,0.7068965517241387,0.7068965517241387,True,True,True,True,True,True,1.5144681034482836
1.15,0.6,0.25,2.52510475e-05,0.24375000000000002,1.4147692307692307e-10,0.0,1.4147692307692307e-10,1.03,1.045,True,True,True,0.06317500000000356,0.03750000000000281,0.5738461538461538,0.5738461538461538,True,True,True,True,True,True,1.2483673076923139
1.15,0.6,0.27,2.52510475e-05,0.24375000000000002,1.3891238670694863e-10,0.0,1.3891238670694863e-10,1.03,1.045,True,True,True,0.06317500000000356,0.03750000000000281,0.44561933534743187,0.44561933534743187,True,True,True,True,True,True,0.9919136706948701
1.15,0.6,0.29,2.52510475e-05,0.24375000000000002,1.3643916913946588e-10,0.0,1.3643916913946588e-10,1.03,1.045,True,True,True,0.06317500000000356,0.03750000000000281,0.32195845697329467,0.32195845697329467,True,True,True,True,True,True,0.7445919139465957
1.15,0.6,0.31,2.52510475e-05,0.24375000000000002,1.340524781341108e-10,0.0,1.340524781341108e-10,1.03,1.045,True,True,True,0.06317500000000356,0.03750000000000281,0.2026239067055408,0.2026239067055408,True,True,True,True,True,True,0.505922813411088
1.15,0.6,0.33,2.52510475e-05,0.24375000000000002,1.3174785100286534e-10,0.0,1.3174785100286534e-10,1.03,1.045,True,True,True,0.06317500000000356,0.03750000000000281,0.08739255014326772,0.08739255014326772,True,True,True,True,True,True,0.2754601002865418
1.15,0.6,0.35,2.52510475e-05,0.24375000000000002,1.295211267605634e-10,0.0,1.295211267605634e-10,1.03,1.045,True,True,True,0.06317500000000356,0.03750000000000281,0.023943661971830087,0.023943661971830087,True,True,True,True,True,True,0.14856232394366656
