beta_e_phys,gamma_exch_phys,gamma_drain_phys,D_over_H,Y_p,Li7_over_H,Be7_over_H,Li_total_over_H,screening_eff,capture_eff,beta_response_ok,exchange_response_ok,drain_response_ok,chi_D,chi_Y,chi_Li7,chi_Li_total,passes_D,passes_Y,Li7_OK,Li_total_OK,A7_flipped,ACCEPTED,chi_sum
0.7,0.0,0.0,2.5307905000000002e-05,0.24330000000000002,1.001e-10,0.0,1.001e-10,0.94,0.91,True,True,True,0.12635000000000712,0.07499999999999868,1.4949999999999999,1.4949999999999999,True,True,False,False,True,False,3.1913500000000052
0.7,0.0,0.05,2.5307905000000002e-05,0.24330000000000002,9.443396226415093e-11,0.0,9.443396226415093e-11,0.94,0.91,True,True,True,0.12635000000000712,0.07499999999999868,1.7783018867924532,1.7783018867924532,True,True,False,False,True,False,3.7579537735849122
0.7,0.0,0.1,2.5307905000000002e-05,0.24330000000000002,8.937499999999999e-11,0.0,8.937499999999999e-11,0.94,0.91,True,True,True,0.12635000000000712,0.07499999999999868,2.03125,2.03125,True,True,False,False,True,False,4.263850000000006
0.7,0.0,0.15,2.5307905000000002e-05,0.24330000000000002,8.483050847457627e-11,0.0,8.483050847457627e-11,0.94,0.91,True,True,True,0.12635000000000712,0.07499999999999868,2.2584745762711864,2.2584745762711864,True,True,False,False,True,False,4.718299152542379
0.7,0.0,0.2,2.5307905000000002e-05,0.24330000000000002,8.07258064516129e-11,0.0,8.07258064516129e-11,0.94,0.91,True,True,True,0.12635000000000712,0.07499999999999868,2.4637096774193545,2.4637096774193545,True,True,False,False,True,False,5.128769354838715
0.7,0.0,0.25,2.5307905000000002e-05,0.24330000000000002,7.699999999999999e-11,0.0,7.699999999999999e-11,0.94,0.91,True,True,True,0.12635000000000712,0.07499999999999868,2.65,2.65,True,True,False,False,True,False,5.501350000000006
0.7,0.0,0.3,2.5307905000000002e-05,0.24330000000000002,7.360294117647059e-11,0.0,7.360294117647059e-11,0.94,0.91,True,True,True,0.12635000000000712,0.07499999999999868,2.81985294117647,2.81985294117647,True,True,False,False,True,False,5.841055882352946
0.7,0.0,0.35,2.5307905000000002e-05,0.24330000000000002,7.049295774647887e-11,0.0,7.049295774647887e-11,0.94,0.91,True,True,True,0.12635000000000712,0.07499999999999868,2.975352112676056,2.975352112676056,True,True,False,False,True,False,6.152054225352118
0.7,0.0,0.4,2.5307905000000002e-05,0.24330000000000002,6.763513513513513e-11,0.0,6.763513513513513e-11,0.94,0.91,True,True,True,0.12635000000000712,0.07499999999999868,3.1182432432432434,3.1182432432432434,True,True,False,False,True,False,6.437836486486493
0.7,0.0,0.45,2.5307905000000002e-05,0.24330000000000002,6.5e-11,0.0,6.5e-11,0.94,0.91,True,True,True,0.12635000000000712,0.07499999999999868,3.25,3.25,True,True,False,False,True,False,6.701350000000006
0.7,0.0,0.5,2.5307905000000002e-05,0.24330000000000002,6.25625e-11,0.0,6.25625e-11,0.94,0.91,True,True,True,0.12635000000000712,0.07499999999999868,3.3718749999999997,3.3718749999999997,True,True,False,False,True,False,6.945100000000005
0.7,0.0,0.55,2.5307905000000002e-05,0.24330000000000002,6.030120481927711e-11,0.0,6.030120481927711e-11,0.94,0.91,True,True,True,0.12635000000000712,0.07499999999999868,3.4849397590361444,3.4849397590361444,True,True,False,False,True,False,7.171229518072295
0.7,0.0,0.6,2.5307905000000002e-05,0.24330000000000002,5.819767441860465e-11,0.0,5.819767441860465e-11,0.94,0.91,True,True,True,0.12635000000000712,0.07499999999999868,3.590116279069767,3.590116279069767,True,True,False,False,True,False,7.38158255813954
0.7,0.0,0.65,2.5307905000000002e-05,0.24330000000000002,5.623595505617977e-11,0.0,5.623595505617977e-11,0.94,0.91,True,True,True,0.12635000000000712,0.07499999999999868,3.688202247191011,3.688202247191011,True,True,False,False,True,False,7.577754494382028
0.7,0.0,0.7,2.5307905000000002e-05,0.24330000000000002,5.440217391304348e-11,0.0,5.440217391304348e-11,0.94,0.91,True,True,True,0.12635000000000712,0.07499999999999868,3.7798913043478257,3.7798913043478257,True,True,False,False,True,False,7.761132608695657
0.7,0.1,0.0,2.5307905000000002e-05,0.24330000000000002,1.1011000000000001e-10,0.0,1.1011000000000001e-10,0.94,0.91,True,True,True,0.12635000000000712,0.07499999999999868,0.9944999999999992,0.9944999999999992,True,True,True,True,True,True,2.190350000000004
0.7,0.1,0.05,2.5307905000000002e-05,0.24330000000000002,1.0387735849056604e-10,0.0,1.0387735849056604e-10,0.94,0.91,True,True,True,0.12635000000000712,0.07499999999999868,1.3061320754716979,1.3061320754716979,True,True,False,False,True,False,2.813614150943401
0.7,0.1,0.1,2.5307905000000002e-05,0.24330000000000002,9.83125e-11,0.0,9.83125e-11,0.94,0.91,True,True,True,0.12635000000000712,0.07499999999999868,1.5843749999999994,1.5843749999999994,True,True,False,False,True,False,3.3701000000000043
0.7,0.1,0.15,2.5307905000000002e-05,0.24330000000000002,9.331355932203392e-11,0.0,9.331355932203392e-11,0.94,0.91,True,True,True,0.12635000000000712,0.07499999999999868,1.834322033898304,1.834322033898304,True,True,False,False,True,False,3.869994067796614
0.7,0.1,0.2,2.5307905000000002e-05,0.24330000000000002,8.87983870967742e-11,0.0,8.87983870967742e-11,0.94,0.91,True,True,True,0.12635000000000712,0.07499999999999868,2.06008064516129,2.06008064516129,True,True,False,False,True,False,4.321511290322586
0.7,0.1,0.25,2.5307905000000002e-05,0.24330000000000002,8.47e-11,0.0,8.47e-11,0.94,0.91,True,True,True,0.12635000000000712,0.07499999999999868,2.2649999999999997,2.2649999999999997,True,True,False,False,True,False,4.731350000000005
0.7,0.1,0.3,2.5307905000000002e-05,0.24330000000000002,8.096323529411766e-11,0.0,8.096323529411766e-11,0.94,0.91,True,True,True,0.12635000000000712,0.07499999999999868,2.4518382352941166,2.4518382352941166,True,True,False,False,True,False,5.105026470588239
0.7,0.1,0.35,2.5307905000000002e-05,0.24330000000000002,7.754225352112677e-11,0.0,7.754225352112677e-11,0.94,0.91,True,True,True,0.12635000000000712,0.07499999999999868,2.622887323943661,2.622887323943661,True,True,False,False,True,False,5.447124647887328
0.7,0.1,0.4,2.5307905000000002e-05,0.24330000000000002,7.439864864864866e-11,0.0,7.439864864864866e-11,0.94,0.91,True,True,True,0.12635000000000712,0.07499999999999868,2.7800675675675666,2.7800675675675666,True,True,False,False,True,False,5.761485135135139
0.7,0.1,0.45,2.5307905000000002e-05,0.24330000000000002,7.15e-11,0.0,7.15e-11,0.94,0.91,True,True,True,0.12635000000000712,0.07499999999999868,2.925,2.925,True,True,False,False,True,False,6.051350000000006
0.7,0.1,0.5,2.5307905000000002e-05,0.24330000000000002,6.881875e-11,0.0,6.881875e-11,0.94,0.91,True,True,True,0.12635000000000712,0.07499999999999868,3.0590624999999996,3.0590624999999996,True,True,False,False,True,False,6.319475000000005
0.7,0.1,0.55,2.5307905000000002e-05,0.24330000000000002,6.633132530120482e-11,0.0,6.633132530120482e-11,0.94,0.91,True,True,True,0.12635000000000712,0.07499999999999868,3.183433734939759,3.183433734939759,True,True,False,False,True,False,6.5682174698795235
0.7,0.1,0.6,2.5307905000000002e-05,0.24330000000000002,6.401744186046512e-11,0.0,6.401744186046512e-11,0.94,0.91,True,True,True,0.12635000000000712,0.07499999999999868,3.2991279069767434,3.2991279069767434,True,True,False,False,True,False,6.799605813953493
0.7,0.1,0.65,2.5307905000000002e-05,0.24330000000000002,6.185955056179776e-11,0.0,6.185955056179776e-11,0.94,0.91,True,True,True,0.12635000000000712,0.07499999999999868,3.407022471910112,3.407022471910112,True,True,False,False,True,False,7.01539494382023
0.7,0.1,0.7,2.5307905000000002e-05,0.24330000000000002,5.984239130434783e-11,0.0,5.984239130434783e-11,0.94,0.91,True,True,True,0.12635000000000712,0.07499999999999868,3.5078804347826082,3.5078804347826082,True,True,False,False,True,False,7.217110869565222
0.7,0.2,0.0,2.5307905000000002e-05,0.24330000000000002,1.2012e-10,0.0,1.2012e-10,0.94,0.91,True,True,True,0.12635000000000712,0.07499999999999868,0.49399999999999983,0.49399999999999983,True,True,True,True,True,True,1.1893500000000055
0.7,0.2,0.05,2.5307905000000002e-05,0.24330000000000002,1.1332075471698112e-10,0.0,1.1332075471698112e-10,0.94,0.91,True,True,True,0.12635000000000712,0.07499999999999868,0.8339622641509438,0.8339622641509438,True,True,True,True,True,True,1.8692745283018932
0.7,0.2,0.1,2.5307905000000002e-05,0.24330000000000002,1.0724999999999998e-10,0.0,1.0724999999999998e-10,0.94,0.91,True,True,True,0.12635000000000712,0.07499999999999868,1.1375000000000006,1.1375000000000006,True,True,False,False,True,False,2.476350000000007
0.7,0.2,0.15,2.5307905000000002e-05,0.24330000000000002,1.0179661016949153e-10,0.0,1.0179661016949153e-10,0.94,0.91,True,True,True,0.12635000000000712,0.07499999999999868,1.4101694915254233,1.4101694915254233,True,True,False,False,True,False,3.0216889830508524
0.7,0.2,0.2,2.5307905000000002e-05,0.24330000000000002,9.687096774193548e-11,0.0,9.687096774193548e-11,0.94,0.91,True,True,True,0.12635000000000712,0.07499999999999868,1.6564516129032256,1.6564516129032256,True,True,False,False,True,False,3.514253225806457
0.7,0.2,0.25,2.5307905000000002e-05,0.24330000000000002,9.24e-11,0.0,9.24e-11,0.94,0.91,True,True,True,0.12635000000000712,0.07499999999999868,1.8799999999999997,1.8799999999999997,True,True,False,False,True,False,3.961350000000005
0.7,0.2,0.3,2.5307905000000002e-05,0.24330000000000002,8.83235294117647e-11,0.0,8.83235294117647e-11,0.94,0.91,True,True,True,0.12635000000000712,0.07499999999999868,2.0838235294117644,2.0838235294117644,True,True,False,False,True,False,4.368997058823535
0.7,0.2,0.35,2.5307905000000002e-05,0.24330000000000002,8.459154929577465e-11,0.0,8.459154929577465e-11,0.94,0.91,True,True,True,0.12635000000000712,0.07499999999999868,2.2704225352112672,2.2704225352112672,True,True,False,False,True,False,4.74219507042254
0.7,0.2,0.4,2.5307905000000002e-05,0.24330000000000002,8.116216216216216e-11,0.0,8.116216216216216e-11,0.94,0.91,True,True,True,0.12635000000000712,0.07499999999999868,2.441891891891892,2.441891891891892,True,True,False,False,True,False,5.08513378378379
0.7,0.2,0.45,2.5307905000000002e-05,0.24330000000000002,7.799999999999999e-11,0.0,7.799999999999999e-11,0.94,0.91,True,True,True,0.12635000000000712,0.07499999999999868,2.6,2.6,True,True,False,False,True,False,5.401350000000006
0.7,0.2,0.5,2.5307905000000002e-05,0.24330000000000002,7.5075e-11,0.0,7.5075e-11,0.94,0.91,True,True,True,0.12635000000000712,0.07499999999999868,2.74625,2.74625,True,True,False,False,True,False,5.693850000000006
0.7,0.2,0.55,2.5307905000000002e-05,0.24330000000000002,7.236144578313252e-11,0.0,7.236144578313252e-11,0.94,0.91,True,True,True,0.12635000000000712,0.07499999999999868,2.8819277108433736,2.8819277108433736,True,True,False,False,True,False,5.965205421686753
0.7,0.2,0.6,2.5307905000000002e-05,0.24330000000000002,6.983720930232558e-11,0.0,6.983720930232558e-11,0.94,0.91,True,True,True,0.12635000000000712,0.07499999999999868,3.0081395348837208,3.0081395348837208,True,True,False,False,True,False,6.2176290697674474
0.7,0.2,0.65,2.5307905000000002e-05,0.24330000000000002,6.748314606741573e-11,0.0,6.748314606741573e-11,0.94,0.91,True,True,True,0.12635000000000712,0.07499999999999868,3.1258426966292134,3.1258426966292134,True,True,False,False,True,False,6.453035393258433
0.7,0.2,0.7,2.5307905000000002e-05,0.24330000000000002,6.528260869565217e-11,0.0,6.528260869565217e-11,0.94,0.91,True,True,True,0.12635000000000712,0.07499999999999868,3.235869565217391,3.235869565217391,True,True,False,False,True,False,6.673089130434788
0.7,0.3,0.0,2.5307905000000002e-05,0.24330000000000002,1.3013e-10,0.0,1.3013e-10,0.94,0.91,True,True,True,0.12635000000000712,0.07499999999999868,0.0065000000000001844,0.0065000000000001844,True,True,True,True,True,True,0.21435000000000615
0.7,0.3,0.05,2.5307905000000002e-05,0.24330000000000002,1.227641509433962e-10,0.0,1.227641509433962e-10,0.94,0.91,True,True,True,0.12635000000000712,0.07499999999999868,0.3617924528301891,0.3617924528301891,True,True,True,True,True,True,0.924934905660384
0.7,0.3,0.1,2.5307905000000002e-05,0.24330000000000002,1.1618749999999998e-10,0.0,1.1618749999999998e-10,0.94,0.91,True,True,True,0.12635000000000712,0.07499999999999868,0.6906250000000006,0.6906250000000006,True,True,True,True,True,True,1.582600000000007
0.7,0.3,0.15,2.5307905000000002e-05,0.24330000000000002,1.1027966101694915e-10,0.0,1.1027966101694915e-10,0.94,0.91,True,True,True,0.12635000000000712,0.07499999999999868,0.9860169491525422,0.9860169491525422,True,True,True,True,True,True,2.17338389830509
0.7,0.3,0.2,2.5307905000000002e-05,0.24330000000000002,1.0494354838709677e-10,0.0,1.0494354838709677e-10,0.94,0.91,True,True,True,0.12635000000000712,0.07499999999999868,1.2528225806451614,1.2528225806451614,True,True,False,False,True,False,2.7069951612903287
0.7,0.3,0.25,2.5307905000000002e-05,0.24330000000000002,1.001e-10,0.0,1.001e-10,0.94,0.91,True,True,True,0.12635000000000712,0.07499999999999868,1.4949999999999999,1.4949999999999999,True,True,False,False,True,False,3.1913500000000052
0.7,0.3,0.3,2.5307905000000002e-05,0.24330000000000002,9.568382352941176e-11,0.0,9.568382352941176e-11,0.94,0.91,True,True,True,0.12635000000000712,0.07499999999999868,1.7158088235294116,1.7158088235294116,True,True,False,False,True,False,3.6329676470588286
0.7,0.3,0.35,2.5307905000000002e-05,0.24330000000000002,9.164084507042253e-11,0.0,9.164084507042253e-11,0.94,0.91,True,True,True,0.12635000000000712,0.07499999999999868,1.9179577464788728,1.9179577464788728,True,True,False,False,True,False,4.037265492957752
0.7,0.3,0.4,2.5307905000000002e-05,0.24330000000000002,8.792567567567568e-11,0.0,8.792567567567568e-11,0.94,0.91,True,True,True,0.12635000000000712,0.07499999999999868,2.103716216216216,2.103716216216216,True,True,False,False,True,False,4.408782432432438
0.7,0.3,0.45,2.5307905000000002e-05,0.24330000000000002,8.449999999999999e-11,0.0,8.449999999999999e-11,0.94,0.91,True,True,True,0.12635000000000712,0.07499999999999868,2.275,2.275,True,True,False,False,True,False,4.751350000000006
0.7,0.3,0.5,2.5307905000000002e-05,0.24330000000000002,8.133124999999999e-11,0.0,8.133124999999999e-11,0.94,0.91,True,True,True,0.12635000000000712,0.07499999999999868,2.4334375,2.4334375,True,True,False,False,True,False,5.068225000000006
0.7,0.3,0.55,2.5307905000000002e-05,0.24330000000000002,7.839156626506023e-11,0.0,7.839156626506023e-11,0.94,0.91,True,True,True,0.12635000000000712,0.07499999999999868,2.580421686746988,2.580421686746988,True,True,False,False,True,False,5.362193373493982
0.7,0.3,0.6,2.5307905000000002e-05,0.24330000000000002,7.565697674418604e-11,0.0,7.565697674418604e-11,0.94,0.91,True,True,True,0.12635000000000712,0.07499999999999868,2.7171511627906977,2.7171511627906977,True,True,False,False,True,False,5.635652325581401
0.7,0.3,0.65,2.5307905000000002e-05,0.24330000000000002,7.31067415730337e-11,0.0,7.31067415730337e-11,0.94,0.91,True,True,True,0.12635000000000712,0.07499999999999868,2.8446629213483146,2.8446629213483146,True,True,False,False,True,False,5.890675842696635
0.7,0.3,0.7,2.5307905000000002e-05,0.24330000000000002,7.072282608695653e-11,0.0,7.072282608695653e-11,0.94,0.91,True,True,True,0.12635000000000712,0.07499999999999868,2.9638586956521733,2.9638586956521733,True,True,False,False,True,False,6.1290673913043525
0.7,0.4,0.0,2.5307905000000002e-05,0.24330000000000002,1.4014e-10,0.0,1.4014e-10,0.94,0.91,True,True,True,0.12635000000000712,0.07499999999999868,0.5070000000000002,0.5070000000000002,True,True,True,True,True,True,1.2153500000000061
0.7,0.4,0.05,2.5307905000000002e-05,0.24330000000000002,1.322075471698113e-10,0.0,1.322075471698113e-10,0.94,0.91,True,True,True,0.12635000000000712,0.07499999999999868,0.11037735849056554,0.11037735849056554,True,True,True,True,True,True,0.42210471698113683
0.7,0.4,0.1,2.5307905000000002e-05,0.24330000000000002,1.25125e-10,0.0,1.25125e-10,0.94,0.91,True,True,True,0.12635000000000712,0.07499999999999868,0.24374999999999983,0.24374999999999983,True,True,True,True,True,True,0.6888500000000054
0.7,0.4,0.15,2.5307905000000002e-05,0.24330000000000002,1.1876271186440677e-10,0.0,1.1876271186440677e-10,0.94,0.91,True,True,True,0.12635000000000712,0.07499999999999868,0.561864406779661,0.561864406779661,True,True,True,True,True,True,1.3250788135593279
0.7,0.4,0.2,2.5307905000000002e-05,0.24330000000000002,1.1301612903225806e-10,0.0,1.1301612903225806e-10,0.94,0.91,True,True,True,0.12635000000000712,0.07499999999999868,0.8491935483870965,0.8491935483870965,True,True,True,True,True,True,1.8997370967741987
0.7,0.4,0.25,2.5307905000000002e-05,0.24330000000000002,1.0779999999999999e-10,0.0,1.0779999999999999e-10,0.94,0.91,True,True,True,0.12635000000000712,0.07499999999999868,1.1099999999999999,1.1099999999999999,True,True,False,False,True,False,2.4213500000000057
0.7,0.4,0.3,2.5307905000000002e-05,0.24330000000000002,1.0304411764705883e-10,0.0,1.0304411764705883e-10,0.94,0.91,True,True,True,0.12635000000000712,0.07499999999999868,1.3477941176470578,1.3477941176470578,True,True,False,False,True,False,2.8969382352941215
0.7,0.4,0.35,2.5307905000000002e-05,0.24330000000000002,9.869014084507042e-11,0.0,9.869014084507042e-11,0.94,0.91,True,True,True,0.12635000000000712,0.07499999999999868,1.5654929577464785,1.5654929577464785,True,True,False,False,True,False,3.332335915492963
0.7,0.4,0.4,2.5307905000000002e-05,0.24330000000000002,9.468918918918918e-11,0.0,9.468918918918918e-11,0.94,0.91,True,True,True,0.12635000000000712,0.07499999999999868,1.7655405405405404,1.7655405405405404,True,True,False,False,True,False,3.732431081081087
0.7,0.4,0.45,2.5307905000000002e-05,0.24330000000000002,9.1e-11,0.0,9.1e-11,0.94,0.91,True,True,True,0.12635000000000712,0.07499999999999868,1.95,1.95,True,True,False,False,True,False,4.101350000000005
0.7,0.4,0.5,2.5307905000000002e-05,0.24330000000000002,8.75875e-11,0.0,8.75875e-11,0.94,0.91,True,True,True,0.12635000000000712,0.07499999999999868,2.120625,2.120625,True,True,False,False,True,False,4.442600000000006
0.7,0.4,0.55,2.5307905000000002e-05,0.24330000000000002,8.442168674698794e-11,0.0,8.442168674698794e-11,0.94,0.91,True,True,True,0.12635000000000712,0.07499999999999868,2.2789156626506024,2.2789156626506024,True,True,False,False,True,False,4.759181325301211
0.7,0.4,0.6,2.5307905000000002e-05,0.24330000000000002,8.147674418604651e-11,0.0,8.147674418604651e-11,0.94,0.91,True,True,True,0.12635000000000712,0.07499999999999868,2.426162790697674,2.426162790697674,True,True,False,False,True,False,5.053675581395354
0.7,0.4,0.65,2.5307905000000002e-05,0.24330000000000002,7.873033707865168e-11,0.0,7.873033707865168e-11,0.94,0.91,True,True,True,0.12635000000000712,0.07499999999999868,2.5634831460674157,2.5634831460674157,True,True,False,False,True,False,5.328316292134837
0.7,0.4,0.7,2.5307905000000002e-05,0.24330000000000002,7.616304347826087e-11,0.0,7.616304347826087e-11,0.94,0.91,True,True,True,0.12635000000000712,0.07499999999999868,2.6918478260869563,2.6918478260869563,True,True,False,False,True,False,5.5850456521739185
0.7,0.5,0.0,2.5307905000000002e-05,0.24330000000000002,1.5015e-10,0.0,1.5015e-10,0.94,0.91,True,True,True,0.12635000000000712,0.07499999999999868,1.0075000000000003,1.0075000000000003,True,True,False,False,True,False,2.2163500000000065
0.7,0.5,0.05,2.5307905000000002e-05,0.24330000000000002,1.416509433962264e-10,0.0,1.416509433962264e-10,0.94,0.91,True,True,True,0.12635000000000712,0.07499999999999868,0.5825471698113203,0.5825471698113203,True,True,True,True,True,True,1.3664443396226464
0.7,0.5,0.1,2.5307905000000002e-05,0.24330000000000002,1.3406249999999997e-10,0.0,1.3406249999999997e-10,0.94,0.91,True,True,True,0.12635000000000712,0.07499999999999868,0.203124999999999,0.203124999999999,True,True,True,True,True,True,0.6076000000000038
0.7,0.5,0.15,2.5307905000000002e-05,0.24330000000000002,1.2724576271186442e-10,0.0,1.2724576271186442e-10,0.94,0.91,True,True,True,0.12635000000000712,0.07499999999999868,0.13771186440677854,0.13771186440677854,True,True,True,True,True,True,0.47677372881356284
0.7,0.5,0.2,2.5307905000000002e-05,0.24330000000000002,1.2108870967741935e-10,0.0,1.2108870967741935e-10,0.94,0.91,True,True,True,0.12635000000000712,0.07499999999999868,0.44556451612903225,0.44556451612903225,True,True,True,True,True,True,1.0924790322580704
0.7,0.5,0.25,2.5307905000000002e-05,0.24330000000000002,1.1549999999999999e-10,0.0,1.1549999999999999e-10,0.94,0.91,True,True,True,0.12635000000000712,0.07499999999999868,0.7250000000000001,0.7250000000000001,True,True,True,True,True,True,1.651350000000006
0.7,0.5,0.3,2.5307905000000002e-05,0.24330000000000002,1.1040441176470589e-10,0.0,1.1040441176470589e-10,0.94,0.91,True,True,True,0.12635000000000712,0.07499999999999868,0.979779411764705,0.979779411764705,True,True,True,True,True,True,2.1609088235294154
0.7,0.5,0.35,2.5307905000000002e-05,0.24330000000000002,1.0573943661971831e-10,0.0,1.0573943661971831e-10,0.94,0.91,True,True,True,0.12635000000000712,0.07499999999999868,1.213028169014084,1.213028169014084,True,True,False,False,True,False,2.627406338028174
0.7,0.5,0.4,2.5307905000000002e-05,0.24330000000000002,1.014527027027027e-10,0.0,1.014527027027027e-10,0.94,0.91,True,True,True,0.12635000000000712,0.07499999999999868,1.4273648648648645,1.4273648648648645,True,True,False,False,True,False,3.056079729729735
0.7,0.5,0.45,2.5307905000000002e-05,0.24330000000000002,9.75e-11,0.0,9.75e-11,0.94,0.91,True,True,True,0.12635000000000712,0.07499999999999868,1.6249999999999996,1.6249999999999996,True,True,False,False,True,False,3.451350000000005
0.7,0.5,0.5,2.5307905000000002e-05,0.24330000000000002,9.384374999999999e-11,0.0,9.384374999999999e-11,0.94,0.91,True,True,True,0.12635000000000712,0.07499999999999868,1.8078125000000003,1.8078125000000003,True,True,False,False,True,False,3.8169750000000064
0.7,0.5,0.55,2.5307905000000002e-05,0.24330000000000002,9.045180722891565e-11,0.0,9.045180722891565e-11,0.94,0.91,True,True,True,0.12635000000000712,0.07499999999999868,1.977409638554217,1.977409638554217,True,True,False,False,True,False,4.1561692771084395
0.7,0.5,0.6,2.5307905000000002e-05,0.24330000000000002,8.729651162790697e-11,0.0,8.729651162790697e-11,0.94,0.91,True,True,True,0.12635000000000712,0.07499999999999868,2.135174418604651,2.135174418604651,True,True,False,False,True,False,4.471698837209308
0.7,0.5,0.65,2.5307905000000002e-05,0.24330000000000002,8.435393258426966e-11,0.0,8.435393258426966e-11,0.94,0.91,True,True,True,0.12635000000000712,0.07499999999999868,2.282303370786517,2.282303370786517,True,True,False,False,True,False,4.7659567415730395
0.7,0.5,0.7,2.5307905000000002e-05,0.24330000000000002,8.160326086956522e-11,0.0,8.160326086956522e-11,0.94,0.91,True,True,True,0.12635000000000712,0.07499999999999868,2.419836956521739,2.419836956521739,True,True,False,False,True,False,5.0410239130434835
0.7,0.6,0.0,2.5307905000000002e-05,0.24330000000000002,1.6016e-10,0.0,1.6016e-10,0.94,0.91,True,True,True,0.12635000000000712,0.07499999999999868,1.5080000000000002,1.5080000000000002,True,True,False,False,True,False,3.217350000000006
0.7,0.6,0.05,2.5307905000000002e-05,0.24330000000000002,1.510943396226415e-10,0.0,1.510943396226415e-10,0.94,0.91,True,True,True,0.12635000000000712,0.07499999999999868,1.054716981132075,1.054716981132075,True,True,False,False,True,False,2.3107839622641553
0.7,0.6,0.1,2.5307905000000002e-05,0.24330000000000002,1.4299999999999997e-10,0.0,1.4299999999999997e-10,0.94,0.91,True,True,True,0.12635000000000712,0.07499999999999868,0.6499999999999991,0.6499999999999991,True,True,True,True,True,True,1.501350000000004
0.7,0.6,0.15,2.5307905000000002e-05,0.24330000000000002,1.3572881355932204e-10,0.0,1.3572881355932204e-10,0.94,0.91,True,True,True,0.12635000000000712,0.07499999999999868,0.2864406779661026,0.2864406779661026,True,True,True,True,True,True,0.774231355932211
0.7,0.6,0.2,2.5307905000000002e-05,0.24330000000000002,1.2916129032258064e-10,0.0,1.2916129032258064e-10,0.94,0.91,True,True,True,0.12635000000000712,0.07499999999999868,0.04193548387096739,0.04193548387096739,True,True,True,True,True,True,0.2852209677419406
0.7,0.6,0.25,2.5307905000000002e-05,0.24330000000000002,1.232e-10,0.0,1.232e-10,0.94,0.91,True,True,True,0.12635000000000712,0.07499999999999868,0.33999999999999964,0.33999999999999964,True,True,True,True,True,True,0.8813500000000051
0.7,0.6,0.3,2.5307905000000002e-05,0.24330000000000002,1.1776470588235295e-10,0.0,1.1776470588235295e-10,0.94,0.91,True,True,True,0.12635000000000712,0.07499999999999868,0.6117647058823521,0.6117647058823521,True,True,True,True,True,True,1.4248794117647101
0.7,0.6,0.35,2.5307905000000002e-05,0.24330000000000002,1.127887323943662e-10,0.0,1.127887323943662e-10,0.94,0.91,True,True,True,0.12635000000000712,0.07499999999999868,0.8605633802816895,0.8605633802816895,True,True,True,True,True,True,1.9224767605633848
0.7,0.6,0.4,2.5307905000000002e-05,0.24330000000000002,1.0821621621621621e-10,0.0,1.0821621621621621e-10,0.94,0.91,True,True,True,0.12635000000000712,0.07499999999999868,1.089189189189189,1.089189189189189,True,True,False,False,True,False,2.379728378378384
0.7,0.6,0.45,2.5307905000000002e-05,0.24330000000000002,1.0399999999999999e-10,0.0,1.0399999999999999e-10,0.94,0.91,True,True,True,0.12635000000000712,0.07499999999999868,1.3,1.3,True,True,False,False,True,False,2.8013500000000056
0.7,0.6,0.5,2.5307905000000002e-05,0.24330000000000002,1.001e-10,0.0,1.001e-10,0.94,0.91,True,True,True,0.12635000000000712,0.07499999999999868,1.4949999999999999,1.4949999999999999,True,True,False,False,True,False,3.1913500000000052
0.7,0.6,0.55,2.5307905000000002e-05,0.24330000000000002,9.648192771084337e-11,0.0,9.648192771084337e-11,0.94,0.91,True,True,True,0.12635000000000712,0.07499999999999868,1.6759036144578314,1.6759036144578314,True,True,False,False,True,False,3.5531572289156683
0.7,0.6,0.6,2.5307905000000002e-05,0.24330000000000002,9.311627906976744e-11,0.0,9.311627906976744e-11,0.94,0.91,True,True,True,0.12635000000000712,0.07499999999999868,1.8441860465116278,1.8441860465116278,True,True,False,False,True,False,3.889722093023261
0.7,0.6,0.65,2.5307905000000002e-05,0.24330000000000002,8.997752808988764e-11,0.0,8.997752808988764e-11,0.94,0.91,True,True,True,0.12635000000000712,0.07499999999999868,2.0011235955056175,2.0011235955056175,True,True,False,False,True,False,4.203597191011241
0.7,0.6,0.7,2.5307905000000002e-05,0.24330000000000002,8.704347826086957e-11,0.0,8.704347826086957e-11,0.94,0.91,True,True,True,0.12635000000000712,0.07499999999999868,2.147826086956521,2.147826086956521,True,True,False,False,True,False,4.497002173913048
0.7,0.7,0.0,2.5307905000000002e-05,0.24330000000000002,1.7017e-10,0.0,1.7017e-10,0.94,0.91,True,True,True,0.12635000000000712,0.07499999999999868,2.0085,2.0085,True,True,False,False,True,False,4.218350000000006
0.7,0.7,0.05,2.5307905000000002e-05,0.24330000000000002,1.6053773584905658e-10,0.0,1.6053773584905658e-10,0.94,0.91,True,True,True,0.12635000000000712,0.07499999999999868,1.5268867924528295,1.5268867924528295,True,True,False,False,True,False,3.2551235849056646
0.7,0.7,0.1,2.5307905000000002e-05,0.24330000000000002,1.5193749999999997e-10,0.0,1.5193749999999997e-10,0.94,0.91,True,True,True,0.12635000000000712,0.07499999999999868,1.0968749999999992,1.0968749999999992,True,True,False,False,True,False,2.395100000000004
0.7,0.7,0.15,2.5307905000000002e-05,0.24330000000000002,1.4421186440677967e-10,0.0,1.4421186440677967e-10,0.94,0.91,True,True,True,0.12635000000000712,0.07499999999999868,0.7105932203389838,0.7105932203389838,True,True,True,True,True,True,1.6225364406779734
0.7,0.7,0.2,2.5307905000000002e-05,0.24330000000000002,1.3723387096774194e-10,0.0,1.3723387096774194e-10,0.94,0.91,True,True,True,0.12635000000000712,0.07499999999999868,0.36169354838709744,0.36169354838709744,True,True,True,True,True,True,0.9247370967742007
0.7,0.7,0.25,2.5307905000000002e-05,0.24330000000000002,1.3089999999999998e-10,0.0,1.3089999999999998e-10,0.94,0.91,True,True,True,0.12635000000000712,0.07499999999999868,0.04499999999999959,0.04499999999999959,True,True,True,True,True,True,0.291350000000005
0.7,0.7,0.3,2.5307905000000002e-05,0.24330000000000002,1.25125e-10,0.0,1.25125e-10,0.94,0.91,True,True,True,0.12635000000000712,0.07499999999999868,0.24374999999999983,0.24374999999999983,True,True,True,True,True,True,0.6888500000000054
0.7,0.7,0.35,2.5307905000000002e-05,0.24330000000000002,1.198380281690141e-10,0.0,1.198380281690141e-10,0.94,0.91,True,True,True,0.12635000000000712,0.07499999999999868,0.5080985915492952,0.5080985915492952,True,True,True,True,True,True,1.217547183098596
0.7,0.7,0.4,2.5307905000000002e-05,0.24330000000000002,1.1497972972972972e-10,0.0,1.1497972972972972e-10,0.94,0.91,True,True,True,0.12635000000000712,0.07499999999999868,0.7510135135135135,0.7510135135135135,True,True,True,True,True,True,1.7033770270270328
0.7,0.7,0.45,2.5307905000000002e-05,0.24330000000000002,1.1049999999999999e-10,0.0,1.1049999999999999e-10,0.94,0.91,True,True,True,0.12635000000000712,0.07499999999999868,0.975,0.975,True,True,True,True,True,True,2.1513500000000056
0.7,0.7,0.5,2.5307905000000002e-05,0.24330000000000002,1.0635624999999999e-10,0.0,1.0635624999999999e-10,0.94,0.91,True,True,True,0.12635000000000712,0.07499999999999868,1.1821875000000002,1.1821875000000002,True,True,False,False,True,False,2.565725000000006
0.7,0.7,0.55,2.5307905000000002e-05,0.24330000000000002,1.0251204819277106e-10,0.0,1.0251204819277106e-10,0.94,0.91,True,True,True,0.12635000000000712,0.07499999999999868,1.3743975903614463,1.3743975903614463,True,True,False,False,True,False,2.950145180722898
0.7,0.7,0.6,2.5307905000000002e-05,0.24330000000000002,9.893604651162791e-11,0.0,9.893604651162791e-11,0.94,0.91,True,True,True,0.12635000000000712,0.07499999999999868,1.5531976744186042,1.5531976744186042,True,True,False,False,True,False,3.307745348837214
0.7,0.7,0.65,2.5307905000000002e-05,0.24330000000000002,9.560112359550562e-11,0.0,9.560112359550562e-11,0.94,0.91,True,True,True,0.12635000000000712,0.07499999999999868,1.7199438202247188,1.7199438202247188,True,True,False,False,True,False,3.641237640449443
0.7,0.7,0.7,2.5307905000000002e-05,0.24330000000000002,9.248369565217391e-11,0.0,9.248369565217391e-11,0.94,0.91,True,True,True,0.12635000000000712,0.07499999999999868,1.8758152173913039,1.8758152173913039,True,True,False,False,True,False,3.9529804347826136
0.7,0.8,0.0,2.5307905000000002e-05,0.24330000000000002,1.8018e-10,0.0,1.8018e-10,0.94,0.91,True,True,True,0.12635000000000712,0.07499999999999868,2.5090000000000003,2.5090000000000003,True,True,False,False,True,False,5.219350000000007
0.7,0.8,0.05,2.5307905000000002e-05,0.24330000000000002,1.6998113207547167e-10,0.0,1.6998113207547167e-10,0.94,0.91,True,True,True,0.12635000000000712,0.07499999999999868,1.9990566037735842,1.9990566037735842,True,True,False,False,True,False,4.199463207547174
0.7,0.8,0.1,2.5307905000000002e-05,0.24330000000000002,1.6087499999999997e-10,0.0,1.6087499999999997e-10,0.94,0.91,True,True,True,0.12635000000000712,0.07499999999999868,1.5437499999999993,1.5437499999999993,True,True,False,False,True,False,3.2888500000000045
0.7,0.8,0.15,2.5307905000000002e-05,0.24330000000000002,1.526949152542373e-10,0.0,1.526949152542373e-10,0.94,0.91,True,True,True,0.12635000000000712,0.07499999999999868,1.134745762711865,1.134745762711865,True,True,False,False,True,False,2.4708415254237357
0.7,0.8,0.2,2.5307905000000002e-05,0.24330000000000002,1.453064516129032e-10,0.0,1.453064516129032e-10,0.94,0.91,True,True,True,0.12635000000000712,0.07499999999999868,0.765322580645161,0.765322580645161,True,True,True,True,True,True,1.7319951612903277
0.7,0.8,0.25,2.5307905000000002e-05,0.24330000000000002,1.386e-10,0.0,1.386e-10,0.94,0.91,True,True,True,0.12635000000000712,0.07499999999999868,0.4300000000000001,0.4300000000000001,True,True,True,True,True,True,1.061350000000006
0.7,0.8,0.3,2.5307905000000002e-05,0.24330000000000002,1.3248529411764707e-10,0.0,1.3248529411764707e-10,0.94,0.91,True,True,True,0.12635000000000712,0.07499999999999868,0.12426470588235373,0.12426470588235373,True,True,True,True,True,True,0.44987941176471324
0.7,0.8,0.35,2.5307905000000002e-05,0.24330000000000002,1.2688732394366196e-10,0.0,1.2688732394366196e-10,0.94,0.91,True,True,True,0.12635000000000712,0.07499999999999868,0.15563380281690137,0.15563380281690137,True,True,True,True,True,True,0.5126176056338085
0.7,0.8,0.4,2.5307905000000002e-05,0.24330000000000002,1.2174324324324324e-10,0.0,1.2174324324324324e-10,0.94,0.91,True,True,True,0.12635000000000712,0.07499999999999868,0.4128378378378375,0.4128378378378375,True,True,True,True,True,True,1.0270256756756808
0.7,0.8,0.45,2.5307905000000002e-05,0.24330000000000002,1.1699999999999998e-10,0.0,1.1699999999999998e-10,0.94,0.91,True,True,True,0.12635000000000712,0.07499999999999868,0.6500000000000004,0.6500000000000004,True,True,True,True,True,True,1.5013500000000066
0.7,0.8,0.5,2.5307905000000002e-05,0.24330000000000002,1.126125e-10,0.0,1.126125e-10,0.94,0.91,True,True,True,0.12635000000000712,0.07499999999999868,0.8693749999999998,0.8693749999999998,True,True,True,True,True,True,1.9401000000000055
0.7,0.8,0.55,2.5307905000000002e-05,0.24330000000000002,1.0854216867469878e-10,0.0,1.0854216867469878e-10,0.94,0.91,True,True,True,0.12635000000000712,0.07499999999999868,1.0728915662650607,1.0728915662650607,True,True,False,False,True,False,2.347133132530127
0.7,0.8,0.6,2.5307905000000002e-05,0.24330000000000002,1.0475581395348837e-10,0.0,1.0475581395348837e-10,0.94,0.91,True,True,True,0.12635000000000712,0.07499999999999868,1.2622093023255812,1.2622093023255812,True,True,False,False,True,False,2.7257686046511678
0.7,0.8,0.65,2.5307905000000002e-05,0.24330000000000002,1.0122471910112358e-10,0.0,1.0122471910112358e-10,0.94,0.91,True,True,True,0.12635000000000712,0.07499999999999868,1.4387640449438204,1.4387640449438204,True,True,False,False,True,False,3.078878089887646
0.7,0.8,0.7,2.5307905000000002e-05,0.24330000000000002,9.792391304347827e-11,0.0,9.792391304347827e-11,0.94,0.91,True,True,True,0.12635000000000712,0.07499999999999868,1.6038043478260862,1.6038043478260862,True,True,False,False,True,False,3.408958695652178
0.7,0.9,0.0,2.5307905000000002e-05,0.24330000000000002,1.9019e-10,0.0,1.9019e-10,0.94,0.91,True,True,True,0.12635000000000712,0.07499999999999868,3.0095,3.0095,True,True,False,False,True,False,6.220350000000006
0.7,0.9,0.05,2.5307905000000002e-05,0.24330000000000002,1.7942452830188677e-10,0.0,1.7942452830188677e-10,0.94,0.91,True,True,True,0.12635000000000712,0.07499999999999868,2.471226415094339,2.471226415094339,True,True,False,False,True,False,5.143802830188684
0.7,0.9,0.1,2.5307905000000002e-05,0.24330000000000002,1.6981249999999998e-10,0.0,1.6981249999999998e-10,0.94,0.91,True,True,True,0.12635000000000712,0.07499999999999868,1.9906249999999994,1.9906249999999994,True,True,False,False,True,False,4.182600000000004
0.7,0.9,0.15,2.5307905000000002e-05,0.24330000000000002,1.611779661016949e-10,0.0,1.611779661016949e-10,0.94,0.91,True,True,True,0.12635000000000712,0.07499999999999868,1.558898305084746,1.558898305084746,True,True,False,False,True,False,3.319146610169498
0.7,0.9,0.2,2.5307905000000002e-05,0.24330000000000002,1.533790322580645e-10,0.0,1.533790322580645e-10,0.94,0.91,True,True,True,0.12635000000000712,0.07499999999999868,1.1689516129032258,1.1689516129032258,True,True,False,False,True,False,2.5392532258064575
0.7,0.9,0.25,2.5307905000000002e-05,0.24330000000000002,1.4629999999999998e-10,0.0,1.4629999999999998e-10,0.94,0.91,True,True,True,0.12635000000000712,0.07499999999999868,0.8149999999999993,0.8149999999999993,True,True,True,True,True,True,1.8313500000000043
0.7,0.9,0.3,2.5307905000000002e-05,0.24330000000000002,1.3984558823529414e-10,0.0,1.3984558823529414e-10,0.94,0.91,True,True,True,0.12635000000000712,0.07499999999999868,0.4922794117647073,0.4922794117647073,True,True,True,True,True,True,1.1859088235294204
0.7,0.9,0.35,2.5307905000000002e-05,0.24330000000000002,1.3393661971830986e-10,0.0,1.3393661971830986e-10,0.94,0.91,True,True,True,0.12635000000000712,0.07499999999999868,0.19683098591549372,0.19683098591549372,True,True,True,True,True,True,0.5950119718309933
0.7,0.9,0.4,2.5307905000000002e-05,0.24330000000000002,1.2850675675675675e-10,0.0,1.2850675675675675e-10,0.94,0.91,True,True,True,0.12635000000000712,0.07499999999999868,0.07466216216216212,0.07466216216216212,True,True,True,True,True,True,0.3506743243243301
0.7,0.9,0.45,2.5307905000000002e-05,0.24330000000000002,1.235e-10,0.0,1.235e-10,0.94,0.91,True,True,True,0.12635000000000712,0.07499999999999868,0.3250000000000002,0.3250000000000002,True,True,True,True,True,True,0.8513500000000062
0.7,0.9,0.5,2.5307905000000002e-05,0.24330000000000002,1.1886875e-10,0.0,1.1886875e-10,0.94,0.91,True,True,True,0.12635000000000712,0.07499999999999868,0.5565625000000002,0.5565625000000002,True,True,True,True,True,True,1.314475000000006
0.7,0.9,0.55,2.5307905000000002e-05,0.24330000000000002,1.1457228915662649e-10,0.0,1.1457228915662649e-10,0.94,0.91,True,True,True,0.12635000000000712,0.07499999999999868,0.7713855421686752,0.7713855421686752,True,True,True,True,True,True,1.744121084337356
0.7,0.9,0.6,2.5307905000000002e-05,0.24330000000000002,1.1057558139534884e-10,0.0,1.1057558139534884e-10,0.94,0.91,True,True,True,0.12635000000000712,0.07499999999999868,0.9712209302325577,0.9712209302325577,True,True,True,True,True,True,2.143791860465121
0.7,0.9,0.65,2.5307905000000002e-05,0.24330000000000002,1.0684831460674156e-10,0.0,1.0684831460674156e-10,0.94,0.91,True,True,True,0.12635000000000712,0.07499999999999868,1.1575842696629215,1.1575842696629215,True,True,False,False,True,False,2.5165185393258485
0.7,0.9,0.7,2.5307905000000002e-05,0.24330000000000002,1.0336413043478261e-10,0.0,1.0336413043478261e-10,0.94,0.91,True,True,True,0.12635000000000712,0.07499999999999868,1.3317934782608691,1.3317934782608691,True,True,False,False,True,False,2.8649369565217437
0.7,1.0,0.0,2.5307905000000002e-05,0.24330000000000002,2.002e-10,0.0,2.002e-10,0.94,0.91,True,True,True,0.12635000000000712,0.07499999999999868,3.5100000000000002,3.5100000000000002,True,True,False,False,True,False,7.221350000000006
0.7,1.0,0.05,2.5307905000000002e-05,0.24330000000000002,1.8886792452830186e-10,0.0,1.8886792452830186e-10,0.94,0.91,True,True,True,0.12635000000000712,0.07499999999999868,2.9433962264150937,2.9433962264150937,True,True,False,False,True,False,6.088142452830193
0.7,1.0,0.1,2.5307905000000002e-05,0.24330000000000002,1.7874999999999998e-10,0.0,1.7874999999999998e-10,0.94,0.91,True,True,True,0.12635000000000712,0.07499999999999868,2.4374999999999996,2.4374999999999996,True,True,False,False,True,False,5.076350000000005
0.7,1.0,0.15,2.5307905000000002e-05,0.24330000000000002,1.6966101694915253e-10,0.0,1.6966101694915253e-10,0.94,0.91,True,True,True,0.12635000000000712,0.07499999999999868,1.9830508474576272,1.9830508474576272,True,True,False,False,True,False,4.16745169491526
0.7,1.0,0.2,2.5307905000000002e-05,0.24330000000000002,1.614516129032258e-10,0.0,1.614516129032258e-10,0.94,0.91,True,True,True,0.12635000000000712,0.07499999999999868,1.5725806451612907,1.5725806451612907,True,True,False,False,True,False,3.346511290322587
0.7,1.0,0.25,2.5307905000000002e-05,0.24330000000000002,1.5399999999999999e-10,0.0,1.5399999999999999e-10,0.94,0.91,True,True,True,0.12635000000000712,0.07499999999999868,1.1999999999999997,1.1999999999999997,True,True,False,False,True,False,2.6013500000000054
0.7,1.0,0.3,2.5307905000000002e-05,0.24330000000000002,1.4720588235294118e-10,0.0,1.4720588235294118e-10,0.94,0.91,True,True,True,0.12635000000000712,0.07499999999999868,0.8602941176470595,0.8602941176470595,True,True,True,True,True,True,1.9219382352941248
0.7,1.0,0.35,2.5307905000000002e-05,0.24330000000000002,1.4098591549295774e-10,0.0,1.4098591549295774e-10,0.94,0.91,True,True,True,0.12635000000000712,0.07499999999999868,0.5492957746478875,0.5492957746478875,True,True,True,True,True,True,1.2999415492957809
0.7,1.0,0.4,2.5307905000000002e-05,0.24330000000000002,1.3527027027027026e-10,0.0,1.3527027027027026e-10,0.94,0.91,True,True,True,0.12635000000000712,0.07499999999999868,0.26351351351351326,0.26351351351351326,True,True,True,True,True,True,0.7283770270270323
0.7,1.0,0.45,2.5307905000000002e-05,0.24330000000000002,1.3e-10,0.0,1.3e-10,0.94,0.91,True,True,True,0.12635000000000712,0.07499999999999868,0.0,0.0,True,True,True,True,True,True,0.2013500000000058
0.7,1.0,0.5,2.5307905000000002e-05,0.24330000000000002,1.25125e-10,0.0,1.25125e-10,0.94,0.91,True,True,True,0.12635000000000712,0.07499999999999868,0.24374999999999983,0.24374999999999983,True,True,True,True,True,True,0.6888500000000054
0.7,1.0,0.55,2.5307905000000002e-05,0.24330000000000002,1.2060240963855421e-10,0.0,1.2060240963855421e-10,0.94,0.91,True,True,True,0.12635000000000712,0.07499999999999868,0.4698795180722889,0.4698795180722889,True,True,True,True,True,True,1.1411090361445835
0.7,1.0,0.6,2.5307905000000002e-05,0.24330000000000002,1.163953488372093e-10,0.0,1.163953488372093e-10,0.94,0.91,True,True,True,0.12635000000000712,0.07499999999999868,0.6802325581395348,0.6802325581395348,True,True,True,True,True,True,1.5618151162790754
0.7,1.0,0.65,2.5307905000000002e-05,0.24330000000000002,1.1247191011235954e-10,0.0,1.1247191011235954e-10,0.94,0.91,True,True,True,0.12635000000000712,0.07499999999999868,0.8764044943820226,0.8764044943820226,True,True,True,True,True,True,1.954158988764051
0.7,1.0,0.7,2.5307905000000002e-05,0.24330000000000002,1.0880434782608696e-10,0.0,1.0880434782608696e-10,0.94,0.91,True,True,True,0.12635000000000712,0.07499999999999868,1.0597826086956517,1.0597826086956517,True,True,False,False,True,False,2.320915217391309
0.7,1.1,0.0,2.5307905000000002e-05,0.24330000000000002,2.1021e-10,0.0,2.1021e-10,0.94,0.91,True,True,True,0.12635000000000712,0.07499999999999868,4.0105,4.0105,True,True,False,False,True,False,8.222350000000006
0.7,1.1,0.05,2.5307905000000002e-05,0.24330000000000002,1.9831132075471695e-10,0.0,1.9831132075471695e-10,0.94,0.91,True,True,True,0.12635000000000712,0.07499999999999868,3.4155660377358483,3.4155660377358483,True,True,False,False,True,False,7.032482075471703
0.7,1.1,0.1,2.5307905000000002e-05,0.24330000000000002,1.8768749999999998e-10,0.0,1.8768749999999998e-10,0.94,0.91,True,True,True,0.12635000000000712,0.07499999999999868,2.8843749999999995,2.8843749999999995,True,True,False,False,True,False,5.970100000000005
0.7,1.1,0.15,2.5307905000000002e-05,0.24330000000000002,1.7814406779661018e-10,0.0,1.7814406779661018e-10,0.94,0.91,True,True,True,0.12635000000000712,0.07499999999999868,2.4072033898305096,2.4072033898305096,True,True,False,False,True,False,5.015756779661025
0.7,1.1,0.2,2.5307905000000002e-05,0.24330000000000002,1.695241935483871e-10,0.0,1.695241935483871e-10,0.94,0.91,True,True,True,0.12635000000000712,0.07499999999999868,1.9762096774193556,1.9762096774193556,True,True,False,False,True,False,4.153769354838717
0.7,1.1,0.25,2.5307905000000002e-05,0.24330000000000002,1.617e-10,0.0,1.617e-10,0.94,0.91,True,True,True,0.12635000000000712,0.07499999999999868,1.5850000000000004,1.5850000000000004,True,True,False,False,True,False,3.3713500000000067
0.7,1.1,0.3,2.5307905000000002e-05,0.24330000000000002,1.5456617647058825e-10,0.0,1.5456617647058825e-10,0.94,0.91,True,True,True,0.12635000000000712,0.07499999999999868,1.228308823529413,1.228308823529413,True,True,False,False,True,False,2.6579676470588316
0.7,1.1,0.35,2.5307905000000002e-05,0.24330000000000002,1.4803521126760564e-10,0.0,1.4803521126760564e-10,0.94,0.91,True,True,True,0.12635000000000712,0.07499999999999868,0.9017605633802825,0.9017605633802825,True,True,True,True,True,True,2.0048711267605706
0.7,1.1,0.4,2.5307905000000002e-05,0.24330000000000002,1.420337837837838e-10,0.0,1.420337837837838e-10,0.94,0.91,True,True,True,0.12635000000000712,0.07499999999999868,0.60168918918919,0.60168918918919,True,True,True,True,True,True,1.404728378378386
0.7,1.1,0.45,2.5307905000000002e-05,0.24330000000000002,1.365e-10,0.0,1.365e-10,0.94,0.91,True,True,True,0.12635000000000712,0.07499999999999868,0.3250000000000002,0.3250000000000002,True,True,True,True,True,True,0.8513500000000062
0.7,1.1,0.5,2.5307905000000002e-05,0.24330000000000002,1.3138124999999997e-10,0.0,1.3138124999999997e-10,0.94,0.91,True,True,True,0.12635000000000712,0.07499999999999868,0.06906249999999922,0.06906249999999922,True,True,True,True,True,True,0.3394750000000043
0.7,1.1,0.55,2.5307905000000002e-05,0.24330000000000002,1.266325301204819e-10,0.0,1.266325301204819e-10,0.94,0.91,True,True,True,0.12635000000000712,0.07499999999999868,0.1683734939759039,0.1683734939759039,True,True,True,True,True,True,0.5380969879518136
0.7,1.1,0.6,2.5307905000000002e-05,0.24330000000000002,1.2221511627906977e-10,0.0,1.2221511627906977e-10,0.94,0.91,True,True,True,0.12635000000000712,0.07499999999999868,0.3892441860465113,0.3892441860465113,True,True,True,True,True,True,0.9798383720930284
0.7,1.1,0.65,2.5307905000000002e-05,0.24330000000000002,1.1809550561797753e-10,0.0,1.1809550561797753e-10,0.94,0.91,True,True,True,0.12635000000000712,0.07499999999999868,0.595224719101123,0.595224719101123,True,True,True,True,True,True,1.3917994382022516
0.7,1.1,0.7,2.5307905000000002e-05,0.24330000000000002,1.1424456521739131e-10,0.0,1.1424456521739131e-10,0.94,0.91,True,True,True,0.12635000000000712,0.07499999999999868,0.7877717391304339,0.7877717391304339,True,True,True,True,True,True,1.7768934782608734
0.7,1.2,0.0,2.5307905000000002e-05,0.24330000000000002,2.2022000000000002e-10,0.0,2.2022000000000002e-10,0.94,0.91,True,True,True,0.12635000000000712,0.07499999999999868,4.511000000000002,4.511000000000002,True,True,False,False,True,False,9.22335000000001
0.7,1.2,0.05,2.5307905000000002e-05,0.24330000000000002,2.0775471698113207e-10,0.0,2.0775471698113207e-10,0.94,0.91,True,True,True,0.12635000000000712,0.07499999999999868,3.8877358490566043,3.8877358490566043,True,True,False,False,True,False,7.9768216981132145
0.7,1.2,0.1,2.5307905000000002e-05,0.24330000000000002,1.96625e-10,0.0,1.96625e-10,0.94,0.91,True,True,True,0.12635000000000712,0.07499999999999868,3.331250000000001,3.331250000000001,True,True,False,False,True,False,6.863850000000008
0.7,1.2,0.15,2.5307905000000002e-05,0.24330000000000002,1.8662711864406783e-10,0.0,1.8662711864406783e-10,0.94,0.91,True,True,True,0.12635000000000712,0.07499999999999868,2.831355932203392,2.831355932203392,True,True,False,False,True,False,5.86406186440679
0.7,1.2,0.2,2.5307905000000002e-05,0.24330000000000002,1.775967741935484e-10,0.0,1.775967741935484e-10,0.94,0.91,True,True,True,0.12635000000000712,0.07499999999999868,2.3798387096774203,2.3798387096774203,True,True,False,False,True,False,4.9610274193548465
0.7,1.2,0.25,2.5307905000000002e-05,0.24330000000000002,1.694e-10,0.0,1.694e-10,0.94,0.91,True,True,True,0.12635000000000712,0.07499999999999868,1.9700000000000009,1.9700000000000009,True,True,False,False,True,False,4.141350000000007
0.7,1.2,0.3,2.5307905000000002e-05,0.24330000000000002,1.6192647058823532e-10,0.0,1.6192647058823532e-10,0.94,0.91,True,True,True,0.12635000000000712,0.07499999999999868,1.5963235294117666,1.5963235294117666,True,True,False,False,True,False,3.3939970588235386
0.7,1.2,0.35,2.5307905000000002e-05,0.24330000000000002,1.5508450704225354e-10,0.0,1.5508450704225354e-10,0.94,0.91,True,True,True,0.12635000000000712,0.07499999999999868,1.2542253521126776,1.2542253521126776,True,True,False,False,True,False,2.709800704225361
0.7,1.2,0.4,2.5307905000000002e-05,0.24330000000000002,1.4879729729729732e-10,0.0,1.4879729729729732e-10,0.94,0.91,True,True,True,0.12635000000000712,0.07499999999999868,0.9398648648648666,0.9398648648648666,True,True,True,True,True,True,2.0810797297297388
0.7,1.2,0.45,2.5307905000000002e-05,0.24330000000000002,1.43e-10,0.0,1.43e-10,0.94,0.91,True,True,True,0.12635000000000712,0.07499999999999868,0.6500000000000004,0.6500000000000004,True,True,True,True,True,True,1.5013500000000066
0.7,1.2,0.5,2.5307905000000002e-05,0.24330000000000002,1.376375e-10,0.0,1.376375e-10,0.94,0.91,True,True,True,0.12635000000000712,0.07499999999999868,0.38187500000000085,0.38187500000000085,True,True,True,True,True,True,0.9651000000000075
0.7,1.2,0.55,2.5307905000000002e-05,0.24330000000000002,1.3266265060240964e-10,0.0,1.3266265060240964e-10,0.94,0.91,True,True,True,0.12635000000000712,0.07499999999999868,0.13313253012048237,0.13313253012048237,True,True,True,True,True,True,0.46761506024097055
0.7,1.2,0.6,2.5307905000000002e-05,0.24330000000000002,1.2803488372093025e-10,0.0,1.2803488372093025e-10,0.94,0.91,True,True,True,0.12635000000000712,0.07499999999999868,0.09825581395348708,0.09825581395348708,True,True,True,True,True,True,0.39786162790698
0.7,1.2,0.65,2.5307905000000002e-05,0.24330000000000002,1.2371910112359552e-10,0.0,1.2371910112359552e-10,0.94,0.91,True,True,True,0.12635000000000712,0.07499999999999868,0.3140449438202234,0.3140449438202234,True,True,True,True,True,True,0.8294398876404526
0.7,1.2,0.7,2.5307905000000002e-05,0.24330000000000002,1.1968478260869567e-10,0.0,1.1968478260869567e-10,0.94,0.91,True,True,True,0.12635000000000712,0.07499999999999868,0.5157608695652162,0.5157608695652162,True,True,True,True,True,True,1.232871739130438
0.75,0.0,0.0,2.53015875e-05,0.24335,1.0175e-10,0.0,1.0175e-10,0.95,0.925,True,True,True,0.10529166666666885,0.06250000000000006,1.4124999999999996,1.4124999999999996,True,True,False,False,True,False,2.992791666666668
0.75,0.0,0.05,2.53015875e-05,0.24335,9.599056603773584e-11,0.0,9.599056603773584e-11,0.95,0.925,True,True,True,0.10529166666666885,0.06250000000000006,1.7004716981132078,1.7004716981132078,True,True,False,False,True,False,3.5687350628930847
0.75,0.0,0.1,2.53015875e-05,0.24335,9.084821428571428e-11,0.0,9.084821428571428e-11,0.95,0.925,True,True,True,0.10529166666666885,0.06250000000000006,1.9575892857142858,1.9575892857142858,True,True,False,False,True,False,4.082970238095241
0.75,0.0,0.15,2.53015875e-05,0.24335,8.622881355932203e-11,0.0,8.622881355932203e-11,0.95,0.925,True,True,True,0.10529166666666885,0.06250000000000006,2.188559322033898,2.188559322033898,True,True,False,False,True,False,4.544910310734465
0.75,0.0,0.2,2.53015875e-05,0.24335,8.205645161290322e-11,0.0,8.205645161290322e-11,0.95,0.925,True,True,True,0.10529166666666885,0.06250000000000006,2.3971774193548385,2.3971774193548385,True,True,False,False,True,False,4.962146505376346
0.75,0.0,0.25,2.53015875e-05,0.24335,7.826923076923077e-11,0.0,7.826923076923077e-11,0.95,0.925,True,True,True,0.10529166666666885,0.06250000000000006,2.5865384615384612,2.5865384615384612,True,True,False,False,True,False,5.340868589743591
0.75,0.0,0.3,2.53015875e-05,0.24335,7.481617647058824e-11,0.0,7.481617647058824e-11,0.95,0.925,True,True,True,0.10529166666666885,0.06250000000000006,2.7591911764705874,2.7591911764705874,True,True,False,False,True,False,5.686174019607844
0.75,0.0,0.35,2.53015875e-05,0.24335,7.165492957746479e-11,0.0,7.165492957746479e-11,0.95,0.925,True,True,True,0.10529166666666885,0.06250000000000006,2.91725352112676,2.91725352112676,True,True,False,False,True,False,6.002298708920189
0.75,0.0,0.4,2.53015875e-05,0.24335,6.875e-11,0.0,6.875e-11,0.95,0.925,True,True,True,0.10529166666666885,0.06250000000000006,3.0625,3.0625,True,True,False,False,True,False,6.292791666666669
0.75,0.0,0.45,2.53015875e-05,0.24335,6.607142857142856e-11,0.0,6.607142857142856e-11,0.95,0.925,True,True,True,0.10529166666666885,0.06250000000000006,3.1964285714285716,3.1964285714285716,True,True,False,False,True,False,6.560648809523812
0.75,0.0,0.5,2.53015875e-05,0.24335,6.359374999999999e-11,0.0,6.359374999999999e-11,0.95,0.925,True,True,True,0.10529166666666885,0.06250000000000006,3.3203125,3.3203125,True,True,False,False,True,False,6.808416666666669
0.75,0.0,0.55,2.53015875e-05,0.24335,6.129518072289156e-11,0.0,6.129518072289156e-11,0.95,0.925,True,True,True,0.10529166666666885,0.06250000000000006,3.4352409638554215,3.4352409638554215,True,True,False,False,True,False,7.038273594377512
0.75,0.0,0.6,2.53015875e-05,0.24335,5.915697674418605e-11,0.0,5.915697674418605e-11,0.95,0.925,True,True,True,0.10529166666666885,0.06250000000000006,3.5421511627906974,3.5421511627906974,True,True,False,False,True,False,7.252093992248064
0.75,0.0,0.65,2.53015875e-05,0.24335,5.716292134831461e-11,0.0,5.716292134831461e-11,0.95,0.925,True,True,True,0.10529166666666885,0.06250000000000006,3.6418539325842696,3.6418539325842696,True,True,False,False,True,False,7.451499531835208
0.75,0.0,0.7,2.53015875e-05,0.24335,5.5298913043478266e-11,0.0,5.5298913043478266e-11,0.95,0.925,True,True,True,0.10529166666666885,0.06250000000000006,3.735054347826087,3.735054347826087,True,True,False,False,True,False,7.637900362318843
0.75,0.1,0.0,2.53015875e-05,0.24335,1.11925e-10,0.0,1.11925e-10,0.95,0.925,True,True,True,0.10529166666666885,0.06250000000000006,0.9037499999999994,0.9037499999999994,True,True,True,True,True,True,1.9752916666666678
0.75,0.1,0.05,2.53015875e-05,0.24335,1.0558962264150944e-10,0.0,1.0558962264150944e-10,0.95,0.925,True,True,True,0.10529166666666885,0.06250000000000006,1.2205188679245278,1.2205188679245278,True,True,False,False,True,False,2.608829402515725
0.75,0.1,0.1,2.53015875e-05,0.24335,9.993303571428571e-11,0.0,9.993303571428571e-11,0.95,0.925,True,True,True,0.10529166666666885,0.06250000000000006,1.5033482142857142,1.5033482142857142,True,True,False,False,True,False,3.1744880952380976
0.75,0.1,0.15,2.53015875e-05,0.24335,9.485169491525425e-11,0.0,9.485169491525425e-11,0.95,0.925,True,True,True,0.10529166666666885,0.06250000000000006,1.7574152542372872,1.7574152542372872,True,True,False,False,True,False,3.682622175141243
0.75,0.1,0.2,2.53015875e-05,0.24335,9.026209677419356e-11,0.0,9.026209677419356e-11,0.95,0.925,True,True,True,0.10529166666666885,0.06250000000000006,1.9868951612903218,1.9868951612903218,True,True,False,False,True,False,4.141581989247313
0.75,0.1,0.25,2.53015875e-05,0.24335,8.609615384615385e-11,0.0,8.609615384615385e-11,0.95,0.925,True,True,True,0.10529166666666885,0.06250000000000006,2.195192307692307,2.195192307692307,True,True,False,False,True,False,4.558176282051283
0.75,0.1,0.3,2.53015875e-05,0.24335,8.229779411764706e-11,0.0,8.229779411764706e-11,0.95,0.925,True,True,True,0.10529166666666885,0.06250000000000006,2.3851102941176463,2.3851102941176463,True,True,False,False,True,False,4.938012254901961
0.75,0.1,0.35,2.53015875e-05,0.24335,7.882042253521127e-11,0.0,7.882042253521127e-11,0.95,0.925,True,True,True,0.10529166666666885,0.06250000000000006,2.558978873239436,2.558978873239436,True,True,False,False,True,False,5.285749413145541
0.75,0.1,0.4,2.53015875e-05,0.24335,7.5625e-11,0.0,7.5625e-11,0.95,0.925,True,True,True,0.10529166666666885,0.06250000000000006,2.71875,2.71875,True,True,False,False,True,False,5.605291666666669
0.75,0.1,0.45,2.53015875e-05,0.24335,7.267857142857142e-11,0.0,7.267857142857142e-11,0.95,0.925,True,True,True,0.10529166666666885,0.06250000000000006,2.8660714285714284,2.8660714285714284,True,True,False,False,True,False,5.8999345238095255
0.75,0.1,0.5,2.53015875e-05,0.24335,6.9953125e-11,0.0,6.9953125e-11,0.95,0.925,True,True,True,0.10529166666666885,0.06250000000000006,3.0023437499999996,3.0023437499999996,True,True,False,False,True,False,6.172479166666668
0.75,0.1,0.55,2.53015875e-05,0.24335,6.742469879518071e-11,0.0,6.742469879518071e-11,0.95,0.925,True,True,True,0.10529166666666885,0.06250000000000006,3.1287650602409642,3.1287650602409642,True,True,False,False,True,False,6.425321787148597
0.75,0.1,0.6,2.53015875e-05,0.24335,6.507267441860466e-11,0.0,6.507267441860466e-11,0.95,0.925,True,True,True,0.10529166666666885,0.06250000000000006,3.246366279069767,3.246366279069767,True,True,False,False,True,False,6.660524224806203
0.75,0.1,0.65,2.53015875e-05,0.24335,6.287921348314607e-11,0.0,6.287921348314607e-11,0.95,0.925,True,True,True,0.10529166666666885,0.06250000000000006,3.356039325842696,3.356039325842696,True,True,False,False,True,False,6.879870318352061
0.75,0.1,0.7,2.53015875e-05,0.24335,6.082880434782609e-11,0.0,6.082880434782609e-11,0.95,0.925,True,True,True,0.10529166666666885,0.06250000000000006,3.458559782608695,3.458559782608695,True,True,False,False,True,False,7.084911231884059
0.75,0.2,0.0,2.53015875e-05,0.24335,1.221e-10,0.0,1.221e-10,0.95,0.925,True,True,True,0.10529166666666885,0.06250000000000006,0.3949999999999997,0.3949999999999997,True,True,True,True,True,True,0.9577916666666683
0.75,0.2,0.05,2.53015875e-05,0.24335,1.1518867924528301e-10,0.0,1.1518867924528301e-10,0.95,0.925,True,True,True,0.10529166666666885,0.06250000000000006,0.740566037735849,0.740566037735849,True,True,True,True,True,True,1.6489237421383667
0.75,0.2,0.1,2.53015875e-05,0.24335,1.0901785714285713e-10,0.0,1.0901785714285713e-10,0.95,0.925,True,True,True,0.10529166666666885,0.06250000000000006,1.0491071428571432,1.0491071428571432,True,True,False,False,True,False,2.2660059523809553
0.75,0.2,0.15,2.53015875e-05,0.24335,1.0347457627118644e-10,0.0,1.0347457627118644e-10,0.95,0.925,True,True,True,0.10529166666666885,0.06250000000000006,1.3262711864406773,1.3262711864406773,True,True,False,False,True,False,2.8203340395480234
0.75,0.2,0.2,2.53015875e-05,0.24335,9.846774193548387e-11,0.0,9.846774193548387e-11,0.95,0.925,True,True,True,0.10529166666666885,0.06250000000000006,1.5766129032258063,1.5766129032258063,True,True,False,False,True,False,3.3210174731182818
0.75,0.2,0.25,2.53015875e-05,0.24335,9.392307692307692e-11,0.0,9.392307692307692e-11,0.95,0.925,True,True,True,0.10529166666666885,0.06250000000000006,1.8038461538461539,1.8038461538461539,True,True,False,False,True,False,3.775483974358977
0.75,0.2,0.3,2.53015875e-05,0.24335,8.977941176470589e-11,0.0,8.977941176470589e-11,0.95,0.925,True,True,True,0.10529166666666885,0.06250000000000006,2.011029411764705,2.011029411764705,True,True,False,False,True,False,4.189850490196079
0.75,0.2,0.35,2.53015875e-05,0.24335,8.598591549295775e-11,0.0,8.598591549295775e-11,0.95,0.925,True,True,True,0.10529166666666885,0.06250000000000006,2.200704225352112,2.200704225352112,True,True,False,False,True,False,4.569200117370893
0.75,0.2,0.4,2.53015875e-05,0.24335,8.25e-11,0.0,8.25e-11,0.95,0.925,True,True,True,0.10529166666666885,0.06250000000000006,2.3749999999999996,2.3749999999999996,True,True,False,False,True,False,4.917791666666668
0.75,0.2,0.45,2.53015875e-05,0.24335,7.928571428571428e-11,0.0,7.928571428571428e-11,0.95,0.925,True,True,True,0.10529166666666885,0.06250000000000006,2.5357142857142856,2.5357142857142856,True,True,False,False,True,False,5.23922023809524
0.75,0.2,0.5,2.53015875e-05,0.24335,7.631249999999999e-11,0.0,7.631249999999999e-11,0.95,0.925,True,True,True,0.10529166666666885,0.06250000000000006,2.684375,2.684375,True,True,False,False,True,False,5.536541666666669
0.75,0.2,0.55,2.53015875e-05,0.24335,7.355421686746988e-11,0.0,7.355421686746988e-11,0.95,0.925,True,True,True,0.10529166666666885,0.06250000000000006,2.822289156626506,2.822289156626506,True,True,False,False,True,False,5.812369979919681
0.75,0.2,0.6,2.53015875e-05,0.24335,7.098837209302325e-11,0.0,7.098837209302325e-11,0.95,0.925,True,True,True,0.10529166666666885,0.06250000000000006,2.950581395348837,2.950581395348837,True,True,False,False,True,False,6.068954457364343
0.75,0.2,0.65,2.53015875e-05,0.24335,6.859550561797752e-11,0.0,6.859550561797752e-11,0.95,0.925,True,True,True,0.10529166666666885,0.06250000000000006,3.0702247191011236,3.0702247191011236,True,True,False,False,True,False,6.308241104868916
0.75,0.2,0.7,2.53015875e-05,0.24335,6.635869565217391e-11,0.0,6.635869565217391e-11,0.95,0.925,True,True,True,0.10529166666666885,0.06250000000000006,3.182065217391304,3.182065217391304,True,True,False,False,True,False,6.531922101449277
0.75,0.3,0.0,2.53015875e-05,0.24335,1.32275e-10,0.0,1.32275e-10,0.95,0.925,True,True,True,0.10529166666666885,0.06250000000000006,0.11375,0.11375,True,True,True,True,True,True,0.39529166666666893
0.75,0.3,0.05,2.53015875e-05,0.24335,1.247877358490566e-10,0.0,1.247877358490566e-10,0.95,0.925,True,True,True,0.10529166666666885,0.06250000000000006,0.26061320754716955,0.26061320754716955,True,True,True,True,True,True,0.689018081761008
0.75,0.3,0.1,2.53015875e-05,0.24335,1.1810267857142856e-10,0.0,1.1810267857142856e-10,0.95,0.925,True,True,True,0.10529166666666885,0.06250000000000006,0.5948660714285715,0.5948660714285715,True,True,True,True,True,True,1.357523809523812
0.75,0.3,0.15,2.53015875e-05,0.24335,1.1209745762711864e-10,0.0,1.1209745762711864e-10,0.95,0.925,True,True,True,0.10529166666666885,0.06250000000000006,0.8951271186440677,0.8951271186440677,True,True,True,True,True,True,1.9580459039548044
0.75,0.3,0.2,2.53015875e-05,0.24335,1.0667338709677419e-10,0.0,1.0667338709677419e-10,0.95,0.925,True,True,True,0.10529166666666885,0.06250000000000006,1.1663306451612903,1.1663306451612903,True,True,False,False,True,False,2.5004529569892497
0.75,0.3,0.25,2.53015875e-05,0.24335,1.0174999999999998e-10,0.0,1.0174999999999998e-10,0.95,0.925,True,True,True,0.10529166666666885,0.06250000000000006,1.4125000000000003,1.4125000000000003,True,True,False,False,True,False,2.99279166666667
0.75,0.3,0.3,2.53015875e-05,0.24335,9.726102941176471e-11,0.0,9.726102941176471e-11,0.95,0.925,True,True,True,0.10529166666666885,0.06250000000000006,1.6369485294117643,1.6369485294117643,True,True,False,False,True,False,3.4416887254901978
0.75,0.3,0.35,2.53015875e-05,0.24335,9.315140845070423e-11,0.0,9.315140845070423e-11,0.95,0.925,True,True,True,0.10529166666666885,0.06250000000000006,1.8424295774647883,1.8424295774647883,True,True,False,False,True,False,3.852650821596246
0.75,0.3,0.4,2.53015875e-05,0.24335,8.937499999999999e-11,0.0,8.937499999999999e-11,0.95,0.925,True,True,True,0.10529166666666885,0.06250000000000006,2.03125,2.03125,True,True,False,False,True,False,4.230291666666669
0.75,0.3,0.45,2.53015875e-05,0.24335,8.589285714285713e-11,0.0,8.589285714285713e-11,0.95,0.925,True,True,True,0.10529166666666885,0.06250000000000006,2.2053571428571432,2.2053571428571432,True,True,False,False,True,False,4.578505952380955
0.75,0.3,0.5,2.53015875e-05,0.24335,8.267187499999999e-11,0.0,8.267187499999999e-11,0.95,0.925,True,True,True,0.10529166666666885,0.06250000000000006,2.3664062500000003,2.3664062500000003,True,True,False,False,True,False,4.900604166666669
0.75,0.3,0.55,2.53015875e-05,0.24335,7.968373493975903e-11,0.0,7.968373493975903e-11,0.95,0.925,True,True,True,0.10529166666666885,0.06250000000000006,2.5158132530120483,2.5158132530120483,True,True,False,False,True,False,5.199418172690765
0.75,0.3,0.6,2.53015875e-05,0.24335,7.690406976744185e-11,0.0,7.690406976744185e-11,0.95,0.925,True,True,True,0.10529166666666885,0.06250000000000006,2.654796511627907,2.654796511627907,True,True,False,False,True,False,5.4773846899224825
0.75,0.3,0.65,2.53015875e-05,0.24335,7.431179775280898e-11,0.0,7.431179775280898e-11,0.95,0.925,True,True,True,0.10529166666666885,0.06250000000000006,2.784410112359551,2.784410112359551,True,True,False,False,True,False,5.73661189138577
0.75,0.3,0.7,2.53015875e-05,0.24335,7.188858695652173e-11,0.0,7.188858695652173e-11,0.95,0.925,True,True,True,0.10529166666666885,0.06250000000000006,2.905570652173913,2.905570652173913,True,True,False,False,True,False,5.978932971014495
0.75,0.4,0.0,2.53015875e-05,0.24335,1.4244999999999998e-10,0.0,1.4244999999999998e-10,0.95,0.925,True,True,True,0.10529166666666885,0.06250000000000006,0.6224999999999997,0.6224999999999997,True,True,True,True,True,True,1.4127916666666684
0.75,0.4,0.05,2.53015875e-05,0.24335,1.3438679245283017e-10,0.0,1.3438679245283017e-10,0.95,0.925,True,True,True,0.10529166666666885,0.06250000000000006,0.21933962264150922,0.21933962264150922,True,True,True,True,True,True,0.6064709119496873
0.75,0.4,0.1,2.53015875e-05,0.24335,1.2718749999999998e-10,0.0,1.2718749999999998e-10,0.95,0.925,True,True,True,0.10529166666666885,0.06250000000000006,0.1406250000000005,0.1406250000000005,True,True,True,True,True,True,0.4490416666666699
0.75,0.4,0.15,2.53015875e-05,0.24335,1.2072033898305083e-10,0.0,1.2072033898305083e-10,0.95,0.925,True,True,True,0.10529166666666885,0.06250000000000006,0.46398305084745806,0.46398305084745806,True,True,True,True,True,True,1.095757768361585
0.75,0.4,0.2,2.53015875e-05,0.24335,1.148790322580645e-10,0.0,1.148790322580645e-10,0.95,0.925,True,True,True,0.10529166666666885,0.06250000000000006,0.7560483870967747,0.7560483870967747,True,True,True,True,True,True,1.6798884408602182
0.75,0.4,0.25,2.53015875e-05,0.24335,1.0957692307692307e-10,0.0,1.0957692307692307e-10,0.95,0.925,True,True,True,0.10529166666666885,0.06250000000000006,1.0211538461538463,1.0211538461538463,True,True,False,False,True,False,2.210099358974362
0.75,0.4,0.3,2.53015875e-05,0.24335,1.0474264705882353e-10,0.0,1.0474264705882353e-10,0.95,0.925,True,True,True,0.10529166666666885,0.06250000000000006,1.2628676470588232,1.2628676470588232,True,True,False,False,True,False,2.6935269607843155
0.75,0.4,0.35,2.53015875e-05,0.24335,1.003169014084507e-10,0.0,1.003169014084507e-10,0.95,0.925,True,True,True,0.10529166666666885,0.06250000000000006,1.484154929577465,1.484154929577465,True,True,False,False,True,False,3.1361015258215987
0.75,0.4,0.4,2.53015875e-05,0.24335,9.624999999999999e-11,0.0,9.624999999999999e-11,0.95,0.925,True,True,True,0.10529166666666885,0.06250000000000006,1.6875,1.6875,True,True,False,False,True,False,3.542791666666669
0.75,0.4,0.45,2.53015875e-05,0.24335,9.249999999999999e-11,0.0,9.249999999999999e-11,0.95,0.925,True,True,True,0.10529166666666885,0.06250000000000006,1.875,1.875,True,True,False,False,True,False,3.917791666666669
0.75,0.4,0.5,2.53015875e-05,0.24335,8.903124999999999e-11,0.0,8.903124999999999e-11,0.95,0.925,True,True,True,0.10529166666666885,0.06250000000000006,2.0484375000000004,2.0484375000000004,True,True,False,False,True,False,4.2646666666666695
0.75,0.4,0.55,2.53015875e-05,0.24335,8.581325301204818e-11,0.0,8.581325301204818e-11,0.95,0.925,True,True,True,0.10529166666666885,0.06250000000000006,2.2093373493975905,2.2093373493975905,True,True,False,False,True,False,4.58646636546185
0.75,0.4,0.6,2.53015875e-05,0.24335,8.281976744186046e-11,0.0,8.281976744186046e-11,0.95,0.925,True,True,True,0.10529166666666885,0.06250000000000006,2.3590116279069764,2.3590116279069764,True,True,False,False,True,False,4.8858149224806215
0.75,0.4,0.65,2.53015875e-05,0.24335,8.002808988764044e-11,0.0,8.002808988764044e-11,0.95,0.925,True,True,True,0.10529166666666885,0.06250000000000006,2.4985955056179776,2.4985955056179776,True,True,False,False,True,False,5.164982677902624
0.75,0.4,0.7,2.53015875e-05,0.24335,7.741847826086957e-11,0.0,7.741847826086957e-11,0.95,0.925,True,True,True,0.10529166666666885,0.06250000000000006,2.629076086956521,2.629076086956521,True,True,False,False,True,False,5.425943840579711
0.75,0.5,0.0,2.53015875e-05,0.24335,1.52625e-10,0.0,1.52625e-10,0.95,0.925,True,True,True,0.10529166666666885,0.06250000000000006,1.1312500000000008,1.1312500000000008,True,True,False,False,True,False,2.4302916666666707
0.75,0.5,0.05,2.53015875e-05,0.24335,1.4398584905660378e-10,0.0,1.4398584905660378e-10,0.95,0.925,True,True,True,0.10529166666666885,0.06250000000000006,0.6992924528301893,0.6992924528301893,True,True,True,True,True,True,1.5663765723270475
0.75,0.5,0.1,2.53015875e-05,0.24335,1.3627232142857143e-10,0.0,1.3627232142857143e-10,0.95,0.925,True,True,True,0.10529166666666885,0.06250000000000006,0.31361607142857184,0.31361607142857184,True,True,True,True,True,True,0.7950238095238126
0.75,0.5,0.15,2.53015875e-05,0.24335,1.2934322033898305e-10,0.0,1.2934322033898305e-10,0.95,0.925,True,True,True,0.10529166666666885,0.06250000000000006,0.032838983050847106,0.032838983050847106,True,True,True,True,True,True,0.23346963276836308
0.75,0.5,0.2,2.53015875e-05,0.24335,1.2308467741935483e-10,0.0,1.2308467741935483e-10,0.95,0.925,True,True,True,0.10529166666666885,0.06250000000000006,0.3457661290322579,0.3457661290322579,True,True,True,True,True,True,0.8593239247311847
0.75,0.5,0.25,2.53015875e-05,0.24335,1.1740384615384615e-10,0.0,1.1740384615384615e-10,0.95,0.925,True,True,True,0.10529166666666885,0.06250000000000006,0.6298076923076923,0.6298076923076923,True,True,True,True,True,True,1.4274070512820534
0.75,0.5,0.3,2.53015875e-05,0.24335,1.1222426470588236e-10,0.0,1.1222426470588236e-10,0.95,0.925,True,True,True,0.10529166666666885,0.06250000000000006,0.8887867647058814,0.8887867647058814,True,True,True,True,True,True,1.9453651960784315
0.75,0.5,0.35,2.53015875e-05,0.24335,1.0748239436619719e-10,0.0,1.0748239436619719e-10,0.95,0.925,True,True,True,0.10529166666666885,0.06250000000000006,1.1258802816901403,1.1258802816901403,True,True,False,False,True,False,2.41955223004695
0.75,0.5,0.4,2.53015875e-05,0.24335,1.03125e-10,0.0,1.03125e-10,0.95,0.925,True,True,True,0.10529166666666885,0.06250000000000006,1.3437499999999993,1.3437499999999993,True,True,False,False,True,False,2.855291666666668
0.75,0.5,0.45,2.53015875e-05,0.24335,9.910714285714285e-11,0.0,9.910714285714285e-11,0.95,0.925,True,True,True,0.10529166666666885,0.06250000000000006,1.544642857142857,1.544642857142857,True,True,False,False,True,False,3.257077380952383
0.75,0.5,0.5,2.53015875e-05,0.24335,9.5390625e-11,0.0,9.5390625e-11,0.95,0.925,True,True,True,0.10529166666666885,0.06250000000000006,1.7304687499999998,1.7304687499999998,True,True,False,False,True,False,3.628729166666669
0.75,0.5,0.55,2.53015875e-05,0.24335,9.194277108433734e-11,0.0,9.194277108433734e-11,0.95,0.925,True,True,True,0.10529166666666885,0.06250000000000006,1.9028614457831325,1.9028614457831325,True,True,False,False,True,False,3.9735145582329343
0.75,0.5,0.6,2.53015875e-05,0.24335,8.873546511627907e-11,0.0,8.873546511627907e-11,0.95,0.925,True,True,True,0.10529166666666885,0.06250000000000006,2.063226744186046,2.063226744186046,True,True,False,False,True,False,4.294245155038761
0.75,0.5,0.65,2.53015875e-05,0.24335,8.574438202247191e-11,0.0,8.574438202247191e-11,0.95,0.925,True,True,True,0.10529166666666885,0.06250000000000006,2.212780898876404,2.212780898876404,True,True,False,False,True,False,4.593353464419477
0.75,0.5,0.7,2.53015875e-05,0.24335,8.29483695652174e-11,0.0,8.29483695652174e-11,0.95,0.925,True,True,True,0.10529166666666885,0.06250000000000006,2.3525815217391295,2.3525815217391295,True,True,False,False,True,False,4.872954710144928
0.75,0.6,0.0,2.53015875e-05,0.24335,1.628e-10,0.0,1.628e-10,0.95,0.925,True,True,True,0.10529166666666885,0.06250000000000006,1.6400000000000003,1.6400000000000003,True,True,False,False,True,False,3.44779166666667
0.75,0.6,0.05,2.53015875e-05,0.24335,1.5358490566037735e-10,0.0,1.5358490566037735e-10,0.95,0.925,True,True,True,0.10529166666666885,0.06250000000000006,1.179245283018868,1.179245283018868,True,True,False,False,True,False,2.526282232704405
0.75,0.6,0.1,2.53015875e-05,0.24335,1.4535714285714285e-10,0.0,1.4535714285714285e-10,0.95,0.925,True,True,True,0.10529166666666885,0.06250000000000006,0.7678571428571428,0.7678571428571428,True,True,True,True,True,True,1.7035059523809544
0.75,0.6,0.15,2.53015875e-05,0.24335,1.3796610169491527e-10,0.0,1.3796610169491527e-10,0.95,0.925,True,True,True,0.10529166666666885,0.06250000000000006,0.39830508474576387,0.39830508474576387,True,True,True,True,True,True,0.9644018361581966
0.75,0.6,0.2,2.53015875e-05,0.24335,1.3129032258064515e-10,0.0,1.3129032258064515e-10,0.95,0.925,True,True,True,0.10529166666666885,0.06250000000000006,0.06451612903225822,0.06451612903225822,True,True,True,True,True,True,0.29682392473118535
0.75,0.6,0.25,2.53015875e-05,0.24335,1.2523076923076921e-10,0.0,1.2523076923076921e-10,0.95,0.925,True,True,True,0.10529166666666885,0.06250000000000006,0.23846153846153884,0.23846153846153884,True,True,True,True,True,True,0.6447147435897466
0.75,0.6,0.3,2.53015875e-05,0.24335,1.1970588235294117e-10,0.0,1.1970588235294117e-10,0.95,0.925,True,True,True,0.10529166666666885,0.06250000000000006,0.5147058823529409,0.5147058823529409,True,True,True,True,True,True,1.1972034313725506
0.75,0.6,0.35,2.53015875e-05,0.24335,1.1464788732394367e-10,0.0,1.1464788732394367e-10,0.95,0.925,True,True,True,0.10529166666666885,0.06250000000000006,0.7676056338028163,0.7676056338028163,True,True,True,True,True,True,1.7030029342723014
0.75,0.6,0.4,2.53015875e-05,0.24335,1.1e-10,0.0,1.1e-10,0.95,0.925,True,True,True,0.10529166666666885,0.06250000000000006,0.9999999999999999,0.9999999999999999,True,True,True,True,True,True,2.167791666666669
0.75,0.6,0.45,2.53015875e-05,0.24335,1.0571428571428571e-10,0.0,1.0571428571428571e-10,0.95,0.925,True,True,True,0.10529166666666885,0.06250000000000006,1.214285714285714,1.214285714285714,True,True,False,False,True,False,2.5963630952380967
0.75,0.6,0.5,2.53015875e-05,0.24335,1.0175e-10,0.0,1.0175e-10,0.95,0.925,True,True,True,0.10529166666666885,0.06250000000000006,1.4124999999999996,1.4124999999999996,True,True,False,False,True,False,2.992791666666668
0.75,0.6,0.55,2.53015875e-05,0.24335,9.80722891566265e-11,0.0,9.80722891566265e-11,0.95,0.925,True,True,True,0.10529166666666885,0.06250000000000006,1.596385542168675,1.596385542168675,True,True,False,False,True,False,3.360562751004019
0.75,0.6,0.6,2.53015875e-05,0.24335,9.465116279069767e-11,0.0,9.465116279069767e-11,0.95,0.925,True,True,True,0.10529166666666885,0.06250000000000006,1.767441860465116,1.767441860465116,True,True,False,False,True,False,3.7026753875969014
0.75,0.6,0.65,2.53015875e-05,0.24335,9.146067415730336e-11,0.0,9.146067415730336e-11,0.95,0.925,True,True,True,0.10529166666666885,0.06250000000000006,1.9269662921348316,1.9269662921348316,True,True,False,False,True,False,4.021724250936332
0.75,0.6,0.7,2.53015875e-05,0.24335,8.847826086956522e-11,0.0,8.847826086956522e-11,0.95,0.925,True,True,True,0.10529166666666885,0.06250000000000006,2.0760869565217384,2.0760869565217384,True,True,False,False,True,False,4.3199655797101455
0.75,0.7,0.0,2.53015875e-05,0.24335,1.72975e-10,0.0,1.72975e-10,0.95,0.925,True,True,True,0.10529166666666885,0.06250000000000006,2.14875,2.14875,True,True,False,False,True,False,4.465291666666669
0.75,0.7,0.05,2.53015875e-05,0.24335,1.6318396226415092e-10,0.0,1.6318396226415092e-10,0.95,0.925,True,True,True,0.10529166666666885,0.06250000000000006,1.6591981132075468,1.6591981132075468,True,True,False,False,True,False,3.4861878930817625
0.75,0.7,0.1,2.53015875e-05,0.24335,1.5444196428571427e-10,0.0,1.5444196428571427e-10,0.95,0.925,True,True,True,0.10529166666666885,0.06250000000000006,1.2220982142857137,1.2220982142857137,True,True,False,False,True,False,2.6119880952380967
0.75,0.7,0.15,2.53015875e-05,0.24335,1.4658898305084746e-10,0.0,1.4658898305084746e-10,0.95,0.925,True,True,True,0.10529166666666885,0.06250000000000006,0.8294491525423735,0.8294491525423735,True,True,True,True,True,True,1.8266899717514158
0.75,0.7,0.2,2.53015875e-05,0.24335,1.3949596774193548e-10,0.0,1.3949596774193548e-10,0.95,0.925,True,True,True,0.10529166666666885,0.06250000000000006,0.47479838709677435,0.47479838709677435,True,True,True,True,True,True,1.1173884408602177
0.75,0.7,0.25,2.53015875e-05,0.24335,1.330576923076923e-10,0.0,1.330576923076923e-10,0.95,0.925,True,True,True,0.10529166666666885,0.06250000000000006,0.15288461538461587,0.15288461538461587,True,True,True,True,True,True,0.4735608974359006
0.75,0.7,0.3,2.53015875e-05,0.24335,1.271875e-10,0.0,1.271875e-10,0.95,0.925,True,True,True,0.10529166666666885,0.06250000000000006,0.1406249999999992,0.1406249999999992,True,True,True,True,True,True,0.44904166666666734
0.75,0.7,0.35,2.53015875e-05,0.24335,1.2181338028169013e-10,0.0,1.2181338028169013e-10,0.95,0.925,True,True,True,0.10529166666666885,0.06250000000000006,0.409330985915493,0.409330985915493,True,True,True,True,True,True,0.9864536384976549
0.75,0.7,0.4,2.53015875e-05,0.24335,1.16875e-10,0.0,1.16875e-10,0.95,0.925,True,True,True,0.10529166666666885,0.06250000000000006,0.6562499999999997,0.6562499999999997,True,True,True,True,True,True,1.4802916666666683
0.75,0.7,0.45,2.53015875e-05,0.24335,1.1232142857142856e-10,0.0,1.1232142857142856e-10,0.95,0.925,True,True,True,0.10529166666666885,0.06250000000000006,0.8839285714285716,0.8839285714285716,True,True,True,True,True,True,1.935648809523812
0.75,0.7,0.5,2.53015875e-05,0.24335,1.0810937499999998e-10,0.0,1.0810937499999998e-10,0.95,0.925,True,True,True,0.10529166666666885,0.06250000000000006,1.0945312500000004,1.0945312500000004,True,True,False,False,True,False,2.35685416666667
0.75,0.7,0.55,2.53015875e-05,0.24335,1.0420180722891565e-10,0.0,1.0420180722891565e-10,0.95,0.925,True,True,True,0.10529166666666885,0.06250000000000006,1.2899096385542173,1.2899096385542173,True,True,False,False,True,False,2.7476109437751033
0.75,0.7,0.6,2.53015875e-05,0.24335,1.0056686046511627e-10,0.0,1.0056686046511627e-10,0.95,0.925,True,True,True,0.10529166666666885,0.06250000000000006,1.471656976744186,1.471656976744186,True,True,False,False,True,False,3.1111056201550413
0.75,0.7,0.65,2.53015875e-05,0.24335,9.717696629213482e-11,0.0,9.717696629213482e-11,0.95,0.925,True,True,True,0.10529166666666885,0.06250000000000006,1.6411516853932586,1.6411516853932586,True,True,False,False,True,False,3.4500950374531865
0.75,0.7,0.7,2.53015875e-05,0.24335,9.400815217391304e-11,0.0,9.400815217391304e-11,0.95,0.925,True,True,True,0.10529166666666885,0.06250000000000006,1.7995923913043474,1.7995923913043474,True,True,False,False,True,False,3.766976449275364
0.75,0.8,0.0,2.53015875e-05,0.24335,1.8315e-10,0.0,1.8315e-10,0.95,0.925,True,True,True,0.10529166666666885,0.06250000000000006,2.657500000000001,2.657500000000001,True,True,False,False,True,False,5.482791666666671
0.75,0.8,0.05,2.53015875e-05,0.24335,1.7278301886792453e-10,0.0,1.7278301886792453e-10,0.95,0.925,True,True,True,0.10529166666666885,0.06250000000000006,2.139150943396227,2.139150943396227,True,True,False,False,True,False,4.446093553459122
0.75,0.8,0.1,2.53015875e-05,0.24335,1.635267857142857e-10,0.0,1.635267857142857e-10,0.95,0.925,True,True,True,0.10529166666666885,0.06250000000000006,1.6763392857142863,1.6763392857142863,True,True,False,False,True,False,3.5204702380952417
0.75,0.8,0.15,2.53015875e-05,0.24335,1.5521186440677968e-10,0.0,1.5521186440677968e-10,0.95,0.925,True,True,True,0.10529166666666885,0.06250000000000006,1.2605932203389845,1.2605932203389845,True,True,False,False,True,False,2.6889781073446377
0.75,0.8,0.2,2.53015875e-05,0.24335,1.4770161290322583e-10,0.0,1.4770161290322583e-10,0.95,0.925,True,True,True,0.10529166666666885,0.06250000000000006,0.8850806451612918,0.8850806451612918,True,True,True,True,True,True,1.9379529569892524
0.75,0.8,0.25,2.53015875e-05,0.24335,1.4088461538461538e-10,0.0,1.4088461538461538e-10,0.95,0.925,True,True,True,0.10529166666666885,0.06250000000000006,0.5442307692307693,0.5442307692307693,True,True,True,True,True,True,1.2562532051282074
0.75,0.8,0.3,2.53015875e-05,0.24335,1.3466911764705884e-10,0.0,1.3466911764705884e-10,0.95,0.925,True,True,True,0.10529166666666885,0.06250000000000006,0.23345588235294254,0.23345588235294254,True,True,True,True,True,True,0.634703431372554
0.75,0.8,0.35,2.53015875e-05,0.24335,1.2897887323943662e-10,0.0,1.2897887323943662e-10,0.95,0.925,True,True,True,0.10529166666666885,0.06250000000000006,0.05105633802816837,0.05105633802816837,True,True,True,True,True,True,0.2699043427230056
0.75,0.8,0.4,2.53015875e-05,0.24335,1.2375e-10,0.0,1.2375e-10,0.95,0.925,True,True,True,0.10529166666666885,0.06250000000000006,0.31249999999999895,0.31249999999999895,True,True,True,True,True,True,0.7927916666666668
0.75,0.8,0.45,2.53015875e-05,0.24335,1.1892857142857143e-10,0.0,1.1892857142857143e-10,0.95,0.925,True,True,True,0.10529166666666885,0.06250000000000006,0.5535714285714279,0.5535714285714279,True,True,True,True,True,True,1.2749345238095247
0.75,0.8,0.5,2.53015875e-05,0.24335,1.1446875e-10,0.0,1.1446875e-10,0.95,0.925,True,True,True,0.10529166666666885,0.06250000000000006,0.7765624999999998,0.7765624999999998,True,True,True,True,True,True,1.7209166666666684
0.75,0.8,0.55,2.53015875e-05,0.24335,1.1033132530120481e-10,0.0,1.1033132530120481e-10,0.95,0.925,True,True,True,0.10529166666666885,0.06250000000000006,0.9834337349397592,0.9834337349397592,True,True,True,True,True,True,2.1346591365461873
0.75,0.8,0.6,2.53015875e-05,0.24335,1.064825581395349e-10,0.0,1.064825581395349e-10,0.95,0.925,True,True,True,0.10529166666666885,0.06250000000000006,1.175872093023255,1.175872093023255,True,True,False,False,True,False,2.5195358527131786
0.75,0.8,0.65,2.53015875e-05,0.24335,1.028932584269663e-10,0.0,1.028932584269663e-10,0.95,0.925,True,True,True,0.10529166666666885,0.06250000000000006,1.355337078651685,1.355337078651685,True,True,False,False,True,False,2.878465823970039
0.75,0.8,0.7,2.53015875e-05,0.24335,9.953804347826088e-11,0.0,9.953804347826088e-11,0.95,0.925,True,True,True,0.10529166666666885,0.06250000000000006,1.5230978260869559,1.5230978260869559,True,True,False,False,True,False,3.213987318840581
0.75,0.9,0.0,2.53015875e-05,0.24335,1.9332499999999998e-10,0.0,1.9332499999999998e-10,0.95,0.925,True,True,True,0.10529166666666885,0.06250000000000006,3.1662499999999993,3.1662499999999993,True,True,False,False,True,False,6.5002916666666675
0.75,0.9,0.05,2.53015875e-05,0.24335,1.8238207547169807e-10,0.0,1.8238207547169807e-10,0.95,0.925,True,True,True,0.10529166666666885,0.06250000000000006,2.6191037735849045,2.6191037735849045,True,True,False,False,True,False,5.405999213836478
0.75,0.9,0.1,2.53015875e-05,0.24335,1.726116071428571e-10,0.0,1.726116071428571e-10,0.95,0.925,True,True,True,0.10529166666666885,0.06250000000000006,2.130580357142856,2.130580357142856,True,True,False,False,True,False,4.4289523809523805
0.75,0.9,0.15,2.53015875e-05,0.24335,1.6383474576271185e-10,0.0,1.6383474576271185e-10,0.95,0.925,True,True,True,0.10529166666666885,0.06250000000000006,1.6917372881355928,1.6917372881355928,True,True,False,False,True,False,3.5512662429378548
0.75,0.9,0.2,2.53015875e-05,0.24335,1.5590725806451612e-10,0.0,1.5590725806451612e-10,0.95,0.925,True,True,True,0.10529166666666885,0.06250000000000006,1.2953629032258067,1.2953629032258067,True,True,False,False,True,False,2.7585174731182827
0.75,0.9,0.25,2.53015875e-05,0.24335,1.4871153846153844e-10,0.0,1.4871153846153844e-10,0.95,0.925,True,True,True,0.10529166666666885,0.06250000000000006,0.9355769230769226,0.9355769230769226,True,True,True,True,True,True,2.038945512820514
0.75,0.9,0.3,2.53015875e-05,0.24335,1.4215073529411765e-10,0.0,1.4215073529411765e-10,0.95,0.925,True,True,True,0.10529166666666885,0.06250000000000006,0.607536764705883,0.607536764705883,True,True,True,True,True,True,1.382865196078435
0.75,0.9,0.35,2.53015875e-05,0.24335,1.361443661971831e-10,0.0,1.361443661971831e-10,0.95,0.925,True,True,True,0.10529166666666885,0.06250000000000006,0.30721830985915494,0.30721830985915494,True,True,True,True,True,True,0.7822282863849788
0.75,0.9,0.4,2.53015875e-05,0.24335,1.3062499999999998e-10,0.0,1.3062499999999998e-10,0.95,0.925,True,True,True,0.10529166666666885,0.06250000000000006,0.031249999999999247,0.031249999999999247,True,True,True,True,True,True,0.2302916666666674
0.75,0.9,0.45,2.53015875e-05,0.24335,1.2553571428571427e-10,0.0,1.2553571428571427e-10,0.95,0.925,True,True,True,0.10529166666666885,0.06250000000000006,0.22321428571428625,0.22321428571428625,True,True,True,True,True,True,0.6142202380952414
0.75,0.9,0.5,2.53015875e-05,0.24335,1.2082812499999998e-10,0.0,1.2082812499999998e-10,0.95,0.925,True,True,True,0.10529166666666885,0.06250000000000006,0.45859375000000047,0.45859375000000047,True,True,True,True,True,True,1.08497916666667
0.75,0.9,0.55,2.53015875e-05,0.24335,1.1646084337349395e-10,0.0,1.1646084337349395e-10,0.95,0.925,True,True,True,0.10529166666666885,0.06250000000000006,0.6769578313253022,0.6769578313253022,True,True,True,True,True,True,1.5217073293172731
0.75,0.9,0.6,2.53015875e-05,0.24335,1.1239825581395348e-10,0.0,1.1239825581395348e-10,0.95,0.925,True,True,True,0.10529166666666885,0.06250000000000006,0.8800872093023256,0.8800872093023256,True,True,True,True,True,True,1.9279660852713203
0.75,0.9,0.65,2.53015875e-05,0.24335,1.0860955056179774e-10,0.0,1.0860955056179774e-10,0.95,0.925,True,True,True,0.10529166666666885,0.06250000000000006,1.0695224719101124,1.0695224719101124,True,True,False,False,True,False,2.3068366104868936
0.75,0.9,0.7,2.53015875e-05,0.24335,1.0506793478260868e-10,0.0,1.0506793478260868e-10,0.95,0.925,True,True,True,0.10529166666666885,0.06250000000000006,1.2466032608695654,1.2466032608695654,True,True,False,False,True,False,2.6609981884057996
0.75,1.0,0.0,2.53015875e-05,0.24335,2.035e-10,0.0,2.035e-10,0.95,0.925,True,True,True,0.10529166666666885,0.06250000000000006,3.6750000000000003,3.6750000000000003,True,True,False,False,True,False,7.517791666666669
0.75,1.0,0.05,2.53015875e-05,0.24335,1.9198113207547167e-10,0.0,1.9198113207547167e-10,0.95,0.925,True,True,True,0.10529166666666885,0.06250000000000006,3.0990566037735845,3.0990566037735845,True,True,False,False,True,False,6.365904874213838
0.75,1.0,0.1,2.53015875e-05,0.24335,1.8169642857142855e-10,0.0,1.8169642857142855e-10,0.95,0.925,True,True,True,0.10529166666666885,0.06250000000000006,2.5848214285714284,2.5848214285714284,True,True,False,False,True,False,5.3374345238095255
0.75,1.0,0.15,2.53015875e-05,0.24335,1.7245762711864406e-10,0.0,1.7245762711864406e-10,0.95,0.925,True,True,True,0.10529166666666885,0.06250000000000006,2.1228813559322037,2.1228813559322037,True,True,False,False,True,False,4.413554378531076
0.75,1.0,0.2,2.53015875e-05,0.24335,1.6411290322580644e-10,0.0,1.6411290322580644e-10,0.95,0.925,True,True,True,0.10529166666666885,0.06250000000000006,1.7056451612903227,1.7056451612903227,True,True,False,False,True,False,3.5790819892473147
0.75,1.0,0.25,2.53015875e-05,0.24335,1.5653846153846154e-10,0.0,1.5653846153846154e-10,0.95,0.925,True,True,True,0.10529166666666885,0.06250000000000006,1.3269230769230773,1.3269230769230773,True,True,False,False,True,False,2.821637820512824
0.75,1.0,0.3,2.53015875e-05,0.24335,1.4963235294117648e-10,0.0,1.4963235294117648e-10,0.95,0.925,True,True,True,0.10529166666666885,0.06250000000000006,0.9816176470588248,0.9816176470588248,True,True,True,True,True,True,2.1310269607843186
0.75,1.0,0.35,2.53015875e-05,0.24335,1.4330985915492958e-10,0.0,1.4330985915492958e-10,0.95,0.925,True,True,True,0.10529166666666885,0.06250000000000006,0.6654929577464795,0.6654929577464795,True,True,True,True,True,True,1.498777582159628
0.75,1.0,0.4,2.53015875e-05,0.24335,1.375e-10,0.0,1.375e-10,0.95,0.925,True,True,True,0.10529166666666885,0.06250000000000006,0.375,0.375,True,True,True,True,True,True,0.9177916666666689
0.75,1.0,0.45,2.53015875e-05,0.24335,1.3214285714285713e-10,0.0,1.3214285714285713e-10,0.95,0.925,True,True,True,0.10529166666666885,0.06250000000000006,0.10714285714285678,0.10714285714285678,True,True,True,True,True,True,0.3820773809523824
0.75,1.0,0.5,2.53015875e-05,0.24335,1.2718749999999998e-10,0.0,1.2718749999999998e-10,0.95,0.925,True,True,True,0.10529166666666885,0.06250000000000006,0.1406250000000005,0.1406250000000005,True,True,True,True,True,True,0.4490416666666699
0.75,1.0,0.55,2.53015875e-05,0.24335,1.2259036144578312e-10,0.0,1.2259036144578312e-10,0.95,0.925,True,True,True,0.10529166666666885,0.06250000000000006,0.3704819277108434,0.3704819277108434,True,True,True,True,True,True,0.9087555220883556
0.75,1.0,0.6,2.53015875e-05,0.24335,1.183139534883721e-10,0.0,1.183139534883721e-10,0.95,0.925,True,True,True,0.10529166666666885,0.06250000000000006,0.584302325581395,0.584302325581395,True,True,True,True,True,True,1.336396317829459
0.75,1.0,0.65,2.53015875e-05,0.24335,1.1432584269662921e-10,0.0,1.1432584269662921e-10,0.95,0.925,True,True,True,0.10529166666666885,0.06250000000000006,0.7837078651685389,0.7837078651685389,True,True,True,True,True,True,1.7352073970037467
0.75,1.0,0.7,2.53015875e-05,0.24335,1.1059782608695653e-10,0.0,1.1059782608695653e-10,0.95,0.925,True,True,True,0.10529166666666885,0.06250000000000006,0.9701086956521731,0.9701086956521731,True,True,True,True,True,True,2.108009057971015
0.75,1.1,0.0,2.53015875e-05,0.24335,2.1367500000000001e-10,0.0,2.1367500000000001e-10,0.95,0.925,True,True,True,0.10529166666666885,0.06250000000000006,4.183750000000002,4.183750000000002,True,True,False,False,True,False,8.535291666666673
0.75,1.1,0.05,2.53015875e-05,0.24335,2.0158018867924528e-10,0.0,2.0158018867924528e-10,0.95,0.925,True,True,True,0.10529166666666885,0.06250000000000006,3.5790094339622645,3.5790094339622645,True,True,False,False,True,False,7.325810534591198
0.75,1.1,0.1,2.53015875e-05,0.24335,1.9078125e-10,0.0,1.9078125e-10,0.95,0.925,True,True,True,0.10529166666666885,0.06250000000000006,3.0390625000000004,3.0390625000000004,True,True,False,False,True,False,6.24591666666667
0.75,1.1,0.15,2.53015875e-05,0.24335,1.8108050847457628e-10,0.0,1.8108050847457628e-10,0.95,0.925,True,True,True,0.10529166666666885,0.06250000000000006,2.554025423728815,2.554025423728815,True,True,False,False,True,False,5.275842514124299
0.75,1.1,0.2,2.53015875e-05,0.24335,1.723185483870968e-10,0.0,1.723185483870968e-10,0.95,0.925,True,True,True,0.10529166666666885,0.06250000000000006,2.1159274193548403,2.1159274193548403,True,True,False,False,True,False,4.399646505376349
0.75,1.1,0.25,2.53015875e-05,0.24335,1.6436538461538463e-10,0.0,1.6436538461538463e-10,0.95,0.925,True,True,True,0.10529166666666885,0.06250000000000006,1.718269230769232,1.718269230769232,True,True,False,False,True,False,3.6043301282051328
0.75,1.1,0.3,2.53015875e-05,0.24335,1.5711397058823532e-10,0.0,1.5711397058823532e-10,0.95,0.925,True,True,True,0.10529166666666885,0.06250000000000006,1.3556985294117665,1.3556985294117665,True,True,False,False,True,False,2.879188725490202
0.75,1.1,0.35,2.53015875e-05,0.24335,1.5047535211267607e-10,0.0,1.5047535211267607e-10,0.95,0.925,True,True,True,0.10529166666666885,0.06250000000000006,1.0237676056338043,1.0237676056338043,True,True,False,False,True,False,2.2153268779342774
0.75,1.1,0.4,2.53015875e-05,0.24335,1.44375e-10,0.0,1.44375e-10,0.95,0.925,True,True,True,0.10529166666666885,0.06250000000000006,0.7187500000000008,0.7187500000000008,True,True,True,True,True,True,1.6052916666666706
0.75,1.1,0.45,2.53015875e-05,0.24335,1.3875e-10,0.0,1.3875e-10,0.95,0.925,True,True,True,0.10529166666666885,0.06250000000000006,0.4375000000000011,0.4375000000000011,True,True,True,True,True,True,1.042791666666671
0.75,1.1,0.5,2.53015875e-05,0.24335,1.33546875e-10,0.0,1.33546875e-10,0.95,0.925,True,True,True,0.10529166666666885,0.06250000000000006,0.17734375000000077,0.17734375000000077,True,True,True,True,True,True,0.5224791666666705
0.75,1.1,0.55,2.53015875e-05,0.24335,1.2871987951807228e-10,0.0,1.2871987951807228e-10,0.95,0.925,True,True,True,0.10529166666666885,0.06250000000000006,0.06400602409638578,0.06400602409638578,True,True,True,True,True,True,0.29580371485944046
0.75,1.1,0.6,2.53015875e-05,0.24335,1.242296511627907e-10,0.0,1.242296511627907e-10,0.95,0.925,True,True,True,0.10529166666666885,0.06250000000000006,0.28851744186046446,0.28851744186046446,True,True,True,True,True,True,0.7448265503875978
0.75,1.1,0.65,2.53015875e-05,0.24335,1.200421348314607e-10,0.0,1.200421348314607e-10,0.95,0.925,True,True,True,0.10529166666666885,0.06250000000000006,0.49789325842696514,0.49789325842696514,True,True,True,True,True,True,1.1635781835205992
0.75,1.1,0.7,2.53015875e-05,0.24335,1.1612771739130437e-10,0.0,1.1612771739130437e-10,0.95,0.925,True,True,True,0.10529166666666885,0.06250000000000006,0.6936141304347813,0.6936141304347813,True,True,True,True,True,True,1.5550199275362315
0.75,1.2,0.0,2.53015875e-05,0.24335,2.2385e-10,0.0,2.2385e-10,0.95,0.925,True,True,True,0.10529166666666885,0.06250000000000006,4.692500000000001,4.692500000000001,True,True,False,False,True,False,9.552791666666671
0.75,1.2,0.05,2.53015875e-05,0.24335,2.1117924528301888e-10,0.0,2.1117924528301888e-10,0.95,0.925,True,True,True,0.10529166666666885,0.06250000000000006,4.058962264150945,4.058962264150945,True,True,False,False,True,False,8.285716194968558
0.75,1.2,0.1,2.53015875e-05,0.24335,1.9986607142857142e-10,0.0,1.9986607142857142e-10,0.95,0.925,True,True,True,0.10529166666666885,0.06250000000000006,3.4933035714285716,3.4933035714285716,True,True,False,False,True,False,7.154398809523812
0.75,1.2,0.15,2.53015875e-05,0.24335,1.897033898305085e-10,0.0,1.897033898305085e-10,0.95,0.925,True,True,True,0.10529166666666885,0.06250000000000006,2.9851694915254257,2.9851694915254257,True,True,False,False,True,False,6.13813064971752
0.75,1.2,0.2,2.53015875e-05,0.24335,1.8052419354838711e-10,0.0,1.8052419354838711e-10,0.95,0.925,True,True,True,0.10529166666666885,0.06250000000000006,2.5262096774193563,2.5262096774193563,True,True,False,False,True,False,5.220211021505381
0.75,1.2,0.25,2.53015875e-05,0.24335,1.721923076923077e-10,0.0,1.721923076923077e-10,0.95,0.925,True,True,True,0.10529166666666885,0.06250000000000006,2.1096153846153856,2.1096153846153856,True,True,False,False,True,False,4.38702243589744
0.75,1.2,0.3,2.53015875e-05,0.24335,1.6459558823529413e-10,0.0,1.6459558823529413e-10,0.95,0.925,True,True,True,0.10529166666666885,0.06250000000000006,1.729779411764707,1.729779411764707,True,True,False,False,True,False,3.6273504901960827
0.75,1.2,0.35,2.53015875e-05,0.24335,1.5764084507042254e-10,0.0,1.5764084507042254e-10,0.95,0.925,True,True,True,0.10529166666666885,0.06250000000000006,1.3820422535211276,1.3820422535211276,True,True,False,False,True,False,2.9318761737089245
0.75,1.2,0.4,2.53015875e-05,0.24335,1.5125e-10,0.0,1.5125e-10,0.95,0.925,True,True,True,0.10529166666666885,0.06250000000000006,1.0625000000000002,1.0625000000000002,True,True,False,False,True,False,2.2927916666666697
0.75,1.2,0.45,2.53015875e-05,0.24335,1.4535714285714285e-10,0.0,1.4535714285714285e-10,0.95,0.925,True,True,True,0.10529166666666885,0.06250000000000006,0.7678571428571428,0.7678571428571428,True,True,True,True,True,True,1.7035059523809544
0.75,1.2,0.5,2.53015875e-05,0.24335,1.3990625e-10,0.0,1.3990625e-10,0.95,0.925,True,True,True,0.10529166666666885,0.06250000000000006,0.49531250000000077,0.49531250000000077,True,True,True,True,True,True,1.1584166666666704
0.75,1.2,0.55,2.53015875e-05,0.24335,1.3484939759036143e-10,0.0,1.3484939759036143e-10,0.95,0.925,True,True,True,0.10529166666666885,0.06250000000000006,0.2424698795180718,0.2424698795180718,True,True,True,True,True,True,0.6527314257028125
0.75,1.2,0.6,2.53015875e-05,0.24335,1.301453488372093e-10,0.0,1.301453488372093e-10,0.95,0.925,True,True,True,0.10529166666666885,0.06250000000000006,0.007267441860466083,0.007267441860466083,True,True,True,True,True,True,0.18232655038760104
0.75,1.2,0.65,2.53015875e-05,0.24335,1.2575842696629215e-10,0.0,1.2575842696629215e-10,0.95,0.925,True,True,True,0.10529166666666885,0.06250000000000006,0.21207865168539214,0.21207865168539214,True,True,True,True,True,True,0.5919489700374532
0.75,1.2,0.7,2.53015875e-05,0.24335,1.2165760869565219e-10,0.0,1.2165760869565219e-10,0.95,0.925,True,True,True,0.10529166666666885,0.06250000000000006,0.41711956521739024,0.41711956521739024,True,True,True,True,True,True,1.0020307971014493
0.8,0.0,0.0,2.5295269999999996e-05,0.2434,1.034e-10,0.0,1.034e-10,0.96,0.9400000000000001,True,True,True,0.08423333333331927,0.05000000000000143,1.3299999999999996,1.3299999999999996,True,True,False,False,True,False,2.7942333333333202
0.8,0.0,0.05,2.5295269999999996e-05,0.2434,9.754716981132075e-11,0.0,9.754716981132075e-11,0.96,0.9400000000000001,True,True,True,0.08423333333331927,0.05000000000000143,1.6226415094339623,1.6226415094339623,True,True,False,False,True,False,3.3795163522012457
0.8,0.0,0.1,2.5295269999999996e-05,0.2434,9.232142857142856e-11,0.0,9.232142857142856e-11,0.96,0.9400000000000001,True,True,True,0.08423333333331927,0.05000000000000143,1.8839285714285714,1.8839285714285714,True,True,False,False,True,False,3.9020904761904633
0.8,0.0,0.15,2.5295269999999996e-05,0.2434,8.76271186440678e-11,0.0,8.76271186440678e-11,0.96,0.9400000000000001,True,True,True,0.08423333333331927,0.05000000000000143,2.11864406779661,2.11864406779661,True,True,False,False,True,False,4.37152146892654
0.8,0.0,0.2,2.5295269999999996e-05,0.2434,8.338709677419355e-11,0.0,8.338709677419355e-11,0.96,0.9400000000000001,True,True,True,0.08423333333331927,0.05000000000000143,2.330645161290322,2.330645161290322,True,True,False,False,True,False,4.795523655913964
0.8,0.0,0.25,2.5295269999999996e-05,0.2434,7.953846153846153e-11,0.0,7.953846153846153e-11,0.96,0.9400000000000001,True,True,True,0.08423333333331927,0.05000000000000143,2.523076923076923,2.523076923076923,True,True,False,False,True,False,5.180387179487166
0.8,0.0,0.3,2.5295269999999996e-05,0.2434,7.60294117647059e-11,0.0,7.60294117647059e-11,0.96,0.9400000000000001,True,True,True,0.08423333333331927,0.05000000000000143,2.698529411764705,2.698529411764705,True,True,False,False,True,False,5.531292156862731
0.8,0.0,0.35,2.5295269999999996e-05,0.2434,7.281690140845071e-11,0.0,7.281690140845071e-11,0.96,0.9400000000000001,True,True,True,0.08423333333331927,0.05000000000000143,2.859154929577464,2.859154929577464,True,True,False,False,True,False,5.852543192488248
0.8,0.0,0.4,2.5295269999999996e-05,0.2434,6.986486486486486e-11,0.0,6.986486486486486e-11,0.96,0.9400000000000001,True,True,True,0.08423333333331927,0.05000000000000143,3.0067567567567566,3.0067567567567566,True,True,False,False,True,False,6.147746846846834
0.8,0.0,0.45,2.5295269999999996e-05,0.2434,6.714285714285714e-11,0.0,6.714285714285714e-11,0.96,0.9400000000000001,True,True,True,0.08423333333331927,0.05000000000000143,3.1428571428571423,3.1428571428571423,True,True,False,False,True,False,6.419947619047605
0.8,0.0,0.5,2.5295269999999996e-05,0.2434,6.4625e-11,0.0,6.4625e-11,0.96,0.9400000000000001,True,True,True,0.08423333333331927,0.05000000000000143,3.26875,3.26875,True,True,False,False,True,False,6.67173333333332
0.8,0.0,0.55,2.5295269999999996e-05,0.2434,6.228915662650602e-11,0.0,6.228915662650602e-11,0.96,0.9400000000000001,True,True,True,0.08423333333331927,0.05000000000000143,3.3855421686746987,3.3855421686746987,True,True,False,False,True,False,6.905317670682718
0.8,0.0,0.6,2.5295269999999996e-05,0.2434,6.011627906976744e-11,0.0,6.011627906976744e-11,0.96,0.9400000000000001,True,True,True,0.08423333333331927,0.05000000000000143,3.494186046511628,3.494186046511628,True,True,False,False,True,False,7.122605426356577
0.8,0.0,0.65,2.5295269999999996e-05,0.2434,5.808988764044944e-11,0.0,5.808988764044944e-11,0.96,0.9400000000000001,True,True,True,0.08423333333331927,0.05000000000000143,3.5955056179775275,3.5955056179775275,True,True,False,False,True,False,7.325244569288376
0.8,0.0,0.7,2.5295269999999996e-05,0.2434,5.6195652173913045e-11,0.0,5.6195652173913045e-11,0.96,0.9400000000000001,True,True,True,0.08423333333331927,0.05000000000000143,3.6902173913043477,3.6902173913043477,True,True,False,False,True,False,7.5146681159420154
0.8,0.1,0.0,2.5295269999999996e-05,0.2434,1.1374000000000001e-10,0.0,1.1374000000000001e-10,0.96,0.9400000000000001,True,True,True,0.08423333333331927,0.05000000000000143,0.812999999999999,0.812999999999999,True,True,True,True,True,True,1.7602333333333187
0.8,0.1,0.05,2.5295269999999996e-05,0.2434,1.0730188679245284e-10,0.0,1.0730188679245284e-10,0.96,0.9400000000000001,True,True,True,0.08423333333331927,0.05000000000000143,1.1349056603773575,1.1349056603773575,True,True,False,False,True,False,2.404044654088036
0.8,0.1,0.1,2.5295269999999996e-05,0.2434,1.0155357142857143e-10,0.0,1.0155357142857143e-10,0.96,0.9400000000000001,True,True,True,0.08423333333331927,0.05000000000000143,1.4223214285714283,1.4223214285714283,True,True,False,False,True,False,2.9788761904761776
0.8,0.1,0.15,2.5295269999999996e-05,0.2434,9.638983050847459e-11,0.0,9.638983050847459e-11,0.96,0.9400000000000001,True,True,True,0.08423333333331927,0.05000000000000143,1.6805084745762704,1.6805084745762704,True,True,False,False,True,False,3.495250282485862
0.8,0.1,0.2,2.5295269999999996e-05,0.2434,9.172580645161292e-11,0.0,9.172580645161292e-11,0.96,0.9400000000000001,True,True,True,0.08423333333331927,0.05000000000000143,1.9137096774193538,1.9137096774193538,True,True,False,False,True,False,3.961652688172028
0.8,0.1,0.25,2.5295269999999996e-05,0.2434,8.74923076923077e-11,0.0,8.74923076923077e-11,0.96,0.9400000000000001,True,True,True,0.08423333333331927,0.05000000000000143,2.1253846153846148,2.1253846153846148,True,True,False,False,True,False,4.38500256410255
0.8,0.1,0.3,2.5295269999999996e-05,0.2434,8.363235294117649e-11,0.0,8.363235294117649e-11,0.96,0.9400000000000001,True,True,True,0.08423333333331927,0.05000000000000143,2.318382352941175,2.318382352941175,True,True,False,False,True,False,4.770998039215671
0.8,0.1,0.35,2.5295269999999996e-05,0.2434,8.009859154929578e-11,0.0,8.009859154929578e-11,0.96,0.9400000000000001,True,True,True,0.08423333333331927,0.05000000000000143,2.4950704225352105,2.4950704225352105,True,True,False,False,True,False,5.124374178403741
0.8,0.1,0.4,2.5295269999999996e-05,0.2434,7.685135135135136e-11,0.0,7.685135135135136e-11,0.96,0.9400000000000001,True,True,True,0.08423333333331927,0.05000000000000143,2.6574324324324317,2.6574324324324317,True,True,False,False,True,False,5.449098198198184
0.8,0.1,0.45,2.5295269999999996e-05,0.2434,7.385714285714286e-11,0.0,7.385714285714286e-11,0.96,0.9400000000000001,True,True,True,0.08423333333331927,0.05000000000000143,2.8071428571428565,2.8071428571428565,True,True,False,False,True,False,5.748519047619034
0.8,0.1,0.5,2.5295269999999996e-05,0.2434,7.10875e-11,0.0,7.10875e-11,0.96,0.9400000000000001,True,True,True,0.08423333333331927,0.05000000000000143,2.9456249999999997,2.9456249999999997,True,True,False,False,True,False,6.0254833333333195
0.8,0.1,0.55,2.5295269999999996e-05,0.2434,6.851807228915663e-11,0.0,6.851807228915663e-11,0.96,0.9400000000000001,True,True,True,0.08423333333331927,0.05000000000000143,3.074096385542168,3.074096385542168,True,True,False,False,True,False,6.282426104417656
0.8,0.1,0.6,2.5295269999999996e-05,0.2434,6.61279069767442e-11,0.0,6.61279069767442e-11,0.96,0.9400000000000001,True,True,True,0.08423333333331927,0.05000000000000143,3.1936046511627896,3.1936046511627896,True,True,False,False,True,False,6.5214426356589
0.8,0.1,0.65,2.5295269999999996e-05,0.2434,6.389887640449439e-11,0.0,6.389887640449439e-11,0.96,0.9400000000000001,True,True,True,0.08423333333331927,0.05000000000000143,3.3050561797752804,3.3050561797752804,True,True,False,False,True,False,6.744345692883881
0.8,0.1,0.7,2.5295269999999996e-05,0.2434,6.181521739130437e-11,0.0,6.181521739130437e-11,0.96,0.9400000000000001,True,True,True,0.08423333333331927,0.05000000000000143,3.4092391304347816,3.4092391304347816,True,True,False,False,True,False,6.952711594202883
0.8,0.2,0.0,2.5295269999999996e-05,0.2434,1.2408e-10,0.0,1.2408e-10,0.96,0.9400000000000001,True,True,True,0.08423333333331927,0.05000000000000143,0.29599999999999954,0.29599999999999954,True,True,True,True,True,True,0.7262333333333197
0.8,0.2,0.05,2.5295269999999996e-05,0.2434,1.170566037735849e-10,0.0,1.170566037735849e-10,0.96,0.9400000000000001,True,True,True,0.08423333333331927,0.05000000000000143,0.6471698113207541,0.6471698113207541,True,True,True,True,True,True,1.428572955974829
0.8,0.2,0.1,2.5295269999999996e-05,0.2434,1.1078571428571428e-10,0.0,1.1078571428571428e-10,0.96,0.9400000000000001,True,True,True,0.08423333333331927,0.05000000000000143,0.9607142857142856,0.9607142857142856,True,True,True,True,True,True,2.055661904761892
0.8,0.2,0.15,2.5295269999999996e-05,0.2434,1.0515254237288136e-10,0.0,1.0515254237288136e-10,0.96,0.9400000000000001,True,True,True,0.08423333333331927,0.05000000000000143,1.2423728813559314,1.2423728813559314,True,True,False,False,True,False,2.6189790960451838
0.8,0.2,0.2,2.5295269999999996e-05,0.2434,1.0006451612903226e-10,0.0,1.0006451612903226e-10,0.96,0.9400000000000001,True,True,True,0.08423333333331927,0.05000000000000143,1.4967741935483865,1.4967741935483865,True,True,False,False,True,False,3.127781720430094
0.8,0.2,0.25,2.5295269999999996e-05,0.2434,9.544615384615385e-11,0.0,9.544615384615385e-11,0.96,0.9400000000000001,True,True,True,0.08423333333331927,0.05000000000000143,1.7276923076923072,1.7276923076923072,True,True,False,False,True,False,3.589617948717935
0.8,0.2,0.3,2.5295269999999996e-05,0.2434,9.123529411764707e-11,0.0,9.123529411764707e-11,0.96,0.9400000000000001,True,True,True,0.08423333333331927,0.05000000000000143,1.9382352941176464,1.9382352941176464,True,True,False,False,True,False,4.010703921568613
0.8,0.2,0.35,2.5295269999999996e-05,0.2434,8.738028169014085e-11,0.0,8.738028169014085e-11,0.96,0.9400000000000001,True,True,True,0.08423333333331927,0.05000000000000143,2.130985915492957,2.130985915492957,True,True,False,False,True,False,4.396205164319234
0.8,0.2,0.4,2.5295269999999996e-05,0.2434,8.383783783783784e-11,0.0,8.383783783783784e-11,0.96,0.9400000000000001,True,True,True,0.08423333333331927,0.05000000000000143,2.3081081081081076,2.3081081081081076,True,True,False,False,True,False,4.750449549549536
0.8,0.2,0.45,2.5295269999999996e-05,0.2434,8.057142857142856e-11,0.0,8.057142857142856e-11,0.96,0.9400000000000001,True,True,True,0.08423333333331927,0.05000000000000143,2.4714285714285715,2.4714285714285715,True,True,False,False,True,False,5.077090476190463
0.8,0.2,0.5,2.5295269999999996e-05,0.2434,7.754999999999999e-11,0.0,7.754999999999999e-11,0.96,0.9400000000000001,True,True,True,0.08423333333331927,0.05000000000000143,2.6225,2.6225,True,True,False,False,True,False,5.379233333333321
0.8,0.2,0.55,2.5295269999999996e-05,0.2434,7.474698795180722e-11,0.0,7.474698795180722e-11,0.96,0.9400000000000001,True,True,True,0.08423333333331927,0.05000000000000143,2.7626506024096384,2.7626506024096384,True,True,False,False,True,False,5.659534538152597
0.8,0.2,0.6,2.5295269999999996e-05,0.2434,7.213953488372093e-11,0.0,7.213953488372093e-11,0.96,0.9400000000000001,True,True,True,0.08423333333331927,0.05000000000000143,2.8930232558139535,2.8930232558139535,True,True,False,False,True,False,5.920279844961227
0.8,0.2,0.65,2.5295269999999996e-05,0.2434,6.970786516853933e-11,0.0,6.970786516853933e-11,0.96,0.9400000000000001,True,True,True,0.08423333333331927,0.05000000000000143,3.0146067415730333,3.0146067415730333,True,True,False,False,True,False,6.163446816479388
0.8,0.2,0.7,2.5295269999999996e-05,0.2434,6.743478260869565e-11,0.0,6.743478260869565e-11,0.96,0.9400000000000001,True,True,True,0.08423333333331927,0.05000000000000143,3.128260869565217,3.128260869565217,True,True,False,False,True,False,6.3907550724637545
0.8,0.3,0.0,2.5295269999999996e-05,0.2434,1.3442e-10,0.0,1.3442e-10,0.96,0.9400000000000001,True,True,True,0.08423333333331927,0.05000000000000143,0.2210000000000011,0.2210000000000011,True,True,True,True,True,True,0.5762333333333229
0.8,0.3,0.05,2.5295269999999996e-05,0.2434,1.26811320754717e-10,0.0,1.26811320754717e-10,0.96,0.9400000000000001,True,True,True,0.08423333333331927,0.05000000000000143,0.15943396226414994,0.15943396226414994,True,True,True,True,True,True,0.4531012578616206
0.8,0.3,0.1,2.5295269999999996e-05,0.2434,1.2001785714285715e-10,0.0,1.2001785714285715e-10,0.96,0.9400000000000001,True,True,True,0.08423333333331927,0.05000000000000143,0.4991071428571418,0.4991071428571418,True,True,True,True,True,True,1.1324476190476043
0.8,0.3,0.15,2.5295269999999996e-05,0.2434,1.1391525423728815e-10,0.0,1.1391525423728815e-10,0.96,0.9400000000000001,True,True,True,0.08423333333331927,0.05000000000000143,0.804237288135592,0.804237288135592,True,True,True,True,True,True,1.7427079096045048
0.8,0.3,0.2,2.5295269999999996e-05,0.2434,1.0840322580645162e-10,0.0,1.0840322580645162e-10,0.96,0.9400000000000001,True,True,True,0.08423333333331927,0.05000000000000143,1.0798387096774185,1.0798387096774185,True,True,False,False,True,False,2.2939107526881575
0.8,0.3,0.25,2.5295269999999996e-05,0.2434,1.034e-10,0.0,1.034e-10,0.96,0.9400000000000001,True,True,True,0.08423333333331927,0.05000000000000143,1.3299999999999996,1.3299999999999996,True,True,False,False,True,False,2.7942333333333202
0.8,0.3,0.3,2.5295269999999996e-05,0.2434,9.883823529411766e-11,0.0,9.883823529411766e-11,0.96,0.9400000000000001,True,True,True,0.08423333333331927,0.05000000000000143,1.5580882352941163,1.5580882352941163,True,True,False,False,True,False,3.2504098039215537
0.8,0.3,0.35,2.5295269999999996e-05,0.2434,9.466197183098593e-11,0.0,9.466197183098593e-11,0.96,0.9400000000000001,True,True,True,0.08423333333331927,0.05000000000000143,1.7669014084507029,1.7669014084507029,True,True,False,False,True,False,3.6680361502347267
0.8,0.3,0.4,2.5295269999999996e-05,0.2434,9.082432432432434e-11,0.0,9.082432432432434e-11,0.96,0.9400000000000001,True,True,True,0.08423333333331927,0.05000000000000143,1.9587837837837827,1.9587837837837827,True,True,False,False,True,False,4.051800900900886
0.8,0.3,0.45,2.5295269999999996e-05,0.2434,8.72857142857143e-11,0.0,8.72857142857143e-11,0.96,0.9400000000000001,True,True,True,0.08423333333331927,0.05000000000000143,2.135714285714285,2.135714285714285,True,True,False,False,True,False,4.405661904761891
0.8,0.3,0.5,2.5295269999999996e-05,0.2434,8.40125e-11,0.0,8.40125e-11,0.96,0.9400000000000001,True,True,True,0.08423333333331927,0.05000000000000143,2.299375,2.299375,True,True,False,False,True,False,4.732983333333321
0.8,0.3,0.55,2.5295269999999996e-05,0.2434,8.097590361445783e-11,0.0,8.097590361445783e-11,0.96,0.9400000000000001,True,True,True,0.08423333333331927,0.05000000000000143,2.4512048192771085,2.4512048192771085,True,True,False,False,True,False,5.036642971887538
0.8,0.3,0.6,2.5295269999999996e-05,0.2434,7.815116279069768e-11,0.0,7.815116279069768e-11,0.96,0.9400000000000001,True,True,True,0.08423333333331927,0.05000000000000143,2.5924418604651156,2.5924418604651156,True,True,False,False,True,False,5.319117054263552
0.8,0.3,0.65,2.5295269999999996e-05,0.2434,7.551685393258427e-11,0.0,7.551685393258427e-11,0.96,0.9400000000000001,True,True,True,0.08423333333331927,0.05000000000000143,2.724157303370786,2.724157303370786,True,True,False,False,True,False,5.5825479400748925
0.8,0.3,0.7,2.5295269999999996e-05,0.2434,7.305434782608697e-11,0.0,7.305434782608697e-11,0.96,0.9400000000000001,True,True,True,0.08423333333331927,0.05000000000000143,2.8472826086956515,2.8472826086956515,True,True,False,False,True,False,5.828798550724624
0.8,0.4,0.0,2.5295269999999996e-05,0.2434,1.4476e-10,0.0,1.4476e-10,0.96,0.9400000000000001,True,True,True,0.08423333333331927,0.05000000000000143,0.7380000000000005,0.7380000000000005,True,True,True,True,True,True,1.6102333333333219
0.8,0.4,0.05,2.5295269999999996e-05,0.2434,1.3656603773584905e-10,0.0,1.3656603773584905e-10,0.96,0.9400000000000001,True,True,True,0.08423333333331927,0.05000000000000143,0.3283018867924529,0.3283018867924529,True,True,True,True,True,True,0.7908371069182265
0.8,0.4,0.1,2.5295269999999996e-05,0.2434,1.2925e-10,0.0,1.2925e-10,0.96,0.9400000000000001,True,True,True,0.08423333333331927,0.05000000000000143,0.037499999999999874,0.037499999999999874,True,True,True,True,True,True,0.20923333333332045
0.8,0.4,0.15,2.5295269999999996e-05,0.2434,1.2267796610169491e-10,0.0,1.2267796610169491e-10,0.96,0.9400000000000001,True,True,True,0.08423333333331927,0.05000000000000143,0.36610169491525385,0.36610169491525385,True,True,True,True,True,True,0.8664367231638284
0.8,0.4,0.2,2.5295269999999996e-05,0.2434,1.1674193548387097e-10,0.0,1.1674193548387097e-10,0.96,0.9400000000000001,True,True,True,0.08423333333331927,0.05000000000000143,0.662903225806451,0.662903225806451,True,True,True,True,True,True,1.4600397849462228
0.8,0.4,0.25,2.5295269999999996e-05,0.2434,1.1135384615384615e-10,0.0,1.1135384615384615e-10,0.96,0.9400000000000001,True,True,True,0.08423333333331927,0.05000000000000143,0.9323076923076921,0.9323076923076921,True,True,True,True,True,True,1.998848717948705
0.8,0.4,0.3,2.5295269999999996e-05,0.2434,1.0644117647058825e-10,0.0,1.0644117647058825e-10,0.96,0.9400000000000001,True,True,True,0.08423333333331927,0.05000000000000143,1.1779411764705872,1.1779411764705872,True,True,False,False,True,False,2.4901156862744953
0.8,0.4,0.35,2.5295269999999996e-05,0.2434,1.0194366197183099e-10,0.0,1.0194366197183099e-10,0.96,0.9400000000000001,True,True,True,0.08423333333331927,0.05000000000000143,1.4028169014084502,1.4028169014084502,True,True,False,False,True,False,2.9398671361502213
0.8,0.4,0.4,2.5295269999999996e-05,0.2434,9.781081081081081e-11,0.0,9.781081081081081e-11,0.96,0.9400000000000001,True,True,True,0.08423333333331927,0.05000000000000143,1.6094594594594591,1.6094594594594591,True,True,False,False,True,False,3.3531522522522392
0.8,0.4,0.45,2.5295269999999996e-05,0.2434,9.4e-11,0.0,9.4e-11,0.96,0.9400000000000001,True,True,True,0.08423333333331927,0.05000000000000143,1.7999999999999996,1.7999999999999996,True,True,False,False,True,False,3.7342333333333197
0.8,0.4,0.5,2.5295269999999996e-05,0.2434,9.047499999999999e-11,0.0,9.047499999999999e-11,0.96,0.9400000000000001,True,True,True,0.08423333333331927,0.05000000000000143,1.97625,1.97625,True,True,False,False,True,False,4.086733333333321
0.8,0.4,0.55,2.5295269999999996e-05,0.2434,8.720481927710843e-11,0.0,8.720481927710843e-11,0.96,0.9400000000000001,True,True,True,0.08423333333331927,0.05000000000000143,2.139759036144578,2.139759036144578,True,True,False,False,True,False,4.413751405622477
0.8,0.4,0.6,2.5295269999999996e-05,0.2434,8.416279069767442e-11,0.0,8.416279069767442e-11,0.96,0.9400000000000001,True,True,True,0.08423333333331927,0.05000000000000143,2.291860465116279,2.291860465116279,True,True,False,False,True,False,4.717954263565879
0.8,0.4,0.65,2.5295269999999996e-05,0.2434,8.132584269662921e-11,0.0,8.132584269662921e-11,0.96,0.9400000000000001,True,True,True,0.08423333333331927,0.05000000000000143,2.433707865168539,2.433707865168539,True,True,False,False,True,False,5.001649063670399
0.8,0.4,0.7,2.5295269999999996e-05,0.2434,7.867391304347827e-11,0.0,7.867391304347827e-11,0.96,0.9400000000000001,True,True,True,0.08423333333331927,0.05000000000000143,2.5663043478260863,2.5663043478260863,True,True,False,False,True,False,5.266842028985494
0.8,0.5,0.0,2.5295269999999996e-05,0.2434,1.551e-10,0.0,1.551e-10,0.96,0.9400000000000001,True,True,True,0.08423333333331927,0.05000000000000143,1.2550000000000012,1.2550000000000012,True,True,False,False,True,False,2.6442333333333234
0.8,0.5,0.05,2.5295269999999996e-05,0.2434,1.4632075471698113e-10,0.0,1.4632075471698113e-10,0.96,0.9400000000000001,True,True,True,0.08423333333331927,0.05000000000000143,0.816037735849057,0.816037735849057,True,True,True,True,True,True,1.7663088050314348
0.8,0.5,0.1,2.5295269999999996e-05,0.2434,1.3848214285714286e-10,0.0,1.3848214285714286e-10,0.96,0.9400000000000001,True,True,True,0.08423333333331927,0.05000000000000143,0.42410714285714335,0.42410714285714335,True,True,True,True,True,True,0.9824476190476074
0.8,0.5,0.15,2.5295269999999996e-05,0.2434,1.314406779661017e-10,0.0,1.314406779661017e-10,0.96,0.9400000000000001,True,True,True,0.08423333333331927,0.05000000000000143,0.07203389830508564,0.07203389830508564,True,True,True,True,True,True,0.278301129943492
0.8,0.5,0.2,2.5295269999999996e-05,0.2434,1.2508064516129035e-10,0.0,1.2508064516129035e-10,0.96,0.9400000000000001,True,True,True,0.08423333333331927,0.05000000000000143,0.2459677419354823,0.2459677419354823,True,True,True,True,True,True,0.6261688172042853
0.8,0.5,0.25,2.5295269999999996e-05,0.2434,1.193076923076923e-10,0.0,1.193076923076923e-10,0.96,0.9400000000000001,True,True,True,0.08423333333331927,0.05000000000000143,0.5346153846153844,0.5346153846153844,True,True,True,True,True,True,1.2034641025640895
0.8,0.5,0.3,2.5295269999999996e-05,0.2434,1.1404411764705885e-10,0.0,1.1404411764705885e-10,0.96,0.9400000000000001,True,True,True,0.08423333333331927,0.05000000000000143,0.7977941176470572,0.7977941176470572,True,True,True,True,True,True,1.7298215686274352
0.8,0.5,0.35,2.5295269999999996e-05,0.2434,1.0922535211267607e-10,0.0,1.0922535211267607e-10,0.96,0.9400000000000001,True,True,True,0.08423333333331927,0.05000000000000143,1.038732394366196,1.038732394366196,True,True,False,False,True,False,2.2116981220657124
0.8,0.5,0.4,2.5295269999999996e-05,0.2434,1.0479729729729731e-10,0.0,1.0479729729729731e-10,0.96,0.9400000000000001,True,True,True,0.08423333333331927,0.05000000000000143,1.2601351351351342,1.2601351351351342,True,True,False,False,True,False,2.6545036036035894
0.8,0.5,0.45,2.5295269999999996e-05,0.2434,1.0071428571428572e-10,0.0,1.0071428571428572e-10,0.96,0.9400000000000001,True,True,True,0.08423333333331927,0.05000000000000143,1.4642857142857137,1.4642857142857137,True,True,False,False,True,False,3.062804761904748
0.8,0.5,0.5,2.5295269999999996e-05,0.2434,9.693750000000001e-11,0.0,9.693750000000001e-11,0.96,0.9400000000000001,True,True,True,0.08423333333331927,0.05000000000000143,1.6531249999999993,1.6531249999999993,True,True,False,False,True,False,3.4404833333333196
0.8,0.5,0.55,2.5295269999999996e-05,0.2434,9.343373493975903e-11,0.0,9.343373493975903e-11,0.96,0.9400000000000001,True,True,True,0.08423333333331927,0.05000000000000143,1.828313253012048,1.828313253012048,True,True,False,False,True,False,3.7908598393574167
0.8,0.5,0.6,2.5295269999999996e-05,0.2434,9.017441860465117e-11,0.0,9.017441860465117e-11,0.96,0.9400000000000001,True,True,True,0.08423333333331927,0.05000000000000143,1.9912790697674412,1.9912790697674412,True,True,False,False,True,False,4.1167914728682025
0.8,0.5,0.65,2.5295269999999996e-05,0.2434,8.713483146067417e-11,0.0,8.713483146067417e-11,0.96,0.9400000000000001,True,True,True,0.08423333333331927,0.05000000000000143,2.143258426966291,2.143258426966291,True,True,False,False,True,False,4.420750187265902
0.8,0.5,0.7,2.5295269999999996e-05,0.2434,8.429347826086958e-11,0.0,8.429347826086958e-11,0.96,0.9400000000000001,True,True,True,0.08423333333331927,0.05000000000000143,2.2853260869565206,2.2853260869565206,True,True,False,False,True,False,4.704885507246361
0.8,0.6,0.0,2.5295269999999996e-05,0.2434,1.6544e-10,0.0,1.6544e-10,0.96,0.9400000000000001,True,True,True,0.08423333333331927,0.05000000000000143,1.7720000000000005,1.7720000000000005,True,True,False,False,True,False,3.6782333333333215
0.8,0.6,0.05,2.5295269999999996e-05,0.2434,1.5607547169811319e-10,0.0,1.5607547169811319e-10,0.96,0.9400000000000001,True,True,True,0.08423333333331927,0.05000000000000143,1.30377358490566,1.30377358490566,True,True,False,False,True,False,2.741780503144641
0.8,0.6,0.1,2.5295269999999996e-05,0.2434,1.477142857142857e-10,0.0,1.477142857142857e-10,0.96,0.9400000000000001,True,True,True,0.08423333333331927,0.05000000000000143,0.8857142857142853,0.8857142857142853,True,True,True,True,True,True,1.9056619047618915
0.8,0.6,0.15,2.5295269999999996e-05,0.2434,1.402033898305085e-10,0.0,1.402033898305085e-10,0.96,0.9400000000000001,True,True,True,0.08423333333331927,0.05000000000000143,0.5101694915254251,0.5101694915254251,True,True,True,True,True,True,1.154572316384171
0.8,0.6,0.2,2.5295269999999996e-05,0.2434,1.3341935483870967e-10,0.0,1.3341935483870967e-10,0.96,0.9400000000000001,True,True,True,0.08423333333331927,0.05000000000000143,0.17096774193548384,0.17096774193548384,True,True,True,True,True,True,0.4761688172042884
0.8,0.6,0.25,2.5295269999999996e-05,0.2434,1.2726153846153846e-10,0.0,1.2726153846153846e-10,0.96,0.9400000000000001,True,True,True,0.08423333333331927,0.05000000000000143,0.1369230769230768,0.1369230769230768,True,True,True,True,True,True,0.4080794871794743
0.8,0.6,0.3,2.5295269999999996e-05,0.2434,1.2164705882352942e-10,0.0,1.2164705882352942e-10,0.96,0.9400000000000001,True,True,True,0.08423333333331927,0.05000000000000143,0.41764705882352854,0.41764705882352854,True,True,True,True,True,True,0.9695274509803777
0.8,0.6,0.35,2.5295269999999996e-05,0.2434,1.1650704225352114e-10,0.0,1.1650704225352114e-10,0.96,0.9400000000000001,True,True,True,0.08423333333331927,0.05000000000000143,0.6746478873239424,0.6746478873239424,True,True,True,True,True,True,1.4835291079812056
0.8,0.6,0.4,2.5295269999999996e-05,0.2434,1.1178378378378379e-10,0.0,1.1178378378378379e-10,0.96,0.9400000000000001,True,True,True,0.08423333333331927,0.05000000000000143,0.9108108108108101,0.9108108108108101,True,True,True,True,True,True,1.9558549549549409
0.8,0.6,0.45,2.5295269999999996e-05,0.2434,1.0742857142857142e-10,0.0,1.0742857142857142e-10,0.96,0.9400000000000001,True,True,True,0.08423333333331927,0.05000000000000143,1.1285714285714286,1.1285714285714286,True,True,False,False,True,False,2.391376190476178
0.8,0.6,0.5,2.5295269999999996e-05,0.2434,1.034e-10,0.0,1.034e-10,0.96,0.9400000000000001,True,True,True,0.08423333333331927,0.05000000000000143,1.3299999999999996,1.3299999999999996,True,True,False,False,True,False,2.7942333333333202
0.8,0.6,0.55,2.5295269999999996e-05,0.2434,9.966265060240964e-11,0.0,9.966265060240964e-11,0.96,0.9400000000000001,True,True,True,0.08423333333331927,0.05000000000000143,1.516867469879518,1.516867469879518,True,True,False,False,True,False,3.167968273092357
0.8,0.6,0.6,2.5295269999999996e-05,0.2434,9.61860465116279e-11,0.0,9.61860465116279e-11,0.96,0.9400000000000001,True,True,True,0.08423333333331927,0.05000000000000143,1.6906976744186044,1.6906976744186044,True,True,False,False,True,False,3.5156286821705294
0.8,0.6,0.65,2.5295269999999996e-05,0.2434,9.29438202247191e-11,0.0,9.29438202247191e-11,0.96,0.9400000000000001,True,True,True,0.08423333333331927,0.05000000000000143,1.8528089887640449,1.8528089887640449,True,True,False,False,True,False,3.8398513108614107
0.8,0.6,0.7,2.5295269999999996e-05,0.2434,8.991304347826087e-11,0.0,8.991304347826087e-11,0.96,0.9400000000000001,True,True,True,0.08423333333331927,0.05000000000000143,2.0043478260869563,2.0043478260869563,True,True,False,False,True,False,4.142928985507233
0.8,0.7,0.0,2.5295269999999996e-05,0.2434,1.7577999999999999e-10,0.0,1.7577999999999999e-10,0.96,0.9400000000000001,True,True,True,0.08423333333331927,0.05000000000000143,2.289,2.289,True,True,False,False,True,False,4.712233333333321
0.8,0.7,0.05,2.5295269999999996e-05,0.2434,1.6583018867924527e-10,0.0,1.6583018867924527e-10,0.96,0.9400000000000001,True,True,True,0.08423333333331927,0.05000000000000143,1.7915094339622641,1.7915094339622641,True,True,False,False,True,False,3.717252201257849
0.8,0.7,0.1,2.5295269999999996e-05,0.2434,1.5694642857142853e-10,0.0,1.5694642857142853e-10,0.96,0.9400000000000001,True,True,True,0.08423333333331927,0.05000000000000143,1.3473214285714272,1.3473214285714272,True,True,False,False,True,False,2.8288761904761754
0.8,0.7,0.15,2.5295269999999996e-05,0.2434,1.4896610169491526e-10,0.0,1.4896610169491526e-10,0.96,0.9400000000000001,True,True,True,0.08423333333331927,0.05000000000000143,0.9483050847457632,0.9483050847457632,True,True,True,True,True,True,2.0308435028248475
0.8,0.7,0.2,2.5295269999999996e-05,0.2434,1.4175806451612901e-10,0.0,1.4175806451612901e-10,0.96,0.9400000000000001,True,True,True,0.08423333333331927,0.05000000000000143,0.5879032258064513,0.5879032258064513,True,True,True,True,True,True,1.3100397849462233
0.8,0.7,0.25,2.5295269999999996e-05,0.2434,1.352153846153846e-10,0.0,1.352153846153846e-10,0.96,0.9400000000000001,True,True,True,0.08423333333331927,0.05000000000000143,0.26076923076923086,0.26076923076923086,True,True,True,True,True,True,0.6557717948717825
0.8,0.7,0.3,2.5295269999999996e-05,0.2434,1.2925e-10,0.0,1.2925e-10,0.96,0.9400000000000001,True,True,True,0.08423333333331927,0.05000000000000143,0.037499999999999874,0.037499999999999874,True,True,True,True,True,True,0.20923333333332045
0.8,0.7,0.35,2.5295269999999996e-05,0.2434,1.237887323943662e-10,0.0,1.237887323943662e-10,0.96,0.9400000000000001,True,True,True,0.08423333333331927,0.05000000000000143,0.3105633802816895,0.3105633802816895,True,True,True,True,True,True,0.7553600938966998
0.8,0.7,0.4,2.5295269999999996e-05,0.2434,1.1877027027027026e-10,0.0,1.1877027027027026e-10,0.96,0.9400000000000001,True,True,True,0.08423333333331927,0.05000000000000143,0.5614864864864865,0.5614864864864865,True,True,True,True,True,True,1.2572063063062937
0.8,0.7,0.45,2.5295269999999996e-05,0.2434,1.1414285714285714e-10,0.0,1.1414285714285714e-10,0.96,0.9400000000000001,True,True,True,0.08423333333331927,0.05000000000000143,0.7928571428571427,0.7928571428571427,True,True,True,True,True,True,1.7199476190476062
0.8,0.7,0.5,2.5295269999999996e-05,0.2434,1.0986249999999999e-10,0.0,1.0986249999999999e-10,0.96,0.9400000000000001,True,True,True,0.08423333333331927,0.05000000000000143,1.006875,1.006875,True,True,False,False,True,False,2.147983333333321
0.8,0.7,0.55,2.5295269999999996e-05,0.2434,1.0589156626506023e-10,0.0,1.0589156626506023e-10,0.96,0.9400000000000001,True,True,True,0.08423333333331927,0.05000000000000143,1.2054216867469882,1.2054216867469882,True,True,False,False,True,False,2.545076706827297
0.8,0.7,0.6,2.5295269999999996e-05,0.2434,1.0219767441860464e-10,0.0,1.0219767441860464e-10,0.96,0.9400000000000001,True,True,True,0.08423333333331927,0.05000000000000143,1.3901162790697674,1.3901162790697674,True,True,False,False,True,False,2.9144658914728554
0.8,0.7,0.65,2.5295269999999996e-05,0.2434,9.875280898876404e-11,0.0,9.875280898876404e-11,0.96,0.9400000000000001,True,True,True,0.08423333333331927,0.05000000000000143,1.5623595505617978,1.5623595505617978,True,True,False,False,True,False,3.2589524344569165
0.8,0.7,0.7,2.5295269999999996e-05,0.2434,9.553260869565217e-11,0.0,9.553260869565217e-11,0.96,0.9400000000000001,True,True,True,0.08423333333331927,0.05000000000000143,1.723369565217391,1.723369565217391,True,True,False,False,True,False,3.580972463768103
0.8,0.8,0.0,2.5295269999999996e-05,0.2434,1.8612e-10,0.0,1.8612e-10,0.96,0.9400000000000001,True,True,True,0.08423333333331927,0.05000000000000143,2.8060000000000005,2.8060000000000005,True,True,False,False,True,False,5.746233333333322
0.8,0.8,0.05,2.5295269999999996e-05,0.2434,1.7558490566037735e-10,0.0,1.7558490566037735e-10,0.96,0.9400000000000001,True,True,True,0.08423333333331927,0.05000000000000143,2.2792452830188683,2.2792452830188683,True,True,False,False,True,False,4.692723899371057
0.8,0.8,0.1,2.5295269999999996e-05,0.2434,1.6617857142857142e-10,0.0,1.6617857142857142e-10,0.96,0.9400000000000001,True,True,True,0.08423333333331927,0.05000000000000143,1.8089285714285717,1.8089285714285717,True,True,False,False,True,False,3.752090476190464
0.8,0.8,0.15,2.5295269999999996e-05,0.2434,1.5772881355932204e-10,0.0,1.5772881355932204e-10,0.96,0.9400000000000001,True,True,True,0.08423333333331927,0.05000000000000143,1.3864406779661027,1.3864406779661027,True,True,False,False,True,False,2.9071146892655264
0.8,0.8,0.2,2.5295269999999996e-05,0.2434,1.500967741935484e-10,0.0,1.500967741935484e-10,0.96,0.9400000000000001,True,True,True,0.08423333333331927,0.05000000000000143,1.0048387096774198,1.0048387096774198,True,True,False,False,True,False,2.1439107526881607
0.8,0.8,0.25,2.5295269999999996e-05,0.2434,1.4316923076923076e-10,0.0,1.4316923076923076e-10,0.96,0.9400000000000001,True,True,True,0.08423333333331927,0.05000000000000143,0.6584615384615384,0.6584615384615384,True,True,True,True,True,True,1.4511564102563976
0.8,0.8,0.3,2.5295269999999996e-05,0.2434,1.368529411764706e-10,0.0,1.368529411764706e-10,0.96,0.9400000000000001,True,True,True,0.08423333333331927,0.05000000000000143,0.3426470588235301,0.3426470588235301,True,True,True,True,True,True,0.8195274509803809
0.8,0.8,0.35,2.5295269999999996e-05,0.2434,1.3107042253521128e-10,0.0,1.3107042253521128e-10,0.96,0.9400000000000001,True,True,True,0.08423333333331927,0.05000000000000143,0.053521126760564634,0.053521126760564634,True,True,True,True,True,True,0.24127558685445
0.8,0.8,0.4,2.5295269999999996e-05,0.2434,1.2575675675675676e-10,0.0,1.2575675675675676e-10,0.96,0.9400000000000001,True,True,True,0.08423333333331927,0.05000000000000143,0.21216216216216166,0.21216216216216166,True,True,True,True,True,True,0.5585576576576441
0.8,0.8,0.45,2.5295269999999996e-05,0.2434,1.2085714285714285e-10,0.0,1.2085714285714285e-10,0.96,0.9400000000000001,True,True,True,0.08423333333331927,0.05000000000000143,0.4571428571428569,0.4571428571428569,True,True,True,True,True,True,1.0485190476190345
0.8,0.8,0.5,2.5295269999999996e-05,0.2434,1.16325e-10,0.0,1.16325e-10,0.96,0.9400000000000001,True,True,True,0.08423333333331927,0.05000000000000143,0.6837499999999997,0.6837499999999997,True,True,True,True,True,True,1.5017333333333203
0.8,0.8,0.55,2.5295269999999996e-05,0.2434,1.1212048192771083e-10,0.0,1.1212048192771083e-10,0.96,0.9400000000000001,True,True,True,0.08423333333331927,0.05000000000000143,0.8939759036144581,0.8939759036144581,True,True,True,True,True,True,1.922185140562237
0.8,0.8,0.6,2.5295269999999996e-05,0.2434,1.082093023255814e-10,0.0,1.082093023255814e-10,0.96,0.9400000000000001,True,True,True,0.08423333333331927,0.05000000000000143,1.0895348837209298,1.0895348837209298,True,True,False,False,True,False,2.3133031007751805
0.8,0.8,0.65,2.5295269999999996e-05,0.2434,1.0456179775280899e-10,0.0,1.0456179775280899e-10,0.96,0.9400000000000001,True,True,True,0.08423333333331927,0.05000000000000143,1.27191011235955,1.27191011235955,True,True,False,False,True,False,2.6780535580524205
0.8,0.8,0.7,2.5295269999999996e-05,0.2434,1.0115217391304349e-10,0.0,1.0115217391304349e-10,0.96,0.9400000000000001,True,True,True,0.08423333333331927,0.05000000000000143,1.4423913043478254,1.4423913043478254,True,True,False,False,True,False,3.0190159420289717
0.8,0.9,0.0,2.5295269999999996e-05,0.2434,1.9645999999999999e-10,0.0,1.9645999999999999e-10,0.96,0.9400000000000001,True,True,True,0.08423333333331927,0.05000000000000143,3.323,3.323,True,True,False,False,True,False,6.780233333333321
0.8,0.9,0.05,2.5295269999999996e-05,0.2434,1.853396226415094e-10,0.0,1.853396226415094e-10,0.96,0.9400000000000001,True,True,True,0.08423333333331927,0.05000000000000143,2.766981132075471,2.766981132075471,True,True,False,False,True,False,5.668195597484262
0.8,0.9,0.1,2.5295269999999996e-05,0.2434,1.7541071428571426e-10,0.0,1.7541071428571426e-10,0.96,0.9400000000000001,True,True,True,0.08423333333331927,0.05000000000000143,2.270535714285714,2.270535714285714,True,True,False,False,True,False,4.675304761904748
0.8,0.9,0.15,2.5295269999999996e-05,0.2434,1.664915254237288e-10,0.0,1.664915254237288e-10,0.96,0.9400000000000001,True,True,True,0.08423333333331927,0.05000000000000143,1.8245762711864408,1.8245762711864408,True,True,False,False,True,False,3.7833858757062027
0.8,0.9,0.2,2.5295269999999996e-05,0.2434,1.5843548387096774e-10,0.0,1.5843548387096774e-10,0.96,0.9400000000000001,True,True,True,0.08423333333331927,0.05000000000000143,1.4217741935483874,1.4217741935483874,True,True,False,False,True,False,2.9777817204300954
0.8,0.9,0.25,2.5295269999999996e-05,0.2434,1.511230769230769e-10,0.0,1.511230769230769e-10,0.96,0.9400000000000001,True,True,True,0.08423333333331927,0.05000000000000143,1.056153846153846,1.056153846153846,True,True,False,False,True,False,2.2465410256410125
0.8,0.9,0.3,2.5295269999999996e-05,0.2434,1.444558823529412e-10,0.0,1.444558823529412e-10,0.96,0.9400000000000001,True,True,True,0.08423333333331927,0.05000000000000143,0.72279411764706,0.72279411764706,True,True,True,True,True,True,1.5798215686274408
0.8,0.9,0.35,2.5295269999999996e-05,0.2434,1.3835211267605634e-10,0.0,1.3835211267605634e-10,0.96,0.9400000000000001,True,True,True,0.08423333333331927,0.05000000000000143,0.4176056338028175,0.4176056338028175,True,True,True,True,True,True,0.9694446009389557
0.8,0.9,0.4,2.5295269999999996e-05,0.2434,1.3274324324324323e-10,0.0,1.3274324324324323e-10,0.96,0.9400000000000001,True,True,True,0.08423333333331927,0.05000000000000143,0.1371621621621619,0.1371621621621619,True,True,True,True,True,True,0.4085576576576445
0.8,0.9,0.45,2.5295269999999996e-05,0.2434,1.2757142857142857e-10,0.0,1.2757142857142857e-10,0.96,0.9400000000000001,True,True,True,0.08423333333331927,0.05000000000000143,0.12142857142857101,0.12142857142857101,True,True,True,True,True,True,0.3770904761904627
0.8,0.9,0.5,2.5295269999999996e-05,0.2434,1.2278749999999998e-10,0.0,1.2278749999999998e-10,0.96,0.9400000000000001,True,True,True,0.08423333333331927,0.05000000000000143,0.3606250000000008,0.3606250000000008,True,True,True,True,True,True,0.8554833333333223
0.8,0.9,0.55,2.5295269999999996e-05,0.2434,1.1834939759036143e-10,0.0,1.1834939759036143e-10,0.96,0.9400000000000001,True,True,True,0.08423333333331927,0.05000000000000143,0.582530120481928,0.582530120481928,True,True,True,True,True,True,1.2992935742971767
0.8,0.9,0.6,2.5295269999999996e-05,0.2434,1.1422093023255813e-10,0.0,1.1422093023255813e-10,0.96,0.9400000000000001,True,True,True,0.08423333333331927,0.05000000000000143,0.7889534883720929,0.7889534883720929,True,True,True,True,True,True,1.7121403100775066
0.8,0.9,0.65,2.5295269999999996e-05,0.2434,1.1037078651685392e-10,0.0,1.1037078651685392e-10,0.96,0.9400000000000001,True,True,True,0.08423333333331927,0.05000000000000143,0.9814606741573034,0.9814606741573034,True,True,True,True,True,True,2.0971546816479276
0.8,0.9,0.7,2.5295269999999996e-05,0.2434,1.0677173913043479e-10,0.0,1.0677173913043479e-10,0.96,0.9400000000000001,True,True,True,0.08423333333331927,0.05000000000000143,1.1614130434782601,1.1614130434782601,True,True,False,False,True,False,2.4570594202898413
0.8,1.0,0.0,2.5295269999999996e-05,0.2434,2.068e-10,0.0,2.068e-10,0.96,0.9400000000000001,True,True,True,0.08423333333331927,0.05000000000000143,3.8400000000000007,3.8400000000000007,True,True,False,False,True,False,7.814233333333322
0.8,1.0,0.05,2.5295269999999996e-05,0.2434,1.950943396226415e-10,0.0,1.950943396226415e-10,0.96,0.9400000000000001,True,True,True,0.08423333333331927,0.05000000000000143,3.2547169811320753,3.2547169811320753,True,True,False,False,True,False,6.643667295597471
0.8,1.0,0.1,2.5295269999999996e-05,0.2434,1.8464285714285713e-10,0.0,1.8464285714285713e-10,0.96,0.9400000000000001,True,True,True,0.08423333333331927,0.05000000000000143,2.7321428571428568,2.7321428571428568,True,True,False,False,True,False,5.598519047619034
0.8,1.0,0.15,2.5295269999999996e-05,0.2434,1.752542372881356e-10,0.0,1.752542372881356e-10,0.96,0.9400000000000001,True,True,True,0.08423333333331927,0.05000000000000143,2.2627118644067803,2.2627118644067803,True,True,False,False,True,False,4.659657062146881
0.8,1.0,0.2,2.5295269999999996e-05,0.2434,1.667741935483871e-10,0.0,1.667741935483871e-10,0.96,0.9400000000000001,True,True,True,0.08423333333331927,0.05000000000000143,1.838709677419356,1.838709677419356,True,True,False,False,True,False,3.8116526881720327
0.8,1.0,0.25,2.5295269999999996e-05,0.2434,1.5907692307692306e-10,0.0,1.5907692307692306e-10,0.96,0.9400000000000001,True,True,True,0.08423333333331927,0.05000000000000143,1.4538461538461538,1.4538461538461538,True,True,False,False,True,False,3.041925641025628
0.8,1.0,0.3,2.5295269999999996e-05,0.2434,1.520588235294118e-10,0.0,1.520588235294118e-10,0.96,0.9400000000000001,True,True,True,0.08423333333331927,0.05000000000000143,1.1029411764705899,1.1029411764705899,True,True,False,False,True,False,2.3401156862745003
0.8,1.0,0.35,2.5295269999999996e-05,0.2434,1.4563380281690142e-10,0.0,1.4563380281690142e-10,0.96,0.9400000000000001,True,True,True,0.08423333333331927,0.05000000000000143,0.7816901408450717,0.7816901408450717,True,True,True,True,True,True,1.6976136150234642
0.8,1.0,0.4,2.5295269999999996e-05,0.2434,1.3972972972972973e-10,0.0,1.3972972972972973e-10,0.96,0.9400000000000001,True,True,True,0.08423333333331927,0.05000000000000143,0.48648648648648674,0.48648648648648674,True,True,True,True,True,True,1.1072063063062942
0.8,1.0,0.45,2.5295269999999996e-05,0.2434,1.342857142857143e-10,0.0,1.342857142857143e-10,0.96,0.9400000000000001,True,True,True,0.08423333333331927,0.05000000000000143,0.21428571428571486,0.21428571428571486,True,True,True,True,True,True,0.5628047619047505
0.8,1.0,0.5,2.5295269999999996e-05,0.2434,1.2925e-10,0.0,1.2925e-10,0.96,0.9400000000000001,True,True,True,0.08423333333331927,0.05000000000000143,0.037499999999999874,0.037499999999999874,True,True,True,True,True,True,0.20923333333332045
0.8,1.0,0.55,2.5295269999999996e-05,0.2434,1.2457831325301203e-10,0.0,1.2457831325301203e-10,0.96,0.9400000000000001,True,True,True,0.08423333333331927,0.05000000000000143,0.2710843373493978,0.2710843373493978,True,True,True,True,True,True,0.6764020080321163
0.8,1.0,0.6,2.5295269999999996e-05,0.2434,1.2023255813953487e-10,0.0,1.2023255813953487e-10,0.96,0.9400000000000001,True,True,True,0.08423333333331927,0.05000000000000143,0.4883720930232559,0.4883720930232559,True,True,True,True,True,True,1.1109775193798326
0.8,1.0,0.65,2.5295269999999996e-05,0.2434,1.1617977528089888e-10,0.0,1.1617977528089888e-10,0.96,0.9400000000000001,True,True,True,0.08423333333331927,0.05000000000000143,0.6910112359550558,0.6910112359550558,True,True,True,True,True,True,1.5162558052434323
0.8,1.0,0.7,2.5295269999999996e-05,0.2434,1.1239130434782609e-10,0.0,1.1239130434782609e-10,0.96,0.9400000000000001,True,True,True,0.08423333333331927,0.05000000000000143,0.8804347826086951,0.8804347826086951,True,True,True,True,True,True,1.895102898550711
0.8,1.1,0.0,2.5295269999999996e-05,0.2434,2.1714e-10,0.0,2.1714e-10,0.96,0.9400000000000001,True,True,True,0.08423333333331927,0.05000000000000143,4.357000000000001,4.357000000000001,True,True,False,False,True,False,8.848233333333322
0.8,1.1,0.05,2.5295269999999996e-05,0.2434,2.048490566037736e-10,0.0,2.048490566037736e-10,0.96,0.9400000000000001,True,True,True,0.08423333333331927,0.05000000000000143,3.7424528301886806,3.7424528301886806,True,True,False,False,True,False,7.619138993710681
0.8,1.1,0.1,2.5295269999999996e-05,0.2434,1.93875e-10,0.0,1.93875e-10,0.96,0.9400000000000001,True,True,True,0.08423333333331927,0.05000000000000143,3.19375,3.19375,True,True,False,False,True,False,6.521733333333321
0.8,1.1,0.15,2.5295269999999996e-05,0.2434,1.8401694915254238e-10,0.0,1.8401694915254238e-10,0.96,0.9400000000000001,True,True,True,0.08423333333331927,0.05000000000000143,2.7008474576271198,2.7008474576271198,True,True,False,False,True,False,5.53592824858756
0.8,1.1,0.2,2.5295269999999996e-05,0.2434,1.7511290322580646e-10,0.0,1.7511290322580646e-10,0.96,0.9400000000000001,True,True,True,0.08423333333331927,0.05000000000000143,2.2556451612903237,2.2556451612903237,True,True,False,False,True,False,4.645523655913967
0.8,1.1,0.25,2.5295269999999996e-05,0.2434,1.6703076923076924e-10,0.0,1.6703076923076924e-10,0.96,0.9400000000000001,True,True,True,0.08423333333331927,0.05000000000000143,1.8515384615384627,1.8515384615384627,True,True,False,False,True,False,3.8373102564102464
0.8,1.1,0.3,2.5295269999999996e-05,0.2434,1.5966176470588239e-10,0.0,1.5966176470588239e-10,0.96,0.9400000000000001,True,True,True,0.08423333333331927,0.05000000000000143,1.48308823529412,1.48308823529412,True,True,False,False,True,False,3.1004098039215604
0.8,1.1,0.35,2.5295269999999996e-05,0.2434,1.529154929577465e-10,0.0,1.529154929577465e-10,0.96,0.9400000000000001,True,True,True,0.08423333333331927,0.05000000000000143,1.1457746478873259,1.1457746478873259,True,True,False,False,True,False,2.4257826291079727
0.8,1.1,0.4,2.5295269999999996e-05,0.2434,1.4671621621621622e-10,0.0,1.4671621621621622e-10,0.96,0.9400000000000001,True,True,True,0.08423333333331927,0.05000000000000143,0.8358108108108117,0.8358108108108117,True,True,True,True,True,True,1.805854954954944
0.8,1.1,0.45,2.5295269999999996e-05,0.2434,1.41e-10,0.0,1.41e-10,0.96,0.9400000000000001,True,True,True,0.08423333333331927,0.05000000000000143,0.5500000000000007,0.5500000000000007,True,True,True,True,True,True,1.2342333333333222
0.8,1.1,0.5,2.5295269999999996e-05,0.2434,1.357125e-10,0.0,1.357125e-10,0.96,0.9400000000000001,True,True,True,0.08423333333331927,0.05000000000000143,0.285625000000001,0.285625000000001,True,True,True,True,True,True,0.7054833333333228
0.8,1.1,0.55,2.5295269999999996e-05,0.2434,1.3080722891566264e-10,0.0,1.3080722891566264e-10,0.96,0.9400000000000001,True,True,True,0.08423333333331927,0.05000000000000143,0.040361445783132346,0.040361445783132346,True,True,True,True,True,True,0.21495622489958538
0.8,1.1,0.6,2.5295269999999996e-05,0.2434,1.2624418604651164e-10,0.0,1.2624418604651164e-10,0.96,0.9400000000000001,True,True,True,0.08423333333331927,0.05000000000000143,0.1877906976744177,0.1877906976744177,True,True,True,True,True,True,0.5098147286821562
0.8,1.1,0.65,2.5295269999999996e-05,0.2434,1.2198876404494382e-10,0.0,1.2198876404494382e-10,0.96,0.9400000000000001,True,True,True,0.08423333333331927,0.05000000000000143,0.4005617977528086,0.4005617977528086,True,True,True,True,True,True,0.9353569288389378
0.8,1.1,0.7,2.5295269999999996e-05,0.2434,1.1801086956521742e-10,0.0,1.1801086956521742e-10,0.96,0.9400000000000001,True,True,True,0.08423333333331927,0.05000000000000143,0.5994565217391288,0.5994565217391288,True,True,True,True,True,True,1.3331463768115783
0.8,1.2,0.0,2.5295269999999996e-05,0.2434,2.2748000000000003e-10,0.0,2.2748000000000003e-10,0.96,0.9400000000000001,True,True,True,0.08423333333331927,0.05000000000000143,4.874000000000002,4.874000000000002,True,True,False,False,True,False,9.882233333333325
0.8,1.2,0.05,2.5295269999999996e-05,0.2434,2.1460377358490568e-10,0.0,2.1460377358490568e-10,0.96,0.9400000000000001,True,True,True,0.08423333333331927,0.05000000000000143,4.230188679245285,4.230188679245285,True,True,False,False,True,False,8.594610691823892
0.8,1.2,0.1,2.5295269999999996e-05,0.2434,2.0310714285714285e-10,0.0,2.0310714285714285e-10,0.96,0.9400000000000001,True,True,True,0.08423333333331927,0.05000000000000143,3.6553571428571434,3.6553571428571434,True,True,False,False,True,False,7.444947619047607
0.8,1.2,0.15,2.5295269999999996e-05,0.2434,1.9277966101694917e-10,0.0,1.9277966101694917e-10,0.96,0.9400000000000001,True,True,True,0.08423333333331927,0.05000000000000143,3.138983050847459,3.138983050847459,True,True,False,False,True,False,6.4121994350282385
0.8,1.2,0.2,2.5295269999999996e-05,0.2434,1.8345161290322583e-10,0.0,1.8345161290322583e-10,0.96,0.9400000000000001,True,True,True,0.08423333333331927,0.05000000000000143,2.6725806451612923,2.6725806451612923,True,True,False,False,True,False,5.479394623655905
0.8,1.2,0.25,2.5295269999999996e-05,0.2434,1.749846153846154e-10,0.0,1.749846153846154e-10,0.96,0.9400000000000001,True,True,True,0.08423333333331927,0.05000000000000143,2.24923076923077,2.24923076923077,True,True,False,False,True,False,4.632694871794861
0.8,1.2,0.3,2.5295269999999996e-05,0.2434,1.6726470588235299e-10,0.0,1.6726470588235299e-10,0.96,0.9400000000000001,True,True,True,0.08423333333331927,0.05000000000000143,1.8632352941176498,1.8632352941176498,True,True,False,False,True,False,3.8607039215686205
0.8,1.2,0.35,2.5295269999999996e-05,0.2434,1.6019718309859156e-10,0.0,1.6019718309859156e-10,0.96,0.9400000000000001,True,True,True,0.08423333333331927,0.05000000000000143,1.5098591549295788,1.5098591549295788,True,True,False,False,True,False,3.153951643192478
0.8,1.2,0.4,2.5295269999999996e-05,0.2434,1.5370270270270272e-10,0.0,1.5370270270270272e-10,0.96,0.9400000000000001,True,True,True,0.08423333333331927,0.05000000000000143,1.1851351351351365,1.1851351351351365,True,True,False,False,True,False,2.5045036036035935
0.8,1.2,0.45,2.5295269999999996e-05,0.2434,1.4771428571428572e-10,0.0,1.4771428571428572e-10,0.96,0.9400000000000001,True,True,True,0.08423333333331927,0.05000000000000143,0.8857142857142866,0.8857142857142866,True,True,True,True,True,True,1.905661904761894
0.8,1.2,0.5,2.5295269999999996e-05,0.2434,1.42175e-10,0.0,1.42175e-10,0.96,0.9400000000000001,True,True,True,0.08423333333331927,0.05000000000000143,0.6087500000000007,0.6087500000000007,True,True,True,True,True,True,1.3517333333333221
0.8,1.2,0.55,2.5295269999999996e-05,0.2434,1.3703614457831327e-10,0.0,1.3703614457831327e-10,0.96,0.9400000000000001,True,True,True,0.08423333333331927,0.05000000000000143,0.3518072289156638,0.3518072289156638,True,True,True,True,True,True,0.8378477911646482
0.8,1.2,0.6,2.5295269999999996e-05,0.2434,1.322558139534884e-10,0.0,1.322558139534884e-10,0.96,0.9400000000000001,True,True,True,0.08423333333331927,0.05000000000000143,0.11279069767442054,0.11279069767442054,True,True,True,True,True,True,0.3598147286821618
0.8,1.2,0.65,2.5295269999999996e-05,0.2434,1.2779775280898877e-10,0.0,1.2779775280898877e-10,0.96,0.9400000000000001,True,True,True,0.08423333333331927,0.05000000000000143,0.11011235955056084,0.11011235955056084,True,True,True,True,True,True,0.3544580524344424
0.8,1.2,0.7,2.5295269999999996e-05,0.2434,1.2363043478260873e-10,0.0,1.2363043478260873e-10,0.96,0.9400000000000001,True,True,True,0.08423333333331927,0.05000000000000143,0.318478260869563,0.318478260869563,True,True,True,True,True,True,0.7711898550724468
0.85,0.0,0.0,2.52889525e-05,0.24345,1.0504999999999999e-10,0.0,1.0504999999999999e-10,0.97,0.955,True,True,True,0.06317500000000356,0.03750000000000281,1.2475,1.2475,True,True,False,False,True,False,2.595675000000006
0.85,0.0,0.05,2.52889525e-05,0.24345,9.910377358490564e-11,0.0,9.910377358490564e-11,0.97,0.955,True,True,True,0.06317500000000356,0.03750000000000281,1.5448113207547176,1.5448113207547176,True,True,False,False,True,False,3.1902976415094413
0.85,0.0,0.1,2.52889525e-05,0.24345,9.379464285714284e-11,0.0,9.379464285714284e-11,0.97,0.955,True,True,True,0.06317500000000356,0.03750000000000281,1.8102678571428579,1.8102678571428579,True,True,False,False,True,False,3.7212107142857223
0.85,0.0,0.15,2.52889525e-05,0.24345,8.902542372881355e-11,0.0,8.902542372881355e-11,0.97,0.955,True,True,True,0.06317500000000356,0.03750000000000281,2.0487288135593222,2.0487288135593222,True,True,False,False,True,False,4.198132627118651
0.85,0.0,0.2,2.52889525e-05,0.24345,8.471774193548386e-11,0.0,8.471774193548386e-11,0.97,0.955,True,True,True,0.06317500000000356,0.03750000000000281,2.2641129032258065,2.2641129032258065,True,True,False,False,True,False,4.62890080645162
0.85,0.0,0.25,2.52889525e-05,0.24345,8.08076923076923e-11,0.0,8.08076923076923e-11,0.97,0.955,True,True,True,0.06317500000000356,0.03750000000000281,2.4596153846153848,2.4596153846153848,True,True,False,False,True,False,5.0199057692307765
0.85,0.0,0.3,2.52889525e-05,0.24345,7.724264705882353e-11,0.0,7.724264705882353e-11,0.97,0.955,True,True,True,0.06317500000000356,0.03750000000000281,2.637867647058823,2.637867647058823,True,True,False,False,True,False,5.376410294117653
0.85,0.0,0.35,2.52889525e-05,0.24345,7.397887323943662e-11,0.0,7.397887323943662e-11,0.97,0.955,True,True,True,0.06317500000000356,0.03750000000000281,2.8010563380281686,2.8010563380281686,True,True,False,False,True,False,5.702787676056344
0.85,0.0,0.4,2.52889525e-05,0.24345,7.097972972972972e-11,0.0,7.097972972972972e-11,0.97,0.955,True,True,True,0.06317500000000356,0.03750000000000281,2.951013513513514,2.951013513513514,True,True,False,False,True,False,6.002702027027034
0.85,0.0,0.45,2.52889525e-05,0.24345,6.821428571428571e-11,0.0,6.821428571428571e-11,0.97,0.955,True,True,True,0.06317500000000356,0.03750000000000281,3.089285714285714,3.089285714285714,True,True,False,False,True,False,6.279246428571435
0.85,0.0,0.5,2.52889525e-05,0.24345,6.565624999999999e-11,0.0,6.565624999999999e-11,0.97,0.955,True,True,True,0.06317500000000356,0.03750000000000281,3.2171875,3.2171875,True,True,False,False,True,False,6.535050000000007
0.85,0.0,0.55,2.52889525e-05,0.24345,6.328313253012047e-11,0.0,6.328313253012047e-11,0.97,0.955,True,True,True,0.06317500000000356,0.03750000000000281,3.3358433734939763,3.3358433734939763,True,True,False,False,True,False,6.77236174698796
0.85,0.0,0.6,2.52889525e-05,0.24345,6.107558139534883e-11,0.0,6.107558139534883e-11,0.97,0.955,True,True,True,0.06317500000000356,0.03750000000000281,3.4462209302325584,3.4462209302325584,True,True,False,False,True,False,6.993116860465124
0.85,0.0,0.65,2.52889525e-05,0.24345,5.901685393258426e-11,0.0,5.901685393258426e-11,0.97,0.955,True,True,True,0.06317500000000356,0.03750000000000281,3.5491573033707864,3.5491573033707864,True,True,False,False,True,False,7.198989606741579
0.85,0.0,0.7,2.52889525e-05,0.24345,5.7092391304347824e-11,0.0,5.7092391304347824e-11,0.97,0.955,True,True,True,0.06317500000000356,0.03750000000000281,3.645380434782609,3.645380434782609,True,True,False,False,True,False,7.391435869565225
0.85,0.1,0.0,2.52889525e-05,0.24345,1.15555e-10,0.0,1.15555e-10,0.97,0.955,True,True,True,0.06317500000000356,0.03750000000000281,0.7222499999999998,0.7222499999999998,True,True,True,True,True,True,1.5451750000000062
0.85,0.1,0.05,2.52889525e-05,0.24345,1.0901415094339622e-10,0.0,1.0901415094339622e-10,0.97,0.955,True,True,True,0.06317500000000356,0.03750000000000281,1.0492924528301888,1.0492924528301888,True,True,False,False,True,False,2.1992599056603837
0.85,0.1,0.1,2.52889525e-05,0.24345,1.0317410714285713e-10,0.0,1.0317410714285713e-10,0.97,0.955,True,True,True,0.06317500000000356,0.03750000000000281,1.341294642857143,1.341294642857143,True,True,False,False,True,False,2.783264285714292
0.85,0.1,0.15,2.52889525e-05,0.24345,9.792796610169492e-11,0.0,9.792796610169492e-11,0.97,0.955,True,True,True,0.06317500000000356,0.03750000000000281,1.6036016949152536,1.6036016949152536,True,True,False,False,True,False,3.3078783898305133
0.85,0.1,0.2,2.52889525e-05,0.24345,9.318951612903226e-11,0.0,9.318951612903226e-11,0.97,0.955,True,True,True,0.06317500000000356,0.03750000000000281,1.8405241935483865,1.8405241935483865,True,True,False,False,True,False,3.781723387096779
0.85,0.1,0.25,2.52889525e-05,0.24345,8.888846153846153e-11,0.0,8.888846153846153e-11,0.97,0.955,True,True,True,0.06317500000000356,0.03750000000000281,2.055576923076923,2.055576923076923,True,True,False,False,True,False,4.211828846153853
0.85,0.1,0.3,2.52889525e-05,0.24345,8.496691176470588e-11,0.0,8.496691176470588e-11,0.97,0.955,True,True,True,0.06317500000000356,0.03750000000000281,2.2516544117647057,2.2516544117647057,True,True,False,False,True,False,4.603983823529418
0.85,0.1,0.35,2.52889525e-05,0.24345,8.137676056338028e-11,0.0,8.137676056338028e-11,0.97,0.955,True,True,True,0.06317500000000356,0.03750000000000281,2.431161971830986,2.431161971830986,True,True,False,False,True,False,4.962998943661978
0.85,0.1,0.4,2.52889525e-05,0.24345,7.80777027027027e-11,0.0,7.80777027027027e-11,0.97,0.955,True,True,True,0.06317500000000356,0.03750000000000281,2.596114864864865,2.596114864864865,True,True,False,False,True,False,5.292904729729736
0.85,0.1,0.45,2.52889525e-05,0.24345,7.503571428571429e-11,0.0,7.503571428571429e-11,0.97,0.955,True,True,True,0.06317500000000356,0.03750000000000281,2.7482142857142855,2.7482142857142855,True,True,False,False,True,False,5.597103571428578
0.85,0.1,0.5,2.52889525e-05,0.24345,7.222187499999999e-11,0.0,7.222187499999999e-11,0.97,0.955,True,True,True,0.06317500000000356,0.03750000000000281,2.8889062500000002,2.8889062500000002,True,True,False,False,True,False,5.878487500000007
0.85,0.1,0.55,2.52889525e-05,0.24345,6.961144578313253e-11,0.0,6.961144578313253e-11,0.97,0.955,True,True,True,0.06317500000000356,0.03750000000000281,3.0194277108433734,3.0194277108433734,True,True,False,False,True,False,6.139530421686754
0.85,0.1,0.6,2.52889525e-05,0.24345,6.718313953488372e-11,0.0,6.718313953488372e-11,0.97,0.955,True,True,True,0.06317500000000356,0.03750000000000281,3.1408430232558135,3.1408430232558135,True,True,False,False,True,False,6.382361046511633
0.85,0.1,0.65,2.52889525e-05,0.24345,6.491853932584269e-11,0.0,6.491853932584269e-11,0.97,0.955,True,True,True,0.06317500000000356,0.03750000000000281,3.2540730337078654,3.2540730337078654,True,True,False,False,True,False,6.608821067415738
0.85,0.1,0.7,2.52889525e-05,0.24345,6.280163043478261e-11,0.0,6.280163043478261e-11,0.97,0.955,True,True,True,0.06317500000000356,0.03750000000000281,3.359918478260869,3.359918478260869,True,True,False,False,True,False,6.820511956521745
0.85,0.2,0.0,2.52889525e-05,0.24345,1.2605999999999998e-10,0.0,1.2605999999999998e-10,0.97,0.955,True,True,True,0.06317500000000356,0.03750000000000281,0.19700000000000073,0.19700000000000073,True,True,True,True,True,True,0.49467500000000786
0.85,0.2,0.05,2.52889525e-05,0.24345,1.1892452830188677e-10,0.0,1.1892452830188677e-10,0.97,0.955,True,True,True,0.06317500000000356,0.03750000000000281,0.5537735849056612,0.5537735849056612,True,True,True,True,True,True,1.2082221698113287
0.85,0.2,0.1,2.52889525e-05,0.24345,1.125535714285714e-10,0.0,1.125535714285714e-10,0.97,0.955,True,True,True,0.06317500000000356,0.03750000000000281,0.8723214285714295,0.8723214285714295,True,True,True,True,True,True,1.8453178571428652
0.85,0.2,0.15,2.52889525e-05,0.24345,1.0683050847457626e-10,0.0,1.0683050847457626e-10,0.97,0.955,True,True,True,0.06317500000000356,0.03750000000000281,1.1584745762711868,1.1584745762711868,True,True,False,False,True,False,2.4176241525423796
0.85,0.2,0.2,2.52889525e-05,0.24345,1.0166129032258062e-10,0.0,1.0166129032258062e-10,0.97,0.955,True,True,True,0.06317500000000356,0.03750000000000281,1.4169354838709685,1.4169354838709685,True,True,False,False,True,False,2.9345459677419434
0.85,0.2,0.25,2.52889525e-05,0.24345,9.696923076923075e-11,0.0,9.696923076923075e-11,0.97,0.955,True,True,True,0.06317500000000356,0.03750000000000281,1.651538461538462,1.651538461538462,True,True,False,False,True,False,3.40375192307693
0.85,0.2,0.3,2.52889525e-05,0.24345,9.269117647058823e-11,0.0,9.269117647058823e-11,0.97,0.955,True,True,True,0.06317500000000356,0.03750000000000281,1.865441176470588,1.865441176470588,True,True,False,False,True,False,3.831557352941182
0.85,0.2,0.35,2.52889525e-05,0.24345,8.877464788732393e-11,0.0,8.877464788732393e-11,0.97,0.955,True,True,True,0.06317500000000356,0.03750000000000281,2.061267605633803,2.061267605633803,True,True,False,False,True,False,4.223210211267613
0.85,0.2,0.4,2.52889525e-05,0.24345,8.517567567567566e-11,0.0,8.517567567567566e-11,0.97,0.955,True,True,True,0.06317500000000356,0.03750000000000281,2.2412162162162166,2.2412162162162166,True,True,False,False,True,False,4.58310743243244
0.85,0.2,0.45,2.52889525e-05,0.24345,8.185714285714285e-11,0.0,8.185714285714285e-11,0.97,0.955,True,True,True,0.06317500000000356,0.03750000000000281,2.4071428571428575,2.4071428571428575,True,True,False,False,True,False,4.914960714285721
0.85,0.2,0.5,2.52889525e-05,0.24345,7.878749999999999e-11,0.0,7.878749999999999e-11,0.97,0.955,True,True,True,0.06317500000000356,0.03750000000000281,2.5606250000000004,2.5606250000000004,True,True,False,False,True,False,5.221925000000008
0.85,0.2,0.55,2.52889525e-05,0.24345,7.593975903614456e-11,0.0,7.593975903614456e-11,0.97,0.955,True,True,True,0.06317500000000356,0.03750000000000281,2.7030120481927717,2.7030120481927717,True,True,False,False,True,False,5.5066990963855496
0.85,0.2,0.6,2.52889525e-05,0.24345,7.32906976744186e-11,0.0,7.32906976744186e-11,0.97,0.955,True,True,True,0.06317500000000356,0.03750000000000281,2.8354651162790696,2.8354651162790696,True,True,False,False,True,False,5.771605232558146
0.85,0.2,0.65,2.52889525e-05,0.24345,7.082022471910111e-11,0.0,7.082022471910111e-11,0.97,0.955,True,True,True,0.06317500000000356,0.03750000000000281,2.9589887640449444,2.9589887640449444,True,True,False,False,True,False,6.018652528089895
0.85,0.2,0.7,2.52889525e-05,0.24345,6.851086956521738e-11,0.0,6.851086956521738e-11,0.97,0.955,True,True,True,0.06317500000000356,0.03750000000000281,3.0744565217391306,3.0744565217391306,True,True,False,False,True,False,6.249588043478267
0.85,0.3,0.0,2.52889525e-05,0.24345,1.3656499999999998e-10,0.0,1.3656499999999998e-10,0.97,0.955,True,True,True,0.06317500000000356,0.03750000000000281,0.32824999999999965,0.32824999999999965,True,True,True,True,True,True,0.7571750000000057
0.85,0.3,0.05,2.52889525e-05,0.24345,1.2883490566037733e-10,0.0,1.2883490566037733e-10,0.97,0.955,True,True,True,0.06317500000000356,0.03750000000000281,0.05825471698113293,0.05825471698113293,True,True,True,True,True,True,0.21718443396227224
0.85,0.3,0.1,2.52889525e-05,0.24345,1.219330357142857e-10,0.0,1.219330357142857e-10,0.97,0.955,True,True,True,0.06317500000000356,0.03750000000000281,0.4033482142857147,0.4033482142857147,True,True,True,True,True,True,0.9073714285714358
0.85,0.3,0.15,2.52889525e-05,0.24345,1.1573305084745761e-10,0.0,1.1573305084745761e-10,0.97,0.955,True,True,True,0.06317500000000356,0.03750000000000281,0.7133474576271188,0.7133474576271188,True,True,True,True,True,True,1.5273699152542441
0.85,0.3,0.2,2.52889525e-05,0.24345,1.1013306451612902e-10,0.0,1.1013306451612902e-10,0.97,0.955,True,True,True,0.06317500000000356,0.03750000000000281,0.9933467741935486,0.9933467741935486,True,True,True,True,True,True,2.0873685483871034
0.85,0.3,0.25,2.52889525e-05,0.24345,1.0504999999999999e-10,0.0,1.0504999999999999e-10,0.97,0.955,True,True,True,0.06317500000000356,0.03750000000000281,1.2475,1.2475,True,True,False,False,True,False,2.595675000000006
0.85,0.3,0.3,2.52889525e-05,0.24345,1.0041544117647058e-10,0.0,1.0041544117647058e-10,0.97,0.955,True,True,True,0.06317500000000356,0.03750000000000281,1.4792279411764706,1.4792279411764706,True,True,False,False,True,False,3.0591308823529477
0.85,0.3,0.35,2.52889525e-05,0.24345,9.61725352112676e-11,0.0,9.61725352112676e-11,0.97,0.955,True,True,True,0.06317500000000356,0.03750000000000281,1.6913732394366197,1.6913732394366197,True,True,False,False,True,False,3.483421478873246
0.85,0.3,0.4,2.52889525e-05,0.24345,9.227364864864864e-11,0.0,9.227364864864864e-11,0.97,0.955,True,True,True,0.06317500000000356,0.03750000000000281,1.8863175675675676,1.8863175675675676,True,True,False,False,True,False,3.8733101351351413
0.85,0.3,0.45,2.52889525e-05,0.24345,8.867857142857142e-11,0.0,8.867857142857142e-11,0.97,0.955,True,True,True,0.06317500000000356,0.03750000000000281,2.0660714285714286,2.0660714285714286,True,True,False,False,True,False,4.232817857142864
0.85,0.3,0.5,2.52889525e-05,0.24345,8.535312499999998e-11,0.0,8.535312499999998e-11,0.97,0.955,True,True,True,0.06317500000000356,0.03750000000000281,2.2323437500000005,2.2323437500000005,True,True,False,False,True,False,4.565362500000008
0.85,0.3,0.55,2.52889525e-05,0.24345,8.226807228915661e-11,0.0,8.226807228915661e-11,0.97,0.955,True,True,True,0.06317500000000356,0.03750000000000281,2.3865963855421692,2.3865963855421692,True,True,False,False,True,False,4.873867771084345
0.85,0.3,0.6,2.52889525e-05,0.24345,7.939825581395348e-11,0.0,7.939825581395348e-11,0.97,0.955,True,True,True,0.06317500000000356,0.03750000000000281,2.5300872093023257,2.5300872093023257,True,True,False,False,True,False,5.160849418604657
0.85,0.3,0.65,2.52889525e-05,0.24345,7.672191011235953e-11,0.0,7.672191011235953e-11,0.97,0.955,True,True,True,0.06317500000000356,0.03750000000000281,2.663904494382023,2.663904494382023,True,True,False,False,True,False,5.428483988764052
0.85,0.3,0.7,2.52889525e-05,0.24345,7.422010869565218e-11,0.0,7.422010869565218e-11,0.97,0.955,True,True,True,0.06317500000000356,0.03750000000000281,2.788994565217391,2.788994565217391,True,True,False,False,True,False,5.678664130434788
0.85,0.4,0.0,2.52889525e-05,0.24345,1.4706999999999996e-10,0.0,1.4706999999999996e-10,0.97,0.955,True,True,True,0.06317500000000356,0.03750000000000281,0.8534999999999987,0.8534999999999987,True,True,True,True,True,True,1.8076750000000037
0.85,0.4,0.05,2.52889525e-05,0.24345,1.387452830188679e-10,0.0,1.387452830188679e-10,0.97,0.955,True,True,True,0.06317500000000356,0.03750000000000281,0.4372641509433953,0.4372641509433953,True,True,True,True,True,True,0.975203301886797
0.85,0.4,0.1,2.52889525e-05,0.24345,1.3131249999999995e-10,0.0,1.3131249999999995e-10,0.97,0.955,True,True,True,0.06317500000000356,0.03750000000000281,0.06562499999999816,0.06562499999999816,True,True,True,True,True,True,0.23192500000000268
0.85,0.4,0.15,2.52889525e-05,0.24345,1.2463559322033895e-10,0.0,1.2463559322033895e-10,0.97,0.955,True,True,True,0.06317500000000356,0.03750000000000281,0.2682203389830522,0.2682203389830522,True,True,True,True,True,True,0.6371156779661108
0.85,0.4,0.2,2.52889525e-05,0.24345,1.1860483870967738e-10,0.0,1.1860483870967738e-10,0.97,0.955,True,True,True,0.06317500000000356,0.03750000000000281,0.5697580645161305,0.5697580645161305,True,True,True,True,True,True,1.2401911290322674
0.85,0.4,0.25,2.52889525e-05,0.24345,1.131307692307692e-10,0.0,1.131307692307692e-10,0.97,0.955,True,True,True,0.06317500000000356,0.03750000000000281,0.8434615384615396,0.8434615384615396,True,True,True,True,True,True,1.7875980769230857
0.85,0.4,0.3,2.52889525e-05,0.24345,1.0813970588235292e-10,0.0,1.0813970588235292e-10,0.97,0.955,True,True,True,0.06317500000000356,0.03750000000000281,1.0930147058823536,1.0930147058823536,True,True,False,False,True,False,2.2867044117647133
0.85,0.4,0.35,2.52889525e-05,0.24345,1.0357042253521125e-10,0.0,1.0357042253521125e-10,0.97,0.955,True,True,True,0.06317500000000356,0.03750000000000281,1.3214788732394371,1.3214788732394371,True,True,False,False,True,False,2.7436327464788803
0.85,0.4,0.4,2.52889525e-05,0.24345,9.93716216216216e-11,0.0,9.93716216216216e-11,0.97,0.955,True,True,True,0.06317500000000356,0.03750000000000281,1.5314189189189193,1.5314189189189193,True,True,False,False,True,False,3.163512837837845
0.85,0.4,0.45,2.52889525e-05,0.24345,9.549999999999998e-11,0.0,9.549999999999998e-11,0.97,0.955,True,True,True,0.06317500000000356,0.03750000000000281,1.7250000000000005,1.7250000000000005,True,True,False,False,True,False,3.550675000000007
0.85,0.4,0.5,2.52889525e-05,0.24345,9.191874999999997e-11,0.0,9.191874999999997e-11,0.97,0.955,True,True,True,0.06317500000000356,0.03750000000000281,1.9040625000000013,1.9040625000000013,True,True,False,False,True,False,3.908800000000009
0.85,0.4,0.55,2.52889525e-05,0.24345,8.859638554216864e-11,0.0,8.859638554216864e-11,0.97,0.955,True,True,True,0.06317500000000356,0.03750000000000281,2.0701807228915676,2.0701807228915676,True,True,False,False,True,False,4.241036445783141
0.85,0.4,0.6,2.52889525e-05,0.24345,8.550581395348836e-11,0.0,8.550581395348836e-11,0.97,0.955,True,True,True,0.06317500000000356,0.03750000000000281,2.2247093023255817,2.2247093023255817,True,True,False,False,True,False,4.55009360465117
0.85,0.4,0.65,2.52889525e-05,0.24345,8.262359550561796e-11,0.0,8.262359550561796e-11,0.97,0.955,True,True,True,0.06317500000000356,0.03750000000000281,2.368820224719102,2.368820224719102,True,True,False,False,True,False,4.838315449438211
0.85,0.4,0.7,2.52889525e-05,0.24345,7.992934782608694e-11,0.0,7.992934782608694e-11,0.97,0.955,True,True,True,0.06317500000000356,0.03750000000000281,2.5035326086956524,2.5035326086956524,True,True,False,False,True,False,5.107740217391312
0.85,0.5,0.0,2.52889525e-05,0.24345,1.57575e-10,0.0,1.57575e-10,0.97,0.955,True,True,True,0.06317500000000356,0.03750000000000281,1.3787500000000004,1.3787500000000004,True,True,False,False,True,False,2.8581750000000072
0.85,0.5,0.05,2.52889525e-05,0.24345,1.4865566037735849e-10,0.0,1.4865566037735849e-10,0.97,0.955,True,True,True,0.06317500000000356,0.03750000000000281,0.9327830188679248,0.9327830188679248,True,True,True,True,True,True,1.966241037735856
0.85,0.5,0.1,2.52889525e-05,0.24345,1.4069196428571426e-10,0.0,1.4069196428571426e-10,0.97,0.955,True,True,True,0.06317500000000356,0.03750000000000281,0.5345982142857136,0.5345982142857136,True,True,True,True,True,True,1.1698714285714336
0.85,0.5,0.15,2.52889525e-05,0.24345,1.3353813559322033e-10,0.0,1.3353813559322033e-10,0.97,0.955,True,True,True,0.06317500000000356,0.03750000000000281,0.1769067796610171,0.1769067796610171,True,True,True,True,True,True,0.4544885593220406
0.85,0.5,0.2,2.52889525e-05,0.24345,1.270766129032258e-10,0.0,1.270766129032258e-10,0.97,0.955,True,True,True,0.06317500000000356,0.03750000000000281,0.14616935483870924,0.14616935483870924,True,True,True,True,True,True,0.3930137096774249
0.85,0.5,0.25,2.52889525e-05,0.24345,1.2121153846153846e-10,0.0,1.2121153846153846e-10,0.97,0.955,True,True,True,0.06317500000000356,0.03750000000000281,0.4394230769230765,0.4394230769230765,True,True,True,True,True,True,0.9795211538461595
0.85,0.5,0.3,2.52889525e-05,0.24345,1.158639705882353e-10,0.0,1.158639705882353e-10,0.97,0.955,True,True,True,0.06317500000000356,0.03750000000000281,0.7068014705882343,0.7068014705882343,True,True,True,True,True,True,1.5142779411764749
0.85,0.5,0.35,2.52889525e-05,0.24345,1.1096830985915494e-10,0.0,1.1096830985915494e-10,0.97,0.955,True,True,True,0.06317500000000356,0.03750000000000281,0.9515845070422528,0.9515845070422528,True,True,True,True,True,True,2.003844014084512
0.85,0.5,0.4,2.52889525e-05,0.24345,1.064695945945946e-10,0.0,1.064695945945946e-10,0.97,0.955,True,True,True,0.06317500000000356,0.03750000000000281,1.17652027027027,1.17652027027027,True,True,False,False,True,False,2.4537155405405464
0.85,0.5,0.45,2.52889525e-05,0.24345,1.0232142857142857e-10,0.0,1.0232142857142857e-10,0.97,0.955,True,True,True,0.06317500000000356,0.03750000000000281,1.3839285714285712,1.3839285714285712,True,True,False,False,True,False,2.8685321428571484
0.85,0.5,0.5,2.52889525e-05,0.24345,9.848437499999999e-11,0.0,9.848437499999999e-11,0.97,0.955,True,True,True,0.06317500000000356,0.03750000000000281,1.5757812500000001,1.5757812500000001,True,True,False,False,True,False,3.2522375000000068
0.85,0.5,0.55,2.52889525e-05,0.24345,9.492469879518071e-11,0.0,9.492469879518071e-11,0.97,0.955,True,True,True,0.06317500000000356,0.03750000000000281,1.7537650602409642,1.7537650602409642,True,True,False,False,True,False,3.6082051204819345
0.85,0.5,0.6,2.52889525e-05,0.24345,9.161337209302326e-11,0.0,9.161337209302326e-11,0.97,0.955,True,True,True,0.06317500000000356,0.03750000000000281,1.9193313953488367,1.9193313953488367,True,True,False,False,True,False,3.93933779069768
0.85,0.5,0.65,2.52889525e-05,0.24345,8.85252808988764e-11,0.0,8.85252808988764e-11,0.97,0.955,True,True,True,0.06317500000000356,0.03750000000000281,2.07373595505618,2.07373595505618,True,True,False,False,True,False,4.248146910112366
0.85,0.5,0.7,2.52889525e-05,0.24345,8.563858695652174e-11,0.0,8.563858695652174e-11,0.97,0.955,True,True,True,0.06317500000000356,0.03750000000000281,2.2180706521739126,2.2180706521739126,True,True,False,False,True,False,4.536816304347832
0.85,0.6,0.0,2.52889525e-05,0.24345,1.6808e-10,0.0,1.6808e-10,0.97,0.955,True,True,True,0.06317500000000356,0.03750000000000281,1.9040000000000008,1.9040000000000008,True,True,False,False,True,False,3.908675000000008
0.85,0.6,0.05,2.52889525e-05,0.24345,1.5856603773584905e-10,0.0,1.5856603773584905e-10,0.97,0.955,True,True,True,0.06317500000000356,0.03750000000000281,1.428301886792453,1.428301886792453,True,True,False,False,True,False,2.957278773584912
0.85,0.6,0.1,2.52889525e-05,0.24345,1.5007142857142857e-10,0.0,1.5007142857142857e-10,0.97,0.955,True,True,True,0.06317500000000356,0.03750000000000281,1.003571428571429,1.003571428571429,True,True,False,False,True,False,2.107817857142864
0.85,0.6,0.15,2.52889525e-05,0.24345,1.4244067796610172e-10,0.0,1.4244067796610172e-10,0.97,0.955,True,True,True,0.06317500000000356,0.03750000000000281,0.6220338983050864,0.6220338983050864,True,True,True,True,True,True,1.3447427966101793
0.85,0.6,0.2,2.52889525e-05,0.24345,1.355483870967742e-10,0.0,1.355483870967742e-10,0.97,0.955,True,True,True,0.06317500000000356,0.03750000000000281,0.2774193548387107,0.2774193548387107,True,True,True,True,True,True,0.6555137096774278
0.85,0.6,0.25,2.52889525e-05,0.24345,1.292923076923077e-10,0.0,1.292923076923077e-10,0.97,0.955,True,True,True,0.06317500000000356,0.03750000000000281,0.03538461538461471,0.03538461538461471,True,True,True,True,True,True,0.1714442307692358
0.85,0.6,0.3,2.52889525e-05,0.24345,1.2358823529411767e-10,0.0,1.2358823529411767e-10,0.97,0.955,True,True,True,0.06317500000000356,0.03750000000000281,0.3205882352941161,0.3205882352941161,True,True,True,True,True,True,0.7418514705882386
0.85,0.6,0.35,2.52889525e-05,0.24345,1.183661971830986e-10,0.0,1.183661971830986e-10,0.97,0.955,True,True,True,0.06317500000000356,0.03750000000000281,0.5816901408450698,0.5816901408450698,True,True,True,True,True,True,1.2640552816901458
0.85,0.6,0.4,2.52889525e-05,0.24345,1.1356756756756757e-10,0.0,1.1356756756756757e-10,0.97,0.955,True,True,True,0.06317500000000356,0.03750000000000281,0.8216216216216209,0.8216216216216209,True,True,True,True,True,True,1.743918243243248
0.85,0.6,0.45,2.52889525e-05,0.24345,1.0914285714285714e-10,0.0,1.0914285714285714e-10,0.97,0.955,True,True,True,0.06317500000000356,0.03750000000000281,1.0428571428571425,1.0428571428571425,True,True,False,False,True,False,2.1863892857142915
0.85,0.6,0.5,2.52889525e-05,0.24345,1.0505e-10,0.0,1.0505e-10,0.97,0.955,True,True,True,0.06317500000000356,0.03750000000000281,1.2474999999999996,1.2474999999999996,True,True,False,False,True,False,2.5956750000000053
0.85,0.6,0.55,2.52889525e-05,0.24345,1.0125301204819276e-10,0.0,1.0125301204819276e-10,0.97,0.955,True,True,True,0.06317500000000356,0.03750000000000281,1.4373493975903615,1.4373493975903615,True,True,False,False,True,False,2.9753737951807295
0.85,0.6,0.6,2.52889525e-05,0.24345,9.772093023255814e-11,0.0,9.772093023255814e-11,0.97,0.955,True,True,True,0.06317500000000356,0.03750000000000281,1.6139534883720927,1.6139534883720927,True,True,False,False,True,False,3.328581976744192
0.85,0.6,0.65,2.52889525e-05,0.24345,9.442696629213483e-11,0.0,9.442696629213483e-11,0.97,0.955,True,True,True,0.06317500000000356,0.03750000000000281,1.7786516853932581,1.7786516853932581,True,True,False,False,True,False,3.6579783707865223
0.85,0.6,0.7,2.52889525e-05,0.24345,9.134782608695653e-11,0.0,9.134782608695653e-11,0.97,0.955,True,True,True,0.06317500000000356,0.03750000000000281,1.932608695652173,1.932608695652173,True,True,False,False,True,False,3.9658923913043527
0.85,0.7,0.0,2.52889525e-05,0.24345,1.7858499999999998e-10,0.0,1.7858499999999998e-10,0.97,0.955,True,True,True,0.06317500000000356,0.03750000000000281,2.4292499999999997,2.4292499999999997,True,True,False,False,True,False,4.959175000000005
0.85,0.7,0.05,2.52889525e-05,0.24345,1.684764150943396e-10,0.0,1.684764150943396e-10,0.97,0.955,True,True,True,0.06317500000000356,0.03750000000000281,1.9238207547169799,1.9238207547169799,True,True,False,False,True,False,3.9483165094339663
0.85,0.7,0.1,2.52889525e-05,0.24345,1.5945089285714283e-10,0.0,1.5945089285714283e-10,0.97,0.955,True,True,True,0.06317500000000356,0.03750000000000281,1.4725446428571418,1.4725446428571418,True,True,False,False,True,False,3.0457642857142897
0.85,0.7,0.15,2.52889525e-05,0.24345,1.5134322033898305e-10,0.0,1.5134322033898305e-10,0.97,0.955,True,True,True,0.06317500000000356,0.03750000000000281,1.067161016949153,1.067161016949153,True,True,False,False,True,False,2.2349970338983125
0.85,0.7,0.2,2.52889525e-05,0.24345,1.4402016129032258e-10,0.0,1.4402016129032258e-10,0.97,0.955,True,True,True,0.06317500000000356,0.03750000000000281,0.7010080645161294,0.7010080645161294,True,True,True,True,True,True,1.5026911290322653
0.85,0.7,0.25,2.52889525e-05,0.24345,1.373730769230769e-10,0.0,1.373730769230769e-10,0.97,0.955,True,True,True,0.06317500000000356,0.03750000000000281,0.36865384615384583,0.36865384615384583,True,True,True,True,True,True,0.8379826923076981
0.85,0.7,0.3,2.52889525e-05,0.24345,1.313125e-10,0.0,1.313125e-10,0.97,0.955,True,True,True,0.06317500000000356,0.03750000000000281,0.06562500000000075,0.06562500000000075,True,True,True,True,True,True,0.23192500000000787
0.85,0.7,0.35,2.52889525e-05,0.24345,1.2576408450704224e-10,0.0,1.2576408450704224e-10,0.97,0.955,True,True,True,0.06317500000000356,0.03750000000000281,0.21179577464788735,0.21179577464788735,True,True,True,True,True,True,0.5242665492957811
0.85,0.7,0.4,2.52889525e-05,0.24345,1.2066554054054053e-10,0.0,1.2066554054054053e-10,0.97,0.955,True,True,True,0.06317500000000356,0.03750000000000281,0.46672297297297327,0.46672297297297327,True,True,True,True,True,True,1.0341209459459528
0.85,0.7,0.45,2.52889525e-05,0.24345,1.159642857142857e-10,0.0,1.159642857142857e-10,0.97,0.955,True,True,True,0.06317500000000356,0.03750000000000281,0.7017857142857145,0.7017857142857145,True,True,True,True,True,True,1.5042464285714354
0.85,0.7,0.5,2.52889525e-05,0.24345,1.1161562499999999e-10,0.0,1.1161562499999999e-10,0.97,0.955,True,True,True,0.06317500000000356,0.03750000000000281,0.9192187500000003,0.9192187500000003,True,True,True,True,True,True,1.939112500000007
0.85,0.7,0.55,2.52889525e-05,0.24345,1.075813253012048e-10,0.0,1.075813253012048e-10,0.97,0.955,True,True,True,0.06317500000000356,0.03750000000000281,1.1209337349397592,1.1209337349397592,True,True,False,False,True,False,2.3425424698795245
0.85,0.7,0.6,2.52889525e-05,0.24345,1.0382848837209302e-10,0.0,1.0382848837209302e-10,0.97,0.955,True,True,True,0.06317500000000356,0.03750000000000281,1.3085755813953488,1.3085755813953488,True,True,False,False,True,False,2.717826162790704
0.85,0.7,0.65,2.52889525e-05,0.24345,1.0032865168539324e-10,0.0,1.0032865168539324e-10,0.97,0.955,True,True,True,0.06317500000000356,0.03750000000000281,1.4835674157303376,1.4835674157303376,True,True,False,False,True,False,3.067809831460681
0.85,0.7,0.7,2.52889525e-05,0.24345,9.70570652173913e-11,0.0,9.70570652173913e-11,0.97,0.955,True,True,True,0.06317500000000356,0.03750000000000281,1.6471467391304344,1.6471467391304344,True,True,False,False,True,False,3.394968478260875
0.85,0.8,0.0,2.52889525e-05,0.24345,1.8909e-10,0.0,1.8909e-10,0.97,0.955,True,True,True,0.06317500000000356,0.03750000000000281,2.9545000000000003,2.9545000000000003,True,True,False,False,True,False,6.009675000000007
0.85,0.8,0.05,2.52889525e-05,0.24345,1.7838679245283018e-10,0.0,1.7838679245283018e-10,0.97,0.955,True,True,True,0.06317500000000356,0.03750000000000281,2.4193396226415094,2.4193396226415094,True,True,False,False,True,False,4.939354245283026
0.85,0.8,0.1,2.52889525e-05,0.24345,1.688303571428571e-10,0.0,1.688303571428571e-10,0.97,0.955,True,True,True,0.06317500000000356,0.03750000000000281,1.941517857142856,1.941517857142856,True,True,False,False,True,False,3.9837107142857184
0.85,0.8,0.15,2.52889525e-05,0.24345,1.602457627118644e-10,0.0,1.602457627118644e-10,0.97,0.955,True,True,True,0.06317500000000356,0.03750000000000281,1.512288135593221,1.512288135593221,True,True,False,False,True,False,3.125251271186448
0.85,0.8,0.2,2.52889525e-05,0.24345,1.5249193548387095e-10,0.0,1.5249193548387095e-10,0.97,0.955,True,True,True,0.06317500000000356,0.03750000000000281,1.124596774193548,1.124596774193548,True,True,False,False,True,False,2.3498685483871027
0.85,0.8,0.25,2.52889525e-05,0.24345,1.4545384615384614e-10,0.0,1.4545384615384614e-10,0.97,0.955,True,True,True,0.06317500000000356,0.03750000000000281,0.7726923076923077,0.7726923076923077,True,True,True,True,True,True,1.6460596153846216
0.85,0.8,0.3,2.52889525e-05,0.24345,1.3903676470588237e-10,0.0,1.3903676470588237e-10,0.97,0.955,True,True,True,0.06317500000000356,0.03750000000000281,0.4518382352941189,0.4518382352941189,True,True,True,True,True,True,1.0043514705882441
0.85,0.8,0.35,2.52889525e-05,0.24345,1.3316197183098592e-10,0.0,1.3316197183098592e-10,0.97,0.955,True,True,True,0.06317500000000356,0.03750000000000281,0.15809859154929634,0.15809859154929634,True,True,True,True,True,True,0.416872183098599
0.85,0.8,0.4,2.52889525e-05,0.24345,1.277635135135135e-10,0.0,1.277635135135135e-10,0.97,0.955,True,True,True,0.06317500000000356,0.03750000000000281,0.11182432432432436,0.11182432432432436,True,True,True,True,True,True,0.3243236486486551
0.85,0.8,0.45,2.52889525e-05,0.24345,1.2278571428571428e-10,0.0,1.2278571428571428e-10,0.97,0.955,True,True,True,0.06317500000000356,0.03750000000000281,0.36071428571428577,0.36071428571428577,True,True,True,True,True,True,0.8221035714285779
0.85,0.8,0.5,2.52889525e-05,0.24345,1.1818124999999998e-10,0.0,1.1818124999999998e-10,0.97,0.955,True,True,True,0.06317500000000356,0.03750000000000281,0.5909375000000003,0.5909375000000003,True,True,True,True,True,True,1.2825500000000072
0.85,0.8,0.55,2.52889525e-05,0.24345,1.1390963855421685e-10,0.0,1.1390963855421685e-10,0.97,0.955,True,True,True,0.06317500000000356,0.03750000000000281,0.8045180722891572,0.8045180722891572,True,True,True,True,True,True,1.7097111445783209
0.85,0.8,0.6,2.52889525e-05,0.24345,1.099360465116279e-10,0.0,1.099360465116279e-10,0.97,0.955,True,True,True,0.06317500000000356,0.03750000000000281,1.0031976744186046,1.0031976744186046,True,True,False,False,True,False,2.1070703488372153
0.85,0.8,0.65,2.52889525e-05,0.24345,1.0623033707865168e-10,0.0,1.0623033707865168e-10,0.97,0.955,True,True,True,0.06317500000000356,0.03750000000000281,1.1884831460674157,1.1884831460674157,True,True,False,False,True,False,2.4776412921348374
0.85,0.8,0.7,2.52889525e-05,0.24345,1.0276630434782608e-10,0.0,1.0276630434782608e-10,0.97,0.955,True,True,True,0.06317500000000356,0.03750000000000281,1.3616847826086955,1.3616847826086955,True,True,False,False,True,False,2.824044565217397
0.85,0.9,0.0,2.52889525e-05,0.24345,1.9959499999999997e-10,0.0,1.9959499999999997e-10,0.97,0.955,True,True,True,0.06317500000000356,0.03750000000000281,3.4797499999999992,3.4797499999999992,True,True,False,False,True,False,7.0601750000000045
0.85,0.9,0.05,2.52889525e-05,0.24345,1.8829716981132072e-10,0.0,1.8829716981132072e-10,0.97,0.955,True,True,True,0.06317500000000356,0.03750000000000281,2.9148584905660364,2.9148584905660364,True,True,False,False,True,False,5.930391981132079
0.85,0.9,0.1,2.52889525e-05,0.24345,1.782098214285714e-10,0.0,1.782098214285714e-10,0.97,0.955,True,True,True,0.06317500000000356,0.03750000000000281,2.41049107142857,2.41049107142857,True,True,False,False,True,False,4.921657142857146
0.85,0.9,0.15,2.52889525e-05,0.24345,1.6914830508474574e-10,0.0,1.6914830508474574e-10,0.97,0.955,True,True,True,0.06317500000000356,0.03750000000000281,1.9574152542372878,1.9574152542372878,True,True,False,False,True,False,4.0155055084745825
0.85,0.9,0.2,2.52889525e-05,0.24345,1.6096370967741932e-10,0.0,1.6096370967741932e-10,0.97,0.955,True,True,True,0.06317500000000356,0.03750000000000281,1.5481854838709668,1.5481854838709668,True,True,False,False,True,False,3.19704596774194
0.85,0.9,0.25,2.52889525e-05,0.24345,1.5353461538461535e-10,0.0,1.5353461538461535e-10,0.97,0.955,True,True,True,0.06317500000000356,0.03750000000000281,1.1767307692307682,1.1767307692307682,True,True,False,False,True,False,2.454136538461543
0.85,0.9,0.3,2.52889525e-05,0.24345,1.467610294117647e-10,0.0,1.467610294117647e-10,0.97,0.955,True,True,True,0.06317500000000356,0.03750000000000281,0.8380514705882357,0.8380514705882357,True,True,True,True,True,True,1.7767779411764777
0.85,0.9,0.35,2.52889525e-05,0.24345,1.4055985915492957e-10,0.0,1.4055985915492957e-10,0.97,0.955,True,True,True,0.06317500000000356,0.03750000000000281,0.5279929577464788,0.5279929577464788,True,True,True,True,True,True,1.1566609154929641
0.85,0.9,0.4,2.52889525e-05,0.24345,1.3486148648648646e-10,0.0,1.3486148648648646e-10,0.97,0.955,True,True,True,0.06317500000000356,0.03750000000000281,0.24307432432432327,0.24307432432432327,True,True,True,True,True,True,0.5868236486486529
0.85,0.9,0.45,2.52889525e-05,0.24345,1.2960714285714282e-10,0.0,1.2960714285714282e-10,0.97,0.955,True,True,True,0.06317500000000356,0.03750000000000281,0.019642857142858367,0.019642857142858367,True,True,True,True,True,True,0.1399607142857231
0.85,0.9,0.5,2.52889525e-05,0.24345,1.2474687499999997e-10,0.0,1.2474687499999997e-10,0.97,0.955,True,True,True,0.06317500000000356,0.03750000000000281,0.2626562500000011,0.2626562500000011,True,True,True,True,True,True,0.6259875000000086
0.85,0.9,0.55,2.52889525e-05,0.24345,1.202379518072289e-10,0.0,1.202379518072289e-10,0.97,0.955,True,True,True,0.06317500000000356,0.03750000000000281,0.48810240963855506,0.48810240963855506,True,True,True,True,True,True,1.0768798192771165
0.85,0.9,0.6,2.52889525e-05,0.24345,1.1604360465116278e-10,0.0,1.1604360465116278e-10,0.97,0.955,True,True,True,0.06317500000000356,0.03750000000000281,0.6978197674418608,0.6978197674418608,True,True,True,True,True,True,1.496314534883728
0.85,0.9,0.65,2.52889525e-05,0.24345,1.1213202247191009e-10,0.0,1.1213202247191009e-10,0.97,0.955,True,True,True,0.06317500000000356,0.03750000000000281,0.8933988764044951,0.8933988764044951,True,True,True,True,True,True,1.8874727528089967
0.85,0.9,0.7,2.52889525e-05,0.24345,1.0847554347826087e-10,0.0,1.0847554347826087e-10,0.97,0.955,True,True,True,0.06317500000000356,0.03750000000000281,1.0762228260869564,1.0762228260869564,True,True,False,False,True,False,2.2531206521739193
0.85,1.0,0.0,2.52889525e-05,0.24345,2.1009999999999998e-10,0.0,2.1009999999999998e-10,0.97,0.955,True,True,True,0.06317500000000356,0.03750000000000281,4.005,4.005,True,True,False,False,True,False,8.110675000000006
0.85,1.0,0.05,2.52889525e-05,0.24345,1.9820754716981128e-10,0.0,1.9820754716981128e-10,0.97,0.955,True,True,True,0.06317500000000356,0.03750000000000281,3.410377358490565,3.410377358490565,True,True,False,False,True,False,6.921429716981136
0.85,1.0,0.1,2.52889525e-05,0.24345,1.8758928571428567e-10,0.0,1.8758928571428567e-10,0.97,0.955,True,True,True,0.06317500000000356,0.03750000000000281,2.8794642857142843,2.8794642857142843,True,True,False,False,True,False,5.8596035714285755
0.85,1.0,0.15,2.52889525e-05,0.24345,1.780508474576271e-10,0.0,1.780508474576271e-10,0.97,0.955,True,True,True,0.06317500000000356,0.03750000000000281,2.4025423728813555,2.4025423728813555,True,True,False,False,True,False,4.905759745762717
0.85,1.0,0.2,2.52889525e-05,0.24345,1.6943548387096772e-10,0.0,1.6943548387096772e-10,0.97,0.955,True,True,True,0.06317500000000356,0.03750000000000281,1.9717741935483868,1.9717741935483868,True,True,False,False,True,False,4.04422338709678
0.85,1.0,0.25,2.52889525e-05,0.24345,1.616153846153846e-10,0.0,1.616153846153846e-10,0.97,0.955,True,True,True,0.06317500000000356,0.03750000000000281,1.58076923076923,1.58076923076923,True,True,False,False,True,False,3.262213461538466
0.85,1.0,0.3,2.52889525e-05,0.24345,1.5448529411764707e-10,0.0,1.5448529411764707e-10,0.97,0.955,True,True,True,0.06317500000000356,0.03750000000000281,1.224264705882354,1.224264705882354,True,True,False,False,True,False,2.5492044117647144
0.85,1.0,0.35,2.52889525e-05,0.24345,1.4795774647887324e-10,0.0,1.4795774647887324e-10,0.97,0.955,True,True,True,0.06317500000000356,0.03750000000000281,0.8978873239436624,0.8978873239436624,True,True,True,True,True,True,1.8964496478873314
0.85,1.0,0.4,2.52889525e-05,0.24345,1.4195945945945943e-10,0.0,1.4195945945945943e-10,0.97,0.955,True,True,True,0.06317500000000356,0.03750000000000281,0.5979729729729722,0.5979729729729722,True,True,True,True,True,True,1.2966209459459508
0.85,1.0,0.45,2.52889525e-05,0.24345,1.3642857142857142e-10,0.0,1.3642857142857142e-10,0.97,0.955,True,True,True,0.06317500000000356,0.03750000000000281,0.3214285714285716,0.3214285714285716,True,True,True,True,True,True,0.7435321428571496
0.85,1.0,0.5,2.52889525e-05,0.24345,1.3131249999999998e-10,0.0,1.3131249999999998e-10,0.97,0.955,True,True,True,0.06317500000000356,0.03750000000000281,0.06562499999999945,0.06562499999999945,True,True,True,True,True,True,0.23192500000000527
0.85,1.0,0.55,2.52889525e-05,0.24345,1.2656626506024094e-10,0.0,1.2656626506024094e-10,0.97,0.955,True,True,True,0.06317500000000356,0.03750000000000281,0.1716867469879523,0.1716867469879523,True,True,True,True,True,True,0.44404849397591095
0.85,1.0,0.6,2.52889525e-05,0.24345,1.2215116279069765e-10,0.0,1.2215116279069765e-10,0.97,0.955,True,True,True,0.06317500000000356,0.03750000000000281,0.3924418604651168,0.3924418604651168,True,True,True,True,True,True,0.88555872093024
0.85,1.0,0.65,2.52889525e-05,0.24345,1.1803370786516853e-10,0.0,1.1803370786516853e-10,0.97,0.955,True,True,True,0.06317500000000356,0.03750000000000281,0.5983146067415732,0.5983146067415732,True,True,True,True,True,True,1.297304213483153
0.85,1.0,0.7,2.52889525e-05,0.24345,1.1418478260869565e-10,0.0,1.1418478260869565e-10,0.97,0.955,True,True,True,0.06317500000000356,0.03750000000000281,0.7907608695652172,0.7907608695652172,True,True,True,True,True,True,1.6821967391304407
0.85,1.1,0.0,2.52889525e-05,0.24345,2.2060499999999998e-10,0.0,2.2060499999999998e-10,0.97,0.955,True,True,True,0.06317500000000356,0.03750000000000281,4.53025,4.53025,True,True,False,False,True,False,9.161175000000005
0.85,1.1,0.05,2.52889525e-05,0.24345,2.0811792452830187e-10,0.0,2.0811792452830187e-10,0.97,0.955,True,True,True,0.06317500000000356,0.03750000000000281,3.905896226415094,3.905896226415094,True,True,False,False,True,False,7.912467452830194
0.85,1.1,0.1,2.52889525e-05,0.24345,1.9696874999999996e-10,0.0,1.9696874999999996e-10,0.97,0.955,True,True,True,0.06317500000000356,0.03750000000000281,3.3484374999999984,3.3484374999999984,True,True,False,False,True,False,6.797550000000003
0.85,1.1,0.15,2.52889525e-05,0.24345,1.8695338983050846e-10,0.0,1.8695338983050846e-10,0.97,0.955,True,True,True,0.06317500000000356,0.03750000000000281,2.8476694915254237,2.8476694915254237,True,True,False,False,True,False,5.7960139830508535
0.85,1.1,0.2,2.52889525e-05,0.24345,1.7790725806451612e-10,0.0,1.7790725806451612e-10,0.97,0.955,True,True,True,0.06317500000000356,0.03750000000000281,2.3953629032258066,2.3953629032258066,True,True,False,False,True,False,4.891400806451619
0.85,1.1,0.25,2.52889525e-05,0.24345,1.6969615384615382e-10,0.0,1.6969615384615382e-10,0.97,0.955,True,True,True,0.06317500000000356,0.03750000000000281,1.9848076923076918,1.9848076923076918,True,True,False,False,True,False,4.07029038461539
0.85,1.1,0.3,2.52889525e-05,0.24345,1.622095588235294e-10,0.0,1.622095588235294e-10,0.97,0.955,True,True,True,0.06317500000000356,0.03750000000000281,1.6104779411764707,1.6104779411764707,True,True,False,False,True,False,3.321630882352948
0.85,1.1,0.35,2.52889525e-05,0.24345,1.5535563380281689e-10,0.0,1.5535563380281689e-10,0.97,0.955,True,True,True,0.06317500000000356,0.03750000000000281,1.267781690140845,1.267781690140845,True,True,False,False,True,False,2.6362383802816964
0.85,1.1,0.4,2.52889525e-05,0.24345,1.490574324324324e-10,0.0,1.490574324324324e-10,0.97,0.955,True,True,True,0.06317500000000356,0.03750000000000281,0.9528716216216211,0.9528716216216211,True,True,True,True,True,True,2.0064182432432487
0.85,1.1,0.45,2.52889525e-05,0.24345,1.4325e-10,0.0,1.4325e-10,0.97,0.955,True,True,True,0.06317500000000356,0.03750000000000281,0.6625000000000003,0.6625000000000003,True,True,True,True,True,True,1.4256750000000071
0.85,1.1,0.5,2.52889525e-05,0.24345,1.37878125e-10,0.0,1.37878125e-10,0.97,0.955,True,True,True,0.06317500000000356,0.03750000000000281,0.39390625,0.39390625,True,True,True,True,True,True,0.8884875000000064
0.85,1.1,0.55,2.52889525e-05,0.24345,1.32894578313253e-10,0.0,1.32894578313253e-10,0.97,0.955,True,True,True,0.06317500000000356,0.03750000000000281,0.14472891566265048,0.14472891566265048,True,True,True,True,True,True,0.3901328313253073
0.85,1.1,0.6,2.52889525e-05,0.24345,1.2825872093023255e-10,0.0,1.2825872093023255e-10,0.97,0.955,True,True,True,0.06317500000000356,0.03750000000000281,0.0870639534883722,0.0870639534883722,True,True,True,True,True,True,0.2748029069767508
0.85,1.1,0.65,2.52889525e-05,0.24345,1.2393539325842695e-10,0.0,1.2393539325842695e-10,0.97,0.955,True,True,True,0.06317500000000356,0.03750000000000281,0.30323033707865205,0.30323033707865205,True,True,True,True,True,True,0.7071356741573105
0.85,1.1,0.7,2.52889525e-05,0.24345,1.1989402173913044e-10,0.0,1.1989402173913044e-10,0.97,0.955,True,True,True,0.06317500000000356,0.03750000000000281,0.5052989130434774,0.5052989130434774,True,True,True,True,True,True,1.111272826086961
0.85,1.2,0.0,2.52889525e-05,0.24345,2.3111e-10,0.0,2.3111e-10,0.97,0.955,True,True,True,0.06317500000000356,0.03750000000000281,5.0555,5.0555,True,True,False,False,True,False,10.211675000000007
0.85,1.2,0.05,2.52889525e-05,0.24345,2.1802830188679243e-10,0.0,2.1802830188679243e-10,0.97,0.955,True,True,True,0.06317500000000356,0.03750000000000281,4.401415094339622,4.401415094339622,True,True,False,False,True,False,8.903505188679251
0.85,1.2,0.1,2.52889525e-05,0.24345,2.0634821428571426e-10,0.0,2.0634821428571426e-10,0.97,0.955,True,True,True,0.06317500000000356,0.03750000000000281,3.817410714285714,3.817410714285714,True,True,False,False,True,False,7.735496428571434
0.85,1.2,0.15,2.52889525e-05,0.24345,1.9585593220338984e-10,0.0,1.9585593220338984e-10,0.97,0.955,True,True,True,0.06317500000000356,0.03750000000000281,3.2927966101694928,3.2927966101694928,True,True,False,False,True,False,6.686268220338992
0.85,1.2,0.2,2.52889525e-05,0.24345,1.8637903225806452e-10,0.0,1.8637903225806452e-10,0.97,0.955,True,True,True,0.06317500000000356,0.03750000000000281,2.8189516129032266,2.8189516129032266,True,True,False,False,True,False,5.73857822580646
0.85,1.2,0.25,2.52889525e-05,0.24345,1.7777692307692306e-10,0.0,1.7777692307692306e-10,0.97,0.955,True,True,True,0.06317500000000356,0.03750000000000281,2.3888461538461536,2.3888461538461536,True,True,False,False,True,False,4.878367307692313
0.85,1.2,0.3,2.52889525e-05,0.24345,1.6993382352941177e-10,0.0,1.6993382352941177e-10,0.97,0.955,True,True,True,0.06317500000000356,0.03750000000000281,1.9966911764705888,1.9966911764705888,True,True,False,False,True,False,4.094057352941184
0.85,1.2,0.35,2.52889525e-05,0.24345,1.6275352112676056e-10,0.0,1.6275352112676056e-10,0.97,0.955,True,True,True,0.06317500000000356,0.03750000000000281,1.6376760563380286,1.6376760563380286,True,True,False,False,True,False,3.3760271126760637
0.85,1.2,0.4,2.52889525e-05,0.24345,1.561554054054054e-10,0.0,1.561554054054054e-10,0.97,0.955,True,True,True,0.06317500000000356,0.03750000000000281,1.30777027027027,1.30777027027027,True,True,False,False,True,False,2.7162155405405466
0.85,1.2,0.45,2.52889525e-05,0.24345,1.5007142857142857e-10,0.0,1.5007142857142857e-10,0.97,0.955,True,True,True,0.06317500000000356,0.03750000000000281,1.003571428571429,1.003571428571429,True,True,False,False,True,False,2.107817857142864
0.85,1.2,0.5,2.52889525e-05,0.24345,1.4444374999999997e-10,0.0,1.4444374999999997e-10,0.97,0.955,True,True,True,0.06317500000000356,0.03750000000000281,0.7221874999999993,0.7221874999999993,True,True,True,True,True,True,1.5450500000000051
0.85,1.2,0.55,2.52889525e-05,0.24345,1.3922289156626505e-10,0.0,1.3922289156626505e-10,0.97,0.955,True,True,True,0.06317500000000356,0.03750000000000281,0.46114457831325323,0.46114457831325323,True,True,True,True,True,True,1.0229641566265129
0.85,1.2,0.6,2.52889525e-05,0.24345,1.3436627906976744e-10,0.0,1.3436627906976744e-10,0.97,0.955,True,True,True,0.06317500000000356,0.03750000000000281,0.2183139534883724,0.2183139534883724,True,True,True,True,True,True,0.5373029069767512
0.85,1.2,0.65,2.52889525e-05,0.24345,1.2983707865168537e-10,0.0,1.2983707865168537e-10,0.97,0.955,True,True,True,0.06317500000000356,0.03750000000000281,0.008146067415730847,0.008146067415730847,True,True,True,True,True,True,0.11696713483146806
0.85,1.2,0.7,2.52889525e-05,0.24345,1.2560326086956522e-10,0.0,1.2560326086956522e-10,0.97,0.955,True,True,True,0.06317500000000356,0.03750000000000281,0.21983695652173835,0.21983695652173835,True,True,True,True,True,True,0.5403489130434831
0.9,0.0,0.0,2.5282635e-05,0.24350000000000002,1.0669999999999999e-10,0.0,1.0669999999999999e-10,0.98,0.97,True,True,True,0.04211666666666528,0.024999999999997247,1.165,1.165,True,True,False,False,True,False,2.397116666666663
0.9,0.0,0.05,2.5282635e-05,0.24350000000000002,1.0066037735849055e-10,0.0,1.0066037735849055e-10,0.98,0.97,True,True,True,0.04211666666666528,0.024999999999997247,1.4669811320754722,1.4669811320754722,True,True,False,False,True,False,3.0010789308176067
0.9,0.0,0.1,2.5282635e-05,0.24350000000000002,9.526785714285712e-11,0.0,9.526785714285712e-11,0.98,0.97,True,True,True,0.04211666666666528,0.024999999999997247,1.7366071428571435,1.7366071428571435,True,True,False,False,True,False,3.540330952380949
0.9,0.0,0.15,2.5282635e-05,0.24350000000000002,9.042372881355932e-11,0.0,9.042372881355932e-11,0.98,0.97,True,True,True,0.04211666666666528,0.024999999999997247,1.978813559322034,1.978813559322034,True,True,False,False,True,False,4.02474378531073
0.9,0.0,0.2,2.5282635e-05,0.24350000000000002,8.604838709677418e-11,0.0,8.604838709677418e-11,0.98,0.97,True,True,True,0.04211666666666528,0.024999999999997247,2.1975806451612905,2.1975806451612905,True,True,False,False,True,False,4.462277956989244
0.9,0.0,0.25,2.5282635e-05,0.24350000000000002,8.207692307692307e-11,0.0,8.207692307692307e-11,0.98,0.97,True,True,True,0.04211666666666528,0.024999999999997247,2.396153846153846,2.396153846153846,True,True,False,False,True,False,4.859424358974355
0.9,0.0,0.3,2.5282635e-05,0.24350000000000002,7.845588235294117e-11,0.0,7.845588235294117e-11,0.98,0.97,True,True,True,0.04211666666666528,0.024999999999997247,2.577205882352941,2.577205882352941,True,True,False,False,True,False,5.221528431372545
0.9,0.0,0.35,2.5282635e-05,0.24350000000000002,7.514084507042253e-11,0.0,7.514084507042253e-11,0.98,0.97,True,True,True,0.04211666666666528,0.024999999999997247,2.7429577464788735,2.7429577464788735,True,True,False,False,True,False,5.55303215962441
0.9,0.0,0.4,2.5282635e-05,0.24350000000000002,7.209459459459458e-11,0.0,7.209459459459458e-11,0.98,0.97,True,True,True,0.04211666666666528,0.024999999999997247,2.8952702702702706,2.8952702702702706,True,True,False,False,True,False,5.857657207207204
0.9,0.0,0.45,2.5282635e-05,0.24350000000000002,6.928571428571428e-11,0.0,6.928571428571428e-11,0.98,0.97,True,True,True,0.04211666666666528,0.024999999999997247,3.0357142857142856,3.0357142857142856,True,True,False,False,True,False,6.138545238095234
0.9,0.0,0.5,2.5282635e-05,0.24350000000000002,6.66875e-11,0.0,6.66875e-11,0.98,0.97,True,True,True,0.04211666666666528,0.024999999999997247,3.165625,3.165625,True,True,False,False,True,False,6.3983666666666625
0.9,0.0,0.55,2.5282635e-05,0.24350000000000002,6.427710843373493e-11,0.0,6.427710843373493e-11,0.98,0.97,True,True,True,0.04211666666666528,0.024999999999997247,3.2861445783132535,3.2861445783132535,True,True,False,False,True,False,6.63940582329317
0.9,0.0,0.6,2.5282635e-05,0.24350000000000002,6.203488372093023e-11,0.0,6.203488372093023e-11,0.98,0.97,True,True,True,0.04211666666666528,0.024999999999997247,3.398255813953488,3.398255813953488,True,True,False,False,True,False,6.863628294573639
0.9,0.0,0.65,2.5282635e-05,0.24350000000000002,5.99438202247191e-11,0.0,5.99438202247191e-11,0.98,0.97,True,True,True,0.04211666666666528,0.024999999999997247,3.5028089887640452,3.5028089887640452,True,True,False,False,True,False,7.072734644194753
0.9,0.0,0.7,2.5282635e-05,0.24350000000000002,5.798913043478261e-11,0.0,5.798913043478261e-11,0.98,0.97,True,True,True,0.04211666666666528,0.024999999999997247,3.600543478260869,3.600543478260869,True,True,False,False,True,False,7.268203623188401
0.9,0.1,0.0,2.5282635e-05,0.24350000000000002,1.1737e-10,0.0,1.1737e-10,0.98,0.97,True,True,True,0.04211666666666528,0.024999999999997247,0.6314999999999994,0.6314999999999994,True,True,True,True,True,True,1.3301166666666613
0.9,0.1,0.05,2.5282635e-05,0.24350000000000002,1.1072641509433962e-10,0.0,1.1072641509433962e-10,0.98,0.97,True,True,True,0.04211666666666528,0.024999999999997247,0.9636792452830186,0.9636792452830186,True,True,True,True,True,True,1.9944751572326997
0.9,0.1,0.1,2.5282635e-05,0.24350000000000002,1.0479464285714285e-10,0.0,1.0479464285714285e-10,0.98,0.97,True,True,True,0.04211666666666528,0.024999999999997247,1.2602678571428572,1.2602678571428572,True,True,False,False,True,False,2.5876523809523766
0.9,0.1,0.15,2.5282635e-05,0.24350000000000002,9.946610169491526e-11,0.0,9.946610169491526e-11,0.98,0.97,True,True,True,0.04211666666666528,0.024999999999997247,1.5266949152542366,1.5266949152542366,True,True,False,False,True,False,3.1205064971751355
0.9,0.1,0.2,2.5282635e-05,0.24350000000000002,9.465322580645162e-11,0.0,9.465322580645162e-11,0.98,0.97,True,True,True,0.04211666666666528,0.024999999999997247,1.7673387096774187,1.7673387096774187,True,True,False,False,True,False,3.6017940860215
0.9,0.1,0.25,2.5282635e-05,0.24350000000000002,9.028461538461539e-11,0.0,9.028461538461539e-11,0.98,0.97,True,True,True,0.04211666666666528,0.024999999999997247,1.98576923076923,1.98576923076923,True,True,False,False,True,False,4.038655128205122
0.9,0.1,0.3,2.5282635e-05,0.24350000000000002,8.63014705882353e-11,0.0,8.63014705882353e-11,0.98,0.97,True,True,True,0.04211666666666528,0.024999999999997247,2.1849264705882345,2.1849264705882345,True,True,False,False,True,False,4.436969607843132
0.9,0.1,0.35,2.5282635e-05,0.24350000000000002,8.265492957746479e-11,0.0,8.265492957746479e-11,0.98,0.97,True,True,True,0.04211666666666528,0.024999999999997247,2.3672535211267602,2.3672535211267602,True,True,False,False,True,False,4.801623708920183
0.9,0.1,0.4,2.5282635e-05,0.24350000000000002,7.930405405405406e-11,0.0,7.930405405405406e-11,0.98,0.97,True,True,True,0.04211666666666528,0.024999999999997247,2.5347972972972967,2.5347972972972967,True,True,False,False,True,False,5.136711261261256
0.9,0.1,0.45,2.5282635e-05,0.24350000000000002,7.621428571428571e-11,0.0,7.621428571428571e-11,0.98,0.97,True,True,True,0.04211666666666528,0.024999999999997247,2.689285714285714,2.689285714285714,True,True,False,False,True,False,5.445688095238091
0.9,0.1,0.5,2.5282635e-05,0.24350000000000002,7.335625e-11,0.0,7.335625e-11,0.98,0.97,True,True,True,0.04211666666666528,0.024999999999997247,2.8321875,2.8321875,True,True,False,False,True,False,5.731491666666662
0.9,0.1,0.55,2.5282635e-05,0.24350000000000002,7.070481927710843e-11,0.0,7.070481927710843e-11,0.98,0.97,True,True,True,0.04211666666666528,0.024999999999997247,2.964759036144578,2.964759036144578,True,True,False,False,True,False,5.9966347389558186
0.9,0.1,0.6,2.5282635e-05,0.24350000000000002,6.823837209302326e-11,0.0,6.823837209302326e-11,0.98,0.97,True,True,True,0.04211666666666528,0.024999999999997247,3.0880813953488366,3.0880813953488366,True,True,False,False,True,False,6.243279457364336
0.9,0.1,0.65,2.5282635e-05,0.24350000000000002,6.593820224719101e-11,0.0,6.593820224719101e-11,0.98,0.97,True,True,True,0.04211666666666528,0.024999999999997247,3.203089887640449,3.203089887640449,True,True,False,False,True,False,6.473296441947561
0.9,0.1,0.7,2.5282635e-05,0.24350000000000002,6.378804347826087e-11,0.0,6.378804347826087e-11,0.98,0.97,True,True,True,0.04211666666666528,0.024999999999997247,3.310597826086956,3.310597826086956,True,True,False,False,True,False,6.688312318840575
0.9,0.2,0.0,2.5282635e-05,0.24350000000000002,1.2803999999999998e-10,0.0,1.2803999999999998e-10,0.98,0.97,True,True,True,0.04211666666666528,0.024999999999997247,0.0980000000000006,0.0980000000000006,True,True,True,True,True,True,0.2631166666666637
0.9,0.2,0.05,2.5282635e-05,0.24350000000000002,1.2079245283018865e-10,0.0,1.2079245283018865e-10,0.98,0.97,True,True,True,0.04211666666666528,0.024999999999997247,0.46037735849056693,0.46037735849056693,True,True,True,True,True,True,0.9878713836477964
0.9,0.2,0.1,2.5282635e-05,0.24350000000000002,1.1432142857142854e-10,0.0,1.1432142857142854e-10,0.98,0.97,True,True,True,0.04211666666666528,0.024999999999997247,0.7839285714285726,0.7839285714285726,True,True,True,True,True,True,1.6349738095238078
0.9,0.2,0.15,2.5282635e-05,0.24350000000000002,1.0850847457627117e-10,0.0,1.0850847457627117e-10,0.98,0.97,True,True,True,0.04211666666666528,0.024999999999997247,1.0745762711864408,1.0745762711864408,True,True,False,False,True,False,2.2162692090395444
0.9,0.2,0.2,2.5282635e-05,0.24350000000000002,1.0325806451612902e-10,0.0,1.0325806451612902e-10,0.98,0.97,True,True,True,0.04211666666666528,0.024999999999997247,1.3370967741935487,1.3370967741935487,True,True,False,False,True,False,2.74131021505376
0.9,0.2,0.25,2.5282635e-05,0.24350000000000002,9.849230769230767e-11,0.0,9.849230769230767e-11,0.98,0.97,True,True,True,0.04211666666666528,0.024999999999997247,1.575384615384616,1.575384615384616,True,True,False,False,True,False,3.2178858974358944
0.9,0.2,0.3,2.5282635e-05,0.24350000000000002,9.41470588235294e-11,0.0,9.41470588235294e-11,0.98,0.97,True,True,True,0.04211666666666528,0.024999999999997247,1.7926470588235297,1.7926470588235297,True,True,False,False,True,False,3.652410784313722
0.9,0.2,0.35,2.5282635e-05,0.24350000000000002,9.016901408450703e-11,0.0,9.016901408450703e-11,0.98,0.97,True,True,True,0.04211666666666528,0.024999999999997247,1.9915492957746481,1.9915492957746481,True,True,False,False,True,False,4.0502152582159585
0.9,0.2,0.4,2.5282635e-05,0.24350000000000002,8.65135135135135e-11,0.0,8.65135135135135e-11,0.98,0.97,True,True,True,0.04211666666666528,0.024999999999997247,2.1743243243243247,2.1743243243243247,True,True,False,False,True,False,4.415765315315312
0.9,0.2,0.45,2.5282635e-05,0.24350000000000002,8.314285714285713e-11,0.0,8.314285714285713e-11,0.98,0.97,True,True,True,0.04211666666666528,0.024999999999997247,2.3428571428571434,2.3428571428571434,True,True,False,False,True,False,4.7528309523809495
0.9,0.2,0.5,2.5282635e-05,0.24350000000000002,8.002499999999998e-11,0.0,8.002499999999998e-11,0.98,0.97,True,True,True,0.04211666666666528,0.024999999999997247,2.4987500000000007,2.4987500000000007,True,True,False,False,True,False,5.064616666666664
0.9,0.2,0.55,2.5282635e-05,0.24350000000000002,7.71325301204819e-11,0.0,7.71325301204819e-11,0.98,0.97,True,True,True,0.04211666666666528,0.024999999999997247,2.6433734939759046,2.6433734939759046,True,True,False,False,True,False,5.353863654618472
0.9,0.2,0.6,2.5282635e-05,0.24350000000000002,7.444186046511627e-11,0.0,7.444186046511627e-11,0.98,0.97,True,True,True,0.04211666666666528,0.024999999999997247,2.777906976744186,2.777906976744186,True,True,False,False,True,False,5.622930620155035
0.9,0.2,0.65,2.5282635e-05,0.24350000000000002,7.19325842696629e-11,0.0,7.19325842696629e-11,0.98,0.97,True,True,True,0.04211666666666528,0.024999999999997247,2.9033707865168545,2.9033707865168545,True,True,False,False,True,False,5.873858239700372
0.9,0.2,0.7,2.5282635e-05,0.24350000000000002,6.958695652173912e-11,0.0,6.958695652173912e-11,0.98,0.97,True,True,True,0.04211666666666528,0.024999999999997247,3.0206521739130436,3.0206521739130436,True,True,False,False,True,False,6.10842101449275
0.9,0.3,0.0,2.5282635e-05,0.24350000000000002,1.3871e-10,0.0,1.3871e-10,0.98,0.97,True,True,True,0.04211666666666528,0.024999999999997247,0.4355000000000007,0.4355000000000007,True,True,True,True,True,True,0.938116666666664
0.9,0.3,0.05,2.5282635e-05,0.24350000000000002,1.3085849056603772e-10,0.0,1.3085849056603772e-10,0.98,0.97,True,True,True,0.04211666666666528,0.024999999999997247,0.04292452830188667,0.04292452830188667,True,True,True,True,True,True,0.15296572327043587
0.9,0.3,0.1,2.5282635e-05,0.24350000000000002,1.238482142857143e-10,0.0,1.238482142857143e-10,0.98,0.97,True,True,True,0.04211666666666528,0.024999999999997247,0.307589285714285,0.307589285714285,True,True,True,True,True,True,0.6822952380952325
0.9,0.3,0.15,2.5282635e-05,0.24350000000000002,1.1755084745762713e-10,0.0,1.1755084745762713e-10,0.98,0.97,True,True,True,0.04211666666666528,0.024999999999997247,0.6224576271186432,0.6224576271186432,True,True,True,True,True,True,1.3120319209039488
0.9,0.3,0.2,2.5282635e-05,0.24350000000000002,1.1186290322580646e-10,0.0,1.1186290322580646e-10,0.98,0.97,True,True,True,0.04211666666666528,0.024999999999997247,0.9068548387096768,0.9068548387096768,True,True,True,True,True,True,1.880826344086016
0.9,0.3,0.25,2.5282635e-05,0.24350000000000002,1.067e-10,0.0,1.067e-10,0.98,0.97,True,True,True,0.04211666666666528,0.024999999999997247,1.1649999999999994,1.1649999999999994,True,True,False,False,True,False,2.397116666666661
0.9,0.3,0.3,2.5282635e-05,0.24350000000000002,1.0199264705882354e-10,0.0,1.0199264705882354e-10,0.98,0.97,True,True,True,0.04211666666666528,0.024999999999997247,1.4003676470588227,1.4003676470588227,True,True,False,False,True,False,2.867851960784308
0.9,0.3,0.35,2.5282635e-05,0.24350000000000002,9.768309859154931e-11,0.0,9.768309859154931e-11,0.98,0.97,True,True,True,0.04211666666666528,0.024999999999997247,1.6158450704225342,1.6158450704225342,True,True,False,False,True,False,3.298806807511731
0.9,0.3,0.4,2.5282635e-05,0.24350000000000002,9.372297297297298e-11,0.0,9.372297297297298e-11,0.98,0.97,True,True,True,0.04211666666666528,0.024999999999997247,1.8138513513513508,1.8138513513513508,True,True,False,False,True,False,3.6948193693693643
0.9,0.3,0.45,2.5282635e-05,0.24350000000000002,9.007142857142857e-11,0.0,9.007142857142857e-11,0.98,0.97,True,True,True,0.04211666666666528,0.024999999999997247,1.9964285714285712,1.9964285714285712,True,True,False,False,True,False,4.059973809523805
0.9,0.3,0.5,2.5282635e-05,0.24350000000000002,8.669374999999999e-11,0.0,8.669374999999999e-11,0.98,0.97,True,True,True,0.04211666666666528,0.024999999999997247,2.1653125,2.1653125,True,True,False,False,True,False,4.397741666666663
0.9,0.3,0.55,2.5282635e-05,0.24350000000000002,8.356024096385542e-11,0.0,8.356024096385542e-11,0.98,0.97,True,True,True,0.04211666666666528,0.024999999999997247,2.3219879518072286,2.3219879518072286,True,True,False,False,True,False,4.71109257028112
0.9,0.3,0.6,2.5282635e-05,0.24350000000000002,8.06453488372093e-11,0.0,8.06453488372093e-11,0.98,0.97,True,True,True,0.04211666666666528,0.024999999999997247,2.4677325581395344,2.4677325581395344,True,True,False,False,True,False,5.0025817829457315
0.9,0.3,0.65,2.5282635e-05,0.24350000000000002,7.792696629213484e-11,0.0,7.792696629213484e-11,0.98,0.97,True,True,True,0.04211666666666528,0.024999999999997247,2.603651685393258,2.603651685393258,True,True,False,False,True,False,5.2744200374531784
0.9,0.3,0.7,2.5282635e-05,0.24350000000000002,7.53858695652174e-11,0.0,7.53858695652174e-11,0.98,0.97,True,True,True,0.04211666666666528,0.024999999999997247,2.7307065217391298,2.7307065217391298,True,True,False,False,True,False,5.528529710144922
0.9,0.4,0.0,2.5282635e-05,0.24350000000000002,1.4937999999999998e-10,0.0,1.4937999999999998e-10,0.98,0.97,True,True,True,0.04211666666666528,0.024999999999997247,0.9689999999999995,0.9689999999999995,True,True,True,True,True,True,2.0051166666666616
0.9,0.4,0.05,2.5282635e-05,0.24350000000000002,1.4092452830188677e-10,0.0,1.4092452830188677e-10,0.98,0.97,True,True,True,0.04211666666666528,0.024999999999997247,0.546226415094339,0.546226415094339,True,True,True,True,True,True,1.1595694968553405
0.9,0.4,0.1,2.5282635e-05,0.24350000000000002,1.3337499999999997e-10,0.0,1.3337499999999997e-10,0.98,0.97,True,True,True,0.04211666666666528,0.024999999999997247,0.1687499999999988,0.1687499999999988,True,True,True,True,True,True,0.4046166666666601
0.9,0.4,0.15,2.5282635e-05,0.24350000000000002,1.2659322033898303e-10,0.0,1.2659322033898303e-10,0.98,0.97,True,True,True,0.04211666666666528,0.024999999999997247,0.17033898305084794,0.17033898305084794,True,True,True,True,True,True,0.40779463276835837
0.9,0.4,0.2,2.5282635e-05,0.24350000000000002,1.2046774193548387e-10,0.0,1.2046774193548387e-10,0.98,0.97,True,True,True,0.04211666666666528,0.024999999999997247,0.4766129032258062,0.4766129032258062,True,True,True,True,True,True,1.0203424731182749
0.9,0.4,0.25,2.5282635e-05,0.24350000000000002,1.1490769230769228e-10,0.0,1.1490769230769228e-10,0.98,0.97,True,True,True,0.04211666666666528,0.024999999999997247,0.7546153846153854,0.7546153846153854,True,True,True,True,True,True,1.5763474358974332
0.9,0.4,0.3,2.5282635e-05,0.24350000000000002,1.0983823529411764e-10,0.0,1.0983823529411764e-10,0.98,0.97,True,True,True,0.04211666666666528,0.024999999999997247,1.0080882352941176,1.0080882352941176,True,True,False,False,True,False,2.0832931372548975
0.9,0.4,0.35,2.5282635e-05,0.24350000000000002,1.0519718309859155e-10,0.0,1.0519718309859155e-10,0.98,0.97,True,True,True,0.04211666666666528,0.024999999999997247,1.2401408450704223,1.2401408450704223,True,True,False,False,True,False,2.5473983568075074
0.9,0.4,0.4,2.5282635e-05,0.24350000000000002,1.0093243243243242e-10,0.0,1.0093243243243242e-10,0.98,0.97,True,True,True,0.04211666666666528,0.024999999999997247,1.4533783783783785,1.4533783783783785,True,True,False,False,True,False,2.973873423423419
0.9,0.4,0.45,2.5282635e-05,0.24350000000000002,9.699999999999999e-11,0.0,9.699999999999999e-11,0.98,0.97,True,True,True,0.04211666666666528,0.024999999999997247,1.6500000000000001,1.6500000000000001,True,True,False,False,True,False,3.3671166666666625
0.9,0.4,0.5,2.5282635e-05,0.24350000000000002,9.336249999999998e-11,0.0,9.336249999999998e-11,0.98,0.97,True,True,True,0.04211666666666528,0.024999999999997247,1.8318750000000004,1.8318750000000004,True,True,False,False,True,False,3.730866666666663
0.9,0.4,0.55,2.5282635e-05,0.24350000000000002,8.998795180722889e-11,0.0,8.998795180722889e-11,0.98,0.97,True,True,True,0.04211666666666528,0.024999999999997247,2.0006024096385553,2.0006024096385553,True,True,False,False,True,False,4.068321485943773
0.9,0.4,0.6,2.5282635e-05,0.24350000000000002,8.684883720930231e-11,0.0,8.684883720930231e-11,0.98,0.97,True,True,True,0.04211666666666528,0.024999999999997247,2.1575581395348844,2.1575581395348844,True,True,False,False,True,False,4.3822329457364315
0.9,0.4,0.65,2.5282635e-05,0.24350000000000002,8.392134831460673e-11,0.0,8.392134831460673e-11,0.98,0.97,True,True,True,0.04211666666666528,0.024999999999997247,2.3039325842696634,2.3039325842696634,True,True,False,False,True,False,4.6749818352059895
0.9,0.4,0.7,2.5282635e-05,0.24350000000000002,8.118478260869564e-11,0.0,8.118478260869564e-11,0.98,0.97,True,True,True,0.04211666666666528,0.024999999999997247,2.440760869565217,2.440760869565217,True,True,False,False,True,False,4.948638405797097
0.9,0.5,0.0,2.5282635e-05,0.24350000000000002,1.6004999999999998e-10,0.0,1.6004999999999998e-10,0.98,0.97,True,True,True,0.04211666666666528,0.024999999999997247,1.5024999999999995,1.5024999999999995,True,True,False,False,True,False,3.0721166666666617
0.9,0.5,0.05,2.5282635e-05,0.24350000000000002,1.5099056603773582e-10,0.0,1.5099056603773582e-10,0.98,0.97,True,True,True,0.04211666666666528,0.024999999999997247,1.0495283018867914,1.0495283018867914,True,True,False,False,True,False,2.166173270440245
0.9,0.5,0.1,2.5282635e-05,0.24350000000000002,1.429017857142857e-10,0.0,1.429017857142857e-10,0.98,0.97,True,True,True,0.04211666666666528,0.024999999999997247,0.6450892857142851,0.6450892857142851,True,True,True,True,True,True,1.3572952380952328
0.9,0.5,0.15,2.5282635e-05,0.24350000000000002,1.3563559322033896e-10,0.0,1.3563559322033896e-10,0.98,0.97,True,True,True,0.04211666666666528,0.024999999999997247,0.28177966101694857,0.28177966101694857,True,True,True,True,True,True,0.6306759887005597
0.9,0.5,0.2,2.5282635e-05,0.24350000000000002,1.2907258064516127e-10,0.0,1.2907258064516127e-10,0.98,0.97,True,True,True,0.04211666666666528,0.024999999999997247,0.0463709677419362,0.0463709677419362,True,True,True,True,True,True,0.1598586021505349
0.9,0.5,0.25,2.5282635e-05,0.24350000000000002,1.231153846153846e-10,0.0,1.231153846153846e-10,0.98,0.97,True,True,True,0.04211666666666528,0.024999999999997247,0.34423076923076995,0.34423076923076995,True,True,True,True,True,True,0.7555782051282025
0.9,0.5,0.3,2.5282635e-05,0.24350000000000002,1.1768382352941177e-10,0.0,1.1768382352941177e-10,0.98,0.97,True,True,True,0.04211666666666528,0.024999999999997247,0.6158088235294114,0.6158088235294114,True,True,True,True,True,True,1.2987343137254852
0.9,0.5,0.35,2.5282635e-05,0.24350000000000002,1.127112676056338e-10,0.0,1.127112676056338e-10,0.98,0.97,True,True,True,0.04211666666666528,0.024999999999997247,0.8644366197183098,0.8644366197183098,True,True,True,True,True,True,1.795989906103282
0.9,0.5,0.4,2.5282635e-05,0.24350000000000002,1.0814189189189188e-10,0.0,1.0814189189189188e-10,0.98,0.97,True,True,True,0.04211666666666528,0.024999999999997247,1.0929054054054055,1.0929054054054055,True,True,False,False,True,False,2.2529274774774732
0.9,0.5,0.45,2.5282635e-05,0.24350000000000002,1.0392857142857142e-10,0.0,1.0392857142857142e-10,0.98,0.97,True,True,True,0.04211666666666528,0.024999999999997247,1.3035714285714286,1.3035714285714286,True,True,False,False,True,False,2.6742595238095195
0.9,0.5,0.5,2.5282635e-05,0.24350000000000002,1.0003124999999999e-10,0.0,1.0003124999999999e-10,0.98,0.97,True,True,True,0.04211666666666528,0.024999999999997247,1.4984375000000003,1.4984375000000003,True,True,False,False,True,False,3.063991666666663
0.9,0.5,0.55,2.5282635e-05,0.24350000000000002,9.641566265060238e-11,0.0,9.641566265060238e-11,0.98,0.97,True,True,True,0.04211666666666528,0.024999999999997247,1.6792168674698804,1.6792168674698804,True,True,False,False,True,False,3.425550401606423
0.9,0.5,0.6,2.5282635e-05,0.24350000000000002,9.305232558139534e-11,0.0,9.305232558139534e-11,0.98,0.97,True,True,True,0.04211666666666528,0.024999999999997247,1.8473837209302326,1.8473837209302326,True,True,False,False,True,False,3.761884108527128
0.9,0.5,0.65,2.5282635e-05,0.24350000000000002,8.991573033707863e-11,0.0,8.991573033707863e-11,0.98,0.97,True,True,True,0.04211666666666528,0.024999999999997247,2.004213483146068,2.004213483146068,True,True,False,False,True,False,4.075543632958799
0.9,0.5,0.7,2.5282635e-05,0.24350000000000002,8.698369565217391e-11,0.0,8.698369565217391e-11,0.98,0.97,True,True,True,0.04211666666666528,0.024999999999997247,2.150815217391304,2.150815217391304,True,True,False,False,True,False,4.368747101449271
0.9,0.6,0.0,2.5282635e-05,0.24350000000000002,1.7072e-10,0.0,1.7072e-10,0.98,0.97,True,True,True,0.04211666666666528,0.024999999999997247,2.036000000000001,2.036000000000001,True,True,False,False,True,False,4.139116666666665
0.9,0.6,0.05,2.5282635e-05,0.24350000000000002,1.610566037735849e-10,0.0,1.610566037735849e-10,0.98,0.97,True,True,True,0.04211666666666528,0.024999999999997247,1.5528301886792462,1.5528301886792462,True,True,False,False,True,False,3.172777044025155
0.9,0.6,0.1,2.5282635e-05,0.24350000000000002,1.5242857142857142e-10,0.0,1.5242857142857142e-10,0.98,0.97,True,True,True,0.04211666666666528,0.024999999999997247,1.1214285714285714,1.1214285714285714,True,True,False,False,True,False,2.3099738095238056
0.9,0.6,0.15,2.5282635e-05,0.24350000000000002,1.4467796610169492e-10,0.0,1.4467796610169492e-10,0.98,0.97,True,True,True,0.04211666666666528,0.024999999999997247,0.7338983050847463,0.7338983050847463,True,True,True,True,True,True,1.534913276836155
0.9,0.6,0.2,2.5282635e-05,0.24350000000000002,1.3767741935483872e-10,0.0,1.3767741935483872e-10,0.98,0.97,True,True,True,0.04211666666666528,0.024999999999997247,0.38387096774193635,0.38387096774193635,True,True,True,True,True,True,0.8348586021505353
0.9,0.6,0.25,2.5282635e-05,0.24350000000000002,1.313230769230769e-10,0.0,1.313230769230769e-10,0.98,0.97,True,True,True,0.04211666666666528,0.024999999999997247,0.06615384615384606,0.06615384615384606,True,True,True,True,True,True,0.19942435897435465
0.9,0.6,0.3,2.5282635e-05,0.24350000000000002,1.255294117647059e-10,0.0,1.255294117647059e-10,0.98,0.97,True,True,True,0.04211666666666528,0.024999999999997247,0.22352941176470498,0.22352941176470498,True,True,True,True,True,True,0.5141754901960724
0.9,0.6,0.35,2.5282635e-05,0.24350000000000002,1.2022535211267607e-10,0.0,1.2022535211267607e-10,0.98,0.97,True,True,True,0.04211666666666528,0.024999999999997247,0.4887323943661958,0.4887323943661958,True,True,True,True,True,True,1.0445814553990542
0.9,0.6,0.4,2.5282635e-05,0.24350000000000002,1.1535135135135136e-10,0.0,1.1535135135135136e-10,0.98,0.97,True,True,True,0.04211666666666528,0.024999999999997247,0.7324324324324318,0.7324324324324318,True,True,True,True,True,True,1.5319815315315262
0.9,0.6,0.45,2.5282635e-05,0.24350000000000002,1.1085714285714286e-10,0.0,1.1085714285714286e-10,0.98,0.97,True,True,True,0.04211666666666528,0.024999999999997247,0.9571428571428565,0.9571428571428565,True,True,True,True,True,True,1.9814023809523755
0.9,0.6,0.5,2.5282635e-05,0.24350000000000002,1.067e-10,0.0,1.067e-10,0.98,0.97,True,True,True,0.04211666666666528,0.024999999999997247,1.1649999999999994,1.1649999999999994,True,True,False,False,True,False,2.397116666666661
0.9,0.6,0.55,2.5282635e-05,0.24350000000000002,1.028433734939759e-10,0.0,1.028433734939759e-10,0.98,0.97,True,True,True,0.04211666666666528,0.024999999999997247,1.3578313253012044,1.3578313253012044,True,True,False,False,True,False,2.782779317269071
0.9,0.6,0.6,2.5282635e-05,0.24350000000000002,9.925581395348837e-11,0.0,9.925581395348837e-11,0.98,0.97,True,True,True,0.04211666666666528,0.024999999999997247,1.537209302325581,1.537209302325581,True,True,False,False,True,False,3.1415352713178244
0.9,0.6,0.65,2.5282635e-05,0.24350000000000002,9.591011235955057e-11,0.0,9.591011235955057e-11,0.98,0.97,True,True,True,0.04211666666666528,0.024999999999997247,1.7044943820224714,1.7044943820224714,True,True,False,False,True,False,3.4761054307116055
0.9,0.6,0.7,2.5282635e-05,0.24350000000000002,9.278260869565218e-11,0.0,9.278260869565218e-11,0.98,0.97,True,True,True,0.04211666666666528,0.024999999999997247,1.8608695652173906,1.8608695652173906,True,True,False,False,True,False,3.7888557971014434
0.9,0.7,0.0,2.5282635e-05,0.24350000000000002,1.8138999999999998e-10,0.0,1.8138999999999998e-10,0.98,0.97,True,True,True,0.04211666666666528,0.024999999999997247,2.5694999999999997,2.5694999999999997,True,True,False,False,True,False,5.206116666666662
0.9,0.7,0.05,2.5282635e-05,0.24350000000000002,1.7112264150943393e-10,0.0,1.7112264150943393e-10,0.98,0.97,True,True,True,0.04211666666666528,0.024999999999997247,2.056132075471697,2.056132075471697,True,True,False,False,True,False,4.179380817610057
0.9,0.7,0.1,2.5282635e-05,0.24350000000000002,1.6195535714285712e-10,0.0,1.6195535714285712e-10,0.98,0.97,True,True,True,0.04211666666666528,0.024999999999997247,1.5977678571428566,1.5977678571428566,True,True,False,False,True,False,3.2626523809523755
0.9,0.7,0.15,2.5282635e-05,0.24350000000000002,1.5372033898305085e-10,0.0,1.5372033898305085e-10,0.98,0.97,True,True,True,0.04211666666666528,0.024999999999997247,1.1860169491525427,1.1860169491525427,True,True,False,False,True,False,2.439150564971748
0.9,0.7,0.2,2.5282635e-05,0.24350000000000002,1.4628225806451612e-10,0.0,1.4628225806451612e-10,0.98,0.97,True,True,True,0.04211666666666528,0.024999999999997247,0.8141129032258063,0.8141129032258063,True,True,True,True,True,True,1.6953424731182751
0.9,0.7,0.25,2.5282635e-05,0.24350000000000002,1.395307692307692e-10,0.0,1.395307692307692e-10,0.98,0.97,True,True,True,0.04211666666666528,0.024999999999997247,0.4765384615384608,0.4765384615384608,True,True,True,True,True,True,1.020193589743584
0.9,0.7,0.3,2.5282635e-05,0.24350000000000002,1.33375e-10,0.0,1.33375e-10,0.98,0.97,True,True,True,0.04211666666666528,0.024999999999997247,0.16875000000000007,0.16875000000000007,True,True,True,True,True,True,0.4046166666666626
0.9,0.7,0.35,2.5282635e-05,0.24350000000000002,1.277394366197183e-10,0.0,1.277394366197183e-10,0.98,0.97,True,True,True,0.04211666666666528,0.024999999999997247,0.11302816901408388,0.11302816901408388,True,True,True,True,True,True,0.2931730046948303
0.9,0.7,0.4,2.5282635e-05,0.24350000000000002,1.225608108108108e-10,0.0,1.225608108108108e-10,0.98,0.97,True,True,True,0.04211666666666528,0.024999999999997247,0.3719594594594601,0.3719594594594601,True,True,True,True,True,True,0.8110355855855826
0.9,0.7,0.45,2.5282635e-05,0.24350000000000002,1.1778571428571427e-10,0.0,1.1778571428571427e-10,0.98,0.97,True,True,True,0.04211666666666528,0.024999999999997247,0.6107142857142862,0.6107142857142862,True,True,True,True,True,True,1.288545238095235
0.9,0.7,0.5,2.5282635e-05,0.24350000000000002,1.1336874999999998e-10,0.0,1.1336874999999998e-10,0.98,0.97,True,True,True,0.04211666666666528,0.024999999999997247,0.8315625000000005,0.8315625000000005,True,True,True,True,True,True,1.7302416666666636
0.9,0.7,0.55,2.5282635e-05,0.24350000000000002,1.0927108433734937e-10,0.0,1.0927108433734937e-10,0.98,0.97,True,True,True,0.04211666666666528,0.024999999999997247,1.0364457831325309,1.0364457831325309,True,True,False,False,True,False,2.1400082329317245
0.9,0.7,0.6,2.5282635e-05,0.24350000000000002,1.0545930232558138e-10,0.0,1.0545930232558138e-10,0.98,0.97,True,True,True,0.04211666666666528,0.024999999999997247,1.2270348837209306,1.2270348837209306,True,True,False,False,True,False,2.5211864341085235
0.9,0.7,0.65,2.5282635e-05,0.24350000000000002,1.0190449438202246e-10,0.0,1.0190449438202246e-10,0.98,0.97,True,True,True,0.04211666666666528,0.024999999999997247,1.4047752808988767,1.4047752808988767,True,True,False,False,True,False,2.8766672284644157
0.9,0.7,0.7,2.5282635e-05,0.24350000000000002,9.858152173913043e-11,0.0,9.858152173913043e-11,0.98,0.97,True,True,True,0.04211666666666528,0.024999999999997247,1.570923913043478,1.570923913043478,True,True,False,False,True,False,3.2089644927536183
0.9,0.8,0.0,2.5282635e-05,0.24350000000000002,1.9205999999999998e-10,0.0,1.9205999999999998e-10,0.98,0.97,True,True,True,0.04211666666666528,0.024999999999997247,3.1029999999999998,3.1029999999999998,True,True,False,False,True,False,6.273116666666662
0.9,0.8,0.05,2.5282635e-05,0.24350000000000002,1.81188679245283e-10,0.0,1.81188679245283e-10,0.98,0.97,True,True,True,0.04211666666666528,0.024999999999997247,2.559433962264151,2.559433962264151,True,True,False,False,True,False,5.1859845911949645
0.9,0.8,0.1,2.5282635e-05,0.24350000000000002,1.7148214285714282e-10,0.0,1.7148214285714282e-10,0.98,0.97,True,True,True,0.04211666666666528,0.024999999999997247,2.074107142857142,2.074107142857142,True,True,False,False,True,False,4.215330952380946
0.9,0.8,0.15,2.5282635e-05,0.24350000000000002,1.6276271186440677e-10,0.0,1.6276271186440677e-10,0.98,0.97,True,True,True,0.04211666666666528,0.024999999999997247,1.6381355932203392,1.6381355932203392,True,True,False,False,True,False,3.343387853107341
0.9,0.8,0.2,2.5282635e-05,0.24350000000000002,1.5488709677419354e-10,0.0,1.5488709677419354e-10,0.98,0.97,True,True,True,0.04211666666666528,0.024999999999997247,1.2443548387096777,1.2443548387096777,True,True,False,False,True,False,2.555826344086018
0.9,0.8,0.25,2.5282635e-05,0.24350000000000002,1.4773846153846153e-10,0.0,1.4773846153846153e-10,0.98,0.97,True,True,True,0.04211666666666528,0.024999999999997247,0.8869230769230768,0.8869230769230768,True,True,True,True,True,True,1.8409628205128161
0.9,0.8,0.3,2.5282635e-05,0.24350000000000002,1.4122058823529412e-10,0.0,1.4122058823529412e-10,0.98,0.97,True,True,True,0.04211666666666528,0.024999999999997247,0.5610294117647064,0.5610294117647064,True,True,True,True,True,True,1.1891754901960754
0.9,0.8,0.35,2.5282635e-05,0.24350000000000002,1.3525352112676055e-10,0.0,1.3525352112676055e-10,0.98,0.97,True,True,True,0.04211666666666528,0.024999999999997247,0.26267605633802804,0.26267605633802804,True,True,True,True,True,True,0.5924687793427186
0.9,0.8,0.4,2.5282635e-05,0.24350000000000002,1.2977027027027025e-10,0.0,1.2977027027027025e-10,0.98,0.97,True,True,True,0.04211666666666528,0.024999999999997247,0.011486486486487077,0.011486486486487077,True,True,True,True,True,True,0.09008963963963668
0.9,0.8,0.45,2.5282635e-05,0.24350000000000002,1.247142857142857e-10,0.0,1.247142857142857e-10,0.98,0.97,True,True,True,0.04211666666666528,0.024999999999997247,0.2642857142857147,0.2642857142857147,True,True,True,True,True,True,0.5956880952380919
0.9,0.8,0.5,2.5282635e-05,0.24350000000000002,1.2003749999999998e-10,0.0,1.2003749999999998e-10,0.98,0.97,True,True,True,0.04211666666666528,0.024999999999997247,0.4981250000000003,0.4981250000000003,True,True,True,True,True,True,1.0633666666666632
0.9,0.8,0.55,2.5282635e-05,0.24350000000000002,1.1569879518072287e-10,0.0,1.1569879518072287e-10,0.98,0.97,True,True,True,0.04211666666666528,0.024999999999997247,0.7150602409638562,0.7150602409638562,True,True,True,True,True,True,1.497237148594375
0.9,0.8,0.6,2.5282635e-05,0.24350000000000002,1.1166279069767441e-10,0.0,1.1166279069767441e-10,0.98,0.97,True,True,True,0.04211666666666528,0.024999999999997247,0.916860465116279,0.916860465116279,True,True,True,True,True,True,1.9008375968992206
0.9,0.8,0.65,2.5282635e-05,0.24350000000000002,1.0789887640449436e-10,0.0,1.0789887640449436e-10,0.98,0.97,True,True,True,0.04211666666666528,0.024999999999997247,1.1050561797752814,1.1050561797752814,True,True,False,False,True,False,2.277229026217225
0.9,0.8,0.7,2.5282635e-05,0.24350000000000002,1.043804347826087e-10,0.0,1.043804347826087e-10,0.98,0.97,True,True,True,0.04211666666666528,0.024999999999997247,1.280978260869565,1.280978260869565,True,True,False,False,True,False,2.6290731884057923
0.9,0.9,0.0,2.5282635e-05,0.24350000000000002,2.0272999999999998e-10,0.0,2.0272999999999998e-10,0.98,0.97,True,True,True,0.04211666666666528,0.024999999999997247,3.6365,3.6365,True,True,False,False,True,False,7.340116666666662
0.9,0.9,0.05,2.5282635e-05,0.24350000000000002,1.9125471698113205e-10,0.0,1.9125471698113205e-10,0.98,0.97,True,True,True,0.04211666666666528,0.024999999999997247,3.0627358490566032,3.0627358490566032,True,True,False,False,True,False,6.192588364779869
0.9,0.9,0.1,2.5282635e-05,0.24350000000000002,1.8100892857142855e-10,0.0,1.8100892857142855e-10,0.98,0.97,True,True,True,0.04211666666666528,0.024999999999997247,2.550446428571428,2.550446428571428,True,True,False,False,True,False,5.168009523809519
0.9,0.9,0.15,2.5282635e-05,0.24350000000000002,1.718050847457627e-10,0.0,1.718050847457627e-10,0.98,0.97,True,True,True,0.04211666666666528,0.024999999999997247,2.0902542372881356,2.0902542372881356,True,True,False,False,True,False,4.247625141242934
0.9,0.9,0.2,2.5282635e-05,0.24350000000000002,1.6349193548387097e-10,0.0,1.6349193548387097e-10,0.98,0.97,True,True,True,0.04211666666666528,0.024999999999997247,1.6745967741935488,1.6745967741935488,True,True,False,False,True,False,3.41631021505376
0.9,0.9,0.25,2.5282635e-05,0.24350000000000002,1.5594615384615382e-10,0.0,1.5594615384615382e-10,0.98,0.97,True,True,True,0.04211666666666528,0.024999999999997247,1.2973076923076916,1.2973076923076916,True,True,False,False,True,False,2.661732051282046
0.9,0.9,0.3,2.5282635e-05,0.24350000000000002,1.4906617647058824e-10,0.0,1.4906617647058824e-10,0.98,0.97,True,True,True,0.04211666666666528,0.024999999999997247,0.9533088235294127,0.9533088235294127,True,True,True,True,True,True,1.973734313725488
0.9,0.9,0.35,2.5282635e-05,0.24350000000000002,1.4276760563380282e-10,0.0,1.4276760563380282e-10,0.98,0.97,True,True,True,0.04211666666666528,0.024999999999997247,0.6383802816901413,0.6383802816901413,True,True,True,True,True,True,1.343877230046945
0.9,0.9,0.4,2.5282635e-05,0.24350000000000002,1.369797297297297e-10,0.0,1.369797297297297e-10,0.98,0.97,True,True,True,0.04211666666666528,0.024999999999997247,0.34898648648648595,0.34898648648648595,True,True,True,True,True,True,0.7650896396396345
0.9,0.9,0.45,2.5282635e-05,0.24350000000000002,1.3164285714285713e-10,0.0,1.3164285714285713e-10,0.98,0.97,True,True,True,0.04211666666666528,0.024999999999997247,0.08214285714285686,0.08214285714285686,True,True,True,True,True,True,0.23140238095237625
0.9,0.9,0.5,2.5282635e-05,0.24350000000000002,1.2670625e-10,0.0,1.2670625e-10,0.98,0.97,True,True,True,0.04211666666666528,0.024999999999997247,0.16468750000000013,0.16468750000000013,True,True,True,True,True,True,0.3964916666666628
0.9,0.9,0.55,2.5282635e-05,0.24350000000000002,1.2212650602409637e-10,0.0,1.2212650602409637e-10,0.98,0.97,True,True,True,0.04211666666666528,0.024999999999997247,0.39367469879518086,0.39367469879518086,True,True,True,True,True,True,0.8544660642570243
0.9,0.9,0.6,2.5282635e-05,0.24350000000000002,1.1786627906976744e-10,0.0,1.1786627906976744e-10,0.98,0.97,True,True,True,0.04211666666666528,0.024999999999997247,0.6066860465116274,0.6066860465116274,True,True,True,True,True,True,1.2804887596899173
0.9,0.9,0.65,2.5282635e-05,0.24350000000000002,1.1389325842696628e-10,0.0,1.1389325842696628e-10,0.98,0.97,True,True,True,0.04211666666666528,0.024999999999997247,0.8053370786516855,0.8053370786516855,True,True,True,True,True,True,1.6777908239700334
0.9,0.9,0.7,2.5282635e-05,0.24350000000000002,1.1017934782608696e-10,0.0,1.1017934782608696e-10,0.98,0.97,True,True,True,0.04211666666666528,0.024999999999997247,0.9910326086956518,0.9910326086956518,True,True,True,True,True,True,2.0491818840579663
0.9,1.0,0.0,2.5282635e-05,0.24350000000000002,2.1339999999999998e-10,0.0,2.1339999999999998e-10,0.98,0.97,True,True,True,0.04211666666666528,0.024999999999997247,4.17,4.17,True,True,False,False,True,False,8.407116666666663
0.9,1.0,0.05,2.5282635e-05,0.24350000000000002,2.013207547169811e-10,0.0,2.013207547169811e-10,0.98,0.97,True,True,True,0.04211666666666528,0.024999999999997247,3.5660377358490556,3.5660377358490556,True,True,False,False,True,False,7.199192138364774
0.9,1.0,0.1,2.5282635e-05,0.24350000000000002,1.9053571428571425e-10,0.0,1.9053571428571425e-10,0.98,0.97,True,True,True,0.04211666666666528,0.024999999999997247,3.026785714285713,3.026785714285713,True,True,False,False,True,False,6.120688095238089
0.9,1.0,0.15,2.5282635e-05,0.24350000000000002,1.8084745762711863e-10,0.0,1.8084745762711863e-10,0.98,0.97,True,True,True,0.04211666666666528,0.024999999999997247,2.542372881355932,2.542372881355932,True,True,False,False,True,False,5.151862429378527
0.9,1.0,0.2,2.5282635e-05,0.24350000000000002,1.7209677419354836e-10,0.0,1.7209677419354836e-10,0.98,0.97,True,True,True,0.04211666666666528,0.024999999999997247,2.1048387096774186,2.1048387096774186,True,True,False,False,True,False,4.2767940860215
0.9,1.0,0.25,2.5282635e-05,0.24350000000000002,1.6415384615384614e-10,0.0,1.6415384615384614e-10,0.98,0.97,True,True,True,0.04211666666666528,0.024999999999997247,1.7076923076923076,1.7076923076923076,True,True,False,False,True,False,3.4825012820512775
0.9,1.0,0.3,2.5282635e-05,0.24350000000000002,1.5691176470588234e-10,0.0,1.5691176470588234e-10,0.98,0.97,True,True,True,0.04211666666666528,0.024999999999997247,1.3455882352941178,1.3455882352941178,True,True,False,False,True,False,2.758293137254898
0.9,1.0,0.35,2.5282635e-05,0.24350000000000002,1.5028169014084505e-10,0.0,1.5028169014084505e-10,0.98,0.97,True,True,True,0.04211666666666528,0.024999999999997247,1.0140845070422533,1.0140845070422533,True,True,False,False,True,False,2.095285680751169
0.9,1.0,0.4,2.5282635e-05,0.24350000000000002,1.4418918918918917e-10,0.0,1.4418918918918917e-10,0.98,0.97,True,True,True,0.04211666666666528,0.024999999999997247,0.709459459459459,0.709459459459459,True,True,True,True,True,True,1.4860355855855805
0.9,1.0,0.45,2.5282635e-05,0.24350000000000002,1.3857142857142856e-10,0.0,1.3857142857142856e-10,0.98,0.97,True,True,True,0.04211666666666528,0.024999999999997247,0.42857142857142844,0.42857142857142844,True,True,True,True,True,True,0.9242595238095195
0.9,1.0,0.5,2.5282635e-05,0.24350000000000002,1.33375e-10,0.0,1.33375e-10,0.98,0.97,True,True,True,0.04211666666666528,0.024999999999997247,0.16875000000000007,0.16875000000000007,True,True,True,True,True,True,0.4046166666666626
0.9,1.0,0.55,2.5282635e-05,0.24350000000000002,1.2855421686746986e-10,0.0,1.2855421686746986e-10,0.98,0.97,True,True,True,0.04211666666666528,0.024999999999997247,0.07228915662650677,0.07228915662650677,True,True,True,True,True,True,0.21169497991967606
0.9,1.0,0.6,2.5282635e-05,0.24350000000000002,1.2406976744186046e-10,0.0,1.2406976744186046e-10,0.98,0.97,True,True,True,0.04211666666666528,0.024999999999997247,0.2965116279069764,0.2965116279069764,True,True,True,True,True,True,0.6601399224806153
0.9,1.0,0.65,2.5282635e-05,0.24350000000000002,1.198876404494382e-10,0.0,1.198876404494382e-10,0.98,0.97,True,True,True,0.04211666666666528,0.024999999999997247,0.5056179775280901,0.5056179775280901,True,True,True,True,True,True,1.0783526217228427
0.9,1.0,0.7,2.5282635e-05,0.24350000000000002,1.1597826086956522e-10,0.0,1.1597826086956522e-10,0.98,0.97,True,True,True,0.04211666666666528,0.024999999999997247,0.7010869565217387,0.7010869565217387,True,True,True,True,True,True,1.4692905797101399
0.9,1.1,0.0,2.5282635e-05,0.24350000000000002,2.2406999999999998e-10,0.0,2.2406999999999998e-10,0.98,0.97,True,True,True,0.04211666666666528,0.024999999999997247,4.7035,4.7035,True,True,False,False,True,False,9.474116666666664
0.9,1.1,0.05,2.5282635e-05,0.24350000000000002,2.1138679245283017e-10,0.0,2.1138679245283017e-10,0.98,0.97,True,True,True,0.04211666666666528,0.024999999999997247,4.069339622641509,4.069339622641509,True,True,False,False,True,False,8.205795911949682
0.9,1.1,0.1,2.5282635e-05,0.24350000000000002,2.0006249999999997e-10,0.0,2.0006249999999997e-10,0.98,0.97,True,True,True,0.04211666666666528,0.024999999999997247,3.5031249999999994,3.5031249999999994,True,True,False,False,True,False,7.0733666666666615
0.9,1.1,0.15,2.5282635e-05,0.24350000000000002,1.8988983050847456e-10,0.0,1.8988983050847456e-10,0.98,0.97,True,True,True,0.04211666666666528,0.024999999999997247,2.9944915254237285,2.9944915254237285,True,True,False,False,True,False,6.05609971751412
0.9,1.1,0.2,2.5282635e-05,0.24350000000000002,1.807016129032258e-10,0.0,1.807016129032258e-10,0.98,0.97,True,True,True,0.04211666666666528,0.024999999999997247,2.53508064516129,2.53508064516129,True,True,False,False,True,False,5.137277956989243
0.9,1.1,0.25,2.5282635e-05,0.24350000000000002,1.7236153846153843e-10,0.0,1.7236153846153843e-10,0.98,0.97,True,True,True,0.04211666666666528,0.024999999999997247,2.1180769230769223,2.1180769230769223,True,True,False,False,True,False,4.303270512820507
0.9,1.1,0.3,2.5282635e-05,0.24350000000000002,1.6475735294117647e-10,0.0,1.6475735294117647e-10,0.98,0.97,True,True,True,0.04211666666666528,0.024999999999997247,1.7378676470588241,1.7378676470588241,True,True,False,False,True,False,3.5428519607843105
0.9,1.1,0.35,2.5282635e-05,0.24350000000000002,1.5779577464788732e-10,0.0,1.5779577464788732e-10,0.98,0.97,True,True,True,0.04211666666666528,0.024999999999997247,1.3897887323943665,1.3897887323943665,True,True,False,False,True,False,2.8466941314553953
0.9,1.1,0.4,2.5282635e-05,0.24350000000000002,1.5139864864864863e-10,0.0,1.5139864864864863e-10,0.98,0.97,True,True,True,0.04211666666666528,0.024999999999997247,1.069932432432432,1.069932432432432,True,True,False,False,True,False,2.206981531531526
0.9,1.1,0.45,2.5282635e-05,0.24350000000000002,1.455e-10,0.0,1.455e-10,0.98,0.97,True,True,True,0.04211666666666528,0.024999999999997247,0.7749999999999999,0.7749999999999999,True,True,True,True,True,True,1.6171166666666623
0.9,1.1,0.5,2.5282635e-05,0.24350000000000002,1.4004374999999997e-10,0.0,1.4004374999999997e-10,0.98,0.97,True,True,True,0.04211666666666528,0.024999999999997247,0.502187499999999,0.502187499999999,True,True,True,True,True,True,1.0714916666666605
0.9,1.1,0.55,2.5282635e-05,0.24350000000000002,1.3498192771084336e-10,0.0,1.3498192771084336e-10,0.98,0.97,True,True,True,0.04211666666666528,0.024999999999997247,0.2490963855421686,0.2490963855421686,True,True,True,True,True,True,0.5653094377509997
0.9,1.1,0.6,2.5282635e-05,0.24350000000000002,1.3027325581395348e-10,0.0,1.3027325581395348e-10,0.98,0.97,True,True,True,0.04211666666666528,0.024999999999997247,0.013662790697674582,0.013662790697674582,True,True,True,True,True,True,0.09444224806201168
0.9,1.1,0.65,2.5282635e-05,0.24350000000000002,1.258820224719101e-10,0.0,1.258820224719101e-10,0.98,0.97,True,True,True,0.04211666666666528,0.024999999999997247,0.2058988764044942,0.2058988764044942,True,True,True,True,True,True,0.47891441947565094
0.9,1.1,0.7,2.5282635e-05,0.24350000000000002,1.2177717391304347e-10,0.0,1.2177717391304347e-10,0.98,0.97,True,True,True,0.04211666666666528,0.024999999999997247,0.4111413043478262,0.4111413043478262,True,True,True,True,True,True,0.889399275362315
0.9,1.2,0.0,2.5282635e-05,0.24350000000000002,2.3474e-10,0.0,2.3474e-10,0.98,0.97,True,True,True,0.04211666666666528,0.024999999999997247,5.237000000000001,5.237000000000001,True,True,False,False,True,False,10.541116666666664
0.9,1.2,0.05,2.5282635e-05,0.24350000000000002,2.2145283018867924e-10,0.0,2.2145283018867924e-10,0.98,0.97,True,True,True,0.04211666666666528,0.024999999999997247,4.5726415094339625,4.5726415094339625,True,True,False,False,True,False,9.212399685534589
0.9,1.2,0.1,2.5282635e-05,0.24350000000000002,2.095892857142857e-10,0.0,2.095892857142857e-10,0.98,0.97,True,True,True,0.04211666666666528,0.024999999999997247,3.9794642857142857,3.9794642857142857,True,True,False,False,True,False,8.026045238095234
0.9,1.2,0.15,2.5282635e-05,0.24350000000000002,1.9893220338983052e-10,0.0,1.9893220338983052e-10,0.98,0.97,True,True,True,0.04211666666666528,0.024999999999997247,3.4466101694915263,3.4466101694915263,True,True,False,False,True,False,6.960337005649715
0.9,1.2,0.2,2.5282635e-05,0.24350000000000002,1.8930645161290324e-10,0.0,1.8930645161290324e-10,0.98,0.97,True,True,True,0.04211666666666528,0.024999999999997247,2.9653225806451626,2.9653225806451626,True,True,False,False,True,False,5.997761827956988
0.9,1.2,0.25,2.5282635e-05,0.24350000000000002,1.8056923076923078e-10,0.0,1.8056923076923078e-10,0.98,0.97,True,True,True,0.04211666666666528,0.024999999999997247,2.5284615384615394,2.5284615384615394,True,True,False,False,True,False,5.124039743589742
0.9,1.2,0.3,2.5282635e-05,0.24350000000000002,1.726029411764706e-10,0.0,1.726029411764706e-10,0.98,0.97,True,True,True,0.04211666666666528,0.024999999999997247,2.1301470588235305,2.1301470588235305,True,True,False,False,True,False,4.327410784313724
0.9,1.2,0.35,2.5282635e-05,0.24350000000000002,1.6530985915492958e-10,0.0,1.6530985915492958e-10,0.98,0.97,True,True,True,0.04211666666666528,0.024999999999997247,1.7654929577464797,1.7654929577464797,True,True,False,False,True,False,3.5981025821596218
0.9,1.2,0.4,2.5282635e-05,0.24350000000000002,1.5860810810810811e-10,0.0,1.5860810810810811e-10,0.98,0.97,True,True,True,0.04211666666666528,0.024999999999997247,1.4304054054054063,1.4304054054054063,True,True,False,False,True,False,2.927927477477475
0.9,1.2,0.45,2.5282635e-05,0.24350000000000002,1.5242857142857142e-10,0.0,1.5242857142857142e-10,0.98,0.97,True,True,True,0.04211666666666528,0.024999999999997247,1.1214285714285714,1.1214285714285714,True,True,False,False,True,False,2.3099738095238056
0.9,1.2,0.5,2.5282635e-05,0.24350000000000002,1.467125e-10,0.0,1.467125e-10,0.98,0.97,True,True,True,0.04211666666666528,0.024999999999997247,0.8356250000000005,0.8356250000000005,True,True,True,True,True,True,1.7383666666666635
0.9,1.2,0.55,2.5282635e-05,0.24350000000000002,1.4140963855421687e-10,0.0,1.4140963855421687e-10,0.98,0.97,True,True,True,0.04211666666666528,0.024999999999997247,0.5704819277108439,0.5704819277108439,True,True,True,True,True,True,1.2080805220883504
0.9,1.2,0.6,2.5282635e-05,0.24350000000000002,1.3647674418604653e-10,0.0,1.3647674418604653e-10,0.98,0.97,True,True,True,0.04211666666666528,0.024999999999997247,0.32383720930232684,0.32383720930232684,True,True,True,True,True,True,0.7147910852713162
0.9,1.2,0.65,2.5282635e-05,0.24350000000000002,1.3187640449438203e-10,0.0,1.3187640449438203e-10,0.98,0.97,True,True,True,0.04211666666666528,0.024999999999997247,0.09382022471910173,0.09382022471910173,True,True,True,True,True,True,0.25475711610486595
0.9,1.2,0.7,2.5282635e-05,0.24350000000000002,1.2757608695652174e-10,0.0,1.2757608695652174e-10,0.98,0.97,True,True,True,0.04211666666666528,0.024999999999997247,0.12119565217391241,0.12119565217391241,True,True,True,True,True,True,0.30950797101448735
0.95,0.0,0.0,2.5276317500000002e-05,0.24355000000000002,1.0834999999999999e-10,0.0,1.0834999999999999e-10,0.99,0.985,True,True,True,0.021058333333338286,0.012499999999998623,1.0825,1.0825,True,True,False,False,True,False,2.198558333333337
0.95,0.0,0.05,2.5276317500000002e-05,0.24355000000000002,1.0221698113207546e-10,0.0,1.0221698113207546e-10,0.99,0.985,True,True,True,0.021058333333338286,0.012499999999998623,1.3891509433962268,1.3891509433962268,True,True,False,False,True,False,2.8118602201257907
0.95,0.0,0.1,2.5276317500000002e-05,0.24355000000000002,9.674107142857141e-11,0.0,9.674107142857141e-11,0.99,0.985,True,True,True,0.021058333333338286,0.012499999999998623,1.662946428571429,1.662946428571429,True,True,False,False,True,False,3.359451190476195
0.95,0.0,0.15,2.5276317500000002e-05,0.24355000000000002,9.182203389830508e-11,0.0,9.182203389830508e-11,0.99,0.985,True,True,True,0.021058333333338286,0.012499999999998623,1.9088983050847457,1.9088983050847457,True,True,False,False,True,False,3.8513549435028285
0.95,0.0,0.2,2.5276317500000002e-05,0.24355000000000002,8.737903225806451e-11,0.0,8.737903225806451e-11,0.99,0.985,True,True,True,0.021058333333338286,0.012499999999998623,2.131048387096774,2.131048387096774,True,True,False,False,True,False,4.295655107526885
0.95,0.0,0.25,2.5276317500000002e-05,0.24355000000000002,8.334615384615383e-11,0.0,8.334615384615383e-11,0.99,0.985,True,True,True,0.021058333333338286,0.012499999999998623,2.332692307692308,2.332692307692308,True,True,False,False,True,False,4.698942948717953
0.95,0.0,0.3,2.5276317500000002e-05,0.24355000000000002,7.966911764705882e-11,0.0,7.966911764705882e-11,0.99,0.985,True,True,True,0.021058333333338286,0.012499999999998623,2.5165441176470584,2.5165441176470584,True,True,False,False,True,False,5.066646568627453
0.95,0.0,0.35,2.5276317500000002e-05,0.24355000000000002,7.630281690140845e-11,0.0,7.630281690140845e-11,0.99,0.985,True,True,True,0.021058333333338286,0.012499999999998623,2.6848591549295775,2.6848591549295775,True,True,False,False,True,False,5.403276643192491
0.95,0.0,0.4,2.5276317500000002e-05,0.24355000000000002,7.320945945945945e-11,0.0,7.320945945945945e-11,0.99,0.985,True,True,True,0.021058333333338286,0.012499999999998623,2.839527027027027,2.839527027027027,True,True,False,False,True,False,5.7126123873873915
0.95,0.0,0.45,2.5276317500000002e-05,0.24355000000000002,7.035714285714285e-11,0.0,7.035714285714285e-11,0.99,0.985,True,True,True,0.021058333333338286,0.012499999999998623,2.982142857142857,2.982142857142857,True,True,False,False,True,False,5.997844047619051
0.95,0.0,0.5,2.5276317500000002e-05,0.24355000000000002,6.771874999999999e-11,0.0,6.771874999999999e-11,0.99,0.985,True,True,True,0.021058333333338286,0.012499999999998623,3.1140625,3.1140625,True,True,False,False,True,False,6.2616833333333375
0.95,0.0,0.55,2.5276317500000002e-05,0.24355000000000002,6.527108433734938e-11,0.0,6.527108433734938e-11,0.99,0.985,True,True,True,0.021058333333338286,0.012499999999998623,3.2364457831325306,3.2364457831325306,True,True,False,False,True,False,6.5064498995983975
0.95,0.0,0.6,2.5276317500000002e-05,0.24355000000000002,6.299418604651162e-11,0.0,6.299418604651162e-11,0.99,0.985,True,True,True,0.021058333333338286,0.012499999999998623,3.3502906976744184,3.3502906976744184,True,True,False,False,True,False,6.734139728682173
0.95,0.0,0.65,2.5276317500000002e-05,0.24355000000000002,6.087078651685393e-11,0.0,6.087078651685393e-11,0.99,0.985,True,True,True,0.021058333333338286,0.012499999999998623,3.4564606741573036,3.4564606741573036,True,True,False,False,True,False,6.9464796816479435
0.95,0.0,0.7,2.5276317500000002e-05,0.24355000000000002,5.888586956521739e-11,0.0,5.888586956521739e-11,0.99,0.985,True,True,True,0.021058333333338286,0.012499999999998623,3.5557065217391304,3.5557065217391304,True,True,False,False,True,False,7.144971376811597
0.95,0.1,0.0,2.5276317500000002e-05,0.24355000000000002,1.19185e-10,0.0,1.19185e-10,0.99,0.985,True,True,True,0.021058333333338286,0.012499999999998623,0.540749999999999,0.540749999999999,True,True,True,True,True,True,1.1150583333333348
0.95,0.1,0.05,2.5276317500000002e-05,0.24355000000000002,1.1243867924528302e-10,0.0,1.1243867924528302e-10,0.99,0.985,True,True,True,0.021058333333338286,0.012499999999998623,0.8780660377358485,0.8780660377358485,True,True,True,True,True,True,1.7896904088050338
0.95,0.1,0.1,2.5276317500000002e-05,0.24355000000000002,1.0641517857142857e-10,0.0,1.0641517857142857e-10,0.99,0.985,True,True,True,0.021058333333338286,0.012499999999998623,1.179241071428571,1.179241071428571,True,True,False,False,True,False,2.3920404761904788
0.95,0.1,0.15,2.5276317500000002e-05,0.24355000000000002,1.0100423728813561e-10,0.0,1.0100423728813561e-10,0.99,0.985,True,True,True,0.021058333333338286,0.012499999999998623,1.4497881355932194,1.4497881355932194,True,True,False,False,True,False,2.9331346045197755
0.95,0.1,0.2,2.5276317500000002e-05,0.24355000000000002,9.611693548387098e-11,0.0,9.611693548387098e-11,0.99,0.985,True,True,True,0.021058333333338286,0.012499999999998623,1.6941532258064507,1.6941532258064507,True,True,False,False,True,False,3.421864784946238
0.95,0.1,0.25,2.5276317500000002e-05,0.24355000000000002,9.168076923076924e-11,0.0,9.168076923076924e-11,0.99,0.985,True,True,True,0.021058333333338286,0.012499999999998623,1.9159615384615378,1.9159615384615378,True,True,False,False,True,False,3.865481410256413
0.95,0.1,0.3,2.5276317500000002e-05,0.24355000000000002,8.763602941176473e-11,0.0,8.763602941176473e-11,0.99,0.985,True,True,True,0.021058333333338286,0.012499999999998623,2.1181985294117633,2.1181985294117633,True,True,False,False,True,False,4.269955392156863
0.95,0.1,0.35,2.5276317500000002e-05,0.24355000000000002,8.39330985915493e-11,0.0,8.39330985915493e-11,0.99,0.985,True,True,True,0.021058333333338286,0.012499999999998623,2.3033450704225347,2.3033450704225347,True,True,False,False,True,False,4.6402484741784065
0.95,0.1,0.4,2.5276317500000002e-05,0.24355000000000002,8.053040540540542e-11,0.0,8.053040540540542e-11,0.99,0.985,True,True,True,0.021058333333338286,0.012499999999998623,2.473479729729729,2.473479729729729,True,True,False,False,True,False,4.980517792792794
0.95,0.1,0.45,2.5276317500000002e-05,0.24355000000000002,7.739285714285715e-11,0.0,7.739285714285715e-11,0.99,0.985,True,True,True,0.021058333333338286,0.012499999999998623,2.630357142857142,2.630357142857142,True,True,False,False,True,False,5.2942726190476215
0.95,0.1,0.5,2.5276317500000002e-05,0.24355000000000002,7.4490625e-11,0.0,7.4490625e-11,0.99,0.985,True,True,True,0.021058333333338286,0.012499999999998623,2.77546875,2.77546875,True,True,False,False,True,False,5.584495833333337
0.95,0.1,0.55,2.5276317500000002e-05,0.24355000000000002,7.179819277108434e-11,0.0,7.179819277108434e-11,0.99,0.985,True,True,True,0.021058333333338286,0.012499999999998623,2.9100903614457825,2.9100903614457825,True,True,False,False,True,False,5.853739056224901
0.95,0.1,0.6,2.5276317500000002e-05,0.24355000000000002,6.92936046511628e-11,0.0,6.92936046511628e-11,0.99,0.985,True,True,True,0.021058333333338286,0.012499999999998623,3.03531976744186,3.03531976744186,True,True,False,False,True,False,6.104197868217057
0.95,0.1,0.65,2.5276317500000002e-05,0.24355000000000002,6.695786516853934e-11,0.0,6.695786516853934e-11,0.99,0.985,True,True,True,0.021058333333338286,0.012499999999998623,3.1521067415730326,3.1521067415730326,True,True,False,False,True,False,6.3377718164794015
0.95,0.1,0.7,2.5276317500000002e-05,0.24355000000000002,6.477445652173914e-11,0.0,6.477445652173914e-11,0.99,0.985,True,True,True,0.021058333333338286,0.012499999999998623,3.2612771739130424,3.2612771739130424,True,True,False,False,True,False,6.556112681159421
0.95,0.2,0.0,2.5276317500000002e-05,0.24355000000000002,1.3001999999999998e-10,0.0,1.3001999999999998e-10,0.99,0.985,True,True,True,0.021058333333338286,0.012499999999998623,0.0009999999999995312,0.0009999999999995312,True,True,True,True,True,True,0.03555833333333597
0.95,0.2,0.05,2.5276317500000002e-05,0.24355000000000002,1.2266037735849054e-10,0.0,1.2266037735849054e-10,0.99,0.985,True,True,True,0.021058333333338286,0.012499999999998623,0.3669811320754727,0.3669811320754727,True,True,True,True,True,True,0.7675205974842824
0.95,0.2,0.1,2.5276317500000002e-05,0.24355000000000002,1.1608928571428569e-10,0.0,1.1608928571428569e-10,0.99,0.985,True,True,True,0.021058333333338286,0.012499999999998623,0.6955357142857151,0.6955357142857151,True,True,True,True,True,True,1.4246297619047672
0.95,0.2,0.15,2.5276317500000002e-05,0.24355000000000002,1.1018644067796609e-10,0.0,1.1018644067796609e-10,0.99,0.985,True,True,True,0.021058333333338286,0.012499999999998623,0.9906779661016949,0.9906779661016949,True,True,True,True,True,True,2.014914265536727
0.95,0.2,0.2,2.5276317500000002e-05,0.24355000000000002,1.048548387096774e-10,0.0,1.048548387096774e-10,0.99,0.985,True,True,True,0.021058333333338286,0.012499999999998623,1.2572580645161295,1.2572580645161295,True,True,False,False,True,False,2.548074462365596
0.95,0.2,0.25,2.5276317500000002e-05,0.24355000000000002,1.000153846153846e-10,0.0,1.000153846153846e-10,0.99,0.985,True,True,True,0.021058333333338286,0.012499999999998623,1.4992307692307696,1.4992307692307696,True,True,False,False,True,False,3.0320198717948763
0.95,0.2,0.3,2.5276317500000002e-05,0.24355000000000002,9.560294117647058e-11,0.0,9.560294117647058e-11,0.99,0.985,True,True,True,0.021058333333338286,0.012499999999998623,1.7198529411764707,1.7198529411764707,True,True,False,False,True,False,3.473264215686278
0.95,0.2,0.35,2.5276317500000002e-05,0.24355000000000002,9.156338028169013e-11,0.0,9.156338028169013e-11,0.99,0.985,True,True,True,0.021058333333338286,0.012499999999998623,1.921830985915493,1.921830985915493,True,True,False,False,True,False,3.8772203051643226
0.95,0.2,0.4,2.5276317500000002e-05,0.24355000000000002,8.785135135135133e-11,0.0,8.785135135135133e-11,0.99,0.985,True,True,True,0.021058333333338286,0.012499999999998623,2.107432432432433,2.107432432432433,True,True,False,False,True,False,4.2484231981982035
0.95,0.2,0.45,2.5276317500000002e-05,0.24355000000000002,8.442857142857141e-11,0.0,8.442857142857141e-11,0.99,0.985,True,True,True,0.021058333333338286,0.012499999999998623,2.2785714285714294,2.2785714285714294,True,True,False,False,True,False,4.590701190476196
0.95,0.2,0.5,2.5276317500000002e-05,0.24355000000000002,8.126249999999998e-11,0.0,8.126249999999998e-11,0.99,0.985,True,True,True,0.021058333333338286,0.012499999999998623,2.4368750000000006,2.4368750000000006,True,True,False,False,True,False,4.907308333333338
0.95,0.2,0.55,2.5276317500000002e-05,0.24355000000000002,7.832530120481926e-11,0.0,7.832530120481926e-11,0.99,0.985,True,True,True,0.021058333333338286,0.012499999999998623,2.5837349397590366,2.5837349397590366,True,True,False,False,True,False,5.20102821285141
0.95,0.2,0.6,2.5276317500000002e-05,0.24355000000000002,7.559302325581394e-11,0.0,7.559302325581394e-11,0.99,0.985,True,True,True,0.021058333333338286,0.012499999999998623,2.7203488372093028,2.7203488372093028,True,True,False,False,True,False,5.474256007751942
0.95,0.2,0.65,2.5276317500000002e-05,0.24355000000000002,7.304494382022471e-11,0.0,7.304494382022471e-11,0.99,0.985,True,True,True,0.021058333333338286,0.012499999999998623,2.8477528089887643,2.8477528089887643,True,True,False,False,True,False,5.729063951310865
0.95,0.2,0.7,2.5276317500000002e-05,0.24355000000000002,7.066304347826086e-11,0.0,7.066304347826086e-11,0.99,0.985,True,True,True,0.021058333333338286,0.012499999999998623,2.9668478260869566,2.9668478260869566,True,True,False,False,True,False,5.96725398550725
0.95,0.3,0.0,2.5276317500000002e-05,0.24355000000000002,1.40855e-10,0.0,1.40855e-10,0.99,0.985,True,True,True,0.021058333333338286,0.012499999999998623,0.5427500000000005,0.5427500000000005,True,True,True,True,True,True,1.119058333333338
0.95,0.3,0.05,2.5276317500000002e-05,0.24355000000000002,1.3288207547169812e-10,0.0,1.3288207547169812e-10,0.99,0.985,True,True,True,0.021058333333338286,0.012499999999998623,0.14410377358490628,0.14410377358490628,True,True,True,True,True,True,0.32176588050314947
0.95,0.3,0.1,2.5276317500000002e-05,0.24355000000000002,1.2576339285714286e-10,0.0,1.2576339285714286e-10,0.99,0.985,True,True,True,0.021058333333338286,0.012499999999998623,0.21183035714285658,0.21183035714285658,True,True,True,True,True,True,0.4572190476190501
0.95,0.3,0.15,2.5276317500000002e-05,0.24355000000000002,1.1936864406779662e-10,0.0,1.1936864406779662e-10,0.99,0.985,True,True,True,0.021058333333338286,0.012499999999998623,0.5315677966101686,0.5315677966101686,True,True,True,True,True,True,1.0966939265536741
0.95,0.3,0.2,2.5276317500000002e-05,0.24355000000000002,1.1359274193548388e-10,0.0,1.1359274193548388e-10,0.99,0.985,True,True,True,0.021058333333338286,0.012499999999998623,0.8203629032258056,0.8203629032258056,True,True,True,True,True,True,1.6742841397849482
0.95,0.3,0.25,2.5276317500000002e-05,0.24355000000000002,1.0834999999999999e-10,0.0,1.0834999999999999e-10,0.99,0.985,True,True,True,0.021058333333338286,0.012499999999998623,1.0825,1.0825,True,True,False,False,True,False,2.198558333333337
0.95,0.3,0.3,2.5276317500000002e-05,0.24355000000000002,1.0356985294117648e-10,0.0,1.0356985294117648e-10,0.99,0.985,True,True,True,0.021058333333338286,0.012499999999998623,1.3215073529411756,1.3215073529411756,True,True,False,False,True,False,2.676573039215688
0.95,0.3,0.35,2.5276317500000002e-05,0.24355000000000002,9.919366197183099e-11,0.0,9.919366197183099e-11,0.99,0.985,True,True,True,0.021058333333338286,0.012499999999998623,1.5403169014084503,1.5403169014084503,True,True,False,False,True,False,3.114192136150238
0.95,0.3,0.4,2.5276317500000002e-05,0.24355000000000002,9.51722972972973e-11,0.0,9.51722972972973e-11,0.99,0.985,True,True,True,0.021058333333338286,0.012499999999998623,1.7413851351351346,1.7413851351351346,True,True,False,False,True,False,3.516328603603606
0.95,0.3,0.45,2.5276317500000002e-05,0.24355000000000002,9.146428571428571e-11,0.0,9.146428571428571e-11,0.99,0.985,True,True,True,0.021058333333338286,0.012499999999998623,1.926785714285714,1.926785714285714,True,True,False,False,True,False,3.887129761904765
0.95,0.3,0.5,2.5276317500000002e-05,0.24355000000000002,8.803437499999999e-11,0.0,8.803437499999999e-11,0.99,0.985,True,True,True,0.021058333333338286,0.012499999999998623,2.0982812500000003,2.0982812500000003,True,True,False,False,True,False,4.230120833333338
0.95,0.3,0.55,2.5276317500000002e-05,0.24355000000000002,8.485240963855421e-11,0.0,8.485240963855421e-11,0.99,0.985,True,True,True,0.021058333333338286,0.012499999999998623,2.2573795180722893,2.2573795180722893,True,True,False,False,True,False,4.548317369477916
0.95,0.3,0.6,2.5276317500000002e-05,0.24355000000000002,8.189244186046511e-11,0.0,8.189244186046511e-11,0.99,0.985,True,True,True,0.021058333333338286,0.012499999999998623,2.405377906976744,2.405377906976744,True,True,False,False,True,False,4.844314147286825
0.95,0.3,0.65,2.5276317500000002e-05,0.24355000000000002,7.913202247191011e-11,0.0,7.913202247191011e-11,0.99,0.985,True,True,True,0.021058333333338286,0.012499999999998623,2.543398876404494,2.543398876404494,True,True,False,False,True,False,5.1203560861423245
0.95,0.3,0.7,2.5276317500000002e-05,0.24355000000000002,7.655163043478262e-11,0.0,7.655163043478262e-11,0.99,0.985,True,True,True,0.021058333333338286,0.012499999999998623,2.672418478260869,2.672418478260869,True,True,False,False,True,False,5.378395289855074
0.95,0.4,0.0,2.5276317500000002e-05,0.24355000000000002,1.5168999999999997e-10,0.0,1.5168999999999997e-10,0.99,0.985,True,True,True,0.021058333333338286,0.012499999999998623,1.084499999999999,1.084499999999999,True,True,False,False,True,False,2.202558333333335
0.95,0.4,0.05,2.5276317500000002e-05,0.24355000000000002,1.4310377358490562e-10,0.0,1.4310377358490562e-10,0.99,0.985,True,True,True,0.021058333333338286,0.012499999999998623,0.6551886792452813,0.6551886792452813,True,True,True,True,True,True,1.3439356918238996
0.95,0.4,0.1,2.5276317500000002e-05,0.24355000000000002,1.3543749999999995e-10,0.0,1.3543749999999995e-10,0.99,0.985,True,True,True,0.021058333333338286,0.012499999999998623,0.2718749999999981,0.2718749999999981,True,True,True,True,True,True,0.5773083333333331
0.95,0.4,0.15,2.5276317500000002e-05,0.24355000000000002,1.285508474576271e-10,0.0,1.285508474576271e-10,0.99,0.985,True,True,True,0.021058333333338286,0.012499999999998623,0.07245762711864498,0.07245762711864498,True,True,True,True,True,True,0.17847358757062687
0.95,0.4,0.2,2.5276317500000002e-05,0.24355000000000002,1.223306451612903e-10,0.0,1.223306451612903e-10,0.99,0.985,True,True,True,0.021058333333338286,0.012499999999998623,0.3834677419354844,0.3834677419354844,True,True,True,True,True,True,0.8004938172043057
0.95,0.4,0.25,2.5276317500000002e-05,0.24355000000000002,1.1668461538461535e-10,0.0,1.1668461538461535e-10,0.99,0.985,True,True,True,0.021058333333338286,0.012499999999998623,0.6657692307692323,0.6657692307692323,True,True,True,True,True,True,1.3650967948718016
0.95,0.4,0.3,2.5276317500000002e-05,0.24355000000000002,1.1153676470588235e-10,0.0,1.1153676470588235e-10,0.99,0.985,True,True,True,0.021058333333338286,0.012499999999998623,0.9231617647058823,0.9231617647058823,True,True,True,True,True,True,1.8798818627451015
0.95,0.4,0.35,2.5276317500000002e-05,0.24355000000000002,1.0682394366197182e-10,0.0,1.0682394366197182e-10,0.99,0.985,True,True,True,0.021058333333338286,0.012499999999998623,1.1588028169014088,1.1588028169014088,True,True,False,False,True,False,2.351163967136155
0.95,0.4,0.4,2.5276317500000002e-05,0.24355000000000002,1.0249324324324323e-10,0.0,1.0249324324324323e-10,0.99,0.985,True,True,True,0.021058333333338286,0.012499999999998623,1.375337837837838,1.375337837837838,True,True,False,False,True,False,2.7842340090090127
0.95,0.4,0.45,2.5276317500000002e-05,0.24355000000000002,9.849999999999998e-11,0.0,9.849999999999998e-11,0.99,0.985,True,True,True,0.021058333333338286,0.012499999999998623,1.5750000000000004,1.5750000000000004,True,True,False,False,True,False,3.1835583333333375
0.95,0.4,0.5,2.5276317500000002e-05,0.24355000000000002,9.480624999999997e-11,0.0,9.480624999999997e-11,0.99,0.985,True,True,True,0.021058333333338286,0.012499999999998623,1.759687500000001,1.759687500000001,True,True,False,False,True,False,3.552933333333339
0.95,0.4,0.55,2.5276317500000002e-05,0.24355000000000002,9.137951807228913e-11,0.0,9.137951807228913e-11,0.99,0.985,True,True,True,0.021058333333338286,0.012499999999998623,1.9310240963855432,1.9310240963855432,True,True,False,False,True,False,3.895606526104423
0.95,0.4,0.6,2.5276317500000002e-05,0.24355000000000002,8.819186046511626e-11,0.0,8.819186046511626e-11,0.99,0.985,True,True,True,0.021058333333338286,0.012499999999998623,2.0904069767441866,2.0904069767441866,True,True,False,False,True,False,4.21437228682171
0.95,0.4,0.65,2.5276317500000002e-05,0.24355000000000002,8.521910112359549e-11,0.0,8.521910112359549e-11,0.99,0.985,True,True,True,0.021058333333338286,0.012499999999998623,2.2390449438202253,2.2390449438202253,True,True,False,False,True,False,4.511648220973788
0.95,0.4,0.7,2.5276317500000002e-05,0.24355000000000002,8.244021739130433e-11,0.0,8.244021739130433e-11,0.99,0.985,True,True,True,0.021058333333338286,0.012499999999998623,2.377989130434783,2.377989130434783,True,True,False,False,True,False,4.789536594202902
0.95,0.5,0.0,2.5276317500000002e-05,0.24355000000000002,1.62525e-10,0.0,1.62525e-10,0.99,0.985,True,True,True,0.021058333333338286,0.012499999999998623,1.62625,1.62625,True,True,False,False,True,False,3.2860583333333366
0.95,0.5,0.05,2.5276317500000002e-05,0.24355000000000002,1.533254716981132e-10,0.0,1.533254716981132e-10,0.99,0.985,True,True,True,0.021058333333338286,0.012499999999998623,1.1662735849056605,1.1662735849056605,True,True,False,False,True,False,2.3661055031446576
0.95,0.5,0.1,2.5276317500000002e-05,0.24355000000000002,1.4511160714285712e-10,0.0,1.4511160714285712e-10,0.99,0.985,True,True,True,0.021058333333338286,0.012499999999998623,0.7555803571428567,0.7555803571428567,True,True,True,True,True,True,1.5447190476190502
0.95,0.5,0.15,2.5276317500000002e-05,0.24355000000000002,1.3773305084745762e-10,0.0,1.3773305084745762e-10,0.99,0.985,True,True,True,0.021058333333338286,0.012499999999998623,0.38665254237288127,0.38665254237288127,True,True,True,True,True,True,0.8068634180790994
0.95,0.5,0.2,2.5276317500000002e-05,0.24355000000000002,1.3106854838709678e-10,0.0,1.3106854838709678e-10,0.99,0.985,True,True,True,0.021058333333338286,0.012499999999998623,0.053427419354839426,0.053427419354839426,True,True,True,True,True,True,0.14041317204301576
0.95,0.5,0.25,2.5276317500000002e-05,0.24355000000000002,1.2501923076923075e-10,0.0,1.2501923076923075e-10,0.99,0.985,True,True,True,0.021058333333338286,0.012499999999998623,0.2490384615384621,0.2490384615384621,True,True,True,True,True,True,0.5316352564102611
0.95,0.5,0.3,2.5276317500000002e-05,0.24355000000000002,1.1950367647058825e-10,0.0,1.1950367647058825e-10,0.99,0.985,True,True,True,0.021058333333338286,0.012499999999998623,0.5248161764705871,0.5248161764705871,True,True,True,True,True,True,1.083190686274511
0.95,0.5,0.35,2.5276317500000002e-05,0.24355000000000002,1.1445422535211267e-10,0.0,1.1445422535211267e-10,0.99,0.985,True,True,True,0.021058333333338286,0.012499999999998623,0.777288732394366,0.777288732394366,True,True,True,True,True,True,1.588135798122069
0.95,0.5,0.4,2.5276317500000002e-05,0.24355000000000002,1.0981418918918918e-10,0.0,1.0981418918918918e-10,0.99,0.985,True,True,True,0.021058333333338286,0.012499999999998623,1.0092905405405403,1.0092905405405403,True,True,False,False,True,False,2.052139414414418
0.95,0.5,0.45,2.5276317500000002e-05,0.24355000000000002,1.0553571428571427e-10,0.0,1.0553571428571427e-10,0.99,0.985,True,True,True,0.021058333333338286,0.012499999999998623,1.223214285714286,1.223214285714286,True,True,False,False,True,False,2.479986904761909
0.95,0.5,0.5,2.5276317500000002e-05,0.24355000000000002,1.0157812499999998e-10,0.0,1.0157812499999998e-10,0.99,0.985,True,True,True,0.021058333333338286,0.012499999999998623,1.4210937500000005,1.4210937500000005,True,True,False,False,True,False,2.8757458333333377
0.95,0.5,0.55,2.5276317500000002e-05,0.24355000000000002,9.790662650602409e-11,0.0,9.790662650602409e-11,0.99,0.985,True,True,True,0.021058333333338286,0.012499999999998623,1.6046686746987953,1.6046686746987953,True,True,False,False,True,False,3.2428956827309277
0.95,0.5,0.6,2.5276317500000002e-05,0.24355000000000002,9.449127906976743e-11,0.0,9.449127906976743e-11,0.99,0.985,True,True,True,0.021058333333338286,0.012499999999998623,1.775436046511628,1.775436046511628,True,True,False,False,True,False,3.584430426356593
0.95,0.5,0.65,2.5276317500000002e-05,0.24355000000000002,9.130617977528089e-11,0.0,9.130617977528089e-11,0.99,0.985,True,True,True,0.021058333333338286,0.012499999999998623,1.9346910112359552,1.9346910112359552,True,True,False,False,True,False,3.9029403558052476
0.95,0.5,0.7,2.5276317500000002e-05,0.24355000000000002,8.832880434782609e-11,0.0,8.832880434782609e-11,0.99,0.985,True,True,True,0.021058333333338286,0.012499999999998623,2.0835597826086953,2.0835597826086953,True,True,False,False,True,False,4.200677898550728
0.95,0.6,0.0,2.5276317500000002e-05,0.24355000000000002,1.7336e-10,0.0,1.7336e-10,0.99,0.985,True,True,True,0.021058333333338286,0.012499999999998623,2.168000000000001,2.168000000000001,True,True,False,False,True,False,4.369558333333339
0.95,0.6,0.05,2.5276317500000002e-05,0.24355000000000002,1.6354716981132075e-10,0.0,1.6354716981132075e-10,0.99,0.985,True,True,True,0.021058333333338286,0.012499999999998623,1.6773584905660381,1.6773584905660381,True,True,False,False,True,False,3.388275314465413
0.95,0.6,0.1,2.5276317500000002e-05,0.24355000000000002,1.5478571428571427e-10,0.0,1.5478571428571427e-10,0.99,0.985,True,True,True,0.021058333333338286,0.012499999999998623,1.2392857142857139,1.2392857142857139,True,True,False,False,True,False,2.512129761904765
0.95,0.6,0.15,2.5276317500000002e-05,0.24355000000000002,1.4691525423728814e-10,0.0,1.4691525423728814e-10,0.99,0.985,True,True,True,0.021058333333338286,0.012499999999998623,0.8457627118644075,0.8457627118644075,True,True,True,True,True,True,1.725083757062152
0.95,0.6,0.2,2.5276317500000002e-05,0.24355000000000002,1.3980645161290323e-10,0.0,1.3980645161290323e-10,0.99,0.985,True,True,True,0.021058333333338286,0.012499999999998623,0.490322580645162,0.490322580645162,True,True,True,True,True,True,1.0142034946236609
0.95,0.6,0.25,2.5276317500000002e-05,0.24355000000000002,1.3335384615384615e-10,0.0,1.3335384615384615e-10,0.99,0.985,True,True,True,0.021058333333338286,0.012499999999998623,0.16769230769230814,0.16769230769230814,True,True,True,True,True,True,0.3689429487179532
0.95,0.6,0.3,2.5276317500000002e-05,0.24355000000000002,1.2747058823529414e-10,0.0,1.2747058823529414e-10,0.99,0.985,True,True,True,0.021058333333338286,0.012499999999998623,0.12647058823529256,0.12647058823529256,True,True,True,True,True,True,0.286499509803922
0.95,0.6,0.35,2.5276317500000002e-05,0.24355000000000002,1.2208450704225353e-10,0.0,1.2208450704225353e-10,0.99,0.985,True,True,True,0.021058333333338286,0.012499999999998623,0.3957746478873232,0.3957746478873232,True,True,True,True,True,True,0.8251076291079833
0.95,0.6,0.4,2.5276317500000002e-05,0.24355000000000002,1.1713513513513514e-10,0.0,1.1713513513513514e-10,0.99,0.985,True,True,True,0.021058333333338286,0.012499999999998623,0.6432432432432427,0.6432432432432427,True,True,True,True,True,True,1.3200448198198222
0.95,0.6,0.45,2.5276317500000002e-05,0.24355000000000002,1.1257142857142857e-10,0.0,1.1257142857142857e-10,0.99,0.985,True,True,True,0.021058333333338286,0.012499999999998623,0.8714285714285711,0.8714285714285711,True,True,True,True,True,True,1.7764154761904791
0.95,0.6,0.5,2.5276317500000002e-05,0.24355000000000002,1.0835e-10,0.0,1.0835e-10,0.99,0.985,True,True,True,0.021058333333338286,0.012499999999998623,1.0824999999999994,1.0824999999999994,True,True,False,False,True,False,2.1985583333333354
0.95,0.6,0.55,2.5276317500000002e-05,0.24355000000000002,1.0443373493975903e-10,0.0,1.0443373493975903e-10,0.99,0.985,True,True,True,0.021058333333338286,0.012499999999998623,1.278313253012048,1.278313253012048,True,True,False,False,True,False,2.590184839357433
0.95,0.6,0.6,2.5276317500000002e-05,0.24355000000000002,1.0079069767441861e-10,0.0,1.0079069767441861e-10,0.99,0.985,True,True,True,0.021058333333338286,0.012499999999998623,1.4604651162790694,1.4604651162790694,True,True,False,False,True,False,2.9544885658914755
0.95,0.6,0.65,2.5276317500000002e-05,0.24355000000000002,9.73932584269663e-11,0.0,9.73932584269663e-11,0.99,0.985,True,True,True,0.021058333333338286,0.012499999999998623,1.6303370786516846,1.6303370786516846,True,True,False,False,True,False,3.2942324906367064
0.95,0.6,0.7,2.5276317500000002e-05,0.24355000000000002,9.421739130434784e-11,0.0,9.421739130434784e-11,0.99,0.985,True,True,True,0.021058333333338286,0.012499999999998623,1.7891304347826074,1.7891304347826074,True,True,False,False,True,False,3.611819202898552
0.95,0.7,0.0,2.5276317500000002e-05,0.24355000000000002,1.8419499999999998e-10,0.0,1.8419499999999998e-10,0.99,0.985,True,True,True,0.021058333333338286,0.012499999999998623,2.7097499999999997,2.7097499999999997,True,True,False,False,True,False,5.4530583333333364
0.95,0.7,0.05,2.5276317500000002e-05,0.24355000000000002,1.7376886792452828e-10,0.0,1.7376886792452828e-10,0.99,0.985,True,True,True,0.021058333333338286,0.012499999999998623,2.1884433962264143,2.1884433962264143,True,True,False,False,True,False,4.410445125786165
0.95,0.7,0.1,2.5276317500000002e-05,0.24355000000000002,1.644598214285714e-10,0.0,1.644598214285714e-10,0.99,0.985,True,True,True,0.021058333333338286,0.012499999999998623,1.7229910714285699,1.7229910714285699,True,True,False,False,True,False,3.4795404761904765
0.95,0.7,0.15,2.5276317500000002e-05,0.24355000000000002,1.5609745762711864e-10,0.0,1.5609745762711864e-10,0.99,0.985,True,True,True,0.021058333333338286,0.012499999999998623,1.3048728813559325,1.3048728813559325,True,True,False,False,True,False,2.6433040960452017
0.95,0.7,0.2,2.5276317500000002e-05,0.24355000000000002,1.4854435483870965e-10,0.0,1.4854435483870965e-10,0.99,0.985,True,True,True,0.021058333333338286,0.012499999999998623,0.9272177419354832,0.9272177419354832,True,True,True,True,True,True,1.8879938172043034
0.95,0.7,0.25,2.5276317500000002e-05,0.24355000000000002,1.416884615384615e-10,0.0,1.416884615384615e-10,0.99,0.985,True,True,True,0.021058333333338286,0.012499999999998623,0.5844230769230758,0.5844230769230758,True,True,True,True,True,True,1.2024044871794886
0.95,0.7,0.3,2.5276317500000002e-05,0.24355000000000002,1.354375e-10,0.0,1.354375e-10,0.99,0.985,True,True,True,0.021058333333338286,0.012499999999998623,0.2718750000000007,0.2718750000000007,True,True,True,True,True,True,0.5773083333333383
0.95,0.7,0.35,2.5276317500000002e-05,0.24355000000000002,1.2971478873239436e-10,0.0,1.2971478873239436e-10,0.99,0.985,True,True,True,0.021058333333338286,0.012499999999998623,0.014260563380281715,0.014260563380281715,True,True,True,True,True,True,0.062079460093900335
0.95,0.7,0.4,2.5276317500000002e-05,0.24355000000000002,1.2445608108108108e-10,0.0,1.2445608108108108e-10,0.99,0.985,True,True,True,0.021058333333338286,0.012499999999998623,0.2771959459459456,0.2771959459459456,True,True,True,True,True,True,0.5879502252252281
0.95,0.7,0.45,2.5276317500000002e-05,0.24355000000000002,1.1960714285714283e-10,0.0,1.1960714285714283e-10,0.99,0.985,True,True,True,0.021058333333338286,0.012499999999998623,0.519642857142858,0.519642857142858,True,True,True,True,True,True,1.0728440476190528
0.95,0.7,0.5,2.5276317500000002e-05,0.24355000000000002,1.1512187499999998e-10,0.0,1.1512187499999998e-10,0.99,0.985,True,True,True,0.021058333333338286,0.012499999999998623,0.7439062500000008,0.7439062500000008,True,True,True,True,True,True,1.5213708333333384
0.95,0.7,0.55,2.5276317500000002e-05,0.24355000000000002,1.1096084337349395e-10,0.0,1.1096084337349395e-10,0.99,0.985,True,True,True,0.021058333333338286,0.012499999999998623,0.9519578313253019,0.9519578313253019,True,True,True,True,True,True,1.9374739959839407
0.95,0.7,0.6,2.5276317500000002e-05,0.24355000000000002,1.0709011627906975e-10,0.0,1.0709011627906975e-10,0.99,0.985,True,True,True,0.021058333333338286,0.012499999999998623,1.145494186046512,1.145494186046512,True,True,False,False,True,False,2.3245467054263607
0.95,0.7,0.65,2.5276317500000002e-05,0.24355000000000002,1.0348033707865168e-10,0.0,1.0348033707865168e-10,0.99,0.985,True,True,True,0.021058333333338286,0.012499999999998623,1.3259831460674159,1.3259831460674159,True,True,False,False,True,False,2.685524625468169
0.95,0.7,0.7,2.5276317500000002e-05,0.24355000000000002,1.0010597826086956e-10,0.0,1.0010597826086956e-10,0.99,0.985,True,True,True,0.021058333333338286,0.012499999999998623,1.4947010869565216,1.4947010869565216,True,True,False,False,True,False,3.0229605072463803
0.95,0.8,0.0,2.5276317500000002e-05,0.24355000000000002,1.9503e-10,0.0,1.9503e-10,0.99,0.985,True,True,True,0.021058333333338286,0.012499999999998623,3.2515000000000005,3.2515000000000005,True,True,False,False,True,False,6.536558333333337
0.95,0.8,0.05,2.5276317500000002e-05,0.24355000000000002,1.8399056603773583e-10,0.0,1.8399056603773583e-10,0.99,0.985,True,True,True,0.021058333333338286,0.012499999999998623,2.6995283018867924,2.6995283018867924,True,True,False,False,True,False,5.432614937106921
0.95,0.8,0.1,2.5276317500000002e-05,0.24355000000000002,1.7413392857142856e-10,0.0,1.7413392857142856e-10,0.99,0.985,True,True,True,0.021058333333338286,0.012499999999998623,2.2066964285714286,2.2066964285714286,True,True,False,False,True,False,4.446951190476193
0.95,0.8,0.15,2.5276317500000002e-05,0.24355000000000002,1.6527966101694916e-10,0.0,1.6527966101694916e-10,0.99,0.985,True,True,True,0.021058333333338286,0.012499999999998623,1.7639830508474588,1.7639830508474588,True,True,False,False,True,False,3.5615244350282547
0.95,0.8,0.2,2.5276317500000002e-05,0.24355000000000002,1.5728225806451613e-10,0.0,1.5728225806451613e-10,0.99,0.985,True,True,True,0.021058333333338286,0.012499999999998623,1.364112903225807,1.364112903225807,True,True,False,False,True,False,2.761784139784951
0.95,0.8,0.25,2.5276317500000002e-05,0.24355000000000002,1.500230769230769e-10,0.0,1.500230769230769e-10,0.99,0.985,True,True,True,0.021058333333338286,0.012499999999998623,1.001153846153846,1.001153846153846,True,True,False,False,True,False,2.0358660256410293
0.95,0.8,0.3,2.5276317500000002e-05,0.24355000000000002,1.434044117647059e-10,0.0,1.434044117647059e-10,0.99,0.985,True,True,True,0.021058333333338286,0.012499999999998623,0.6702205882352952,0.6702205882352952,True,True,True,True,True,True,1.3739995098039273
0.95,0.8,0.35,2.5276317500000002e-05,0.24355000000000002,1.373450704225352e-10,0.0,1.373450704225352e-10,0.99,0.985,True,True,True,0.021058333333338286,0.012499999999998623,0.3672535211267611,0.3672535211267611,True,True,True,True,True,True,0.7680653755868591
0.95,0.8,0.4,2.5276317500000002e-05,0.24355000000000002,1.3177702702702702e-10,0.0,1.3177702702702702e-10,0.99,0.985,True,True,True,0.021058333333338286,0.012499999999998623,0.0888513513513515,0.0888513513513515,True,True,True,True,True,True,0.2112610360360399
0.95,0.8,0.45,2.5276317500000002e-05,0.24355000000000002,1.2664285714285714e-10,0.0,1.2664285714285714e-10,0.99,0.985,True,True,True,0.021058333333338286,0.012499999999998623,0.1678571428571423,0.1678571428571423,True,True,True,True,True,True,0.3692726190476215
0.95,0.8,0.5,2.5276317500000002e-05,0.24355000000000002,1.2189374999999999e-10,0.0,1.2189374999999999e-10,0.99,0.985,True,True,True,0.021058333333338286,0.012499999999998623,0.4053125000000003,0.4053125000000003,True,True,True,True,True,True,0.8441833333333375
0.95,0.8,0.55,2.5276317500000002e-05,0.24355000000000002,1.174879518072289e-10,0.0,1.174879518072289e-10,0.99,0.985,True,True,True,0.021058333333338286,0.012499999999998623,0.6256024096385546,0.6256024096385546,True,True,True,True,True,True,1.2847631526104462
0.95,0.8,0.6,2.5276317500000002e-05,0.24355000000000002,1.1338953488372093e-10,0.0,1.1338953488372093e-10,0.99,0.985,True,True,True,0.021058333333338286,0.012499999999998623,0.8305232558139533,0.8305232558139533,True,True,True,True,True,True,1.6946048449612434
0.95,0.8,0.65,2.5276317500000002e-05,0.24355000000000002,1.0956741573033708e-10,0.0,1.0956741573033708e-10,0.99,0.985,True,True,True,0.021058333333338286,0.012499999999998623,1.0216292134831457,1.0216292134831457,True,True,False,False,True,False,2.0768167602996286
0.95,0.8,0.7,2.5276317500000002e-05,0.24355000000000002,1.0599456521739132e-10,0.0,1.0599456521739132e-10,0.99,0.985,True,True,True,0.021058333333338286,0.012499999999998623,1.2002717391304338,1.2002717391304338,True,True,False,False,True,False,2.4341018115942044
0.95,0.9,0.0,2.5276317500000002e-05,0.24355000000000002,2.0586499999999997e-10,0.0,2.0586499999999997e-10,0.99,0.985,True,True,True,0.021058333333338286,0.012499999999998623,3.793249999999999,3.793249999999999,True,True,False,False,True,False,7.6200583333333345
0.95,0.9,0.05,2.5276317500000002e-05,0.24355000000000002,1.9421226415094336e-10,0.0,1.9421226415094336e-10,0.99,0.985,True,True,True,0.021058333333338286,0.012499999999998623,3.2106132075471687,3.2106132075471687,True,True,False,False,True,False,6.454784748427674
0.95,0.9,0.1,2.5276317500000002e-05,0.24355000000000002,1.8380803571428568e-10,0.0,1.8380803571428568e-10,0.99,0.985,True,True,True,0.021058333333338286,0.012499999999998623,2.6904017857142843,2.6904017857142843,True,True,False,False,True,False,5.414361904761906
0.95,0.9,0.15,2.5276317500000002e-05,0.24355000000000002,1.7446186440677964e-10,0.0,1.7446186440677964e-10,0.99,0.985,True,True,True,0.021058333333338286,0.012499999999998623,2.2230932203389826,2.2230932203389826,True,True,False,False,True,False,4.4797447740113014
0.95,0.9,0.2,2.5276317500000002e-05,0.24355000000000002,1.6602016129032255e-10,0.0,1.6602016129032255e-10,0.99,0.985,True,True,True,0.021058333333338286,0.012499999999998623,1.8010080645161284,1.8010080645161284,True,True,False,False,True,False,3.635574462365594
0.95,0.9,0.25,2.5276317500000002e-05,0.24355000000000002,1.583576923076923e-10,0.0,1.583576923076923e-10,0.99,0.985,True,True,True,0.021058333333338286,0.012499999999998623,1.417884615384615,1.417884615384615,True,True,False,False,True,False,2.8693275641025666
0.95,0.9,0.3,2.5276317500000002e-05,0.24355000000000002,1.5137132352941176e-10,0.0,1.5137132352941176e-10,0.99,0.985,True,True,True,0.021058333333338286,0.012499999999998623,1.0685661764705885,1.0685661764705885,True,True,False,False,True,False,2.170690686274514
0.95,0.9,0.35,2.5276317500000002e-05,0.24355000000000002,1.4497535211267604e-10,0.0,1.4497535211267604e-10,0.99,0.985,True,True,True,0.021058333333338286,0.012499999999998623,0.7487676056338025,0.7487676056338025,True,True,True,True,True,True,1.531093544600942
0.95,0.9,0.4,2.5276317500000002e-05,0.24355000000000002,1.3909797297297296e-10,0.0,1.3909797297297296e-10,0.99,0.985,True,True,True,0.021058333333338286,0.012499999999998623,0.4548986486486486,0.4548986486486486,True,True,True,True,True,True,0.9433556306306341
0.95,0.9,0.45,2.5276317500000002e-05,0.24355000000000002,1.336785714285714e-10,0.0,1.336785714285714e-10,0.99,0.985,True,True,True,0.021058333333338286,0.012499999999998623,0.1839285714285708,0.1839285714285708,True,True,True,True,True,True,0.4014154761904785
0.95,0.9,0.5,2.5276317500000002e-05,0.24355000000000002,1.2866562499999998e-10,0.0,1.2866562499999998e-10,0.99,0.985,True,True,True,0.021058333333338286,0.012499999999998623,0.06671875000000044,0.06671875000000044,True,True,True,True,True,True,0.16699583333333778
0.95,0.9,0.55,2.5276317500000002e-05,0.24355000000000002,1.2401506024096383e-10,0.0,1.2401506024096383e-10,0.99,0.985,True,True,True,0.021058333333338286,0.012499999999998623,0.29924698795180793,0.29924698795180793,True,True,True,True,True,True,0.6320523092369528
0.95,0.9,0.6,2.5276317500000002e-05,0.24355000000000002,1.1968895348837207e-10,0.0,1.1968895348837207e-10,0.99,0.985,True,True,True,0.021058333333338286,0.012499999999998623,0.515552325581396,0.515552325581396,True,True,True,True,True,True,1.0646629844961288
0.95,0.9,0.65,2.5276317500000002e-05,0.24355000000000002,1.1565449438202245e-10,0.0,1.1565449438202245e-10,0.99,0.985,True,True,True,0.021058333333338286,0.012499999999998623,0.717275280898877,0.717275280898877,True,True,True,True,True,True,1.468108895131091
0.95,0.9,0.7,2.5276317500000002e-05,0.24355000000000002,1.1188315217391303e-10,0.0,1.1188315217391303e-10,0.99,0.985,True,True,True,0.021058333333338286,0.012499999999998623,0.905842391304348,0.905842391304348,True,True,True,True,True,True,1.8452431159420328
0.95,1.0,0.0,2.5276317500000002e-05,0.24355000000000002,2.1669999999999999e-10,0.0,2.1669999999999999e-10,0.99,0.985,True,True,True,0.021058333333338286,0.012499999999998623,4.335,4.335,True,True,False,False,True,False,8.703558333333337
0.95,1.0,0.05,2.5276317500000002e-05,0.24355000000000002,2.044339622641509e-10,0.0,2.044339622641509e-10,0.99,0.985,True,True,True,0.021058333333338286,0.012499999999998623,3.7216981132075464,3.7216981132075464,True,True,False,False,True,False,7.47695455974843
0.95,1.0,0.1,2.5276317500000002e-05,0.24355000000000002,1.9348214285714282e-10,0.0,1.9348214285714282e-10,0.99,0.985,True,True,True,0.021058333333338286,0.012499999999998623,3.174107142857142,3.174107142857142,True,True,False,False,True,False,6.38177261904762
0.95,1.0,0.15,2.5276317500000002e-05,0.24355000000000002,1.8364406779661016e-10,0.0,1.8364406779661016e-10,0.99,0.985,True,True,True,0.021058333333338286,0.012499999999998623,2.6822033898305087,2.6822033898305087,True,True,False,False,True,False,5.397965112994354
0.95,1.0,0.2,2.5276317500000002e-05,0.24355000000000002,1.7475806451612903e-10,0.0,1.7475806451612903e-10,0.99,0.985,True,True,True,0.021058333333338286,0.012499999999998623,2.237903225806452,2.237903225806452,True,True,False,False,True,False,4.509364784946241
0.95,1.0,0.25,2.5276317500000002e-05,0.24355000000000002,1.6669230769230767e-10,0.0,1.6669230769230767e-10,0.99,0.985,True,True,True,0.021058333333338286,0.012499999999998623,1.8346153846153839,1.8346153846153839,True,True,False,False,True,False,3.702789102564105
0.95,1.0,0.3,2.5276317500000002e-05,0.24355000000000002,1.5933823529411765e-10,0.0,1.5933823529411765e-10,0.99,0.985,True,True,True,0.021058333333338286,0.012499999999998623,1.466911764705883,1.466911764705883,True,True,False,False,True,False,2.9673818627451025
0.95,1.0,0.35,2.5276317500000002e-05,0.24355000000000002,1.526056338028169e-10,0.0,1.526056338028169e-10,0.99,0.985,True,True,True,0.021058333333338286,0.012499999999998623,1.1302816901408452,1.1302816901408452,True,True,False,False,True,False,2.294121713615027
0.95,1.0,0.4,2.5276317500000002e-05,0.24355000000000002,1.464189189189189e-10,0.0,1.464189189189189e-10,0.99,0.985,True,True,True,0.021058333333338286,0.012499999999998623,0.8209459459459457,0.8209459459459457,True,True,True,True,True,True,1.6754502252252284
0.95,1.0,0.45,2.5276317500000002e-05,0.24355000000000002,1.407142857142857e-10,0.0,1.407142857142857e-10,0.99,0.985,True,True,True,0.021058333333338286,0.012499999999998623,0.5357142857142851,0.5357142857142851,True,True,True,True,True,True,1.1049869047619072
0.95,1.0,0.5,2.5276317500000002e-05,0.24355000000000002,1.3543749999999998e-10,0.0,1.3543749999999998e-10,0.99,0.985,True,True,True,0.021058333333338286,0.012499999999998623,0.2718749999999994,0.2718749999999994,True,True,True,True,True,True,0.5773083333333358
0.95,1.0,0.55,2.5276317500000002e-05,0.24355000000000002,1.3054216867469877e-10,0.0,1.3054216867469877e-10,0.99,0.985,True,True,True,0.021058333333338286,0.012499999999998623,0.02710843373493875,0.02710843373493875,True,True,True,True,True,True,0.08777520080321441
0.95,1.0,0.6,2.5276317500000002e-05,0.24355000000000002,1.2598837209302325e-10,0.0,1.2598837209302325e-10,0.99,0.985,True,True,True,0.021058333333338286,0.012499999999998623,0.2005813953488373,0.2005813953488373,True,True,True,True,True,True,0.4347211240310115
0.95,1.0,0.65,2.5276317500000002e-05,0.24355000000000002,1.2174157303370785e-10,0.0,1.2174157303370785e-10,0.99,0.985,True,True,True,0.021058333333338286,0.012499999999998623,0.41292134831460703,0.41292134831460703,True,True,True,True,True,True,0.859401029962551
0.95,1.0,0.7,2.5276317500000002e-05,0.24355000000000002,1.1777173913043478e-10,0.0,1.1777173913043478e-10,0.99,0.985,True,True,True,0.021058333333338286,0.012499999999998623,0.6114130434782608,0.6114130434782608,True,True,True,True,True,True,1.2563844202898584
0.95,1.1,0.0,2.5276317500000002e-05,0.24355000000000002,2.27535e-10,0.0,2.27535e-10,0.99,0.985,True,True,True,0.021058333333338286,0.012499999999998623,4.876750000000001,4.876750000000001,True,True,False,False,True,False,9.78705833333334
0.95,1.1,0.05,2.5276317500000002e-05,0.24355000000000002,2.146556603773585e-10,0.0,2.146556603773585e-10,0.99,0.985,True,True,True,0.021058333333338286,0.012499999999998623,4.232783018867925,4.232783018867925,True,True,False,False,True,False,8.499124371069188
0.95,1.1,0.1,2.5276317500000002e-05,0.24355000000000002,2.0315625e-10,0.0,2.0315625e-10,0.99,0.985,True,True,True,0.021058333333338286,0.012499999999998623,3.6578125000000004,3.6578125000000004,True,True,False,False,True,False,7.349183333333338
0.95,1.1,0.15,2.5276317500000002e-05,0.24355000000000002,1.928262711864407e-10,0.0,1.928262711864407e-10,0.99,0.985,True,True,True,0.021058333333338286,0.012499999999998623,3.141313559322035,3.141313559322035,True,True,False,False,True,False,6.316185451977407
0.95,1.1,0.2,2.5276317500000002e-05,0.24355000000000002,1.8349596774193548e-10,0.0,1.8349596774193548e-10,0.99,0.985,True,True,True,0.021058333333338286,0.012499999999998623,2.6747983870967746,2.6747983870967746,True,True,False,False,True,False,5.3831551075268855
0.95,1.1,0.25,2.5276317500000002e-05,0.24355000000000002,1.7502692307692307e-10,0.0,1.7502692307692307e-10,0.99,0.985,True,True,True,0.021058333333338286,0.012499999999998623,2.251346153846154,2.251346153846154,True,True,False,False,True,False,4.536250641025644
0.95,1.1,0.3,2.5276317500000002e-05,0.24355000000000002,1.6730514705882354e-10,0.0,1.6730514705882354e-10,0.99,0.985,True,True,True,0.021058333333338286,0.012499999999998623,1.8652573529411776,1.8652573529411776,True,True,False,False,True,False,3.764073039215692
0.95,1.1,0.35,2.5276317500000002e-05,0.24355000000000002,1.6023591549295775e-10,0.0,1.6023591549295775e-10,0.99,0.985,True,True,True,0.021058333333338286,0.012499999999998623,1.511795774647888,1.511795774647888,True,True,False,False,True,False,3.057149882629113
0.95,1.1,0.4,2.5276317500000002e-05,0.24355000000000002,1.5373986486486487e-10,0.0,1.5373986486486487e-10,0.99,0.985,True,True,True,0.021058333333338286,0.012499999999998623,1.186993243243244,1.186993243243244,True,True,False,False,True,False,2.407544819819825
0.95,1.1,0.45,2.5276317500000002e-05,0.24355000000000002,1.4775e-10,0.0,1.4775e-10,0.99,0.985,True,True,True,0.021058333333338286,0.012499999999998623,0.8875000000000008,0.8875000000000008,True,True,True,True,True,True,1.8085583333333386
0.95,1.1,0.5,2.5276317500000002e-05,0.24355000000000002,1.42209375e-10,0.0,1.42209375e-10,0.99,0.985,True,True,True,0.021058333333338286,0.012499999999998623,0.6104687500000006,0.6104687500000006,True,True,True,True,True,True,1.254495833333338
0.95,1.1,0.55,2.5276317500000002e-05,0.24355000000000002,1.3706927710843372e-10,0.0,1.3706927710843372e-10,0.99,0.985,True,True,True,0.021058333333338286,0.012499999999998623,0.35346385542168673,0.35346385542168673,True,True,True,True,True,True,0.7404860441767104
0.95,1.1,0.6,2.5276317500000002e-05,0.24355000000000002,1.3228779069767442e-10,0.0,1.3228779069767442e-10,0.99,0.985,True,True,True,0.021058333333338286,0.012499999999998623,0.11438953488372137,0.11438953488372137,True,True,True,True,True,True,0.2623374031007797
0.95,1.1,0.65,2.5276317500000002e-05,0.24355000000000002,1.2782865168539326e-10,0.0,1.2782865168539326e-10,0.99,0.985,True,True,True,0.021058333333338286,0.012499999999998623,0.10856741573033636,0.10856741573033636,True,True,True,True,True,True,0.2506931647940096
0.95,1.1,0.7,2.5276317500000002e-05,0.24355000000000002,1.2366032608695654e-10,0.0,1.2366032608695654e-10,0.99,0.985,True,True,True,0.021058333333338286,0.012499999999998623,0.3169836956521723,0.3169836956521723,True,True,True,True,True,True,0.6675257246376816
0.95,1.2,0.0,2.5276317500000002e-05,0.24355000000000002,2.3837e-10,0.0,2.3837e-10,0.99,0.985,True,True,True,0.021058333333338286,0.012499999999998623,5.418500000000002,5.418500000000002,True,True,False,False,True,False,10.87055833333334
0.95,1.2,0.05,2.5276317500000002e-05,0.24355000000000002,2.2487735849056604e-10,0.0,2.2487735849056604e-10,0.99,0.985,True,True,True,0.021058333333338286,0.012499999999998623,4.743867924528303,4.743867924528303,True,True,False,False,True,False,9.521294182389942
0.95,1.2,0.1,2.5276317500000002e-05,0.24355000000000002,2.1283035714285714e-10,0.0,2.1283035714285714e-10,0.99,0.985,True,True,True,0.021058333333338286,0.012499999999998623,4.1415178571428575,4.1415178571428575,True,True,False,False,True,False,8.316594047619052
0.95,1.2,0.15,2.5276317500000002e-05,0.24355000000000002,2.0200847457627121e-10,0.0,2.0200847457627121e-10,0.99,0.985,True,True,True,0.021058333333338286,0.012499999999998623,3.600423728813561,3.600423728813561,True,True,False,False,True,False,7.234405790960459
0.95,1.2,0.2,2.5276317500000002e-05,0.24355000000000002,1.9223387096774196e-10,0.0,1.9223387096774196e-10,0.99,0.985,True,True,True,0.021058333333338286,0.012499999999998623,3.1116935483870987,3.1116935483870987,True,True,False,False,True,False,6.256945430107534
0.95,1.2,0.25,2.5276317500000002e-05,0.24355000000000002,1.8336153846153847e-10,0.0,1.8336153846153847e-10,0.99,0.985,True,True,True,0.021058333333338286,0.012499999999998623,2.6680769230769243,2.6680769230769243,True,True,False,False,True,False,5.369712179487186
0.95,1.2,0.3,2.5276317500000002e-05,0.24355000000000002,1.7527205882352946e-10,0.0,1.7527205882352946e-10,0.99,0.985,True,True,True,0.021058333333338286,0.012499999999998623,2.2636029411764733,2.2636029411764733,True,True,False,False,True,False,4.560764215686284
0.95,1.2,0.35,2.5276317500000002e-05,0.24355000000000002,1.678661971830986e-10,0.0,1.678661971830986e-10,0.99,0.985,True,True,True,0.021058333333338286,0.012499999999998623,1.8933098591549309,1.8933098591549309,True,True,False,False,True,False,3.8201780516431985
0.95,1.2,0.4,2.5276317500000002e-05,0.24355000000000002,1.6106081081081084e-10,0.0,1.6106081081081084e-10,0.99,0.985,True,True,True,0.021058333333338286,0.012499999999998623,1.5530405405405425,1.5530405405405425,True,True,False,False,True,False,3.1396394144144217
0.95,1.2,0.45,2.5276317500000002e-05,0.24355000000000002,1.547857142857143e-10,0.0,1.547857142857143e-10,0.99,0.985,True,True,True,0.021058333333338286,0.012499999999998623,1.2392857142857152,1.2392857142857152,True,True,False,False,True,False,2.5121297619047676
0.95,1.2,0.5,2.5276317500000002e-05,0.24355000000000002,1.4898125e-10,0.0,1.4898125e-10,0.99,0.985,True,True,True,0.021058333333338286,0.012499999999998623,0.9490625000000004,0.9490625000000004,True,True,True,True,True,True,1.9316833333333376
0.95,1.2,0.55,2.5276317500000002e-05,0.24355000000000002,1.4359638554216868e-10,0.0,1.4359638554216868e-10,0.99,0.985,True,True,True,0.021058333333338286,0.012499999999998623,0.6798192771084347,0.6798192771084347,True,True,True,True,True,True,1.3931968875502063
0.95,1.2,0.6,2.5276317500000002e-05,0.24355000000000002,1.385872093023256e-10,0.0,1.385872093023256e-10,0.99,0.985,True,True,True,0.021058333333338286,0.012499999999998623,0.42936046511628,0.42936046511628,True,True,True,True,True,True,0.8922792635658969
0.95,1.2,0.65,2.5276317500000002e-05,0.24355000000000002,1.3391573033707868e-10,0.0,1.3391573033707868e-10,0.99,0.985,True,True,True,0.021058333333338286,0.012499999999998623,0.1957865168539343,0.1957865168539343,True,True,True,True,True,True,0.4251313670412055
0.95,1.2,0.7,2.5276317500000002e-05,0.24355000000000002,1.295489130434783e-10,0.0,1.295489130434783e-10,0.99,0.985,True,True,True,0.021058333333338286,0.012499999999998623,0.022554347826085164,0.022554347826085164,True,True,True,True,True,True,0.07866702898550723
1.0,0.0,0.0,2.527e-05,0.2436,1.1e-10,0.0,1.1e-10,1.0,1.0,True,True,True,0.0,0.0,0.9999999999999999,0.9999999999999999,True,True,True,True,True,True,1.9999999999999998
1.0,0.0,0.05,2.527e-05,0.2436,1.0377358490566036e-10,0.0,1.0377358490566036e-10,1.0,1.0,True,True,True,0.0,0.0,1.3113207547169814,1.3113207547169814,True,True,False,False,True,False,2.622641509433963
1.0,0.0,0.1,2.527e-05,0.2436,9.82142857142857e-11,0.0,9.82142857142857e-11,1.0,1.0,True,True,True,0.0,0.0,1.5892857142857146,1.5892857142857146,True,True,False,False,True,False,3.1785714285714293
1.0,0.0,0.15,2.527e-05,0.2436,9.322033898305085e-11,0.0,9.322033898305085e-11,1.0,1.0,True,True,True,0.0,0.0,1.8389830508474574,1.8389830508474574,True,True,False,False,True,False,3.677966101694915
1.0,0.0,0.2,2.527e-05,0.2436,8.870967741935484e-11,0.0,8.870967741935484e-11,1.0,1.0,True,True,True,0.0,0.0,2.064516129032258,2.064516129032258,True,True,False,False,True,False,4.129032258064516
1.0,0.0,0.25,2.527e-05,0.2436,8.461538461538461e-11,0.0,8.461538461538461e-11,1.0,1.0,True,True,True,0.0,0.0,2.269230769230769,2.269230769230769,True,True,False,False,True,False,4.538461538461538
1.0,0.0,0.3,2.527e-05,0.2436,8.088235294117648e-11,0.0,8.088235294117648e-11,1.0,1.0,True,True,True,0.0,0.0,2.4558823529411757,2.4558823529411757,True,True,False,False,True,False,4.9117647058823515
1.0,0.0,0.35,2.527e-05,0.2436,7.746478873239437e-11,0.0,7.746478873239437e-11,1.0,1.0,True,True,True,0.0,0.0,2.626760563380281,2.626760563380281,True,True,False,False,True,False,5.253521126760562
1.0,0.0,0.4,2.527e-05,0.2436,7.432432432432432e-11,0.0,7.432432432432432e-11,1.0,1.0,True,True,True,0.0,0.0,2.7837837837837838,2.7837837837837838,True,True,False,False,True,False,5.5675675675675675
1.0,0.0,0.45,2.527e-05,0.2436,7.142857142857143e-11,0.0,7.142857142857143e-11,1.0,1.0,True,True,True,0.0,0.0,2.9285714285714284,2.9285714285714284,True,True,False,False,True,False,5.857142857142857
1.0,0.0,0.5,2.527e-05,0.2436,6.875e-11,0.0,6.875e-11,1.0,1.0,True,True,True,0.0,0.0,3.0625,3.0625,True,True,False,False,True,False,6.125
1.0,0.0,0.55,2.527e-05,0.2436,6.626506024096385e-11,0.0,6.626506024096385e-11,1.0,1.0,True,True,True,0.0,0.0,3.1867469879518073,3.1867469879518073,True,True,False,False,True,False,6.373493975903615
1.0,0.0,0.6,2.527e-05,0.2436,6.395348837209303e-11,0.0,6.395348837209303e-11,1.0,1.0,True,True,True,0.0,0.0,3.3023255813953485,3.3023255813953485,True,True,False,False,True,False,6.604651162790697
1.0,0.0,0.65,2.527e-05,0.2436,6.179775280898876e-11,0.0,6.179775280898876e-11,1.0,1.0,True,True,True,0.0,0.0,3.410112359550562,3.410112359550562,True,True,False,False,True,False,6.820224719101124
1.0,0.0,0.7,2.527e-05,0.2436,5.978260869565218e-11,0.0,5.978260869565218e-11,1.0,1.0,True,True,True,0.0,0.0,3.5108695652173907,3.5108695652173907,True,True,False,False,True,False,7.021739130434781
1.0,0.1,0.0,2.527e-05,0.2436,1.21e-10,0.0,1.21e-10,1.0,1.0,True,True,True,0.0,0.0,0.4499999999999998,0.4499999999999998,True,True,True,True,True,True,0.8999999999999996
1.0,0.1,0.05,2.527e-05,0.2436,1.1415094339622641e-10,0.0,1.1415094339622641e-10,1.0,1.0,True,True,True,0.0,0.0,0.792452830188679,0.792452830188679,True,True,True,True,True,True,1.584905660377358
1.0,0.1,0.1,2.527e-05,0.2436,1.0803571428571427e-10,0.0,1.0803571428571427e-10,1.0,1.0,True,True,True,0.0,0.0,1.0982142857142858,1.0982142857142858,True,True,False,False,True,False,2.1964285714285716
1.0,0.1,0.15,2.527e-05,0.2436,1.0254237288135593e-10,0.0,1.0254237288135593e-10,1.0,1.0,True,True,True,0.0,0.0,1.372881355932203,1.372881355932203,True,True,False,False,True,False,2.745762711864406
1.0,0.1,0.2,2.527e-05,0.2436,9.758064516129032e-11,0.0,9.758064516129032e-11,1.0,1.0,True,True,True,0.0,0.0,1.6209677419354835,1.6209677419354835,True,True,False,False,True,False,3.241935483870967
1.0,0.1,0.25,2.527e-05,0.2436,9.307692307692307e-11,0.0,9.307692307692307e-11,1.0,1.0,True,True,True,0.0,0.0,1.846153846153846,1.846153846153846,True,True,False,False,True,False,3.692307692307692
1.0,0.1,0.3,2.527e-05,0.2436,8.897058823529412e-11,0.0,8.897058823529412e-11,1.0,1.0,True,True,True,0.0,0.0,2.051470588235294,2.051470588235294,True,True,False,False,True,False,4.102941176470588
1.0,0.1,0.35,2.527e-05,0.2436,8.52112676056338e-11,0.0,8.52112676056338e-11,1.0,1.0,True,True,True,0.0,0.0,2.2394366197183095,2.2394366197183095,True,True,False,False,True,False,4.478873239436619
1.0,0.1,0.4,2.527e-05,0.2436,8.175675675675675e-11,0.0,8.175675675675675e-11,1.0,1.0,True,True,True,0.0,0.0,2.412162162162162,2.412162162162162,True,True,False,False,True,False,4.824324324324324
1.0,0.1,0.45,2.527e-05,0.2436,7.857142857142857e-11,0.0,7.857142857142857e-11,1.0,1.0,True,True,True,0.0,0.0,2.571428571428571,2.571428571428571,True,True,False,False,True,False,5.142857142857142
1.0,0.1,0.5,2.527e-05,0.2436,7.5625e-11,0.0,7.5625e-11,1.0,1.0,True,True,True,0.0,0.0,2.71875,2.71875,True,True,False,False,True,False,5.4375
1.0,0.1,0.55,2.527e-05,0.2436,7.289156626506024e-11,0.0,7.289156626506024e-11,1.0,1.0,True,True,True,0.0,0.0,2.855421686746988,2.855421686746988,True,True,False,False,True,False,5.710843373493976
1.0,0.1,0.6,2.527e-05,0.2436,7.034883720930233e-11,0.0,7.034883720930233e-11,1.0,1.0,True,True,True,0.0,0.0,2.9825581395348832,2.9825581395348832,True,True,False,False,True,False,5.9651162790697665
1.0,0.1,0.65,2.527e-05,0.2436,6.797752808988764e-11,0.0,6.797752808988764e-11,1.0,1.0,True,True,True,0.0,0.0,3.101123595505618,3.101123595505618,True,True,False,False,True,False,6.202247191011236
1.0,0.1,0.7,2.527e-05,0.2436,6.576086956521739e-11,0.0,6.576086956521739e-11,1.0,1.0,True,True,True,0.0,0.0,3.2119565217391304,3.2119565217391304,True,True,False,False,True,False,6.423913043478261
1.0,0.2,0.0,2.527e-05,0.2436,1.3199999999999998e-10,0.0,1.3199999999999998e-10,1.0,1.0,True,True,True,0.0,0.0,0.09999999999999966,0.09999999999999966,True,True,True,True,True,True,0.19999999999999932
1.0,0.2,0.05,2.527e-05,0.2436,1.2452830188679242e-10,0.0,1.2452830188679242e-10,1.0,1.0,True,True,True,0.0,0.0,0.2735849056603785,0.2735849056603785,True,True,True,True,True,True,0.547169811320757
1.0,0.2,0.1,2.527e-05,0.2436,1.1785714285714284e-10,0.0,1.1785714285714284e-10,1.0,1.0,True,True,True,0.0,0.0,0.6071428571428577,0.6071428571428577,True,True,True,True,True,True,1.2142857142857153
1.0,0.2,0.15,2.527e-05,0.2436,1.1186440677966101e-10,0.0,1.1186440677966101e-10,1.0,1.0,True,True,True,0.0,0.0,0.906779661016949,0.906779661016949,True,True,True,True,True,True,1.813559322033898
1.0,0.2,0.2,2.527e-05,0.2436,1.064516129032258e-10,0.0,1.064516129032258e-10,1.0,1.0,True,True,True,0.0,0.0,1.1774193548387095,1.1774193548387095,True,True,False,False,True,False,2.354838709677419
1.0,0.2,0.25,2.527e-05,0.2436,1.0153846153846152e-10,0.0,1.0153846153846152e-10,1.0,1.0,True,True,True,0.0,0.0,1.4230769230769236,1.4230769230769236,True,True,False,False,True,False,2.846153846153847
1.0,0.2,0.3,2.527e-05,0.2436,9.705882352941176e-11,0.0,9.705882352941176e-11,1.0,1.0,True,True,True,0.0,0.0,1.6470588235294117,1.6470588235294117,True,True,False,False,True,False,3.2941176470588234
1.0,0.2,0.35,2.527e-05,0.2436,9.295774647887323e-11,0.0,9.295774647887323e-11,1.0,1.0,True,True,True,0.0,0.0,1.852112676056338,1.852112676056338,True,True,False,False,True,False,3.704225352112676
1.0,0.2,0.4,2.527e-05,0.2436,8.918918918918918e-11,0.0,8.918918918918918e-11,1.0,1.0,True,True,True,0.0,0.0,2.040540540540541,2.040540540540541,True,True,False,False,True,False,4.081081081081082
1.0,0.2,0.45,2.527e-05,0.2436,8.57142857142857e-11,0.0,8.57142857142857e-11,1.0,1.0,True,True,True,0.0,0.0,2.2142857142857144,2.2142857142857144,True,True,False,False,True,False,4.428571428571429
1.0,0.2,0.5,2.527e-05,0.2436,8.249999999999999e-11,0.0,8.249999999999999e-11,1.0,1.0,True,True,True,0.0,0.0,2.3750000000000004,2.3750000000000004,True,True,False,False,True,False,4.750000000000001
1.0,0.2,0.55,2.527e-05,0.2436,7.951807228915661e-11,0.0,7.951807228915661e-11,1.0,1.0,True,True,True,0.0,0.0,2.5240963855421694,2.5240963855421694,True,True,False,False,True,False,5.048192771084339
1.0,0.2,0.6,2.527e-05,0.2436,7.674418604651161e-11,0.0,7.674418604651161e-11,1.0,1.0,True,True,True,0.0,0.0,2.662790697674419,2.662790697674419,True,True,False,False,True,False,5.325581395348838
1.0,0.2,0.65,2.527e-05,0.2436,7.415730337078651e-11,0.0,7.415730337078651e-11,1.0,1.0,True,True,True,0.0,0.0,2.7921348314606744,2.7921348314606744,True,True,False,False,True,False,5.584269662921349
1.0,0.2,0.7,2.527e-05,0.2436,7.17391304347826e-11,0.0,7.17391304347826e-11,1.0,1.0,True,True,True,0.0,0.0,2.9130434782608696,2.9130434782608696,True,True,False,False,True,False,5.826086956521739
1.0,0.3,0.0,2.527e-05,0.2436,1.43e-10,0.0,1.43e-10,1.0,1.0,True,True,True,0.0,0.0,0.6500000000000004,0.6500000000000004,True,True,True,True,True,True,1.3000000000000007
1.0,0.3,0.05,2.527e-05,0.2436,1.3490566037735848e-10,0.0,1.3490566037735848e-10,1.0,1.0,True,True,True,0.0,0.0,0.24528301886792458,0.24528301886792458,True,True,True,True,True,True,0.49056603773584917
1.0,0.3,0.1,2.527e-05,0.2436,1.276785714285714e-10,0.0,1.276785714285714e-10,1.0,1.0,True,True,True,0.0,0.0,0.11607142857142946,0.11607142857142946,True,True,True,True,True,True,0.23214285714285893
1.0,0.3,0.15,2.527e-05,0.2436,1.211864406779661e-10,0.0,1.211864406779661e-10,1.0,1.0,True,True,True,0.0,0.0,0.44067796610169424,0.44067796610169424,True,True,True,True,True,True,0.8813559322033885
1.0,0.3,0.2,2.527e-05,0.2436,1.1532258064516129e-10,0.0,1.1532258064516129e-10,1.0,1.0,True,True,True,0.0,0.0,0.7338709677419352,0.7338709677419352,True,True,True,True,True,True,1.4677419354838703
1.0,0.3,0.25,2.527e-05,0.2436,1.1e-10,0.0,1.1e-10,1.0,1.0,True,True,True,0.0,0.0,0.9999999999999999,0.9999999999999999,True,True,True,True,True,True,1.9999999999999998
1.0,0.3,0.3,2.527e-05,0.2436,1.0514705882352943e-10,0.0,1.0514705882352943e-10,1.0,1.0,True,True,True,0.0,0.0,1.2426470588235283,1.2426470588235283,True,True,False,False,True,False,2.4852941176470567
1.0,0.3,0.35,2.527e-05,0.2436,1.0070422535211268e-10,0.0,1.0070422535211268e-10,1.0,1.0,True,True,True,0.0,0.0,1.4647887323943656,1.4647887323943656,True,True,False,False,True,False,2.929577464788731
1.0,0.3,0.4,2.527e-05,0.2436,9.662162162162163e-11,0.0,9.662162162162163e-11,1.0,1.0,True,True,True,0.0,0.0,1.6689189189189184,1.6689189189189184,True,True,False,False,True,False,3.337837837837837
1.0,0.3,0.45,2.527e-05,0.2436,9.285714285714286e-11,0.0,9.285714285714286e-11,1.0,1.0,True,True,True,0.0,0.0,1.8571428571428568,1.8571428571428568,True,True,False,False,True,False,3.7142857142857135
1.0,0.3,0.5,2.527e-05,0.2436,8.937499999999999e-11,0.0,8.937499999999999e-11,1.0,1.0,True,True,True,0.0,0.0,2.03125,2.03125,True,True,False,False,True,False,4.0625
1.0,0.3,0.55,2.527e-05,0.2436,8.6144578313253e-11,0.0,8.6144578313253e-11,1.0,1.0,True,True,True,0.0,0.0,2.1927710843373496,2.1927710843373496,True,True,False,False,True,False,4.385542168674699
1.0,0.3,0.6,2.527e-05,0.2436,8.313953488372093e-11,0.0,8.313953488372093e-11,1.0,1.0,True,True,True,0.0,0.0,2.343023255813953,2.343023255813953,True,True,False,False,True,False,4.686046511627906
1.0,0.3,0.65,2.527e-05,0.2436,8.033707865168539e-11,0.0,8.033707865168539e-11,1.0,1.0,True,True,True,0.0,0.0,2.4831460674157304,2.4831460674157304,True,True,False,False,True,False,4.966292134831461
1.0,0.3,0.7,2.527e-05,0.2436,7.771739130434784e-11,0.0,7.771739130434784e-11,1.0,1.0,True,True,True,0.0,0.0,2.614130434782608,2.614130434782608,True,True,False,False,True,False,5.228260869565216
1.0,0.4,0.0,2.527e-05,0.2436,1.5399999999999999e-10,0.0,1.5399999999999999e-10,1.0,1.0,True,True,True,0.0,0.0,1.1999999999999997,1.1999999999999997,True,True,False,False,True,False,2.3999999999999995
1.0,0.4,0.05,2.527e-05,0.2436,1.4528301886792452e-10,0.0,1.4528301886792452e-10,1.0,1.0,True,True,True,0.0,0.0,0.7641509433962264,0.7641509433962264,True,True,True,True,True,True,1.5283018867924527
1.0,0.4,0.1,2.527e-05,0.2436,1.3749999999999996e-10,0.0,1.3749999999999996e-10,1.0,1.0,True,True,True,0.0,0.0,0.3749999999999987,0.3749999999999987,True,True,True,True,True,True,0.7499999999999974
1.0,0.4,0.15,2.527e-05,0.2436,1.3050847457627118e-10,0.0,1.3050847457627118e-10,1.0,1.0,True,True,True,0.0,0.0,0.025423728813559258,0.025423728813559258,True,True,True,True,True,True,0.050847457627118516
1.0,0.4,0.2,2.527e-05,0.2436,1.2419354838709676e-10,0.0,1.2419354838709676e-10,1.0,1.0,True,True,True,0.0,0.0,0.29032258064516137,0.29032258064516137,True,True,True,True,True,True,0.5806451612903227
1.0,0.4,0.25,2.527e-05,0.2436,1.1846153846153844e-10,0.0,1.1846153846153844e-10,1.0,1.0,True,True,True,0.0,0.0,0.5769230769230773,0.5769230769230773,True,True,True,True,True,True,1.1538461538461546
1.0,0.4,0.3,2.527e-05,0.2436,1.1323529411764705e-10,0.0,1.1323529411764705e-10,1.0,1.0,True,True,True,0.0,0.0,0.8382352941176469,0.8382352941176469,True,True,True,True,True,True,1.6764705882352937
1.0,0.4,0.35,2.527e-05,0.2436,1.0845070422535211e-10,0.0,1.0845070422535211e-10,1.0,1.0,True,True,True,0.0,0.0,1.0774647887323938,1.0774647887323938,True,True,False,False,True,False,2.1549295774647876
1.0,0.4,0.4,2.527e-05,0.2436,1.0405405405405405e-10,0.0,1.0405405405405405e-10,1.0,1.0,True,True,True,0.0,0.0,1.2972972972972971,1.2972972972972971,True,True,False,False,True,False,2.5945945945945943
1.0,0.4,0.45,2.527e-05,0.2436,9.999999999999999e-11,0.0,9.999999999999999e-11,1.0,1.0,True,True,True,0.0,0.0,1.5,1.5,True,True,False,False,True,False,3.0
1.0,0.4,0.5,2.527e-05,0.2436,9.624999999999999e-11,0.0,9.624999999999999e-11,1.0,1.0,True,True,True,0.0,0.0,1.6875,1.6875,True,True,False,False,True,False,3.375
1.0,0.4,0.55,2.527e-05,0.2436,9.277108433734938e-11,0.0,9.277108433734938e-11,1.0,1.0,True,True,True,0.0,0.0,1.8614457831325306,1.8614457831325306,True,True,False,False,True,False,3.7228915662650612
1.0,0.4,0.6,2.527e-05,0.2436,8.953488372093023e-11,0.0,8.953488372093023e-11,1.0,1.0,True,True,True,0.0,0.0,2.0232558139534884,2.0232558139534884,True,True,False,False,True,False,4.046511627906977
1.0,0.4,0.65,2.527e-05,0.2436,8.651685393258426e-11,0.0,8.651685393258426e-11,1.0,1.0,True,True,True,0.0,0.0,2.174157303370787,2.174157303370787,True,True,False,False,True,False,4.348314606741574
1.0,0.4,0.7,2.527e-05,0.2436,8.369565217391305e-11,0.0,8.369565217391305e-11,1.0,1.0,True,True,True,0.0,0.0,2.3152173913043472,2.3152173913043472,True,True,False,False,True,False,4.6304347826086945
1.0,0.5,0.0,2.527e-05,0.2436,1.65e-10,0.0,1.65e-10,1.0,1.0,True,True,True,0.0,0.0,1.7500000000000004,1.7500000000000004,True,True,False,False,True,False,3.500000000000001
1.0,0.5,0.05,2.527e-05,0.2436,1.5566037735849055e-10,0.0,1.5566037735849055e-10,1.0,1.0,True,True,True,0.0,0.0,1.2830188679245282,1.2830188679245282,True,True,False,False,True,False,2.5660377358490565
1.0,0.5,0.1,2.527e-05,0.2436,1.4732142857142855e-10,0.0,1.4732142857142855e-10,1.0,1.0,True,True,True,0.0,0.0,0.8660714285714283,0.8660714285714283,True,True,True,True,True,True,1.7321428571428565
1.0,0.5,0.15,2.527e-05,0.2436,1.3983050847457627e-10,0.0,1.3983050847457627e-10,1.0,1.0,True,True,True,0.0,0.0,0.491525423728814,0.491525423728814,True,True,True,True,True,True,0.983050847457628
1.0,0.5,0.2,2.527e-05,0.2436,1.3306451612903227e-10,0.0,1.3306451612903227e-10,1.0,1.0,True,True,True,0.0,0.0,0.15322580645161377,0.15322580645161377,True,True,True,True,True,True,0.30645161290322753
1.0,0.5,0.25,2.527e-05,0.2436,1.269230769230769e-10,0.0,1.269230769230769e-10,1.0,1.0,True,True,True,0.0,0.0,0.15384615384615422,0.15384615384615422,True,True,True,True,True,True,0.30769230769230843
1.0,0.5,0.3,2.527e-05,0.2436,1.213235294117647e-10,0.0,1.213235294117647e-10,1.0,1.0,True,True,True,0.0,0.0,0.43382352941176416,0.43382352941176416,True,True,True,True,True,True,0.8676470588235283
1.0,0.5,0.35,2.527e-05,0.2436,1.1619718309859156e-10,0.0,1.1619718309859156e-10,1.0,1.0,True,True,True,0.0,0.0,0.6901408450704216,0.6901408450704216,True,True,True,True,True,True,1.3802816901408432
1.0,0.5,0.4,2.527e-05,0.2436,1.1148648648648648e-10,0.0,1.1148648648648648e-10,1.0,1.0,True,True,True,0.0,0.0,0.9256756756756753,0.9256756756756753,True,True,True,True,True,True,1.8513513513513506
1.0,0.5,0.45,2.527e-05,0.2436,1.0714285714285713e-10,0.0,1.0714285714285713e-10,1.0,1.0,True,True,True,0.0,0.0,1.1428571428571428,1.1428571428571428,True,True,False,False,True,False,2.2857142857142856
1.0,0.5,0.5,2.527e-05,0.2436,1.0312499999999999e-10,0.0,1.0312499999999999e-10,1.0,1.0,True,True,True,0.0,0.0,1.34375,1.34375,True,True,False,False,True,False,2.6875
1.0,0.5,0.55,2.527e-05,0.2436,9.939759036144578e-11,0.0,9.939759036144578e-11,1.0,1.0,True,True,True,0.0,0.0,1.5301204819277108,1.5301204819277108,True,True,False,False,True,False,3.0602409638554215
1.0,0.5,0.6,2.527e-05,0.2436,9.593023255813954e-11,0.0,9.593023255813954e-11,1.0,1.0,True,True,True,0.0,0.0,1.7034883720930227,1.7034883720930227,True,True,False,False,True,False,3.4069767441860455
1.0,0.5,0.65,2.527e-05,0.2436,9.269662921348314e-11,0.0,9.269662921348314e-11,1.0,1.0,True,True,True,0.0,0.0,1.8651685393258426,1.8651685393258426,True,True,False,False,True,False,3.730337078651685
1.0,0.5,0.7,2.527e-05,0.2436,8.967391304347827e-11,0.0,8.967391304347827e-11,1.0,1.0,True,True,True,0.0,0.0,2.016304347826086,2.016304347826086,True,True,False,False,True,False,4.032608695652172
1.0,0.6,0.0,2.527e-05,0.2436,1.76e-10,0.0,1.76e-10,1.0,1.0,True,True,True,0.0,0.0,2.300000000000001,2.300000000000001,True,True,False,False,True,False,4.600000000000002
1.0,0.6,0.05,2.527e-05,0.2436,1.660377358490566e-10,0.0,1.660377358490566e-10,1.0,1.0,True,True,True,0.0,0.0,1.8018867924528312,1.8018867924528312,True,True,False,False,True,False,3.6037735849056625
1.0,0.6,0.1,2.527e-05,0.2436,1.5714285714285714e-10,0.0,1.5714285714285714e-10,1.0,1.0,True,True,True,0.0,0.0,1.3571428571428577,1.3571428571428577,True,True,False,False,True,False,2.7142857142857153
1.0,0.6,0.15,2.527e-05,0.2436,1.4915254237288137e-10,0.0,1.4915254237288137e-10,1.0,1.0,True,True,True,0.0,0.0,0.9576271186440688,0.9576271186440688,True,True,True,True,True,True,1.9152542372881376
1.0,0.6,0.2,2.527e-05,0.2436,1.4193548387096774e-10,0.0,1.4193548387096774e-10,1.0,1.0,True,True,True,0.0,0.0,0.5967741935483876,0.5967741935483876,True,True,True,True,True,True,1.1935483870967751
1.0,0.6,0.25,2.527e-05,0.2436,1.353846153846154e-10,0.0,1.353846153846154e-10,1.0,1.0,True,True,True,0.0,0.0,0.2692307692307702,0.2692307692307702,True,True,True,True,True,True,0.5384615384615404
1.0,0.6,0.3,2.527e-05,0.2436,1.2941176470588236e-10,0.0,1.2941176470588236e-10,1.0,1.0,True,True,True,0.0,0.0,0.029411764705881416,0.029411764705881416,True,True,True,True,True,True,0.05882352941176283
1.0,0.6,0.35,2.527e-05,0.2436,1.23943661971831e-10,0.0,1.23943661971831e-10,1.0,1.0,True,True,True,0.0,0.0,0.3028169014084493,0.3028169014084493,True,True,True,True,True,True,0.6056338028168986
1.0,0.6,0.4,2.527e-05,0.2436,1.1891891891891892e-10,0.0,1.1891891891891892e-10,1.0,1.0,True,True,True,0.0,0.0,0.5540540540540535,0.5540540540540535,True,True,True,True,True,True,1.108108108108107
1.0,0.6,0.45,2.527e-05,0.2436,1.1428571428571429e-10,0.0,1.1428571428571429e-10,1.0,1.0,True,True,True,0.0,0.0,0.785714285714285,0.785714285714285,True,True,True,True,True,True,1.57142857142857
1.0,0.6,0.5,2.527e-05,0.2436,1.1000000000000001e-10,0.0,1.1000000000000001e-10,1.0,1.0,True,True,True,0.0,0.0,0.9999999999999992,0.9999999999999992,True,True,True,True,True,True,1.9999999999999984
1.0,0.6,0.55,2.527e-05,0.2436,1.0602409638554216e-10,0.0,1.0602409638554216e-10,1.0,1.0,True,True,True,0.0,0.0,1.1987951807228916,1.1987951807228916,True,True,False,False,True,False,2.397590361445783
1.0,0.6,0.6,2.527e-05,0.2436,1.0232558139534884e-10,0.0,1.0232558139534884e-10,1.0,1.0,True,True,True,0.0,0.0,1.3837209302325577,1.3837209302325577,True,True,False,False,True,False,2.7674418604651154
1.0,0.6,0.65,2.527e-05,0.2436,9.887640449438202e-11,0.0,9.887640449438202e-11,1.0,1.0,True,True,True,0.0,0.0,1.5561797752808986,1.5561797752808986,True,True,False,False,True,False,3.112359550561797
1.0,0.6,0.7,2.527e-05,0.2436,9.565217391304349e-11,0.0,9.565217391304349e-11,1.0,1.0,True,True,True,0.0,0.0,1.717391304347825,1.717391304347825,True,True,False,False,True,False,3.43478260869565
1.0,0.7,0.0,2.527e-05,0.2436,1.8699999999999997e-10,0.0,1.8699999999999997e-10,1.0,1.0,True,True,True,0.0,0.0,2.849999999999999,2.849999999999999,True,True,False,False,True,False,5.699999999999998
1.0,0.7,0.05,2.527e-05,0.2436,1.764150943396226e-10,0.0,1.764150943396226e-10,1.0,1.0,True,True,True,0.0,0.0,2.3207547169811304,2.3207547169811304,True,True,False,False,True,False,4.641509433962261
1.0,0.7,0.1,2.527e-05,0.2436,1.6696428571428568e-10,0.0,1.6696428571428568e-10,1.0,1.0,True,True,True,0.0,0.0,1.8482142857142847,1.8482142857142847,True,True,False,False,True,False,3.6964285714285694
1.0,0.7,0.15,2.527e-05,0.2436,1.5847457627118643e-10,0.0,1.5847457627118643e-10,1.0,1.0,True,True,True,0.0,0.0,1.4237288135593222,1.4237288135593222,True,True,False,False,True,False,2.8474576271186445
1.0,0.7,0.2,2.527e-05,0.2436,1.5080645161290322e-10,0.0,1.5080645161290322e-10,1.0,1.0,True,True,True,0.0,0.0,1.0403225806451615,1.0403225806451615,True,True,False,False,True,False,2.080645161290323
1.0,0.7,0.25,2.527e-05,0.2436,1.4384615384615383e-10,0.0,1.4384615384615383e-10,1.0,1.0,True,True,True,0.0,0.0,0.6923076923076921,0.6923076923076921,True,True,True,True,True,True,1.3846153846153841
1.0,0.7,0.3,2.527e-05,0.2436,1.375e-10,0.0,1.375e-10,1.0,1.0,True,True,True,0.0,0.0,0.375,0.375,True,True,True,True,True,True,0.75
1.0,0.7,0.35,2.527e-05,0.2436,1.316901408450704e-10,0.0,1.316901408450704e-10,1.0,1.0,True,True,True,0.0,0.0,0.08450704225352046,0.08450704225352046,True,True,True,True,True,True,0.16901408450704092
1.0,0.7,0.4,2.527e-05,0.2436,1.2635135135135134e-10,0.0,1.2635135135135134e-10,1.0,1.0,True,True,True,0.0,0.0,0.18243243243243237,0.18243243243243237,True,True,True,True,True,True,0.36486486486486475
1.0,0.7,0.45,2.527e-05,0.2436,1.214285714285714e-10,0.0,1.214285714285714e-10,1.0,1.0,True,True,True,0.0,0.0,0.4285714285714297,0.4285714285714297,True,True,True,True,True,True,0.8571428571428594
1.0,0.7,0.5,2.527e-05,0.2436,1.1687499999999997e-10,0.0,1.1687499999999997e-10,1.0,1.0,True,True,True,0.0,0.0,0.656250000000001,0.656250000000001,True,True,True,True,True,True,1.312500000000002
1.0,0.7,0.55,2.527e-05,0.2436,1.1265060240963853e-10,0.0,1.1265060240963853e-10,1.0,1.0,True,True,True,0.0,0.0,0.8674698795180729,0.8674698795180729,True,True,True,True,True,True,1.7349397590361457
1.0,0.7,0.6,2.527e-05,0.2436,1.0872093023255813e-10,0.0,1.0872093023255813e-10,1.0,1.0,True,True,True,0.0,0.0,1.0639534883720931,1.0639534883720931,True,True,False,False,True,False,2.1279069767441863
1.0,0.7,0.65,2.527e-05,0.2436,1.0505617977528088e-10,0.0,1.0505617977528088e-10,1.0,1.0,True,True,True,0.0,0.0,1.2471910112359557,1.2471910112359557,True,True,False,False,True,False,2.4943820224719113
1.0,0.7,0.7,2.527e-05,0.2436,1.0163043478260869e-10,0.0,1.0163043478260869e-10,1.0,1.0,True,True,True,0.0,0.0,1.4184782608695652,1.4184782608695652,True,True,False,False,True,False,2.8369565217391304
1.0,0.8,0.0,2.527e-05,0.2436,1.98e-10,0.0,1.98e-10,1.0,1.0,True,True,True,0.0,0.0,3.4,3.4,True,True,False,False,True,False,6.8
1.0,0.8,0.05,2.527e-05,0.2436,1.8679245283018866e-10,0.0,1.8679245283018866e-10,1.0,1.0,True,True,True,0.0,0.0,2.8396226415094334,2.8396226415094334,True,True,False,False,True,False,5.679245283018867
1.0,0.8,0.1,2.527e-05,0.2436,1.7678571428571427e-10,0.0,1.7678571428571427e-10,1.0,1.0,True,True,True,0.0,0.0,2.339285714285714,2.339285714285714,True,True,False,False,True,False,4.678571428571428
1.0,0.8,0.15,2.527e-05,0.2436,1.6779661016949153e-10,0.0,1.6779661016949153e-10,1.0,1.0,True,True,True,0.0,0.0,1.889830508474577,1.889830508474577,True,True,False,False,True,False,3.779661016949154
1.0,0.8,0.2,2.527e-05,0.2436,1.596774193548387e-10,0.0,1.596774193548387e-10,1.0,1.0,True,True,True,0.0,0.0,1.4838709677419353,1.4838709677419353,True,True,False,False,True,False,2.9677419354838706
1.0,0.8,0.25,2.527e-05,0.2436,1.523076923076923e-10,0.0,1.523076923076923e-10,1.0,1.0,True,True,True,0.0,0.0,1.1153846153846152,1.1153846153846152,True,True,False,False,True,False,2.2307692307692304
1.0,0.8,0.3,2.527e-05,0.2436,1.4558823529411764e-10,0.0,1.4558823529411764e-10,1.0,1.0,True,True,True,0.0,0.0,0.7794117647058828,0.7794117647058828,True,True,True,True,True,True,1.5588235294117656
1.0,0.8,0.35,2.527e-05,0.2436,1.3943661971830985e-10,0.0,1.3943661971830985e-10,1.0,1.0,True,True,True,0.0,0.0,0.4718309859154928,0.4718309859154928,True,True,True,True,True,True,0.9436619718309855
1.0,0.8,0.4,2.527e-05,0.2436,1.3378378378378377e-10,0.0,1.3378378378378377e-10,1.0,1.0,True,True,True,0.0,0.0,0.18918918918918878,0.18918918918918878,True,True,True,True,True,True,0.37837837837837757
1.0,0.8,0.45,2.527e-05,0.2436,1.2857142857142857e-10,0.0,1.2857142857142857e-10,1.0,1.0,True,True,True,0.0,0.0,0.07142857142857119,0.07142857142857119,True,True,True,True,True,True,0.14285714285714238
1.0,0.8,0.5,2.527e-05,0.2436,1.2374999999999999e-10,0.0,1.2374999999999999e-10,1.0,1.0,True,True,True,0.0,0.0,0.3125000000000002,0.3125000000000002,True,True,True,True,True,True,0.6250000000000004
1.0,0.8,0.55,2.527e-05,0.2436,1.1927710843373493e-10,0.0,1.1927710843373493e-10,1.0,1.0,True,True,True,0.0,0.0,0.536144578313253,0.536144578313253,True,True,True,True,True,True,1.072289156626506
1.0,0.8,0.6,2.527e-05,0.2436,1.1511627906976744e-10,0.0,1.1511627906976744e-10,1.0,1.0,True,True,True,0.0,0.0,0.7441860465116276,0.7441860465116276,True,True,True,True,True,True,1.4883720930232551
1.0,0.8,0.65,2.527e-05,0.2436,1.1123595505617976e-10,0.0,1.1123595505617976e-10,1.0,1.0,True,True,True,0.0,0.0,0.9382022471910115,0.9382022471910115,True,True,True,True,True,True,1.876404494382023
1.0,0.8,0.7,2.527e-05,0.2436,1.0760869565217391e-10,0.0,1.0760869565217391e-10,1.0,1.0,True,True,True,0.0,0.0,1.119565217391304,1.119565217391304,True,True,False,False,True,False,2.239130434782608
1.0,0.9,0.0,2.527e-05,0.2436,2.0899999999999998e-10,0.0,2.0899999999999998e-10,1.0,1.0,True,True,True,0.0,0.0,3.9499999999999997,3.9499999999999997,True,True,False,False,True,False,7.8999999999999995
1.0,0.9,0.05,2.527e-05,0.2436,1.971698113207547e-10,0.0,1.971698113207547e-10,1.0,1.0,True,True,True,0.0,0.0,3.358490566037735,3.358490566037735,True,True,False,False,True,False,6.71698113207547
1.0,0.9,0.1,2.527e-05,0.2436,1.866071428571428e-10,0.0,1.866071428571428e-10,1.0,1.0,True,True,True,0.0,0.0,2.830357142857141,2.830357142857141,True,True,False,False,True,False,5.660714285714282
1.0,0.9,0.15,2.527e-05,0.2436,1.771186440677966e-10,0.0,1.771186440677966e-10,1.0,1.0,True,True,True,0.0,0.0,2.3559322033898304,2.3559322033898304,True,True,False,False,True,False,4.711864406779661
1.0,0.9,0.2,2.527e-05,0.2436,1.6854838709677417e-10,0.0,1.6854838709677417e-10,1.0,1.0,True,True,True,0.0,0.0,1.927419354838709,1.927419354838709,True,True,False,False,True,False,3.854838709677418
1.0,0.9,0.25,2.527e-05,0.2436,1.6076923076923075e-10,0.0,1.6076923076923075e-10,1.0,1.0,True,True,True,0.0,0.0,1.5384615384615383,1.5384615384615383,True,True,False,False,True,False,3.0769230769230766
1.0,0.9,0.3,2.527e-05,0.2436,1.536764705882353e-10,0.0,1.536764705882353e-10,1.0,1.0,True,True,True,0.0,0.0,1.1838235294117654,1.1838235294117654,True,True,False,False,True,False,2.3676470588235308
1.0,0.9,0.35,2.527e-05,0.2436,1.471830985915493e-10,0.0,1.471830985915493e-10,1.0,1.0,True,True,True,0.0,0.0,0.8591549295774651,0.8591549295774651,True,True,True,True,True,True,1.7183098591549302
1.0,0.9,0.4,2.527e-05,0.2436,1.412162162162162e-10,0.0,1.412162162162162e-10,1.0,1.0,True,True,True,0.0,0.0,0.56081081081081,0.56081081081081,True,True,True,True,True,True,1.12162162162162
1.0,0.9,0.45,2.527e-05,0.2436,1.3571428571428569e-10,0.0,1.3571428571428569e-10,1.0,1.0,True,True,True,0.0,0.0,0.28571428571428475,0.28571428571428475,True,True,True,True,True,True,0.5714285714285695
1.0,0.9,0.5,2.527e-05,0.2436,1.3062499999999998e-10,0.0,1.3062499999999998e-10,1.0,1.0,True,True,True,0.0,0.0,0.031249999999999247,0.031249999999999247,True,True,True,True,True,True,0.062499999999998494
1.0,0.9,0.55,2.527e-05,0.2436,1.259036144578313e-10,0.0,1.259036144578313e-10,1.0,1.0,True,True,True,0.0,0.0,0.204819277108435,0.204819277108435,True,True,True,True,True,True,0.40963855421687
1.0,0.9,0.6,2.527e-05,0.2436,1.2151162790697673e-10,0.0,1.2151162790697673e-10,1.0,1.0,True,True,True,0.0,0.0,0.4244186046511632,0.4244186046511632,True,True,True,True,True,True,0.8488372093023264
1.0,0.9,0.65,2.527e-05,0.2436,1.1741573033707863e-10,0.0,1.1741573033707863e-10,1.0,1.0,True,True,True,0.0,0.0,0.6292134831460681,0.6292134831460681,True,True,True,True,True,True,1.2584269662921361
1.0,0.9,0.7,2.527e-05,0.2436,1.1358695652173912e-10,0.0,1.1358695652173912e-10,1.0,1.0,True,True,True,0.0,0.0,0.8206521739130433,0.8206521739130433,True,True,True,True,True,True,1.6413043478260867
1.0,1.0,0.0,2.527e-05,0.2436,2.2e-10,0.0,2.2e-10,1.0,1.0,True,True,True,0.0,0.0,4.5,4.5,True,True,False,False,True,False,9.0
1.0,1.0,0.05,2.527e-05,0.2436,2.0754716981132073e-10,0.0,2.0754716981132073e-10,1.0,1.0,True,True,True,0.0,0.0,3.877358490566037,3.877358490566037,True,True,False,False,True,False,7.754716981132074
1.0,1.0,0.1,2.527e-05,0.2436,1.964285714285714e-10,0.0,1.964285714285714e-10,1.0,1.0,True,True,True,0.0,0.0,3.3214285714285703,3.3214285714285703,True,True,False,False,True,False,6.642857142857141
1.0,1.0,0.15,2.527e-05,0.2436,1.864406779661017e-10,0.0,1.864406779661017e-10,1.0,1.0,True,True,True,0.0,0.0,2.822033898305085,2.822033898305085,True,True,False,False,True,False,5.64406779661017
1.0,1.0,0.2,2.527e-05,0.2436,1.7741935483870967e-10,0.0,1.7741935483870967e-10,1.0,1.0,True,True,True,0.0,0.0,2.370967741935484,2.370967741935484,True,True,False,False,True,False,4.741935483870968
1.0,1.0,0.25,2.527e-05,0.2436,1.6923076923076922e-10,0.0,1.6923076923076922e-10,1.0,1.0,True,True,True,0.0,0.0,1.9615384615384615,1.9615384615384615,True,True,False,False,True,False,3.923076923076923
1.0,1.0,0.3,2.527e-05,0.2436,1.6176470588235295e-10,0.0,1.6176470588235295e-10,1.0,1.0,True,True,True,0.0,0.0,1.5882352941176483,1.5882352941176483,True,True,False,False,True,False,3.1764705882352966
1.0,1.0,0.35,2.527e-05,0.2436,1.5492957746478874e-10,0.0,1.5492957746478874e-10,1.0,1.0,True,True,True,0.0,0.0,1.2464788732394374,1.2464788732394374,True,True,False,False,True,False,2.492957746478875
1.0,1.0,0.4,2.527e-05,0.2436,1.4864864864864864e-10,0.0,1.4864864864864864e-10,1.0,1.0,True,True,True,0.0,0.0,0.9324324324324325,0.9324324324324325,True,True,True,True,True,True,1.864864864864865
1.0,1.0,0.45,2.527e-05,0.2436,1.4285714285714285e-10,0.0,1.4285714285714285e-10,1.0,1.0,True,True,True,0.0,0.0,0.6428571428571432,0.6428571428571432,True,True,True,True,True,True,1.2857142857142865
1.0,1.0,0.5,2.527e-05,0.2436,1.375e-10,0.0,1.375e-10,1.0,1.0,True,True,True,0.0,0.0,0.375,0.375,True,True,True,True,True,True,0.75
1.0,1.0,0.55,2.527e-05,0.2436,1.325301204819277e-10,0.0,1.325301204819277e-10,1.0,1.0,True,True,True,0.0,0.0,0.12650602409638556,0.12650602409638556,True,True,True,True,True,True,0.2530120481927711
1.0,1.0,0.6,2.527e-05,0.2436,1.2790697674418605e-10,0.0,1.2790697674418605e-10,1.0,1.0,True,True,True,0.0,0.0,0.10465116279069687,0.10465116279069687,True,True,True,True,True,True,0.20930232558139375
1.0,1.0,0.65,2.527e-05,0.2436,1.235955056179775e-10,0.0,1.235955056179775e-10,1.0,1.0,True,True,True,0.0,0.0,0.32022471910112393,0.32022471910112393,True,True,True,True,True,True,0.6404494382022479
1.0,1.0,0.7,2.527e-05,0.2436,1.1956521739130436e-10,0.0,1.1956521739130436e-10,1.0,1.0,True,True,True,0.0,0.0,0.5217391304347816,0.5217391304347816,True,True,True,True,True,True,1.0434782608695632
1.0,1.1,0.0,2.527e-05,0.2436,2.31e-10,0.0,2.31e-10,1.0,1.0,True,True,True,0.0,0.0,5.050000000000001,5.050000000000001,True,True,False,False,True,False,10.100000000000001
1.0,1.1,0.05,2.527e-05,0.2436,2.179245283018868e-10,0.0,2.179245283018868e-10,1.0,1.0,True,True,True,0.0,0.0,4.39622641509434,4.39622641509434,True,True,False,False,True,False,8.79245283018868
1.0,1.1,0.1,2.527e-05,0.2436,2.0624999999999999e-10,0.0,2.0624999999999999e-10,1.0,1.0,True,True,True,0.0,0.0,3.8125,3.8125,True,True,False,False,True,False,7.625
1.0,1.1,0.15,2.527e-05,0.2436,1.957627118644068e-10,0.0,1.957627118644068e-10,1.0,1.0,True,True,True,0.0,0.0,3.28813559322034,3.28813559322034,True,True,False,False,True,False,6.57627118644068
1.0,1.1,0.2,2.527e-05,0.2436,1.8629032258064517e-10,0.0,1.8629032258064517e-10,1.0,1.0,True,True,True,0.0,0.0,2.8145161290322593,2.8145161290322593,True,True,False,False,True,False,5.629032258064519
1.0,1.1,0.25,2.527e-05,0.2436,1.7769230769230768e-10,0.0,1.7769230769230768e-10,1.0,1.0,True,True,True,0.0,0.0,2.3846153846153846,2.3846153846153846,True,True,False,False,True,False,4.769230769230769
1.0,1.1,0.3,2.527e-05,0.2436,1.698529411764706e-10,0.0,1.698529411764706e-10,1.0,1.0,True,True,True,0.0,0.0,1.992647058823531,1.992647058823531,True,True,False,False,True,False,3.985294117647062
1.0,1.1,0.35,2.527e-05,0.2436,1.6267605633802818e-10,0.0,1.6267605633802818e-10,1.0,1.0,True,True,True,0.0,0.0,1.6338028169014098,1.6338028169014098,True,True,False,False,True,False,3.2676056338028197
1.0,1.1,0.4,2.527e-05,0.2436,1.5608108108108109e-10,0.0,1.5608108108108109e-10,1.0,1.0,True,True,True,0.0,0.0,1.3040540540540548,1.3040540540540548,True,True,False,False,True,False,2.6081081081081097
1.0,1.1,0.45,2.527e-05,0.2436,1.5e-10,0.0,1.5e-10,1.0,1.0,True,True,True,0.0,0.0,1.0000000000000004,1.0000000000000004,True,True,False,False,True,False,2.000000000000001
1.0,1.1,0.5,2.527e-05,0.2436,1.44375e-10,0.0,1.44375e-10,1.0,1.0,True,True,True,0.0,0.0,0.7187500000000008,0.7187500000000008,True,True,True,True,True,True,1.4375000000000016
1.0,1.1,0.55,2.527e-05,0.2436,1.3915662650602409e-10,0.0,1.3915662650602409e-10,1.0,1.0,True,True,True,0.0,0.0,0.45783132530120485,0.45783132530120485,True,True,True,True,True,True,0.9156626506024097
1.0,1.1,0.6,2.527e-05,0.2436,1.3430232558139535e-10,0.0,1.3430232558139535e-10,1.0,1.0,True,True,True,0.0,0.0,0.21511627906976816,0.21511627906976816,True,True,True,True,True,True,0.4302325581395363
1.0,1.1,0.65,2.527e-05,0.2436,1.297752808988764e-10,0.0,1.297752808988764e-10,1.0,1.0,True,True,True,0.0,0.0,0.01123595505617981,0.01123595505617981,True,True,True,True,True,True,0.02247191011235962
1.0,1.1,0.7,2.527e-05,0.2436,1.2554347826086957e-10,0.0,1.2554347826086957e-10,1.0,1.0,True,True,True,0.0,0.0,0.22282608695652104,0.22282608695652104,True,True,True,True,True,True,0.44565217391304207
1.0,1.2,0.0,2.527e-05,0.2436,2.42e-10,0.0,2.42e-10,1.0,1.0,True,True,True,0.0,0.0,5.6000000000000005,5.6000000000000005,True,True,False,False,True,False,11.200000000000001
1.0,1.2,0.05,2.527e-05,0.2436,2.2830188679245282e-10,0.0,2.2830188679245282e-10,1.0,1.0,True,True,True,0.0,0.0,4.915094339622642,4.915094339622642,True,True,False,False,True,False,9.830188679245284
1.0,1.2,0.1,2.527e-05,0.2436,2.1607142857142855e-10,0.0,2.1607142857142855e-10,1.0,1.0,True,True,True,0.0,0.0,4.303571428571428,4.303571428571428,True,True,False,False,True,False,8.607142857142856
1.0,1.2,0.15,2.527e-05,0.2436,2.0508474576271186e-10,0.0,2.0508474576271186e-10,1.0,1.0,True,True,True,0.0,0.0,3.7542372881355934,3.7542372881355934,True,True,False,False,True,False,7.508474576271187
1.0,1.2,0.2,2.527e-05,0.2436,1.9516129032258065e-10,0.0,1.9516129032258065e-10,1.0,1.0,True,True,True,0.0,0.0,3.258064516129033,3.258064516129033,True,True,False,False,True,False,6.516129032258066
1.0,1.2,0.25,2.527e-05,0.2436,1.8615384615384614e-10,0.0,1.8615384615384614e-10,1.0,1.0,True,True,True,0.0,0.0,2.807692307692308,2.807692307692308,True,True,False,False,True,False,5.615384615384616
1.0,1.2,0.3,2.527e-05,0.2436,1.7794117647058824e-10,0.0,1.7794117647058824e-10,1.0,1.0,True,True,True,0.0,0.0,2.3970588235294126,2.3970588235294126,True,True,False,False,True,False,4.794117647058825
1.0,1.2,0.35,2.527e-05,0.2436,1.704225352112676e-10,0.0,1.704225352112676e-10,1.0,1.0,True,True,True,0.0,0.0,2.021126760563381,2.021126760563381,True,True,False,False,True,False,4.042253521126762
1.0,1.2,0.4,2.527e-05,0.2436,1.635135135135135e-10,0.0,1.635135135135135e-10,1.0,1.0,True,True,True,0.0,0.0,1.675675675675676,1.675675675675676,True,True,False,False,True,False,3.351351351351352
1.0,1.2,0.45,2.527e-05,0.2436,1.5714285714285714e-10,0.0,1.5714285714285714e-10,1.0,1.0,True,True,True,0.0,0.0,1.3571428571428577,1.3571428571428577,True,True,False,False,True,False,2.7142857142857153
1.0,1.2,0.5,2.527e-05,0.2436,1.5125e-10,0.0,1.5125e-10,1.0,1.0,True,True,True,0.0,0.0,1.0625000000000002,1.0625000000000002,True,True,False,False,True,False,2.1250000000000004
1.0,1.2,0.55,2.527e-05,0.2436,1.4578313253012047e-10,0.0,1.4578313253012047e-10,1.0,1.0,True,True,True,0.0,0.0,0.7891566265060241,0.7891566265060241,True,True,True,True,True,True,1.5783132530120483
1.0,1.2,0.6,2.527e-05,0.2436,1.4069767441860465e-10,0.0,1.4069767441860465e-10,1.0,1.0,True,True,True,0.0,0.0,0.5348837209302332,0.5348837209302332,True,True,True,True,True,True,1.0697674418604664
1.0,1.2,0.65,2.527e-05,0.2436,1.3595505617977528e-10,0.0,1.3595505617977528e-10,1.0,1.0,True,True,True,0.0,0.0,0.29775280898876433,0.29775280898876433,True,True,True,True,True,True,0.5955056179775287
1.0,1.2,0.7,2.527e-05,0.2436,1.3152173913043478e-10,0.0,1.3152173913043478e-10,1.0,1.0,True,True,True,0.0,0.0,0.0760869565217395,0.0760869565217395,True,True,True,True,True,True,0.152173913043479
1.05,0.0,0.0,2.5263682500000002e-05,0.24365,1.1165000000000001e-10,0.0,1.1165000000000001e-10,1.01,1.0150000000000001,True,True,True,0.021058333333326993,0.012499999999998623,0.9174999999999991,0.9174999999999991,True,True,True,True,True,True,1.8685583333333238
1.05,0.0,0.05,2.5263682500000002e-05,0.24365,1.0533018867924528e-10,0.0,1.0533018867924528e-10,1.01,1.0150000000000001,True,True,True,0.021058333333326993,0.012499999999998623,1.2334905660377353,1.2334905660377353,True,True,False,False,True,False,2.5005394654087962
1.05,0.0,0.1,2.5263682500000002e-05,0.24365,9.96875e-11,0.0,9.96875e-11,1.01,1.0150000000000001,True,True,True,0.021058333333326993,0.012499999999998623,1.5156249999999998,1.5156249999999998,True,True,False,False,True,False,3.064808333333325
1.05,0.0,0.15,2.5263682500000002e-05,0.24365,9.461864406779663e-11,0.0,9.461864406779663e-11,1.01,1.0150000000000001,True,True,True,0.021058333333326993,0.012499999999998623,1.7690677966101684,1.7690677966101684,True,True,False,False,True,False,3.5716939265536625
1.05,0.0,0.2,2.5263682500000002e-05,0.24365,9.004032258064517e-11,0.0,9.004032258064517e-11,1.01,1.0150000000000001,True,True,True,0.021058333333326993,0.012499999999998623,1.9979838709677413,1.9979838709677413,True,True,False,False,True,False,4.029526075268809
1.05,0.0,0.25,2.5263682500000002e-05,0.24365,8.588461538461538e-11,0.0,8.588461538461538e-11,1.01,1.0150000000000001,True,True,True,0.021058333333326993,0.012499999999998623,2.2057692307692305,2.2057692307692305,True,True,False,False,True,False,4.4450967948717865
1.05,0.0,0.3,2.5263682500000002e-05,0.24365,8.209558823529413e-11,0.0,8.209558823529413e-11,1.01,1.0150000000000001,True,True,True,0.021058333333326993,0.012499999999998623,2.395220588235293,2.395220588235293,True,True,False,False,True,False,4.823999509803912
1.05,0.0,0.35,2.5263682500000002e-05,0.24365,7.862676056338029e-11,0.0,7.862676056338029e-11,1.01,1.0150000000000001,True,True,True,0.021058333333326993,0.012499999999998623,2.568661971830985,2.568661971830985,True,True,False,False,True,False,5.170882276995296
1.05,0.0,0.4,2.5263682500000002e-05,0.24365,7.54391891891892e-11,0.0,7.54391891891892e-11,1.01,1.0150000000000001,True,True,True,0.021058333333326993,0.012499999999998623,2.72804054054054,2.72804054054054,True,True,False,False,True,False,5.489639414414405
1.05,0.0,0.45,2.5263682500000002e-05,0.24365,7.250000000000001e-11,0.0,7.250000000000001e-11,1.01,1.0150000000000001,True,True,True,0.021058333333326993,0.012499999999998623,2.874999999999999,2.874999999999999,True,True,False,False,True,False,5.783558333333324
1.05,0.0,0.5,2.5263682500000002e-05,0.24365,6.978125e-11,0.0,6.978125e-11,1.01,1.0150000000000001,True,True,True,0.021058333333326993,0.012499999999998623,3.0109375,3.0109375,True,True,False,False,True,False,6.055433333333325
1.05,0.0,0.55,2.5263682500000002e-05,0.24365,6.725903614457832e-11,0.0,6.725903614457832e-11,1.01,1.0150000000000001,True,True,True,0.021058333333326993,0.012499999999998623,3.1370481927710836,3.1370481927710836,True,True,False,False,True,False,6.307654718875493
1.05,0.0,0.6,2.5263682500000002e-05,0.24365,6.491279069767443e-11,0.0,6.491279069767443e-11,1.01,1.0150000000000001,True,True,True,0.021058333333326993,0.012499999999998623,3.254360465116278,3.254360465116278,True,True,False,False,True,False,6.542279263565882
1.05,0.0,0.65,2.5263682500000002e-05,0.24365,6.27247191011236e-11,0.0,6.27247191011236e-11,1.01,1.0150000000000001,True,True,True,0.021058333333326993,0.012499999999998623,3.3637640449438195,3.3637640449438195,True,True,False,False,True,False,6.761086423220965
1.05,0.0,0.7,2.5263682500000002e-05,0.24365,6.067934782608697e-11,0.0,6.067934782608697e-11,1.01,1.0150000000000001,True,True,True,0.021058333333326993,0.012499999999998623,3.466032608695651,3.466032608695651,True,True,False,False,True,False,6.965623550724628
1.05,0.1,0.0,2.5263682500000002e-05,0.24365,1.2281500000000003e-10,0.0,1.2281500000000003e-10,1.01,1.0150000000000001,True,True,True,0.021058333333326993,0.012499999999998623,0.359249999999998,0.359249999999998,True,True,True,True,True,True,0.7520583333333217
1.05,0.1,0.05,2.5263682500000002e-05,0.24365,1.1586320754716984e-10,0.0,1.1586320754716984e-10,1.01,1.0150000000000001,True,True,True,0.021058333333326993,0.012499999999998623,0.7068396226415076,0.7068396226415076,True,True,True,True,True,True,1.4472375786163407
1.05,0.1,0.1,2.5263682500000002e-05,0.24365,1.0965625000000002e-10,0.0,1.0965625000000002e-10,1.01,1.0150000000000001,True,True,True,0.021058333333326993,0.012499999999998623,1.0171874999999986,1.0171874999999986,True,True,False,False,True,False,2.0679333333333227
1.05,0.1,0.15,2.5263682500000002e-05,0.24365,1.040805084745763e-10,0.0,1.040805084745763e-10,1.01,1.0150000000000001,True,True,True,0.021058333333326993,0.012499999999998623,1.2959745762711845,1.2959745762711845,True,True,False,False,True,False,2.6255074858756946
1.05,0.1,0.2,2.5263682500000002e-05,0.24365,9.904435483870971e-11,0.0,9.904435483870971e-11,1.01,1.0150000000000001,True,True,True,0.021058333333326993,0.012499999999998623,1.5477822580645142,1.5477822580645142,True,True,False,False,True,False,3.129122849462354
1.05,0.1,0.25,2.5263682500000002e-05,0.24365,9.447307692307694e-11,0.0,9.447307692307694e-11,1.01,1.0150000000000001,True,True,True,0.021058333333326993,0.012499999999998623,1.7763461538461525,1.7763461538461525,True,True,False,False,True,False,3.5862506410256305
1.05,0.1,0.3,2.5263682500000002e-05,0.24365,9.030514705882356e-11,0.0,9.030514705882356e-11,1.01,1.0150000000000001,True,True,True,0.021058333333326993,0.012499999999998623,1.9847426470588216,1.9847426470588216,True,True,False,False,True,False,4.003043627450969
1.05,0.1,0.35,2.5263682500000002e-05,0.24365,8.648943661971834e-11,0.0,8.648943661971834e-11,1.01,1.0150000000000001,True,True,True,0.021058333333326993,0.012499999999998623,2.1755281690140826,2.1755281690140826,True,True,False,False,True,False,4.384614671361491
1.05,0.1,0.4,2.5263682500000002e-05,0.24365,8.298310810810813e-11,0.0,8.298310810810813e-11,1.01,1.0150000000000001,True,True,True,0.021058333333326993,0.012499999999998623,2.350844594594593,2.350844594594593,True,True,False,False,True,False,4.735247522522512
1.05,0.1,0.45,2.5263682500000002e-05,0.24365,7.975000000000002e-11,0.0,7.975000000000002e-11,1.01,1.0150000000000001,True,True,True,0.021058333333326993,0.012499999999998623,2.5124999999999984,2.5124999999999984,True,True,False,False,True,False,5.058558333333322
1.05,0.1,0.5,2.5263682500000002e-05,0.24365,7.675937500000001e-11,0.0,7.675937500000001e-11,1.01,1.0150000000000001,True,True,True,0.021058333333326993,0.012499999999998623,2.662031249999999,2.662031249999999,True,True,False,False,True,False,5.357620833333324
1.05,0.1,0.55,2.5263682500000002e-05,0.24365,7.398493975903616e-11,0.0,7.398493975903616e-11,1.01,1.0150000000000001,True,True,True,0.021058333333326993,0.012499999999998623,2.800753012048192,2.800753012048192,True,True,False,False,True,False,5.63506435742971
1.05,0.1,0.6,2.5263682500000002e-05,0.24365,7.140406976744188e-11,0.0,7.140406976744188e-11,1.01,1.0150000000000001,True,True,True,0.021058333333326993,0.012499999999998623,2.9297965116279054,2.9297965116279054,True,True,False,False,True,False,5.8931513565891365
1.05,0.1,0.65,2.5263682500000002e-05,0.24365,6.899719101123598e-11,0.0,6.899719101123598e-11,1.01,1.0150000000000001,True,True,True,0.021058333333326993,0.012499999999998623,3.0501404494382007,3.0501404494382007,True,True,False,False,True,False,6.133839232209727
1.05,0.1,0.7,2.5263682500000002e-05,0.24365,6.674728260869568e-11,0.0,6.674728260869568e-11,1.01,1.0150000000000001,True,True,True,0.021058333333326993,0.012499999999998623,3.162635869565216,3.162635869565216,True,True,False,False,True,False,6.358830072463758
1.05,0.2,0.0,2.5263682500000002e-05,0.24365,1.3398e-10,0.0,1.3398e-10,1.01,1.0150000000000001,True,True,True,0.021058333333326993,0.012499999999998623,0.1990000000000011,0.1990000000000011,True,True,True,True,True,True,0.4315583333333278
1.05,0.2,0.05,2.5263682500000002e-05,0.24365,1.2639622641509436e-10,0.0,1.2639622641509436e-10,1.01,1.0150000000000001,True,True,True,0.021058333333326993,0.012499999999998623,0.1801886792452817,0.1801886792452817,True,True,True,True,True,True,0.393935691823889
1.05,0.2,0.1,2.5263682500000002e-05,0.24365,1.19625e-10,0.0,1.19625e-10,1.01,1.0150000000000001,True,True,True,0.021058333333326993,0.012499999999998623,0.5187500000000002,0.5187500000000002,True,True,True,True,True,True,1.071058333333326
1.05,0.2,0.15,2.5263682500000002e-05,0.24365,1.1354237288135594e-10,0.0,1.1354237288135594e-10,1.01,1.0150000000000001,True,True,True,0.021058333333326993,0.012499999999998623,0.8228813559322025,0.8228813559322025,True,True,True,True,True,True,1.6793210451977305
1.05,0.2,0.2,2.5263682500000002e-05,0.24365,1.0804838709677421e-10,0.0,1.0804838709677421e-10,1.01,1.0150000000000001,True,True,True,0.021058333333326993,0.012499999999998623,1.097580645161289,1.097580645161289,True,True,False,False,True,False,2.2287196236559037
1.05,0.2,0.25,2.5263682500000002e-05,0.24365,1.0306153846153846e-10,0.0,1.0306153846153846e-10,1.01,1.0150000000000001,True,True,True,0.021058333333326993,0.012499999999998623,1.3469230769230764,1.3469230769230764,True,True,False,False,True,False,2.7274044871794785
1.05,0.2,0.3,2.5263682500000002e-05,0.24365,9.851470588235296e-11,0.0,9.851470588235296e-11,1.01,1.0150000000000001,True,True,True,0.021058333333326993,0.012499999999998623,1.5742647058823513,1.5742647058823513,True,True,False,False,True,False,3.1820877450980283
1.05,0.2,0.35,2.5263682500000002e-05,0.24365,9.435211267605635e-11,0.0,9.435211267605635e-11,1.01,1.0150000000000001,True,True,True,0.021058333333326993,0.012499999999998623,1.7823943661971822,1.7823943661971822,True,True,False,False,True,False,3.59834706572769
1.05,0.2,0.4,2.5263682500000002e-05,0.24365,9.052702702702703e-11,0.0,9.052702702702703e-11,1.01,1.0150000000000001,True,True,True,0.021058333333326993,0.012499999999998623,1.973648648648648,1.973648648648648,True,True,False,False,True,False,3.9808556306306215
1.05,0.2,0.45,2.5263682500000002e-05,0.24365,8.700000000000001e-11,0.0,8.700000000000001e-11,1.01,1.0150000000000001,True,True,True,0.021058333333326993,0.012499999999998623,2.149999999999999,2.149999999999999,True,True,False,False,True,False,4.333558333333324
1.05,0.2,0.5,2.5263682500000002e-05,0.24365,8.37375e-11,0.0,8.37375e-11,1.01,1.0150000000000001,True,True,True,0.021058333333326993,0.012499999999998623,2.3131249999999994,2.3131249999999994,True,True,False,False,True,False,4.6598083333333244
1.05,0.2,0.55,2.5263682500000002e-05,0.24365,8.071084337349398e-11,0.0,8.071084337349398e-11,1.01,1.0150000000000001,True,True,True,0.021058333333326993,0.012499999999998623,2.4644578313253005,2.4644578313253005,True,True,False,False,True,False,4.962473995983927
1.05,0.2,0.6,2.5263682500000002e-05,0.24365,7.789534883720931e-11,0.0,7.789534883720931e-11,1.01,1.0150000000000001,True,True,True,0.021058333333326993,0.012499999999998623,2.605232558139534,2.605232558139534,True,True,False,False,True,False,5.244023449612394
1.05,0.2,0.65,2.5263682500000002e-05,0.24365,7.526966292134831e-11,0.0,7.526966292134831e-11,1.01,1.0150000000000001,True,True,True,0.021058333333326993,0.012499999999998623,2.736516853932584,2.736516853932584,True,True,False,False,True,False,5.506592041198494
1.05,0.2,0.7,2.5263682500000002e-05,0.24365,7.281521739130437e-11,0.0,7.281521739130437e-11,1.01,1.0150000000000001,True,True,True,0.021058333333326993,0.012499999999998623,2.8592391304347813,2.8592391304347813,True,True,False,False,True,False,5.752036594202888
1.05,0.3,0.0,2.5263682500000002e-05,0.24365,1.4514500000000002e-10,0.0,1.4514500000000002e-10,1.01,1.0150000000000001,True,True,True,0.021058333333326993,0.012499999999998623,0.7572500000000015,0.7572500000000015,True,True,True,True,True,True,1.5480583333333287
1.05,0.3,0.05,2.5263682500000002e-05,0.24365,1.3692924528301887e-10,0.0,1.3692924528301887e-10,1.01,1.0150000000000001,True,True,True,0.021058333333326993,0.012499999999998623,0.34646226415094417,0.34646226415094417,True,True,True,True,True,True,0.7264828616352139
1.05,0.3,0.1,2.5263682500000002e-05,0.24365,1.2959375e-10,0.0,1.2959375e-10,1.01,1.0150000000000001,True,True,True,0.021058333333326993,0.012499999999998623,0.020312499999999768,0.020312499999999768,True,True,True,True,True,True,0.07418333333332515
1.05,0.3,0.15,2.5263682500000002e-05,0.24365,1.2300423728813562e-10,0.0,1.2300423728813562e-10,1.01,1.0150000000000001,True,True,True,0.021058333333326993,0.012499999999998623,0.3497881355932185,0.3497881355932185,True,True,True,True,True,True,0.7331346045197626
1.05,0.3,0.2,2.5263682500000002e-05,0.24365,1.1705241935483872e-10,0.0,1.1705241935483872e-10,1.01,1.0150000000000001,True,True,True,0.021058333333326993,0.012499999999998623,0.6473790322580634,0.6473790322580634,True,True,True,True,True,True,1.3283163978494523
1.05,0.3,0.25,2.5263682500000002e-05,0.24365,1.1165000000000001e-10,0.0,1.1165000000000001e-10,1.01,1.0150000000000001,True,True,True,0.021058333333326993,0.012499999999998623,0.9174999999999991,0.9174999999999991,True,True,True,True,True,True,1.8685583333333238
1.05,0.3,0.3,2.5263682500000002e-05,0.24365,1.0672426470588238e-10,0.0,1.0672426470588238e-10,1.01,1.0150000000000001,True,True,True,0.021058333333326993,0.012499999999998623,1.1637867647058804,1.1637867647058804,True,True,False,False,True,False,2.3611318627450864
1.05,0.3,0.35,2.5263682500000002e-05,0.24365,1.0221478873239439e-10,0.0,1.0221478873239439e-10,1.01,1.0150000000000001,True,True,True,0.021058333333326993,0.012499999999998623,1.3892605633802804,1.3892605633802804,True,True,False,False,True,False,2.8120794600938863
1.05,0.3,0.4,2.5263682500000002e-05,0.24365,9.807094594594596e-11,0.0,9.807094594594596e-11,1.01,1.0150000000000001,True,True,True,0.021058333333326993,0.012499999999998623,1.5964527027027013,1.5964527027027013,True,True,False,False,True,False,3.2264637387387283
1.05,0.3,0.45,2.5263682500000002e-05,0.24365,9.425000000000001e-11,0.0,9.425000000000001e-11,1.01,1.0150000000000001,True,True,True,0.021058333333326993,0.012499999999998623,1.7874999999999992,1.7874999999999992,True,True,False,False,True,False,3.608558333333324
1.05,0.3,0.5,2.5263682500000002e-05,0.24365,9.071562500000001e-11,0.0,9.071562500000001e-11,1.01,1.0150000000000001,True,True,True,0.021058333333326993,0.012499999999998623,1.964218749999999,1.964218749999999,True,True,False,False,True,False,3.9619958333333236
1.05,0.3,0.55,2.5263682500000002e-05,0.24365,8.743674698795182e-11,0.0,8.743674698795182e-11,1.01,1.0150000000000001,True,True,True,0.021058333333326993,0.012499999999998623,2.128162650602409,2.128162650602409,True,True,False,False,True,False,4.2898836345381435
1.05,0.3,0.6,2.5263682500000002e-05,0.24365,8.438662790697675e-11,0.0,8.438662790697675e-11,1.01,1.0150000000000001,True,True,True,0.021058333333326993,0.012499999999998623,2.280668604651162,2.280668604651162,True,True,False,False,True,False,4.5948955426356495
1.05,0.3,0.65,2.5263682500000002e-05,0.24365,8.154213483146068e-11,0.0,8.154213483146068e-11,1.01,1.0150000000000001,True,True,True,0.021058333333326993,0.012499999999998623,2.422893258426966,2.422893258426966,True,True,False,False,True,False,4.879344850187257
1.05,0.3,0.7,2.5263682500000002e-05,0.24365,7.888315217391306e-11,0.0,7.888315217391306e-11,1.01,1.0150000000000001,True,True,True,0.021058333333326993,0.012499999999998623,2.555842391304347,2.555842391304347,True,True,False,False,True,False,5.145243115942019
1.05,0.4,0.0,2.5263682500000002e-05,0.24365,1.5631e-10,0.0,1.5631e-10,1.01,1.0150000000000001,True,True,True,0.021058333333326993,0.012499999999998623,1.3155000000000006,1.3155000000000006,True,True,False,False,True,False,2.6645583333333267
1.05,0.4,0.05,2.5263682500000002e-05,0.24365,1.474622641509434e-10,0.0,1.474622641509434e-10,1.01,1.0150000000000001,True,True,True,0.021058333333326993,0.012499999999998623,0.87311320754717,0.87311320754717,True,True,True,True,True,True,1.7797847484276657
1.05,0.4,0.1,2.5263682500000002e-05,0.24365,1.3956249999999998e-10,0.0,1.3956249999999998e-10,1.01,1.0150000000000001,True,True,True,0.021058333333326993,0.012499999999998623,0.47812499999999936,0.47812499999999936,True,True,True,True,True,True,0.9898083333333243
1.05,0.4,0.15,2.5263682500000002e-05,0.24365,1.3246610169491526e-10,0.0,1.3246610169491526e-10,1.01,1.0150000000000001,True,True,True,0.021058333333326993,0.012499999999998623,0.1233050847457635,0.1233050847457635,True,True,True,True,True,True,0.2801685028248526
1.05,0.4,0.2,2.5263682500000002e-05,0.24365,1.2605645161290322e-10,0.0,1.2605645161290322e-10,1.01,1.0150000000000001,True,True,True,0.021058333333326993,0.012499999999998623,0.1971774193548383,0.1971774193548383,True,True,True,True,True,True,0.42791317204300217
1.05,0.4,0.25,2.5263682500000002e-05,0.24365,1.2023846153846154e-10,0.0,1.2023846153846154e-10,1.01,1.0150000000000001,True,True,True,0.021058333333326993,0.012499999999998623,0.4880769230769224,0.4880769230769224,True,True,True,True,True,True,1.0097121794871704
1.05,0.4,0.3,2.5263682500000002e-05,0.24365,1.1493382352941177e-10,0.0,1.1493382352941177e-10,1.01,1.0150000000000001,True,True,True,0.021058333333326993,0.012499999999998623,0.7533088235294109,0.7533088235294109,True,True,True,True,True,True,1.5401759803921473
1.05,0.4,0.35,2.5263682500000002e-05,0.24365,1.100774647887324e-10,0.0,1.100774647887324e-10,1.01,1.0150000000000001,True,True,True,0.021058333333326993,0.012499999999998623,0.9961267605633797,0.9961267605633797,True,True,True,True,True,True,2.025811854460085
1.05,0.4,0.4,2.5263682500000002e-05,0.24365,1.0561486486486487e-10,0.0,1.0561486486486487e-10,1.01,1.0150000000000001,True,True,True,0.021058333333326993,0.012499999999998623,1.2192567567567563,1.2192567567567563,True,True,False,False,True,False,2.472071846846838
1.05,0.4,0.45,2.5263682500000002e-05,0.24365,1.015e-10,0.0,1.015e-10,1.01,1.0150000000000001,True,True,True,0.021058333333326993,0.012499999999998623,1.4249999999999996,1.4249999999999996,True,True,False,False,True,False,2.883558333333325
1.05,0.4,0.5,2.5263682500000002e-05,0.24365,9.769375e-11,0.0,9.769375e-11,1.01,1.0150000000000001,True,True,True,0.021058333333326993,0.012499999999998623,1.6153125,1.6153125,True,True,False,False,True,False,3.2641833333333254
1.05,0.4,0.55,2.5263682500000002e-05,0.24365,9.416265060240963e-11,0.0,9.416265060240963e-11,1.01,1.0150000000000001,True,True,True,0.021058333333326993,0.012499999999998623,1.7918674698795183,1.7918674698795183,True,True,False,False,True,False,3.617293273092362
1.05,0.4,0.6,2.5263682500000002e-05,0.24365,9.087790697674419e-11,0.0,9.087790697674419e-11,1.01,1.0150000000000001,True,True,True,0.021058333333326993,0.012499999999998623,1.95610465116279,1.95610465116279,True,True,False,False,True,False,3.9457676356589055
1.05,0.4,0.65,2.5263682500000002e-05,0.24365,8.781460674157303e-11,0.0,8.781460674157303e-11,1.01,1.0150000000000001,True,True,True,0.021058333333326993,0.012499999999998623,2.1092696629213483,2.1092696629213483,True,True,False,False,True,False,4.252097659176022
1.05,0.4,0.7,2.5263682500000002e-05,0.24365,8.495108695652175e-11,0.0,8.495108695652175e-11,1.01,1.0150000000000001,True,True,True,0.021058333333326993,0.012499999999998623,2.2524456521739125,2.2524456521739125,True,True,False,False,True,False,4.5384496376811505
1.05,0.5,0.0,2.5263682500000002e-05,0.24365,1.67475e-10,0.0,1.67475e-10,1.01,1.0150000000000001,True,True,True,0.021058333333326993,0.012499999999998623,1.873750000000001,1.873750000000001,True,True,False,False,True,False,3.7810583333333274
1.05,0.5,0.05,2.5263682500000002e-05,0.24365,1.5799528301886793e-10,0.0,1.5799528301886793e-10,1.01,1.0150000000000001,True,True,True,0.021058333333326993,0.012499999999998623,1.3997641509433971,1.3997641509433971,True,True,False,False,True,False,2.83308663522012
1.05,0.5,0.1,2.5263682500000002e-05,0.24365,1.4953124999999998e-10,0.0,1.4953124999999998e-10,1.01,1.0150000000000001,True,True,True,0.021058333333326993,0.012499999999998623,0.9765624999999998,0.9765624999999998,True,True,True,True,True,True,1.9866833333333251
1.05,0.5,0.15,2.5263682500000002e-05,0.24365,1.4192796610169493e-10,0.0,1.4192796610169493e-10,1.01,1.0150000000000001,True,True,True,0.021058333333326993,0.012499999999998623,0.5963983050847468,0.5963983050847468,True,True,True,True,True,True,1.2263549435028192
1.05,0.5,0.2,2.5263682500000002e-05,0.24365,1.3506048387096775e-10,0.0,1.3506048387096775e-10,1.01,1.0150000000000001,True,True,True,0.021058333333326993,0.012499999999998623,0.2530241935483881,0.2530241935483881,True,True,True,True,True,True,0.5396067204301018
1.05,0.5,0.25,2.5263682500000002e-05,0.24365,1.288269230769231e-10,0.0,1.288269230769231e-10,1.01,1.0150000000000001,True,True,True,0.021058333333326993,0.012499999999998623,0.05865384615384506,0.05865384615384506,True,True,True,True,True,True,0.15086602564101573
1.05,0.5,0.3,2.5263682500000002e-05,0.24365,1.231433823529412e-10,0.0,1.231433823529412e-10,1.01,1.0150000000000001,True,True,True,0.021058333333326993,0.012499999999998623,0.3428308823529399,0.3428308823529399,True,True,True,True,True,True,0.7192200980392054
1.05,0.5,0.35,2.5263682500000002e-05,0.24365,1.1794014084507045e-10,0.0,1.1794014084507045e-10,1.01,1.0150000000000001,True,True,True,0.021058333333326993,0.012499999999998623,0.6029929577464772,0.6029929577464772,True,True,True,True,True,True,1.23954424882628
1.05,0.5,0.4,2.5263682500000002e-05,0.24365,1.1315878378378379e-10,0.0,1.1315878378378379e-10,1.01,1.0150000000000001,True,True,True,0.021058333333326993,0.012499999999998623,0.8420608108108103,0.8420608108108103,True,True,True,True,True,True,1.7176799549549462
1.05,0.5,0.45,2.5263682500000002e-05,0.24365,1.0875e-10,0.0,1.0875e-10,1.01,1.0150000000000001,True,True,True,0.021058333333326993,0.012499999999998623,1.0624999999999996,1.0624999999999996,True,True,False,False,True,False,2.1585583333333247
1.05,0.5,0.5,2.5263682500000002e-05,0.24365,1.04671875e-10,0.0,1.04671875e-10,1.01,1.0150000000000001,True,True,True,0.021058333333326993,0.012499999999998623,1.2664062499999995,1.2664062499999995,True,True,False,False,True,False,2.5663708333333246
1.05,0.5,0.55,2.5263682500000002e-05,0.24365,1.0088855421686747e-10,0.0,1.0088855421686747e-10,1.01,1.0150000000000001,True,True,True,0.021058333333326993,0.012499999999998623,1.4555722891566263,1.4555722891566263,True,True,False,False,True,False,2.944702911646578
1.05,0.5,0.6,2.5263682500000002e-05,0.24365,9.736918604651163e-11,0.0,9.736918604651163e-11,1.01,1.0150000000000001,True,True,True,0.021058333333326993,0.012499999999998623,1.631540697674418,1.631540697674418,True,True,False,False,True,False,3.2966397286821616
1.05,0.5,0.65,2.5263682500000002e-05,0.24365,9.40870786516854e-11,0.0,9.40870786516854e-11,1.01,1.0150000000000001,True,True,True,0.021058333333326993,0.012499999999998623,1.79564606741573,1.79564606741573,True,True,False,False,True,False,3.6248504681647855
1.05,0.5,0.7,2.5263682500000002e-05,0.24365,9.101902173913045e-11,0.0,9.101902173913045e-11,1.01,1.0150000000000001,True,True,True,0.021058333333326993,0.012499999999998623,1.9490489130434772,1.9490489130434772,True,True,False,False,True,False,3.93165615942028
1.05,0.6,0.0,2.5263682500000002e-05,0.24365,1.7864000000000002e-10,0.0,1.7864000000000002e-10,1.01,1.0150000000000001,True,True,True,0.021058333333326993,0.012499999999998623,2.4320000000000013,2.4320000000000013,True,True,False,False,True,False,4.897558333333328
1.05,0.6,0.05,2.5263682500000002e-05,0.24365,1.6852830188679245e-10,0.0,1.6852830188679245e-10,1.01,1.0150000000000001,True,True,True,0.021058333333326993,0.012499999999998623,1.926415094339623,1.926415094339623,True,True,False,False,True,False,3.8863885220125716
1.05,0.6,0.1,2.5263682500000002e-05,0.24365,1.595e-10,0.0,1.595e-10,1.01,1.0150000000000001,True,True,True,0.021058333333326993,0.012499999999998623,1.475,1.475,True,True,False,False,True,False,2.9835583333333258
1.05,0.6,0.15,2.5263682500000002e-05,0.24365,1.513898305084746e-10,0.0,1.513898305084746e-10,1.01,1.0150000000000001,True,True,True,0.021058333333326993,0.012499999999998623,1.06949152542373,1.06949152542373,True,True,False,False,True,False,2.1725413841807857
1.05,0.6,0.2,2.5263682500000002e-05,0.24365,1.4406451612903228e-10,0.0,1.4406451612903228e-10,1.01,1.0150000000000001,True,True,True,0.021058333333326993,0.012499999999998623,0.7032258064516145,0.7032258064516145,True,True,True,True,True,True,1.4400099462365545
1.05,0.6,0.25,2.5263682500000002e-05,0.24365,1.3741538461538464e-10,0.0,1.3741538461538464e-10,1.01,1.0150000000000001,True,True,True,0.021058333333326993,0.012499999999998623,0.3707692307692323,0.3707692307692323,True,True,True,True,True,True,0.7750967948717902
1.05,0.6,0.3,2.5263682500000002e-05,0.24365,1.313529411764706e-10,0.0,1.313529411764706e-10,1.01,1.0150000000000001,True,True,True,0.021058333333326993,0.012499999999998623,0.067647058823531,0.067647058823531,True,True,True,True,True,True,0.16885245098038762
1.05,0.6,0.35,2.5263682500000002e-05,0.24365,1.2580281690140846e-10,0.0,1.2580281690140846e-10,1.01,1.0150000000000001,True,True,True,0.021058333333326993,0.012499999999998623,0.20985915492957663,0.20985915492957663,True,True,True,True,True,True,0.45327664319247885
1.05,0.6,0.4,2.5263682500000002e-05,0.24365,1.207027027027027e-10,0.0,1.207027027027027e-10,1.01,1.0150000000000001,True,True,True,0.021058333333326993,0.012499999999998623,0.4648648648648644,0.4648648648648644,True,True,True,True,True,True,0.9632880630630545
1.05,0.6,0.45,2.5263682500000002e-05,0.24365,1.1600000000000001e-10,0.0,1.1600000000000001e-10,1.01,1.0150000000000001,True,True,True,0.021058333333326993,0.012499999999998623,0.699999999999999,0.699999999999999,True,True,True,True,True,True,1.4335583333333235
1.05,0.6,0.5,2.5263682500000002e-05,0.24365,1.1165000000000001e-10,0.0,1.1165000000000001e-10,1.01,1.0150000000000001,True,True,True,0.021058333333326993,0.012499999999998623,0.9174999999999991,0.9174999999999991,True,True,True,True,True,True,1.8685583333333238
1.05,0.6,0.55,2.5263682500000002e-05,0.24365,1.076144578313253e-10,0.0,1.076144578313253e-10,1.01,1.0150000000000001,True,True,True,0.021058333333326993,0.012499999999998623,1.1192771084337345,1.1192771084337345,True,True,False,False,True,False,2.2721125502007946
1.05,0.6,0.6,2.5263682500000002e-05,0.24365,1.0386046511627909e-10,0.0,1.0386046511627909e-10,1.01,1.0150000000000001,True,True,True,0.021058333333326993,0.012499999999998623,1.3069767441860454,1.3069767441860454,True,True,False,False,True,False,2.6475118217054163
1.05,0.6,0.65,2.5263682500000002e-05,0.24365,1.0035955056179776e-10,0.0,1.0035955056179776e-10,1.01,1.0150000000000001,True,True,True,0.021058333333326993,0.012499999999998623,1.4820224719101118,1.4820224719101118,True,True,False,False,True,False,2.9976032771535492
1.05,0.6,0.7,2.5263682500000002e-05,0.24365,9.708695652173914e-11,0.0,9.708695652173914e-11,1.01,1.0150000000000001,True,True,True,0.021058333333326993,0.012499999999998623,1.6456521739130425,1.6456521739130425,True,True,False,False,True,False,3.3248626811594106
1.05,0.7,0.0,2.5263682500000002e-05,0.24365,1.8980500000000002e-10,0.0,1.8980500000000002e-10,1.01,1.0150000000000001,True,True,True,0.021058333333326993,0.012499999999998623,2.990250000000002,2.990250000000002,True,True,False,False,True,False,6.014058333333329
1.05,0.7,0.05,2.5263682500000002e-05,0.24365,1.79061320754717e-10,0.0,1.79061320754717e-10,1.01,1.0150000000000001,True,True,True,0.021058333333326993,0.012499999999998623,2.45306603773585,2.45306603773585,True,True,False,False,True,False,4.939690408805026
1.05,0.7,0.1,2.5263682500000002e-05,0.24365,1.6946875e-10,0.0,1.6946875e-10,1.01,1.0150000000000001,True,True,True,0.021058333333326993,0.012499999999998623,1.9734375000000006,1.9734375000000006,True,True,False,False,True,False,3.980433333333327
1.05,0.7,0.15,2.5263682500000002e-05,0.24365,1.6085169491525426e-10,0.0,1.6085169491525426e-10,1.01,1.0150000000000001,True,True,True,0.021058333333326993,0.012499999999998623,1.5425847457627133,1.5425847457627133,True,True,False,False,True,False,3.118727824858752
1.05,0.7,0.2,2.5263682500000002e-05,0.24365,1.530685483870968e-10,0.0,1.530685483870968e-10,1.01,1.0150000000000001,True,True,True,0.021058333333326993,0.012499999999998623,1.1534274193548408,1.1534274193548408,True,True,False,False,True,False,2.3404131720430073
1.05,0.7,0.25,2.5263682500000002e-05,0.24365,1.4600384615384616e-10,0.0,1.4600384615384616e-10,1.01,1.0150000000000001,True,True,True,0.021058333333326993,0.012499999999998623,0.8001923076923083,0.8001923076923083,True,True,True,True,True,True,1.6339429487179422
1.05,0.7,0.3,2.5263682500000002e-05,0.24365,1.3956250000000003e-10,0.0,1.3956250000000003e-10,1.01,1.0150000000000001,True,True,True,0.021058333333326993,0.012499999999998623,0.4781250000000019,0.4781250000000019,True,True,True,True,True,True,0.9898083333333294
1.05,0.7,0.35,2.5263682500000002e-05,0.24365,1.336654929577465e-10,0.0,1.336654929577465e-10,1.01,1.0150000000000001,True,True,True,0.021058333333326993,0.012499999999998623,0.18327464788732523,0.18327464788732523,True,True,True,True,True,True,0.40010762910797604
1.05,0.7,0.4,2.5263682500000002e-05,0.24365,1.2824662162162163e-10,0.0,1.2824662162162163e-10,1.01,1.0150000000000001,True,True,True,0.021058333333326993,0.012499999999998623,0.08766891891891787,0.08766891891891787,True,True,True,True,True,True,0.20889617117116135
1.05,0.7,0.45,2.5263682500000002e-05,0.24365,1.2325000000000001e-10,0.0,1.2325000000000001e-10,1.01,1.0150000000000001,True,True,True,0.021058333333326993,0.012499999999998623,0.33749999999999886,0.33749999999999886,True,True,True,True,True,True,0.7085583333333234
1.05,0.7,0.5,2.5263682500000002e-05,0.24365,1.18628125e-10,0.0,1.18628125e-10,1.01,1.0150000000000001,True,True,True,0.021058333333326993,0.012499999999998623,0.5685937499999993,0.5685937499999993,True,True,True,True,True,True,1.1707458333333243
1.05,0.7,0.55,2.5263682500000002e-05,0.24365,1.1434036144578314e-10,0.0,1.1434036144578314e-10,1.01,1.0150000000000001,True,True,True,0.021058333333326993,0.012499999999998623,0.7829819277108426,0.7829819277108426,True,True,True,True,True,True,1.5995221887550108
1.05,0.7,0.6,2.5263682500000002e-05,0.24365,1.1035174418604653e-10,0.0,1.1035174418604653e-10,1.01,1.0150000000000001,True,True,True,0.021058333333326993,0.012499999999998623,0.9824127906976733,0.9824127906976733,True,True,True,True,True,True,1.9983839147286724
1.05,0.7,0.65,2.5263682500000002e-05,0.24365,1.0663202247191012e-10,0.0,1.0663202247191012e-10,1.01,1.0150000000000001,True,True,True,0.021058333333326993,0.012499999999998623,1.1683988764044935,1.1683988764044935,True,True,False,False,True,False,2.3703560861423125
1.05,0.7,0.7,2.5263682500000002e-05,0.24365,1.0315489130434785e-10,0.0,1.0315489130434785e-10,1.01,1.0150000000000001,True,True,True,0.021058333333326993,0.012499999999998623,1.3422554347826072,1.3422554347826072,True,True,False,False,True,False,2.71806920289854
1.05,0.8,0.0,2.5263682500000002e-05,0.24365,2.0097000000000003e-10,0.0,2.0097000000000003e-10,1.01,1.0150000000000001,True,True,True,0.021058333333326993,0.012499999999998623,3.5485000000000024,3.5485000000000024,True,True,False,False,True,False,7.1305583333333304
1.05,0.8,0.05,2.5263682500000002e-05,0.24365,1.8959433962264154e-10,0.0,1.8959433962264154e-10,1.01,1.0150000000000001,True,True,True,0.021058333333326993,0.012499999999998623,2.9797169811320776,2.9797169811320776,True,True,False,False,True,False,5.992992295597481
1.05,0.8,0.1,2.5263682500000002e-05,0.24365,1.794375e-10,0.0,1.794375e-10,1.01,1.0150000000000001,True,True,True,0.021058333333326993,0.012499999999998623,2.471875000000001,2.471875000000001,True,True,False,False,True,False,4.977308333333328
1.05,0.8,0.15,2.5263682500000002e-05,0.24365,1.7031355932203392e-10,0.0,1.7031355932203392e-10,1.01,1.0150000000000001,True,True,True,0.021058333333326993,0.012499999999998623,2.0156779661016966,2.0156779661016966,True,True,False,False,True,False,4.064914265536719
1.05,0.8,0.2,2.5263682500000002e-05,0.24365,1.620725806451613e-10,0.0,1.620725806451613e-10,1.01,1.0150000000000001,True,True,True,0.021058333333326993,0.012499999999998623,1.603629032258066,1.603629032258066,True,True,False,False,True,False,3.2408163978494575
1.05,0.8,0.25,2.5263682500000002e-05,0.24365,1.545923076923077e-10,0.0,1.545923076923077e-10,1.01,1.0150000000000001,True,True,True,0.021058333333326993,0.012499999999998623,1.2296153846153857,1.2296153846153857,True,True,False,False,True,False,2.492789102564097
1.05,0.8,0.3,2.5263682500000002e-05,0.24365,1.4777205882352945e-10,0.0,1.4777205882352945e-10,1.01,1.0150000000000001,True,True,True,0.021058333333326993,0.012499999999998623,0.8886029411764729,0.8886029411764729,True,True,True,True,True,True,1.8107642156862713
1.05,0.8,0.35,2.5263682500000002e-05,0.24365,1.4152816901408453e-10,0.0,1.4152816901408453e-10,1.01,1.0150000000000001,True,True,True,0.021058333333326993,0.012499999999998623,0.5764084507042271,0.5764084507042271,True,True,True,True,True,True,1.1863752347417797
1.05,0.8,0.4,2.5263682500000002e-05,0.24365,1.3579054054054056e-10,0.0,1.3579054054054056e-10,1.01,1.0150000000000001,True,True,True,0.021058333333326993,0.012499999999998623,0.28952702702702865,0.28952702702702865,True,True,True,True,True,True,0.612612387387383
1.05,0.8,0.45,2.5263682500000002e-05,0.24365,1.3050000000000001e-10,0.0,1.3050000000000001e-10,1.01,1.0150000000000001,True,True,True,0.021058333333326993,0.012499999999998623,0.02500000000000121,0.02500000000000121,True,True,True,True,True,True,0.08355833333332803
1.05,0.8,0.5,2.5263682500000002e-05,0.24365,1.2560625e-10,0.0,1.2560625e-10,1.01,1.0150000000000001,True,True,True,0.021058333333326993,0.012499999999998623,0.2196874999999989,0.2196874999999989,True,True,True,True,True,True,0.47293333333332344
1.05,0.8,0.55,2.5263682500000002e-05,0.24365,1.2106626506024096e-10,0.0,1.2106626506024096e-10,1.01,1.0150000000000001,True,True,True,0.021058333333326993,0.012499999999998623,0.44668674698795136,0.44668674698795136,True,True,True,True,True,True,0.9269318273092284
1.05,0.8,0.6,2.5263682500000002e-05,0.24365,1.1684302325581398e-10,0.0,1.1684302325581398e-10,1.01,1.0150000000000001,True,True,True,0.021058333333326993,0.012499999999998623,0.6578488372093005,0.6578488372093005,True,True,True,True,True,True,1.3492560077519267
1.05,0.8,0.65,2.5263682500000002e-05,0.24365,1.1290449438202249e-10,0.0,1.1290449438202249e-10,1.01,1.0150000000000001,True,True,True,0.021058333333326993,0.012499999999998623,0.8547752808988753,0.8547752808988753,True,True,True,True,True,True,1.7431088951310763
1.05,0.8,0.7,2.5263682500000002e-05,0.24365,1.0922282608695655e-10,0.0,1.0922282608695655e-10,1.01,1.0150000000000001,True,True,True,0.021058333333326993,0.012499999999998623,1.0388586956521721,1.0388586956521721,True,True,False,False,True,False,2.11127572463767
1.05,0.9,0.0,2.5263682500000002e-05,0.24365,2.12135e-10,0.0,2.12135e-10,1.01,1.0150000000000001,True,True,True,0.021058333333326993,0.012499999999998623,4.106750000000002,4.106750000000002,True,True,False,False,True,False,8.247058333333328
1.05,0.9,0.05,2.5263682500000002e-05,0.24365,2.0012735849056605e-10,0.0,2.0012735849056605e-10,1.01,1.0150000000000001,True,True,True,0.021058333333326993,0.012499999999998623,3.5063679245283033,3.5063679245283033,True,True,False,False,True,False,7.046294182389932
1.05,0.9,0.1,2.5263682500000002e-05,0.24365,1.8940625e-10,0.0,1.8940625e-10,1.01,1.0150000000000001,True,True,True,0.021058333333326993,0.012499999999998623,2.9703125,2.9703125,True,True,False,False,True,False,5.974183333333325
1.05,0.9,0.15,2.5263682500000002e-05,0.24365,1.7977542372881359e-10,0.0,1.7977542372881359e-10,1.01,1.0150000000000001,True,True,True,0.021058333333326993,0.012499999999998623,2.48877118644068,2.48877118644068,True,True,False,False,True,False,5.011100706214686
1.05,0.9,0.2,2.5263682500000002e-05,0.24365,1.710766129032258e-10,0.0,1.710766129032258e-10,1.01,1.0150000000000001,True,True,True,0.021058333333326993,0.012499999999998623,2.053830645161291,2.053830645161291,True,True,False,False,True,False,4.141219623655908
1.05,0.9,0.25,2.5263682500000002e-05,0.24365,1.6318076923076922e-10,0.0,1.6318076923076922e-10,1.01,1.0150000000000001,True,True,True,0.021058333333326993,0.012499999999998623,1.6590384615384617,1.6590384615384617,True,True,False,False,True,False,3.351635256410249
1.05,0.9,0.3,2.5263682500000002e-05,0.24365,1.5598161764705884e-10,0.0,1.5598161764705884e-10,1.01,1.0150000000000001,True,True,True,0.021058333333326993,0.012499999999998623,1.2990808823529425,1.2990808823529425,True,True,False,False,True,False,2.6317200980392106
1.05,0.9,0.35,2.5263682500000002e-05,0.24365,1.4939084507042254e-10,0.0,1.4939084507042254e-10,1.01,1.0150000000000001,True,True,True,0.021058333333326993,0.012499999999998623,0.9695422535211277,0.9695422535211277,True,True,True,True,True,True,1.9726428403755811
1.05,0.9,0.4,2.5263682500000002e-05,0.24365,1.4333445945945947e-10,0.0,1.4333445945945947e-10,1.01,1.0150000000000001,True,True,True,0.021058333333326993,0.012499999999998623,0.6667229729729739,0.6667229729729739,True,True,True,True,True,True,1.3670042792792734
1.05,0.9,0.45,2.5263682500000002e-05,0.24365,1.3775000000000002e-10,0.0,1.3775000000000002e-10,1.01,1.0150000000000001,True,True,True,0.021058333333326993,0.012499999999998623,0.3875000000000013,0.3875000000000013,True,True,True,True,True,True,0.8085583333333282
1.05,0.9,0.5,2.5263682500000002e-05,0.24365,1.32584375e-10,0.0,1.32584375e-10,1.01,1.0150000000000001,True,True,True,0.021058333333326993,0.012499999999998623,0.12921875000000022,0.12921875000000022,True,True,True,True,True,True,0.291995833333326
1.05,0.9,0.55,2.5263682500000002e-05,0.24365,1.277921686746988e-10,0.0,1.277921686746988e-10,1.01,1.0150000000000001,True,True,True,0.021058333333326993,0.012499999999998623,0.1103915662650595,0.1103915662650595,True,True,True,True,True,True,0.25434146586344464
1.05,0.9,0.6,2.5263682500000002e-05,0.24365,1.233343023255814e-10,0.0,1.233343023255814e-10,1.01,1.0150000000000001,True,True,True,0.021058333333326993,0.012499999999998623,0.3332848837209291,0.3332848837209291,True,True,True,True,True,True,0.7001281007751838
1.05,0.9,0.65,2.5263682500000002e-05,0.24365,1.1917696629213485e-10,0.0,1.1917696629213485e-10,1.01,1.0150000000000001,True,True,True,0.021058333333326993,0.012499999999998623,0.5411516853932571,0.5411516853932571,True,True,True,True,True,True,1.1158617041198398
1.05,0.9,0.7,2.5263682500000002e-05,0.24365,1.1529076086956523e-10,0.0,1.1529076086956523e-10,1.01,1.0150000000000001,True,True,True,0.021058333333326993,0.012499999999998623,0.7354619565217382,0.7354619565217382,True,True,True,True,True,True,1.504482246376802
1.05,1.0,0.0,2.5263682500000002e-05,0.24365,2.2330000000000002e-10,0.0,2.2330000000000002e-10,1.01,1.0150000000000001,True,True,True,0.021058333333326993,0.012499999999998623,4.665000000000002,4.665000000000002,True,True,False,False,True,False,9.36355833333333
1.05,1.0,0.05,2.5263682500000002e-05,0.24365,2.1066037735849057e-10,0.0,2.1066037735849057e-10,1.01,1.0150000000000001,True,True,True,0.021058333333326993,0.012499999999998623,4.033018867924529,4.033018867924529,True,True,False,False,True,False,8.099596069182383
1.05,1.0,0.1,2.5263682500000002e-05,0.24365,1.99375e-10,0.0,1.99375e-10,1.01,1.0150000000000001,True,True,True,0.021058333333326993,0.012499999999998623,3.4687500000000004,3.4687500000000004,True,True,False,False,True,False,6.9710583333333265
1.05,1.0,0.15,2.5263682500000002e-05,0.24365,1.8923728813559325e-10,0.0,1.8923728813559325e-10,1.01,1.0150000000000001,True,True,True,0.021058333333326993,0.012499999999998623,2.961864406779663,2.961864406779663,True,True,False,False,True,False,5.957287146892652
1.05,1.0,0.2,2.5263682500000002e-05,0.24365,1.8008064516129034e-10,0.0,1.8008064516129034e-10,1.01,1.0150000000000001,True,True,True,0.021058333333326993,0.012499999999998623,2.5040322580645173,2.5040322580645173,True,True,False,False,True,False,5.04162284946236
1.05,1.0,0.25,2.5263682500000002e-05,0.24365,1.7176923076923077e-10,0.0,1.7176923076923077e-10,1.01,1.0150000000000001,True,True,True,0.021058333333326993,0.012499999999998623,2.088461538461539,2.088461538461539,True,True,False,False,True,False,4.210481410256404
1.05,1.0,0.3,2.5263682500000002e-05,0.24365,1.6419117647058826e-10,0.0,1.6419117647058826e-10,1.01,1.0150000000000001,True,True,True,0.021058333333326993,0.012499999999998623,1.7095588235294135,1.7095588235294135,True,True,False,False,True,False,3.4526759803921525
1.05,1.0,0.35,2.5263682500000002e-05,0.24365,1.5725352112676058e-10,0.0,1.5725352112676058e-10,1.01,1.0150000000000001,True,True,True,0.021058333333326993,0.012499999999998623,1.3626760563380296,1.3626760563380296,True,True,False,False,True,False,2.7589104460093847
1.05,1.0,0.4,2.5263682500000002e-05,0.24365,1.508783783783784e-10,0.0,1.508783783783784e-10,1.01,1.0150000000000001,True,True,True,0.021058333333326993,0.012499999999998623,1.0439189189189204,1.0439189189189204,True,True,False,False,True,False,2.1213961711711664
1.05,1.0,0.45,2.5263682500000002e-05,0.24365,1.4500000000000002e-10,0.0,1.4500000000000002e-10,1.01,1.0150000000000001,True,True,True,0.021058333333326993,0.012499999999998623,0.7500000000000013,0.7500000000000013,True,True,True,True,True,True,1.5335583333333282
1.05,1.0,0.5,2.5263682500000002e-05,0.24365,1.395625e-10,0.0,1.395625e-10,1.01,1.0150000000000001,True,True,True,0.021058333333326993,0.012499999999998623,0.47812500000000063,0.47812500000000063,True,True,True,True,True,True,0.989808333333327
1.05,1.0,0.55,2.5263682500000002e-05,0.24365,1.3451807228915664e-10,0.0,1.3451807228915664e-10,1.01,1.0150000000000001,True,True,True,0.021058333333326993,0.012499999999998623,0.22590361445783239,0.22590361445783239,True,True,True,True,True,True,0.4853655622489904
1.05,1.0,0.6,2.5263682500000002e-05,0.24365,1.2982558139534886e-10,0.0,1.2982558139534886e-10,1.01,1.0150000000000001,True,True,True,0.021058333333326993,0.012499999999998623,0.008720930232556457,0.008720930232556457,True,True,True,True,True,True,0.05100019379843852
1.05,1.0,0.65,2.5263682500000002e-05,0.24365,1.254494382022472e-10,0.0,1.254494382022472e-10,1.01,1.0150000000000001,True,True,True,0.021058333333326993,0.012499999999998623,0.22752808988763953,0.22752808988763953,True,True,True,True,True,True,0.4886145131086047
1.05,1.0,0.7,2.5263682500000002e-05,0.24365,1.2135869565217394e-10,0.0,1.2135869565217394e-10,1.01,1.0150000000000001,True,True,True,0.021058333333326993,0.012499999999998623,0.4320652173913024,0.4320652173913024,True,True,True,True,True,True,0.8976887681159305
1.05,1.1,0.0,2.5263682500000002e-05,0.24365,2.3446500000000003e-10,0.0,2.3446500000000003e-10,1.01,1.0150000000000001,True,True,True,0.021058333333326993,0.012499999999998623,5.223250000000002,5.223250000000002,True,True,False,False,True,False,10.480058333333329
1.05,1.1,0.05,2.5263682500000002e-05,0.24365,2.211933962264151e-10,0.0,2.211933962264151e-10,1.01,1.0150000000000001,True,True,True,0.021058333333326993,0.012499999999998623,4.559669811320756,4.559669811320756,True,True,False,False,True,False,9.152897955974836
1.05,1.1,0.1,2.5263682500000002e-05,0.24365,2.0934375e-10,0.0,2.0934375e-10,1.01,1.0150000000000001,True,True,True,0.021058333333326993,0.012499999999998623,3.967187500000001,3.967187500000001,True,True,False,False,True,False,7.9679333333333275
1.05,1.1,0.15,2.5263682500000002e-05,0.24365,1.9869915254237292e-10,0.0,1.9869915254237292e-10,1.01,1.0150000000000001,True,True,True,0.021058333333326993,0.012499999999998623,3.4349576271186466,3.4349576271186466,True,True,False,False,True,False,6.903473587570619
1.05,1.1,0.2,2.5263682500000002e-05,0.24365,1.8908467741935486e-10,0.0,1.8908467741935486e-10,1.01,1.0150000000000001,True,True,True,0.021058333333326993,0.012499999999998623,2.954233870967744,2.954233870967744,True,True,False,False,True,False,5.942026075268814
1.05,1.1,0.25,2.5263682500000002e-05,0.24365,1.8035769230769231e-10,0.0,1.8035769230769231e-10,1.01,1.0150000000000001,True,True,True,0.021058333333326993,0.012499999999998623,2.517884615384616,2.517884615384616,True,True,False,False,True,False,5.069327564102558
1.05,1.1,0.3,2.5263682500000002e-05,0.24365,1.7240073529411767e-10,0.0,1.7240073529411767e-10,1.01,1.0150000000000001,True,True,True,0.021058333333326993,0.012499999999998623,2.120036764705884,2.120036764705884,True,True,False,False,True,False,4.273631862745094
1.05,1.1,0.35,2.5263682500000002e-05,0.24365,1.6511619718309862e-10,0.0,1.6511619718309862e-10,1.01,1.0150000000000001,True,True,True,0.021058333333326993,0.012499999999998623,1.7558098591549314,1.7558098591549314,True,True,False,False,True,False,3.5451780516431883
1.05,1.1,0.4,2.5263682500000002e-05,0.24365,1.5842229729729733e-10,0.0,1.5842229729729733e-10,1.01,1.0150000000000001,True,True,True,0.021058333333326993,0.012499999999998623,1.421114864864867,1.421114864864867,True,True,False,False,True,False,2.8757880630630597
1.05,1.1,0.45,2.5263682500000002e-05,0.24365,1.5225000000000002e-10,0.0,1.5225000000000002e-10,1.01,1.0150000000000001,True,True,True,0.021058333333326993,0.012499999999998623,1.1125000000000014,1.1125000000000014,True,True,False,False,True,False,2.2585583333333283
1.05,1.1,0.5,2.5263682500000002e-05,0.24365,1.46540625e-10,0.0,1.46540625e-10,1.01,1.0150000000000001,True,True,True,0.021058333333326993,0.012499999999998623,0.8270312500000011,0.8270312500000011,True,True,True,True,True,True,1.6876208333333278
1.05,1.1,0.55,2.5263682500000002e-05,0.24365,1.4124397590361447e-10,0.0,1.4124397590361447e-10,1.01,1.0150000000000001,True,True,True,0.021058333333326993,0.012499999999998623,0.5621987951807242,0.5621987951807242,True,True,True,True,True,True,1.157955923694774
1.05,1.1,0.6,2.5263682500000002e-05,0.24365,1.363168604651163e-10,0.0,1.363168604651163e-10,1.01,1.0150000000000001,True,True,True,0.021058333333326993,0.012499999999998623,0.3158430232558149,0.3158430232558149,True,True,True,True,True,True,0.6652443798449554
1.05,1.1,0.65,2.5263682500000002e-05,0.24365,1.3172191011235955e-10,0.0,1.3172191011235955e-10,1.01,1.0150000000000001,True,True,True,0.021058333333326993,0.012499999999998623,0.08609550561797803,0.08609550561797803,True,True,True,True,True,True,0.20574934456928168
1.05,1.1,0.7,2.5263682500000002e-05,0.24365,1.2742663043478262e-10,0.0,1.2742663043478262e-10,1.01,1.0150000000000001,True,True,True,0.021058333333326993,0.012499999999998623,0.12866847826086847,0.12866847826086847,True,True,True,True,True,True,0.2908952898550625
1.05,1.2,0.0,2.5263682500000002e-05,0.24365,2.4563000000000006e-10,0.0,2.4563000000000006e-10,1.01,1.0150000000000001,True,True,True,0.021058333333326993,0.012499999999998623,5.781500000000004,5.781500000000004,True,True,False,False,True,False,11.596558333333334
1.05,1.2,0.05,2.5263682500000002e-05,0.24365,2.3172641509433968e-10,0.0,2.3172641509433968e-10,1.01,1.0150000000000001,True,True,True,0.021058333333326993,0.012499999999998623,5.086320754716985,5.086320754716985,True,True,False,False,True,False,10.206199842767294
1.05,1.2,0.1,2.5263682500000002e-05,0.24365,2.1931250000000004e-10,0.0,2.1931250000000004e-10,1.01,1.0150000000000001,True,True,True,0.021058333333326993,0.012499999999998623,4.465625000000003,4.465625000000003,True,True,False,False,True,False,8.96480833333333
1.05,1.2,0.15,2.5263682500000002e-05,0.24365,2.081610169491526e-10,0.0,2.081610169491526e-10,1.01,1.0150000000000001,True,True,True,0.021058333333326993,0.012499999999998623,3.908050847457631,3.908050847457631,True,True,False,False,True,False,7.8496600282485876
1.05,1.2,0.2,2.5263682500000002e-05,0.24365,1.9808870967741942e-10,0.0,1.9808870967741942e-10,1.01,1.0150000000000001,True,True,True,0.021058333333326993,0.012499999999998623,3.4044354838709716,3.4044354838709716,True,True,False,False,True,False,6.842429301075269
1.05,1.2,0.25,2.5263682500000002e-05,0.24365,1.8894615384615389e-10,0.0,1.8894615384615389e-10,1.01,1.0150000000000001,True,True,True,0.021058333333326993,0.012499999999998623,2.947307692307695,2.947307692307695,True,True,False,False,True,False,5.928173717948716
1.05,1.2,0.3,2.5263682500000002e-05,0.24365,1.8061029411764712e-10,0.0,1.8061029411764712e-10,1.01,1.0150000000000001,True,True,True,0.021058333333326993,0.012499999999998623,2.5305147058823567,2.5305147058823567,True,True,False,False,True,False,5.094587745098039
1.05,1.2,0.35,2.5263682500000002e-05,0.24365,1.7297887323943668e-10,0.0,1.7297887323943668e-10,1.01,1.0150000000000001,True,True,True,0.021058333333326993,0.012499999999998623,2.1489436619718347,2.1489436619718347,True,True,False,False,True,False,4.331445657276995
1.05,1.2,0.4,2.5263682500000002e-05,0.24365,1.6596621621621626e-10,0.0,1.6596621621621626e-10,1.01,1.0150000000000001,True,True,True,0.021058333333326993,0.012499999999998623,1.7983108108108135,1.7983108108108135,True,True,False,False,True,False,3.6301799549549525
1.05,1.2,0.45,2.5263682500000002e-05,0.24365,1.5950000000000004e-10,0.0,1.5950000000000004e-10,1.01,1.0150000000000001,True,True,True,0.021058333333326993,0.012499999999998623,1.4750000000000028,1.4750000000000028,True,True,False,False,True,False,2.983558333333331
1.05,1.2,0.5,2.5263682500000002e-05,0.24365,1.5351875000000002e-10,0.0,1.5351875000000002e-10,1.01,1.0150000000000001,True,True,True,0.021058333333326993,0.012499999999998623,1.1759375000000014,1.1759375000000014,True,True,False,False,True,False,2.3854333333333284
1.05,1.2,0.55,2.5263682500000002e-05,0.24365,1.479698795180723e-10,0.0,1.479698795180723e-10,1.01,1.0150000000000001,True,True,True,0.021058333333326993,0.012499999999998623,0.8984939759036161,0.8984939759036161,True,True,True,True,True,True,1.8305462851405578
1.05,1.2,0.6,2.5263682500000002e-05,0.24365,1.4280813953488377e-10,0.0,1.4280813953488377e-10,1.01,1.0150000000000001,True,True,True,0.021058333333326993,0.012499999999998623,0.6404069767441889,0.6404069767441889,True,True,True,True,True,True,1.3143722868217034
1.05,1.2,0.65,2.5263682500000002e-05,0.24365,1.3799438202247195e-10,0.0,1.3799438202247195e-10,1.01,1.0150000000000001,True,True,True,0.021058333333326993,0.012499999999998623,0.3997191011235982,0.3997191011235982,True,True,True,True,True,True,0.832996535580522
1.05,1.2,0.7,2.5263682500000002e-05,0.24365,1.3349456521739135e-10,0.0,1.3349456521739135e-10,1.01,1.0150000000000001,True,True,True,0.021058333333326993,0.012499999999998623,0.17472826086956803,0.17472826086956803,True,True,True,True,True,True,0.3830148550724617
1.1,0.0,0.0,2.5257365e-05,0.2437,1.133e-10,0.0,1.133e-10,1.02,1.03,True,True,True,0.04211666666666528,0.024999999999997247,0.8349999999999996,0.8349999999999996,True,True,True,True,True,True,1.7371166666666618
1.1,0.0,0.05,2.5257365e-05,0.2437,1.0688679245283018e-10,0.0,1.0688679245283018e-10,1.02,1.03,True,True,True,0.04211666666666528,0.024999999999997247,1.1556603773584906,1.1556603773584906,True,True,False,False,True,False,2.3784374213836434
1.1,0.0,0.1,2.5257365e-05,0.2437,1.0116071428571427e-10,0.0,1.0116071428571427e-10,1.02,1.03,True,True,True,0.04211666666666528,0.024999999999997247,1.441964285714286,1.441964285714286,True,True,False,False,True,False,2.951045238095235
1.1,0.0,0.15,2.5257365e-05,0.2437,9.601694915254238e-11,0.0,9.601694915254238e-11,1.02,1.03,True,True,True,0.04211666666666528,0.024999999999997247,1.6991525423728808,1.6991525423728808,True,True,False,False,True,False,3.465421751412424
1.1,0.0,0.2,2.5257365e-05,0.2437,9.137096774193549e-11,0.0,9.137096774193549e-11,1.02,1.03,True,True,True,0.04211666666666528,0.024999999999997247,1.9314516129032253,1.9314516129032253,True,True,False,False,True,False,3.930019892473113
1.1,0.0,0.25,2.5257365e-05,0.2437,8.715384615384615e-11,0.0,8.715384615384615e-11,1.02,1.03,True,True,True,0.04211666666666528,0.024999999999997247,2.1423076923076922,2.1423076923076922,True,True,False,False,True,False,4.351732051282047
1.1,0.0,0.3,2.5257365e-05,0.2437,8.330882352941177e-11,0.0,8.330882352941177e-11,1.02,1.03,True,True,True,0.04211666666666528,0.024999999999997247,2.3345588235294112,2.3345588235294112,True,True,False,False,True,False,4.736234313725485
1.1,0.0,0.35,2.5257365e-05,0.2437,7.97887323943662e-11,0.0,7.97887323943662e-11,1.02,1.03,True,True,True,0.04211666666666528,0.024999999999997247,2.51056338028169,2.51056338028169,True,True,False,False,True,False,5.088243427230043
1.1,0.0,0.4,2.5257365e-05,0.2437,7.655405405405405e-11,0.0,7.655405405405405e-11,1.02,1.03,True,True,True,0.04211666666666528,0.024999999999997247,2.672297297297297,2.672297297297297,True,True,False,False,True,False,5.411711261261257
1.1,0.0,0.45,2.5257365e-05,0.2437,7.357142857142856e-11,0.0,7.357142857142856e-11,1.02,1.03,True,True,True,0.04211666666666528,0.024999999999997247,2.8214285714285716,2.8214285714285716,True,True,False,False,True,False,5.709973809523806
1.1,0.0,0.5,2.5257365e-05,0.2437,7.08125e-11,0.0,7.08125e-11,1.02,1.03,True,True,True,0.04211666666666528,0.024999999999997247,2.959375,2.959375,True,True,False,False,True,False,5.985866666666663
1.1,0.0,0.55,2.5257365e-05,0.2437,6.825301204819276e-11,0.0,6.825301204819276e-11,1.02,1.03,True,True,True,0.04211666666666528,0.024999999999997247,3.0873493975903616,3.0873493975903616,True,True,False,False,True,False,6.241815461847386
1.1,0.0,0.6,2.5257365e-05,0.2437,6.587209302325581e-11,0.0,6.587209302325581e-11,1.02,1.03,True,True,True,0.04211666666666528,0.024999999999997247,3.2063953488372094,3.2063953488372094,True,True,False,False,True,False,6.479907364341082
1.1,0.0,0.65,2.5257365e-05,0.2437,6.365168539325843e-11,0.0,6.365168539325843e-11,1.02,1.03,True,True,True,0.04211666666666528,0.024999999999997247,3.3174157303370784,3.3174157303370784,True,True,False,False,True,False,6.7019481273408195
1.1,0.0,0.7,2.5257365e-05,0.2437,6.157608695652174e-11,0.0,6.157608695652174e-11,1.02,1.03,True,True,True,0.04211666666666528,0.024999999999997247,3.4211956521739126,3.4211956521739126,True,True,False,False,True,False,6.909507971014488
1.1,0.1,0.0,2.5257365e-05,0.2437,1.2463000000000001e-10,0.0,1.2463000000000001e-10,1.02,1.03,True,True,True,0.04211666666666528,0.024999999999997247,0.2684999999999989,0.2684999999999989,True,True,True,True,True,True,0.6041166666666604
1.1,0.1,0.05,2.5257365e-05,0.2437,1.1757547169811322e-10,0.0,1.1757547169811322e-10,1.02,1.03,True,True,True,0.04211666666666528,0.024999999999997247,0.6212264150943387,0.6212264150943387,True,True,True,True,True,True,1.30956949685534
1.1,0.1,0.1,2.5257365e-05,0.2437,1.1127678571428571e-10,0.0,1.1127678571428571e-10,1.02,1.03,True,True,True,0.04211666666666528,0.024999999999997247,0.936160714285714,0.936160714285714,True,True,True,True,True,True,1.9394380952380905
1.1,0.1,0.15,2.5257365e-05,0.2437,1.0561864406779663e-10,0.0,1.0561864406779663e-10,1.02,1.03,True,True,True,0.04211666666666528,0.024999999999997247,1.2190677966101682,1.2190677966101682,True,True,False,False,True,False,2.5052522598869986
1.1,0.1,0.2,2.5257365e-05,0.2437,1.0050806451612904e-10,0.0,1.0050806451612904e-10,1.02,1.03,True,True,True,0.04211666666666528,0.024999999999997247,1.4745967741935475,1.4745967741935475,True,True,False,False,True,False,3.0163102150537577
1.1,0.1,0.25,2.5257365e-05,0.2437,9.586923076923078e-11,0.0,9.586923076923078e-11,1.02,1.03,True,True,True,0.04211666666666528,0.024999999999997247,1.7065384615384607,1.7065384615384607,True,True,False,False,True,False,3.4801935897435836
1.1,0.1,0.3,2.5257365e-05,0.2437,9.163970588235296e-11,0.0,9.163970588235296e-11,1.02,1.03,True,True,True,0.04211666666666528,0.024999999999997247,1.9180147058823516,1.9180147058823516,True,True,False,False,True,False,3.903146078431366
1.1,0.1,0.35,2.5257365e-05,0.2437,8.776760563380282e-11,0.0,8.776760563380282e-11,1.02,1.03,True,True,True,0.04211666666666528,0.024999999999997247,2.1116197183098584,2.1116197183098584,True,True,False,False,True,False,4.2903561032863795
1.1,0.1,0.4,2.5257365e-05,0.2437,8.420945945945947e-11,0.0,8.420945945945947e-11,1.02,1.03,True,True,True,0.04211666666666528,0.024999999999997247,2.2895270270270265,2.2895270270270265,True,True,False,False,True,False,4.646170720720716
1.1,0.1,0.45,2.5257365e-05,0.2437,8.092857142857143e-11,0.0,8.092857142857143e-11,1.02,1.03,True,True,True,0.04211666666666528,0.024999999999997247,2.453571428571428,2.453571428571428,True,True,False,False,True,False,4.974259523809518
1.1,0.1,0.5,2.5257365e-05,0.2437,7.789375000000001e-11,0.0,7.789375000000001e-11,1.02,1.03,True,True,True,0.04211666666666528,0.024999999999997247,2.6053124999999993,2.6053124999999993,True,True,False,False,True,False,5.277741666666661
1.1,0.1,0.55,2.5257365e-05,0.2437,7.507831325301205e-11,0.0,7.507831325301205e-11,1.02,1.03,True,True,True,0.04211666666666528,0.024999999999997247,2.746084337349397,2.746084337349397,True,True,False,False,True,False,5.559285341365457
1.1,0.1,0.6,2.5257365e-05,0.2437,7.24593023255814e-11,0.0,7.24593023255814e-11,1.02,1.03,True,True,True,0.04211666666666528,0.024999999999997247,2.8770348837209294,2.8770348837209294,True,True,False,False,True,False,5.8211864341085215
1.1,0.1,0.65,2.5257365e-05,0.2437,7.001685393258428e-11,0.0,7.001685393258428e-11,1.02,1.03,True,True,True,0.04211666666666528,0.024999999999997247,2.9991573033707857,2.9991573033707857,True,True,False,False,True,False,6.065431273408234
1.1,0.1,0.7,2.5257365e-05,0.2437,6.773369565217392e-11,0.0,6.773369565217392e-11,1.02,1.03,True,True,True,0.04211666666666528,0.024999999999997247,3.1133152173913037,3.1133152173913037,True,True,False,False,True,False,6.29374710144927
1.1,0.2,0.0,2.5257365e-05,0.2437,1.3596e-10,0.0,1.3596e-10,1.02,1.03,True,True,True,0.04211666666666528,0.024999999999997247,0.29799999999999993,0.29799999999999993,True,True,True,True,True,True,0.6631166666666624
1.1,0.2,0.05,2.5257365e-05,0.2437,1.2826415094339622e-10,0.0,1.2826415094339622e-10,1.02,1.03,True,True,True,0.04211666666666528,0.024999999999997247,0.08679245283018877,0.08679245283018877,True,True,True,True,True,True,0.24070157232704006
1.1,0.2,0.1,2.5257365e-05,0.2437,1.213928571428571e-10,0.0,1.213928571428571e-10,1.02,1.03,True,True,True,0.04211666666666528,0.024999999999997247,0.430357142857144,0.430357142857144,True,True,True,True,True,True,0.9278309523809505
1.1,0.2,0.15,2.5257365e-05,0.2437,1.1522033898305085e-10,0.0,1.1522033898305085e-10,1.02,1.03,True,True,True,0.04211666666666528,0.024999999999997247,0.7389830508474572,0.7389830508474572,True,True,True,True,True,True,1.5450827683615769
1.1,0.2,0.2,2.5257365e-05,0.2437,1.0964516129032257e-10,0.0,1.0964516129032257e-10,1.02,1.03,True,True,True,0.04211666666666528,0.024999999999997247,1.0177419354838713,1.0177419354838713,True,True,False,False,True,False,2.1026005376344052
1.1,0.2,0.25,2.5257365e-05,0.2437,1.0458461538461537e-10,0.0,1.0458461538461537e-10,1.02,1.03,True,True,True,0.04211666666666528,0.024999999999997247,1.270769230769231,1.270769230769231,True,True,False,False,True,False,2.6086551282051245
1.1,0.2,0.3,2.5257365e-05,0.2437,9.997058823529412e-11,0.0,9.997058823529412e-11,1.02,1.03,True,True,True,0.04211666666666528,0.024999999999997247,1.5014705882352937,1.5014705882352937,True,True,False,False,True,False,3.07005784313725
1.1,0.2,0.35,2.5257365e-05,0.2437,9.574647887323944e-11,0.0,9.574647887323944e-11,1.02,1.03,True,True,True,0.04211666666666528,0.024999999999997247,1.7126760563380277,1.7126760563380277,True,True,False,False,True,False,3.492468779342718
1.1,0.2,0.4,2.5257365e-05,0.2437,9.186486486486486e-11,0.0,9.186486486486486e-11,1.02,1.03,True,True,True,0.04211666666666528,0.024999999999997247,1.9067567567567565,1.9067567567567565,True,True,False,False,True,False,3.8806301801801757
1.1,0.2,0.45,2.5257365e-05,0.2437,8.828571428571428e-11,0.0,8.828571428571428e-11,1.02,1.03,True,True,True,0.04211666666666528,0.024999999999997247,2.085714285714286,2.085714285714286,True,True,False,False,True,False,4.238545238095234
1.1,0.2,0.5,2.5257365e-05,0.2437,8.497499999999998e-11,0.0,8.497499999999998e-11,1.02,1.03,True,True,True,0.04211666666666528,0.024999999999997247,2.2512500000000006,2.2512500000000006,True,True,False,False,True,False,4.569616666666664
1.1,0.2,0.55,2.5257365e-05,0.2437,8.190361445783131e-11,0.0,8.190361445783131e-11,1.02,1.03,True,True,True,0.04211666666666528,0.024999999999997247,2.404819277108434,2.404819277108434,True,True,False,False,True,False,4.87675522088353
1.1,0.2,0.6,2.5257365e-05,0.2437,7.904651162790697e-11,0.0,7.904651162790697e-11,1.02,1.03,True,True,True,0.04211666666666528,0.024999999999997247,2.547674418604651,2.547674418604651,True,True,False,False,True,False,5.162465503875965
1.1,0.2,0.65,2.5257365e-05,0.2437,7.638202247191011e-11,0.0,7.638202247191011e-11,1.02,1.03,True,True,True,0.04211666666666528,0.024999999999997247,2.6808988764044943,2.6808988764044943,True,True,False,False,True,False,5.428914419475651
1.1,0.2,0.7,2.5257365e-05,0.2437,7.389130434782608e-11,0.0,7.389130434782608e-11,1.02,1.03,True,True,True,0.04211666666666528,0.024999999999997247,2.8054347826086956,2.8054347826086956,True,True,False,False,True,False,5.677986231884054
1.1,0.3,0.0,2.5257365e-05,0.2437,1.4729000000000002e-10,0.0,1.4729000000000002e-10,1.02,1.03,True,True,True,0.04211666666666528,0.024999999999997247,0.8645000000000013,0.8645000000000013,True,True,True,True,True,True,1.796116666666665
1.1,0.3,0.05,2.5257365e-05,0.2437,1.3895283018867927e-10,0.0,1.3895283018867927e-10,1.02,1.03,True,True,True,0.04211666666666528,0.024999999999997247,0.44764150943396375,0.44764150943396375,True,True,True,True,True,True,0.96239968553459
1.1,0.3,0.1,2.5257365e-05,0.2437,1.3150892857142856e-10,0.0,1.3150892857142856e-10,1.02,1.03,True,True,True,0.04211666666666528,0.024999999999997247,0.07544642857142864,0.07544642857142864,True,True,True,True,True,True,0.2180095238095198
1.1,0.3,0.15,2.5257365e-05,0.2437,1.248220338983051e-10,0.0,1.248220338983051e-10,1.02,1.03,True,True,True,0.04211666666666528,0.024999999999997247,0.25889830508474404,0.25889830508474404,True,True,True,True,True,True,0.5849132768361507
1.1,0.3,0.2,2.5257365e-05,0.2437,1.1878225806451613e-10,0.0,1.1878225806451613e-10,1.02,1.03,True,True,True,0.04211666666666528,0.024999999999997247,0.5608870967741929,0.5608870967741929,True,True,True,True,True,True,1.1888908602150483
1.1,0.3,0.25,2.5257365e-05,0.2437,1.1330000000000001e-10,0.0,1.1330000000000001e-10,1.02,1.03,True,True,True,0.04211666666666528,0.024999999999997247,0.834999999999999,0.834999999999999,True,True,True,True,True,True,1.7371166666666604
1.1,0.3,0.3,2.5257365e-05,0.2437,1.0830147058823531e-10,0.0,1.0830147058823531e-10,1.02,1.03,True,True,True,0.04211666666666528,0.024999999999997247,1.084926470588234,1.084926470588234,True,True,False,False,True,False,2.2369696078431307
1.1,0.3,0.35,2.5257365e-05,0.2437,1.0372535211267607e-10,0.0,1.0372535211267607e-10,1.02,1.03,True,True,True,0.04211666666666528,0.024999999999997247,1.3137323943661963,1.3137323943661963,True,True,False,False,True,False,2.694581455399055
1.1,0.3,0.4,2.5257365e-05,0.2437,9.952027027027028e-11,0.0,9.952027027027028e-11,1.02,1.03,True,True,True,0.04211666666666528,0.024999999999997247,1.5239864864864858,1.5239864864864858,True,True,False,False,True,False,3.115089639639634
1.1,0.3,0.45,2.5257365e-05,0.2437,9.564285714285715e-11,0.0,9.564285714285715e-11,1.02,1.03,True,True,True,0.04211666666666528,0.024999999999997247,1.7178571428571423,1.7178571428571423,True,True,False,False,True,False,3.502830952380947
1.1,0.3,0.5,2.5257365e-05,0.2437,9.205625000000001e-11,0.0,9.205625000000001e-11,1.02,1.03,True,True,True,0.04211666666666528,0.024999999999997247,1.8971874999999991,1.8971874999999991,True,True,False,False,True,False,3.8614916666666605
1.1,0.3,0.55,2.5257365e-05,0.2437,8.87289156626506e-11,0.0,8.87289156626506e-11,1.02,1.03,True,True,True,0.04211666666666528,0.024999999999997247,2.0635542168674696,2.0635542168674696,True,True,False,False,True,False,4.194225100401602
1.1,0.3,0.6,2.5257365e-05,0.2437,8.563372093023256e-11,0.0,8.563372093023256e-11,1.02,1.03,True,True,True,0.04211666666666528,0.024999999999997247,2.2183139534883716,2.2183139534883716,True,True,False,False,True,False,4.503744573643406
1.1,0.3,0.65,2.5257365e-05,0.2437,8.274719101123597e-11,0.0,8.274719101123597e-11,1.02,1.03,True,True,True,0.04211666666666528,0.024999999999997247,2.362640449438201,2.362640449438201,True,True,False,False,True,False,4.792397565543065
1.1,0.3,0.7,2.5257365e-05,0.2437,8.004891304347828e-11,0.0,8.004891304347828e-11,1.02,1.03,True,True,True,0.04211666666666528,0.024999999999997247,2.4975543478260858,2.4975543478260858,True,True,False,False,True,False,5.062225362318834
1.1,0.4,0.0,2.5257365e-05,0.2437,1.5862e-10,0.0,1.5862e-10,1.02,1.03,True,True,True,0.04211666666666528,0.024999999999997247,1.431,1.431,True,True,False,False,True,False,2.929116666666663
1.1,0.4,0.05,2.5257365e-05,0.2437,1.4964150943396224e-10,0.0,1.4964150943396224e-10,1.02,1.03,True,True,True,0.04211666666666528,0.024999999999997247,0.9820754716981125,0.9820754716981125,True,True,True,True,True,True,2.0312676100628875
1.1,0.4,0.1,2.5257365e-05,0.2437,1.41625e-10,0.0,1.41625e-10,1.02,1.03,True,True,True,0.04211666666666528,0.024999999999997247,0.5812499999999999,0.5812499999999999,True,True,True,True,True,True,1.2296166666666624
1.1,0.4,0.15,2.5257365e-05,0.2437,1.3442372881355932e-10,0.0,1.3442372881355932e-10,1.02,1.03,True,True,True,0.04211666666666528,0.024999999999997247,0.22118644067796644,0.22118644067796644,True,True,True,True,True,True,0.5094895480225954
1.1,0.4,0.2,2.5257365e-05,0.2437,1.2791935483870966e-10,0.0,1.2791935483870966e-10,1.02,1.03,True,True,True,0.04211666666666528,0.024999999999997247,0.10403225806451653,0.10403225806451653,True,True,True,True,True,True,0.2751811827956956
1.1,0.4,0.25,2.5257365e-05,0.2437,1.2201538461538462e-10,0.0,1.2201538461538462e-10,1.02,1.03,True,True,True,0.04211666666666528,0.024999999999997247,0.3992307692307687,0.3992307692307687,True,True,True,True,True,True,0.8655782051281999
1.1,0.4,0.3,2.5257365e-05,0.2437,1.1663235294117647e-10,0.0,1.1663235294117647e-10,1.02,1.03,True,True,True,0.04211666666666528,0.024999999999997247,0.6683823529411761,0.6683823529411761,True,True,True,True,True,True,1.4038813725490147
1.1,0.4,0.35,2.5257365e-05,0.2437,1.1170422535211268e-10,0.0,1.1170422535211268e-10,1.02,1.03,True,True,True,0.04211666666666528,0.024999999999997247,0.9147887323943655,0.9147887323943655,True,True,True,True,True,True,1.8966941314553936
1.1,0.4,0.4,2.5257365e-05,0.2437,1.0717567567567567e-10,0.0,1.0717567567567567e-10,1.02,1.03,True,True,True,0.04211666666666528,0.024999999999997247,1.1412162162162158,1.1412162162162158,True,True,False,False,True,False,2.349549099099094
1.1,0.4,0.45,2.5257365e-05,0.2437,1.0299999999999999e-10,0.0,1.0299999999999999e-10,1.02,1.03,True,True,True,0.04211666666666528,0.024999999999997247,1.3499999999999999,1.3499999999999999,True,True,False,False,True,False,2.767116666666662
1.1,0.4,0.5,2.5257365e-05,0.2437,9.913749999999998e-11,0.0,9.913749999999998e-11,1.02,1.03,True,True,True,0.04211666666666528,0.024999999999997247,1.5431250000000003,1.5431250000000003,True,True,False,False,True,False,3.1533666666666633
1.1,0.4,0.55,2.5257365e-05,0.2437,9.555421686746987e-11,0.0,9.555421686746987e-11,1.02,1.03,True,True,True,0.04211666666666528,0.024999999999997247,1.7222891566265064,1.7222891566265064,True,True,False,False,True,False,3.5116949799196755
1.1,0.4,0.6,2.5257365e-05,0.2437,9.222093023255813e-11,0.0,9.222093023255813e-11,1.02,1.03,True,True,True,0.04211666666666528,0.024999999999997247,1.888953488372093,1.888953488372093,True,True,False,False,True,False,3.8450236434108485
1.1,0.4,0.65,2.5257365e-05,0.2437,8.911235955056179e-11,0.0,8.911235955056179e-11,1.02,1.03,True,True,True,0.04211666666666528,0.024999999999997247,2.0443820224719103,2.0443820224719103,True,True,False,False,True,False,4.155880711610483
1.1,0.4,0.7,2.5257365e-05,0.2437,8.620652173913044e-11,0.0,8.620652173913044e-11,1.02,1.03,True,True,True,0.04211666666666528,0.024999999999997247,2.1896739130434777,2.1896739130434777,True,True,False,False,True,False,4.446464492753618
1.1,0.5,0.0,2.5257365e-05,0.2437,1.6995e-10,0.0,1.6995e-10,1.02,1.03,True,True,True,0.04211666666666528,0.024999999999997247,1.9975000000000003,1.9975000000000003,True,True,False,False,True,False,4.062116666666663
1.1,0.5,0.05,2.5257365e-05,0.2437,1.6033018867924526e-10,0.0,1.6033018867924526e-10,1.02,1.03,True,True,True,0.04211666666666528,0.024999999999997247,1.5165094339622638,1.5165094339622638,True,True,False,False,True,False,3.10013553459119
1.1,0.5,0.1,2.5257365e-05,0.2437,1.5174107142857142e-10,0.0,1.5174107142857142e-10,1.02,1.03,True,True,True,0.04211666666666528,0.024999999999997247,1.0870535714285714,1.0870535714285714,True,True,False,False,True,False,2.241223809523805
1.1,0.5,0.15,2.5257365e-05,0.2437,1.4402542372881355e-10,0.0,1.4402542372881355e-10,1.02,1.03,True,True,True,0.04211666666666528,0.024999999999997247,0.7012711864406782,0.7012711864406782,True,True,True,True,True,True,1.469659039548019
1.1,0.5,0.2,2.5257365e-05,0.2437,1.370564516129032e-10,0.0,1.370564516129032e-10,1.02,1.03,True,True,True,0.04211666666666528,0.024999999999997247,0.35282258064516114,0.35282258064516114,True,True,True,True,True,True,0.7727618279569848
1.1,0.5,0.25,2.5257365e-05,0.2437,1.3073076923076922e-10,0.0,1.3073076923076922e-10,1.02,1.03,True,True,True,0.04211666666666528,0.024999999999997247,0.03653846153846151,0.03653846153846151,True,True,True,True,True,True,0.14019358974358556
1.1,0.5,0.3,2.5257365e-05,0.2437,1.2496323529411765e-10,0.0,1.2496323529411765e-10,1.02,1.03,True,True,True,0.04211666666666528,0.024999999999997247,0.251838235294117,0.251838235294117,True,True,True,True,True,True,0.5707931372548964
1.1,0.5,0.35,2.5257365e-05,0.2437,1.196830985915493e-10,0.0,1.196830985915493e-10,1.02,1.03,True,True,True,0.04211666666666528,0.024999999999997247,0.5158450704225341,0.5158450704225341,True,True,True,True,True,True,1.0988068075117308
1.1,0.5,0.4,2.5257365e-05,0.2437,1.1483108108108107e-10,0.0,1.1483108108108107e-10,1.02,1.03,True,True,True,0.04211666666666528,0.024999999999997247,0.7584459459459459,0.7584459459459459,True,True,True,True,True,True,1.5840085585585544
1.1,0.5,0.45,2.5257365e-05,0.2437,1.1035714285714285e-10,0.0,1.1035714285714285e-10,1.02,1.03,True,True,True,0.04211666666666528,0.024999999999997247,0.9821428571428571,0.9821428571428571,True,True,True,True,True,True,2.0314023809523767
1.1,0.5,0.5,2.5257365e-05,0.2437,1.0621874999999999e-10,0.0,1.0621874999999999e-10,1.02,1.03,True,True,True,0.04211666666666528,0.024999999999997247,1.1890625000000004,1.1890625000000004,True,True,False,False,True,False,2.4452416666666634
1.1,0.5,0.55,2.5257365e-05,0.2437,1.0237951807228914e-10,0.0,1.0237951807228914e-10,1.02,1.03,True,True,True,0.04211666666666528,0.024999999999997247,1.3810240963855425,1.3810240963855425,True,True,False,False,True,False,2.829164859437747
1.1,0.5,0.6,2.5257365e-05,0.2437,9.880813953488371e-11,0.0,9.880813953488371e-11,1.02,1.03,True,True,True,0.04211666666666528,0.024999999999997247,1.559593023255814,1.559593023255814,True,True,False,False,True,False,3.18630271317829
1.1,0.5,0.65,2.5257365e-05,0.2437,9.547752808988763e-11,0.0,9.547752808988763e-11,1.02,1.03,True,True,True,0.04211666666666528,0.024999999999997247,1.726123595505618,1.726123595505618,True,True,False,False,True,False,3.5193638576778987
1.1,0.5,0.7,2.5257365e-05,0.2437,9.236413043478261e-11,0.0,9.236413043478261e-11,1.02,1.03,True,True,True,0.04211666666666528,0.024999999999997247,1.8817934782608694,1.8817934782608694,True,True,False,False,True,False,3.830703623188401
1.1,0.6,0.0,2.5257365e-05,0.2437,1.8128000000000002e-10,0.0,1.8128000000000002e-10,1.02,1.03,True,True,True,0.04211666666666528,0.024999999999997247,2.5640000000000014,2.5640000000000014,True,True,False,False,True,False,5.1951166666666655
1.1,0.6,0.05,2.5257365e-05,0.2437,1.710188679245283e-10,0.0,1.710188679245283e-10,1.02,1.03,True,True,True,0.04211666666666528,0.024999999999997247,2.0509433962264163,2.0509433962264163,True,True,False,False,True,False,4.169003459119495
1.1,0.6,0.1,2.5257365e-05,0.2437,1.6185714285714287e-10,0.0,1.6185714285714287e-10,1.02,1.03,True,True,True,0.04211666666666528,0.024999999999997247,1.5928571428571439,1.5928571428571439,True,True,False,False,True,False,3.2528309523809504
1.1,0.6,0.15,2.5257365e-05,0.2437,1.5362711864406782e-10,0.0,1.5362711864406782e-10,1.02,1.03,True,True,True,0.04211666666666528,0.024999999999997247,1.1813559322033913,1.1813559322033913,True,True,False,False,True,False,2.4298285310734453
1.1,0.6,0.2,2.5257365e-05,0.2437,1.461935483870968e-10,0.0,1.461935483870968e-10,1.02,1.03,True,True,True,0.04211666666666528,0.024999999999997247,0.8096774193548401,0.8096774193548401,True,True,True,True,True,True,1.6864715053763426
1.1,0.6,0.25,2.5257365e-05,0.2437,1.3944615384615385e-10,0.0,1.3944615384615385e-10,1.02,1.03,True,True,True,0.04211666666666528,0.024999999999997247,0.47230769230769304,0.47230769230769304,True,True,True,True,True,True,1.0117320512820487
1.1,0.6,0.3,2.5257365e-05,0.2437,1.3329411764705886e-10,0.0,1.3329411764705886e-10,1.02,1.03,True,True,True,0.04211666666666528,0.024999999999997247,0.16470588235294342,0.16470588235294342,True,True,True,True,True,True,0.39652843137254934
1.1,0.6,0.35,2.5257365e-05,0.2437,1.2766197183098594e-10,0.0,1.2766197183098594e-10,1.02,1.03,True,True,True,0.04211666666666528,0.024999999999997247,0.11690140845070272,0.11690140845070272,True,True,True,True,True,True,0.30091948356806797
1.1,0.6,0.4,2.5257365e-05,0.2437,1.224864864864865e-10,0.0,1.224864864864865e-10,1.02,1.03,True,True,True,0.04211666666666528,0.024999999999997247,0.375675675675674,0.375675675675674,True,True,True,True,True,True,0.8184680180180106
1.1,0.6,0.45,2.5257365e-05,0.2437,1.1771428571428572e-10,0.0,1.1771428571428572e-10,1.02,1.03,True,True,True,0.04211666666666528,0.024999999999997247,0.6142857142857135,0.6142857142857135,True,True,True,True,True,True,1.2956880952380896
1.1,0.6,0.5,2.5257365e-05,0.2437,1.1330000000000001e-10,0.0,1.1330000000000001e-10,1.02,1.03,True,True,True,0.04211666666666528,0.024999999999997247,0.834999999999999,0.834999999999999,True,True,True,True,True,True,1.7371166666666604
1.1,0.6,0.55,2.5257365e-05,0.2437,1.0920481927710843e-10,0.0,1.0920481927710843e-10,1.02,1.03,True,True,True,0.04211666666666528,0.024999999999997247,1.039759036144578,1.039759036144578,True,True,False,False,True,False,2.146634738955819
1.1,0.6,0.6,2.5257365e-05,0.2437,1.0539534883720932e-10,0.0,1.0539534883720932e-10,1.02,1.03,True,True,True,0.04211666666666528,0.024999999999997247,1.2302325581395337,1.2302325581395337,True,True,False,False,True,False,2.52758178294573
1.1,0.6,0.65,2.5257365e-05,0.2437,1.0184269662921349e-10,0.0,1.0184269662921349e-10,1.02,1.03,True,True,True,0.04211666666666528,0.024999999999997247,1.407865168539325,1.407865168539325,True,True,False,False,True,False,2.8828470037453124
1.1,0.6,0.7,2.5257365e-05,0.2437,9.85217391304348e-11,0.0,9.85217391304348e-11,1.02,1.03,True,True,True,0.04211666666666528,0.024999999999997247,1.5739130434782593,1.5739130434782593,True,True,False,False,True,False,3.2149427536231814
1.1,0.7,0.0,2.5257365e-05,0.2437,1.9261e-10,0.0,1.9261e-10,1.02,1.03,True,True,True,0.04211666666666528,0.024999999999997247,3.1305000000000005,3.1305000000000005,True,True,False,False,True,False,6.328116666666664
1.1,0.7,0.05,2.5257365e-05,0.2437,1.817075471698113e-10,0.0,1.817075471698113e-10,1.02,1.03,True,True,True,0.04211666666666528,0.024999999999997247,2.5853773584905664,2.5853773584905664,True,True,False,False,True,False,5.2378713836477955
1.1,0.7,0.1,2.5257365e-05,0.2437,1.7197321428571427e-10,0.0,1.7197321428571427e-10,1.02,1.03,True,True,True,0.04211666666666528,0.024999999999997247,2.098660714285714,2.098660714285714,True,True,False,False,True,False,4.2644380952380905
1.1,0.7,0.15,2.5257365e-05,0.2437,1.6322881355932205e-10,0.0,1.6322881355932205e-10,1.02,1.03,True,True,True,0.04211666666666528,0.024999999999997247,1.661440677966103,1.661440677966103,True,True,False,False,True,False,3.389998022598869
1.1,0.7,0.2,2.5257365e-05,0.2437,1.5533064516129032e-10,0.0,1.5533064516129032e-10,1.02,1.03,True,True,True,0.04211666666666528,0.024999999999997247,1.2665322580645164,1.2665322580645164,True,True,False,False,True,False,2.600181182795695
1.1,0.7,0.25,2.5257365e-05,0.2437,1.4816153846153846e-10,0.0,1.4816153846153846e-10,1.02,1.03,True,True,True,0.04211666666666528,0.024999999999997247,0.9080769230769233,0.9080769230769233,True,True,True,True,True,True,1.8832705128205092
1.1,0.7,0.3,2.5257365e-05,0.2437,1.4162500000000001e-10,0.0,1.4162500000000001e-10,1.02,1.03,True,True,True,0.04211666666666528,0.024999999999997247,0.5812500000000013,0.5812500000000013,True,True,True,True,True,True,1.229616666666665
1.1,0.7,0.35,2.5257365e-05,0.2437,1.3564084507042254e-10,0.0,1.3564084507042254e-10,1.02,1.03,True,True,True,0.04211666666666528,0.024999999999997247,0.2820422535211274,0.2820422535211274,True,True,True,True,True,True,0.6312011737089174
1.1,0.7,0.4,2.5257365e-05,0.2437,1.301418918918919e-10,0.0,1.301418918918919e-10,1.02,1.03,True,True,True,0.04211666666666528,0.024999999999997247,0.007094594594595339,0.007094594594595339,True,True,True,True,True,True,0.0813058558558532
1.1,0.7,0.45,2.5257365e-05,0.2437,1.2507142857142855e-10,0.0,1.2507142857142855e-10,1.02,1.03,True,True,True,0.04211666666666528,0.024999999999997247,0.24642857142857189,0.24642857142857189,True,True,True,True,True,True,0.5599738095238063
1.1,0.7,0.5,2.5257365e-05,0.2437,1.2038124999999999e-10,0.0,1.2038124999999999e-10,1.02,1.03,True,True,True,0.04211666666666528,0.024999999999997247,0.4809375000000002,0.4809375000000002,True,True,True,True,True,True,1.028991666666663
1.1,0.7,0.55,2.5257365e-05,0.2437,1.160301204819277e-10,0.0,1.160301204819277e-10,1.02,1.03,True,True,True,0.04211666666666528,0.024999999999997247,0.6984939759036148,0.6984939759036148,True,True,True,True,True,True,1.4641046184738922
1.1,0.7,0.6,2.5257365e-05,0.2437,1.1198255813953489e-10,0.0,1.1198255813953489e-10,1.02,1.03,True,True,True,0.04211666666666528,0.024999999999997247,0.9008720930232552,0.9008720930232552,True,True,True,True,True,True,1.868860852713173
1.1,0.7,0.65,2.5257365e-05,0.2437,1.0820786516853933e-10,0.0,1.0820786516853933e-10,1.02,1.03,True,True,True,0.04211666666666528,0.024999999999997247,1.0896067415730333,1.0896067415730333,True,True,False,False,True,False,2.246330149812729
1.1,0.7,0.7,2.5257365e-05,0.2437,1.0467934782608696e-10,0.0,1.0467934782608696e-10,1.02,1.03,True,True,True,0.04211666666666528,0.024999999999997247,1.2660326086956515,1.2660326086956515,True,True,False,False,True,False,2.5991818840579652
1.1,0.8,0.0,2.5257365e-05,0.2437,2.0394e-10,0.0,2.0394e-10,1.02,1.03,True,True,True,0.04211666666666528,0.024999999999997247,3.6970000000000005,3.6970000000000005,True,True,False,False,True,False,7.461116666666664
1.1,0.8,0.05,2.5257365e-05,0.2437,1.9239622641509434e-10,0.0,1.9239622641509434e-10,1.02,1.03,True,True,True,0.04211666666666528,0.024999999999997247,3.1198113207547173,3.1198113207547173,True,True,False,False,True,False,6.306739308176097
1.1,0.8,0.1,2.5257365e-05,0.2437,1.820892857142857e-10,0.0,1.820892857142857e-10,1.02,1.03,True,True,True,0.04211666666666528,0.024999999999997247,2.6044642857142852,2.6044642857142852,True,True,False,False,True,False,5.276045238095233
1.1,0.8,0.15,2.5257365e-05,0.2437,1.7283050847457629e-10,0.0,1.7283050847457629e-10,1.02,1.03,True,True,True,0.04211666666666528,0.024999999999997247,2.141525423728815,2.141525423728815,True,True,False,False,True,False,4.350167514124292
1.1,0.8,0.2,2.5257365e-05,0.2437,1.6446774193548387e-10,0.0,1.6446774193548387e-10,1.02,1.03,True,True,True,0.04211666666666528,0.024999999999997247,1.7233870967741942,1.7233870967741942,True,True,False,False,True,False,3.513890860215051
1.1,0.8,0.25,2.5257365e-05,0.2437,1.5687692307692306e-10,0.0,1.5687692307692306e-10,1.02,1.03,True,True,True,0.04211666666666528,0.024999999999997247,1.3438461538461535,1.3438461538461535,True,True,False,False,True,False,2.754808974358969
1.1,0.8,0.3,2.5257365e-05,0.2437,1.499558823529412e-10,0.0,1.499558823529412e-10,1.02,1.03,True,True,True,0.04211666666666528,0.024999999999997247,0.9977941176470604,0.9977941176470604,True,True,True,True,True,True,2.0627049019607835
1.1,0.8,0.35,2.5257365e-05,0.2437,1.4361971830985917e-10,0.0,1.4361971830985917e-10,1.02,1.03,True,True,True,0.04211666666666528,0.024999999999997247,0.6809859154929588,0.6809859154929588,True,True,True,True,True,True,1.4290884976525802
1.1,0.8,0.4,2.5257365e-05,0.2437,1.3779729729729728e-10,0.0,1.3779729729729728e-10,1.02,1.03,True,True,True,0.04211666666666528,0.024999999999997247,0.38986486486486466,0.38986486486486466,True,True,True,True,True,True,0.8468463963963919
1.1,0.8,0.45,2.5257365e-05,0.2437,1.324285714285714e-10,0.0,1.324285714285714e-10,1.02,1.03,True,True,True,0.04211666666666528,0.024999999999997247,0.12142857142857101,0.12142857142857101,True,True,True,True,True,True,0.30997380952380454
1.1,0.8,0.5,2.5257365e-05,0.2437,1.274625e-10,0.0,1.274625e-10,1.02,1.03,True,True,True,0.04211666666666528,0.024999999999997247,0.12687500000000015,0.12687500000000015,True,True,True,True,True,True,0.32086666666666286
1.1,0.8,0.55,2.5257365e-05,0.2437,1.2285542168674697e-10,0.0,1.2285542168674697e-10,1.02,1.03,True,True,True,0.04211666666666528,0.024999999999997247,0.357228915662651,0.357228915662651,True,True,True,True,True,True,0.7815744979919645
1.1,0.8,0.6,2.5257365e-05,0.2437,1.1856976744186046e-10,0.0,1.1856976744186046e-10,1.02,1.03,True,True,True,0.04211666666666528,0.024999999999997247,0.5715116279069767,0.5715116279069767,True,True,True,True,True,True,1.210139922480616
1.1,0.8,0.65,2.5257365e-05,0.2437,1.1457303370786517e-10,0.0,1.1457303370786517e-10,1.02,1.03,True,True,True,0.04211666666666528,0.024999999999997247,0.771348314606741,0.771348314606741,True,True,True,True,True,True,1.6098132958801445
1.1,0.8,0.7,2.5257365e-05,0.2437,1.1083695652173913e-10,0.0,1.1083695652173913e-10,1.02,1.03,True,True,True,0.04211666666666528,0.024999999999997247,0.958152173913043,0.958152173913043,True,True,True,True,True,True,1.9834210144927484
1.1,0.9,0.0,2.5257365e-05,0.2437,2.1527e-10,0.0,2.1527e-10,1.02,1.03,True,True,True,0.04211666666666528,0.024999999999997247,4.2635000000000005,4.2635000000000005,True,True,False,False,True,False,8.594116666666665
1.1,0.9,0.05,2.5257365e-05,0.2437,2.0308490566037733e-10,0.0,2.0308490566037733e-10,1.02,1.03,True,True,True,0.04211666666666528,0.024999999999997247,3.6542452830188674,3.6542452830188674,True,True,False,False,True,False,7.3756072327043976
1.1,0.9,0.1,2.5257365e-05,0.2437,1.9220535714285712e-10,0.0,1.9220535714285712e-10,1.02,1.03,True,True,True,0.04211666666666528,0.024999999999997247,3.1102678571428566,3.1102678571428566,True,True,False,False,True,False,6.287652380952376
1.1,0.9,0.15,2.5257365e-05,0.2437,1.8243220338983052e-10,0.0,1.8243220338983052e-10,1.02,1.03,True,True,True,0.04211666666666528,0.024999999999997247,2.6216101694915266,2.6216101694915266,True,True,False,False,True,False,5.310337005649716
1.1,0.9,0.2,2.5257365e-05,0.2437,1.7360483870967742e-10,0.0,1.7360483870967742e-10,1.02,1.03,True,True,True,0.04211666666666528,0.024999999999997247,2.180241935483872,2.180241935483872,True,True,False,False,True,False,4.427600537634406
1.1,0.9,0.25,2.5257365e-05,0.2437,1.655923076923077e-10,0.0,1.655923076923077e-10,1.02,1.03,True,True,True,0.04211666666666528,0.024999999999997247,1.779615384615385,1.779615384615385,True,True,False,False,True,False,3.626347435897433
1.1,0.9,0.3,2.5257365e-05,0.2437,1.5828676470588235e-10,0.0,1.5828676470588235e-10,1.02,1.03,True,True,True,0.04211666666666528,0.024999999999997247,1.4143382352941183,1.4143382352941183,True,True,False,False,True,False,2.8957931372548993
1.1,0.9,0.35,2.5257365e-05,0.2437,1.515985915492958e-10,0.0,1.515985915492958e-10,1.02,1.03,True,True,True,0.04211666666666528,0.024999999999997247,1.0799295774647901,1.0799295774647901,True,True,False,False,True,False,2.226975821596243
1.1,0.9,0.4,2.5257365e-05,0.2437,1.454527027027027e-10,0.0,1.454527027027027e-10,1.02,1.03,True,True,True,0.04211666666666528,0.024999999999997247,0.7726351351351353,0.7726351351351353,True,True,True,True,True,True,1.612386936936933
1.1,0.9,0.45,2.5257365e-05,0.2437,1.3978571428571427e-10,0.0,1.3978571428571427e-10,1.02,1.03,True,True,True,0.04211666666666528,0.024999999999997247,0.48928571428571394,0.48928571428571394,True,True,True,True,True,True,1.0456880952380905
1.1,0.9,0.5,2.5257365e-05,0.2437,1.3454375e-10,0.0,1.3454375e-10,1.02,1.03,True,True,True,0.04211666666666528,0.024999999999997247,0.2271874999999999,0.2271874999999999,True,True,True,True,True,True,0.5214916666666624
1.1,0.9,0.55,2.5257365e-05,0.2437,1.2968072289156626e-10,0.0,1.2968072289156626e-10,1.02,1.03,True,True,True,0.04211666666666528,0.024999999999997247,0.015963855421686567,0.015963855421686567,True,True,True,True,True,True,0.09904437751003567
1.1,0.9,0.6,2.5257365e-05,0.2437,1.2515697674418604e-10,0.0,1.2515697674418604e-10,1.02,1.03,True,True,True,0.04211666666666528,0.024999999999997247,0.2421511627906977,0.2421511627906977,True,True,True,True,True,True,0.5514189922480579
1.1,0.9,0.65,2.5257365e-05,0.2437,1.2093820224719102e-10,0.0,1.2093820224719102e-10,1.02,1.03,True,True,True,0.04211666666666528,0.024999999999997247,0.4530898876404487,0.4530898876404487,True,True,True,True,True,True,0.97329644194756
1.1,0.9,0.7,2.5257365e-05,0.2437,1.169945652173913e-10,0.0,1.169945652173913e-10,1.02,1.03,True,True,True,0.04211666666666528,0.024999999999997247,0.6502717391304343,0.6502717391304343,True,True,True,True,True,True,1.3676601449275312
1.1,1.0,0.0,2.5257365e-05,0.2437,2.266e-10,0.0,2.266e-10,1.02,1.03,True,True,True,0.04211666666666528,0.024999999999997247,4.830000000000001,4.830000000000001,True,True,False,False,True,False,9.727116666666664
1.1,1.0,0.05,2.5257365e-05,0.2437,2.1377358490566036e-10,0.0,2.1377358490566036e-10,1.02,1.03,True,True,True,0.04211666666666528,0.024999999999997247,4.188679245283018,4.188679245283018,True,True,False,False,True,False,8.444475157232699
1.1,1.0,0.1,2.5257365e-05,0.2437,2.0232142857142854e-10,0.0,2.0232142857142854e-10,1.02,1.03,True,True,True,0.04211666666666528,0.024999999999997247,3.616071428571428,3.616071428571428,True,True,False,False,True,False,7.299259523809519
1.1,1.0,0.15,2.5257365e-05,0.2437,1.9203389830508476e-10,0.0,1.9203389830508476e-10,1.02,1.03,True,True,True,0.04211666666666528,0.024999999999997247,3.1016949152542383,3.1016949152542383,True,True,False,False,True,False,6.270506497175139
1.1,1.0,0.2,2.5257365e-05,0.2437,1.8274193548387098e-10,0.0,1.8274193548387098e-10,1.02,1.03,True,True,True,0.04211666666666528,0.024999999999997247,2.6370967741935494,2.6370967741935494,True,True,False,False,True,False,5.3413102150537615
1.1,1.0,0.25,2.5257365e-05,0.2437,1.743076923076923e-10,0.0,1.743076923076923e-10,1.02,1.03,True,True,True,0.04211666666666528,0.024999999999997247,2.2153846153846155,2.2153846153846155,True,True,False,False,True,False,4.497885897435894
1.1,1.0,0.3,2.5257365e-05,0.2437,1.6661764705882353e-10,0.0,1.6661764705882353e-10,1.02,1.03,True,True,True,0.04211666666666528,0.024999999999997247,1.8308823529411773,1.8308823529411773,True,True,False,False,True,False,3.728881372549017
1.1,1.0,0.35,2.5257365e-05,0.2437,1.595774647887324e-10,0.0,1.595774647887324e-10,1.02,1.03,True,True,True,0.04211666666666528,0.024999999999997247,1.4788732394366202,1.4788732394366202,True,True,False,False,True,False,3.0248631455399027
1.1,1.0,0.4,2.5257365e-05,0.2437,1.531081081081081e-10,0.0,1.531081081081081e-10,1.02,1.03,True,True,True,0.04211666666666528,0.024999999999997247,1.155405405405406,1.155405405405406,True,True,False,False,True,False,2.377927477477474
1.1,1.0,0.45,2.5257365e-05,0.2437,1.4714285714285713e-10,0.0,1.4714285714285713e-10,1.02,1.03,True,True,True,0.04211666666666528,0.024999999999997247,0.8571428571428569,0.8571428571428569,True,True,True,True,True,True,1.7814023809523762
1.1,1.0,0.5,2.5257365e-05,0.2437,1.41625e-10,0.0,1.41625e-10,1.02,1.03,True,True,True,0.04211666666666528,0.024999999999997247,0.5812499999999999,0.5812499999999999,True,True,True,True,True,True,1.2296166666666624
1.1,1.0,0.55,2.5257365e-05,0.2437,1.3650602409638552e-10,0.0,1.3650602409638552e-10,1.02,1.03,True,True,True,0.04211666666666528,0.024999999999997247,0.3253012048192766,0.3253012048192766,True,True,True,True,True,True,0.7177190763052157
1.1,1.0,0.6,2.5257365e-05,0.2437,1.3174418604651162e-10,0.0,1.3174418604651162e-10,1.02,1.03,True,True,True,0.04211666666666528,0.024999999999997247,0.08720930232558137,0.08720930232558137,True,True,True,True,True,True,0.24153527131782526
1.1,1.0,0.65,2.5257365e-05,0.2437,1.2730337078651686e-10,0.0,1.2730337078651686e-10,1.02,1.03,True,True,True,0.04211666666666528,0.024999999999997247,0.1348314606741564,0.1348314606741564,True,True,True,True,True,True,0.3367795880149753
1.1,1.0,0.7,2.5257365e-05,0.2437,1.2315217391304348e-10,0.0,1.2315217391304348e-10,1.02,1.03,True,True,True,0.04211666666666528,0.024999999999997247,0.3423913043478258,0.3423913043478258,True,True,True,True,True,True,0.7518992753623142
1.1,1.1,0.0,2.5257365e-05,0.2437,2.3793e-10,0.0,2.3793e-10,1.02,1.03,True,True,True,0.04211666666666528,0.024999999999997247,5.396500000000002,5.396500000000002,True,True,False,False,True,False,10.860116666666666
1.1,1.1,0.05,2.5257365e-05,0.2437,2.244622641509434e-10,0.0,2.244622641509434e-10,1.02,1.03,True,True,True,0.04211666666666528,0.024999999999997247,4.723113207547171,4.723113207547171,True,True,False,False,True,False,9.513343081761004
1.1,1.1,0.1,2.5257365e-05,0.2437,2.124375e-10,0.0,2.124375e-10,1.02,1.03,True,True,True,0.04211666666666528,0.024999999999997247,4.121875,4.121875,True,True,False,False,True,False,8.310866666666662
1.1,1.1,0.15,2.5257365e-05,0.2437,2.0163559322033902e-10,0.0,2.0163559322033902e-10,1.02,1.03,True,True,True,0.04211666666666528,0.024999999999997247,3.5817796610169514,3.5817796610169514,True,True,False,False,True,False,7.230675988700566
1.1,1.1,0.2,2.5257365e-05,0.2437,1.9187903225806453e-10,0.0,1.9187903225806453e-10,1.02,1.03,True,True,True,0.04211666666666528,0.024999999999997247,3.093951612903227,3.093951612903227,True,True,False,False,True,False,6.255019892473117
1.1,1.1,0.25,2.5257365e-05,0.2437,1.8302307692307692e-10,0.0,1.8302307692307692e-10,1.02,1.03,True,True,True,0.04211666666666528,0.024999999999997247,2.651153846153847,2.651153846153847,True,True,False,False,True,False,5.369424358974356
1.1,1.1,0.3,2.5257365e-05,0.2437,1.7494852941176474e-10,0.0,1.7494852941176474e-10,1.02,1.03,True,True,True,0.04211666666666528,0.024999999999997247,2.2474264705882376,2.2474264705882376,True,True,False,False,True,False,4.561969607843138
1.1,1.1,0.35,2.5257365e-05,0.2437,1.6755633802816905e-10,0.0,1.6755633802816905e-10,1.02,1.03,True,True,True,0.04211666666666528,0.024999999999997247,1.877816901408453,1.877816901408453,True,True,False,False,True,False,3.8227504694835686
1.1,1.1,0.4,2.5257365e-05,0.2437,1.6076351351351354e-10,0.0,1.6076351351351354e-10,1.02,1.03,True,True,True,0.04211666666666528,0.024999999999997247,1.5381756756756777,1.5381756756756777,True,True,False,False,True,False,3.1434680180180177
1.1,1.1,0.45,2.5257365e-05,0.2437,1.545e-10,0.0,1.545e-10,1.02,1.03,True,True,True,0.04211666666666528,0.024999999999997247,1.225000000000001,1.225000000000001,True,True,False,False,True,False,2.5171166666666647
1.1,1.1,0.5,2.5257365e-05,0.2437,1.4870625000000002e-10,0.0,1.4870625000000002e-10,1.02,1.03,True,True,True,0.04211666666666528,0.024999999999997247,0.9353125000000013,0.9353125000000013,True,True,True,True,True,True,1.9377416666666651
1.1,1.1,0.55,2.5257365e-05,0.2437,1.433313253012048e-10,0.0,1.433313253012048e-10,1.02,1.03,True,True,True,0.04211666666666528,0.024999999999997247,0.6665662650602411,0.6665662650602411,True,True,True,True,True,True,1.4002491967871447
1.1,1.1,0.6,2.5257365e-05,0.2437,1.3833139534883722e-10,0.0,1.3833139534883722e-10,1.02,1.03,True,True,True,0.04211666666666528,0.024999999999997247,0.41656976744186175,0.41656976744186175,True,True,True,True,True,True,0.9002562015503861
1.1,1.1,0.65,2.5257365e-05,0.2437,1.336685393258427e-10,0.0,1.336685393258427e-10,1.02,1.03,True,True,True,0.04211666666666528,0.024999999999997247,0.18342696629213587,0.18342696629213587,True,True,True,True,True,True,0.4339705992509343
1.1,1.1,0.7,2.5257365e-05,0.2437,1.2930978260869567e-10,0.0,1.2930978260869567e-10,1.02,1.03,True,True,True,0.04211666666666528,0.024999999999997247,0.034510869565215894,0.034510869565215894,True,True,True,True,True,True,0.13613840579709433
1.1,1.2,0.0,2.5257365e-05,0.2437,2.4926000000000003e-10,0.0,2.4926000000000003e-10,1.02,1.03,True,True,True,0.04211666666666528,0.024999999999997247,5.963000000000002,5.963000000000002,True,True,False,False,True,False,11.993116666666666
1.1,1.2,0.05,2.5257365e-05,0.2437,2.3515094339622643e-10,0.0,2.3515094339622643e-10,1.02,1.03,True,True,True,0.04211666666666528,0.024999999999997247,5.257547169811322,5.257547169811322,True,True,False,False,True,False,10.582211006289306
1.1,1.2,0.1,2.5257365e-05,0.2437,2.2255357142857142e-10,0.0,2.2255357142857142e-10,1.02,1.03,True,True,True,0.04211666666666528,0.024999999999997247,4.6276785714285715,4.6276785714285715,True,True,False,False,True,False,9.322473809523807
1.1,1.2,0.15,2.5257365e-05,0.2437,2.1123728813559325e-10,0.0,2.1123728813559325e-10,1.02,1.03,True,True,True,0.04211666666666528,0.024999999999997247,4.061864406779663,4.061864406779663,True,True,False,False,True,False,8.190845480225988
1.1,1.2,0.2,2.5257365e-05,0.2437,2.0101612903225808e-10,0.0,2.0101612903225808e-10,1.02,1.03,True,True,True,0.04211666666666528,0.024999999999997247,3.550806451612905,3.550806451612905,True,True,False,False,True,False,7.168729569892473
1.1,1.2,0.25,2.5257365e-05,0.2437,1.9173846153846155e-10,0.0,1.9173846153846155e-10,1.02,1.03,True,True,True,0.04211666666666528,0.024999999999997247,3.086923076923078,3.086923076923078,True,True,False,False,True,False,6.240962820512819
1.1,1.2,0.3,2.5257365e-05,0.2437,1.8327941176470592e-10,0.0,1.8327941176470592e-10,1.02,1.03,True,True,True,0.04211666666666528,0.024999999999997247,2.663970588235297,2.663970588235297,True,True,False,False,True,False,5.3950578431372564
1.1,1.2,0.35,2.5257365e-05,0.2437,1.7553521126760565e-10,0.0,1.7553521126760565e-10,1.02,1.03,True,True,True,0.04211666666666528,0.024999999999997247,2.276760563380283,2.276760563380283,True,True,False,False,True,False,4.620637793427229
1.1,1.2,0.4,2.5257365e-05,0.2437,1.6841891891891893e-10,0.0,1.6841891891891893e-10,1.02,1.03,True,True,True,0.04211666666666528,0.024999999999997247,1.920945945945947,1.920945945945947,True,True,False,False,True,False,3.909008558558557
1.1,1.2,0.45,2.5257365e-05,0.2437,1.6185714285714287e-10,0.0,1.6185714285714287e-10,1.02,1.03,True,True,True,0.04211666666666528,0.024999999999997247,1.5928571428571439,1.5928571428571439,True,True,False,False,True,False,3.2528309523809504
1.1,1.2,0.5,2.5257365e-05,0.2437,1.5578750000000002e-10,0.0,1.5578750000000002e-10,1.02,1.03,True,True,True,0.04211666666666528,0.024999999999997247,1.2893750000000013,1.2893750000000013,True,True,False,False,True,False,2.645866666666665
1.1,1.2,0.55,2.5257365e-05,0.2437,1.501566265060241e-10,0.0,1.501566265060241e-10,1.02,1.03,True,True,True,0.04211666666666528,0.024999999999997247,1.0078313253012054,1.0078313253012054,True,True,False,False,True,False,2.0827793172690736
1.1,1.2,0.6,2.5257365e-05,0.2437,1.449186046511628e-10,0.0,1.449186046511628e-10,1.02,1.03,True,True,True,0.04211666666666528,0.024999999999997247,0.7459302325581408,0.7459302325581408,True,True,True,True,True,True,1.5589771317829442
1.1,1.2,0.65,2.5257365e-05,0.2437,1.4003370786516855e-10,0.0,1.4003370786516855e-10,1.02,1.03,True,True,True,0.04211666666666528,0.024999999999997247,0.5016853932584282,0.5016853932584282,True,True,True,True,True,True,1.070487453183519
1.1,1.2,0.7,2.5257365e-05,0.2437,1.3546739130434784e-10,0.0,1.3546739130434784e-10,1.02,1.03,True,True,True,0.04211666666666528,0.024999999999997247,0.2733695652173927,0.2733695652173927,True,True,True,True,True,True,0.613855797101448
1.15,0.0,0.0,2.52510475e-05,0.24375000000000002,1.1494999999999999e-10,0.0,1.1494999999999999e-10,1.03,1.045,True,True,True,0.06317500000000356,0.03750000000000281,0.7525000000000002,0.7525000000000002,True,True,True,True,True,True,1.6056750000000068
1.15,0.0,0.05,2.52510475e-05,0.24375000000000002,1.0844339622641507e-10,0.0,1.0844339622641507e-10,1.03,1.045,True,True,True,0.06317500000000356,0.03750000000000281,1.0778301886792458,1.0778301886792458,True,True,False,False,True,False,2.256335377358498
1.15,0.0,0.1,2.52510475e-05,0.24375000000000002,1.0263392857142855e-10,0.0,1.0263392857142855e-10,1.03,1.045,True,True,True,0.06317500000000356,0.03750000000000281,1.3683035714285723,1.3683035714285723,True,True,False,False,True,False,2.837282142857151
1.15,0.0,0.15,2.52510475e-05,0.24375000000000002,9.741525423728813e-11,0.0,9.741525423728813e-11,1.03,1.045,True,True,True,0.06317500000000356,0.03750000000000281,1.629237288135593,1.629237288135593,True,True,False,False,True,False,3.359149576271192
1.15,0.0,0.2,2.52510475e-05,0.24375000000000002,9.27016129032258e-11,0.0,9.27016129032258e-11,1.03,1.045,True,True,True,0.06317500000000356,0.03750000000000281,1.86491935483871,1.86491935483871,True,True,False,False,True,False,3.830513709677426
1.15,0.0,0.25,2.52510475e-05,0.24375000000000002,8.842307692307691e-11,0.0,8.842307692307691e-11,1.03,1.045,True,True,True,0.06317500000000356,0.03750000000000281,2.078846153846154,2.078846153846154,True,True,False,False,True,False,4.258367307692314
1.15,0.0,0.3,2.52510475e-05,0.24375000000000002,8.452205882352941e-11,0.0,8.452205882352941e-11,1.03,1.045,True,True,True,0.06317500000000356,0.03750000000000281,2.2738970588235294,2.2738970588235294,True,True,False,False,True,False,4.648469117647066
1.15,0.0,0.35,2.52510475e-05,0.24375000000000002,8.09507042253521e-11,0.0,8.09507042253521e-11,1.03,1.045,True,True,True,0.06317500000000356,0.03750000000000281,2.4524647887323945,2.4524647887323945,True,True,False,False,True,False,5.005604577464796
1.15,0.0,0.4,2.52510475e-05,0.24375000000000002,7.766891891891891e-11,0.0,7.766891891891891e-11,1.03,1.045,True,True,True,0.06317500000000356,0.03750000000000281,2.6165540540540544,2.6165540540540544,True,True,False,False,True,False,5.333783108108115
1.15,0.0,0.45,2.52510475e-05,0.24375000000000002,7.464285714285713e-11,0.0,7.464285714285713e-11,1.03,1.045,True,True,True,0.06317500000000356,0.03750000000000281,2.7678571428571432,2.7678571428571432,True,True,False,False,True,False,5.6363892857142925
1.15,0.0,0.5,2.52510475e-05,0.24375000000000002,7.184374999999999e-11,0.0,7.184374999999999e-11,1.03,1.045,True,True,True,0.06317500000000356,0.03750000000000281,2.9078125000000004,2.9078125000000004,True,True,False,False,True,False,5.916300000000007
1.15,0.0,0.55,2.52510475e-05,0.24375000000000002,6.924698795180722e-11,0.0,6.924698795180722e-11,1.03,1.045,True,True,True,0.06317500000000356,0.03750000000000281,3.037650602409639,3.037650602409639,True,True,False,False,True,False,6.175976204819284
1.15,0.0,0.6,2.52510475e-05,0.24375000000000002,6.68313953488372e-11,0.0,6.68313953488372e-11,1.03,1.045,True,True,True,0.06317500000000356,0.03750000000000281,3.15843023255814,3.15843023255814,True,True,False,False,True,False,6.417535465116286
1.15,0.0,0.65,2.52510475e-05,0.24375000000000002,6.457865168539325e-11,0.0,6.457865168539325e-11,1.03,1.045,True,True,True,0.06317500000000356,0.03750000000000281,3.271067415730337,3.271067415730337,True,True,False,False,True,False,6.642809831460681
1.15,0.0,0.7,2.52510475e-05,0.24375000000000002,6.247282608695652e-11,0.0,6.247282608695652e-11,1.03,1.045,True,True,True,0.06317500000000356,0.03750000000000281,3.376358695652174,3.376358695652174,True,True,False,False,True,False,6.853392391304354
1.15,0.1,0.0,2.52510475e-05,0.24375000000000002,1.26445e-10,0.0,1.26445e-10,1.03,1.045,True,True,True,0.06317500000000356,0.03750000000000281,0.17774999999999974,0.17774999999999974,True,True,True,True,True,True,0.4561750000000059
1.15,0.1,0.05,2.52510475e-05,0.24375000000000002,1.192877358490566e-10,0.0,1.192877358490566e-10,1.03,1.045,True,True,True,0.06317500000000356,0.03750000000000281,0.5356132075471699,0.5356132075471699,True,True,True,True,True,True,1.171901415094346
1.15,0.1,0.1,2.52510475e-05,0.24375000000000002,1.1289732142857142e-10,0.0,1.1289732142857142e-10,1.03,1.045,True,True,True,0.06317500000000356,0.03750000000000281,0.8551339285714288,0.8551339285714288,True,True,True,True,True,True,1.810942857142864
1.15,0.1,0.15,2.52510475e-05,0.24375000000000002,1.0715677966101695e-10,0.0,1.0715677966101695e-10,1.03,1.045,True,True,True,0.06317500000000356,0.03750000000000281,1.142161016949152,1.142161016949152,True,True,False,False,True,False,2.38499703389831
1.15,0.1,0.2,2.52510475e-05,0.24375000000000002,1.0197177419354839e-10,0.0,1.0197177419354839e-10,1.03,1.045,True,True,True,0.06317500000000356,0.03750000000000281,1.4014112903225804,1.4014112903225804,True,True,False,False,True,False,2.9034975806451673
1.15,0.1,0.25,2.52510475e-05,0.24375000000000002,9.726538461538461e-11,0.0,9.726538461538461e-11,1.03,1.045,True,True,True,0.06317500000000356,0.03750000000000281,1.636730769230769,1.636730769230769,True,True,False,False,True,False,3.3741365384615447
1.15,0.1,0.3,2.52510475e-05,0.24375000000000002,9.297426470588235e-11,0.0,9.297426470588235e-11,1.03,1.045,True,True,True,0.06317500000000356,0.03750000000000281,1.851286764705882,1.851286764705882,True,True,False,False,True,False,3.8032485294117704
1.15,0.1,0.35,2.52510475e-05,0.24375000000000002,8.904577464788732e-11,0.0,8.904577464788732e-11,1.03,1.045,True,True,True,0.06317500000000356,0.03750000000000281,2.0477112676056333,2.0477112676056333,True,True,False,False,True,False,4.196097535211273
1.15,0.1,0.4,2.52510475e-05,0.24375000000000002,8.543581081081081e-11,0.0,8.543581081081081e-11,1.03,1.045,True,True,True,0.06317500000000356,0.03750000000000281,2.228209459459459,2.228209459459459,True,True,False,False,True,False,4.557093918918925
1.15,0.1,0.45,2.52510475e-05,0.24375000000000002,8.210714285714286e-11,0.0,8.210714285714286e-11,1.03,1.045,True,True,True,0.06317500000000356,0.03750000000000281,2.394642857142857,2.394642857142857,True,True,False,False,True,False,4.889960714285721
1.15,0.1,0.5,2.52510475e-05,0.24375000000000002,7.9028125e-11,0.0,7.9028125e-11,1.03,1.045,True,True,True,0.06317500000000356,0.03750000000000281,2.5485937499999998,2.5485937499999998,True,True,False,False,True,False,5.1978625000000065
1.15,0.1,0.55,2.52510475e-05,0.24375000000000002,7.617168674698794e-11,0.0,7.617168674698794e-11,1.03,1.045,True,True,True,0.06317500000000356,0.03750000000000281,2.6914156626506025,2.6914156626506025,True,True,False,False,True,False,5.483506325301212
1.15,0.1,0.6,2.52510475e-05,0.24375000000000002,7.351453488372093e-11,0.0,7.351453488372093e-11,1.03,1.045,True,True,True,0.06317500000000356,0.03750000000000281,2.824273255813953,2.824273255813953,True,True,False,False,True,False,5.749221511627912
1.15,0.1,0.65,2.52510475e-05,0.24375000000000002,7.103651685393258e-11,0.0,7.103651685393258e-11,1.03,1.045,True,True,True,0.06317500000000356,0.03750000000000281,2.948174157303371,2.948174157303371,True,True,False,False,True,False,5.997023314606748
1.15,0.1,0.7,2.52510475e-05,0.24375000000000002,6.872010869565218e-11,0.0,6.872010869565218e-11,1.03,1.045,True,True,True,0.06317500000000356,0.03750000000000281,3.0639945652173908,3.0639945652173908,True,True,False,False,True,False,6.2286641304347885
1.15,0.2,0.0,2.52510475e-05,0.24375000000000002,1.3794e-10,0.0,1.3794e-10,1.03,1.045,True,True,True,0.06317500000000356,0.03750000000000281,0.3970000000000001,0.3970000000000001,True,True,True,True,True,True,0.8946750000000065
1.15,0.2,0.05,2.52510475e-05,0.24375000000000002,1.301320754716981e-10,0.0,1.301320754716981e-10,1.03,1.045,True,True,True,0.06317500000000356,0.03750000000000281,0.006603773584905443,0.006603773584905443,True,True,True,True,True,True,0.11388254716981724
1.15,0.2,0.1,2.52510475e-05,0.24375000000000002,1.2316071428571426e-10,0.0,1.2316071428571426e-10,1.03,1.045,True,True,True,0.06317500000000356,0.03750000000000281,0.3419642857142865,0.3419642857142865,True,True,True,True,True,True,0.7846035714285794
1.15,0.2,0.15,2.52510475e-05,0.24375000000000002,1.1689830508474577e-10,0.0,1.1689830508474577e-10,1.03,1.045,True,True,True,0.06317500000000356,0.03750000000000281,0.6550847457627113,0.6550847457627113,True,True,True,True,True,True,1.4108444915254288
1.15,0.2,0.2,2.52510475e-05,0.24375000000000002,1.1124193548387096e-10,0.0,1.1124193548387096e-10,1.03,1.045,True,True,True,0.06317500000000356,0.03750000000000281,0.9379032258064514,0.9379032258064514,True,True,True,True,True,True,1.976481451612909
1.15,0.2,0.25,2.52510475e-05,0.24375000000000002,1.061076923076923e-10,0.0,1.061076923076923e-10,1.03,1.045,True,True,True,0.06317500000000356,0.03750000000000281,1.1946153846153846,1.1946153846153846,True,True,False,False,True,False,2.4899057692307753
1.15,0.2,0.3,2.52510475e-05,0.24375000000000002,1.014264705882353e-10,0.0,1.014264705882353e-10,1.03,1.045,True,True,True,0.06317500000000356,0.03750000000000281,1.4286764705882347,1.4286764705882347,True,True,False,False,True,False,2.958027941176476
1.15,0.2,0.35,2.52510475e-05,0.24375000000000002,9.714084507042253e-11,0.0,9.714084507042253e-11,1.03,1.045,True,True,True,0.06317500000000356,0.03750000000000281,1.6429577464788732,1.6429577464788732,True,True,False,False,True,False,3.386590492957753
1.15,0.2,0.4,2.52510475e-05,0.24375000000000002,9.32027027027027e-11,0.0,9.32027027027027e-11,1.03,1.045,True,True,True,0.06317500000000356,0.03750000000000281,1.839864864864865,1.839864864864865,True,True,False,False,True,False,3.780404729729736
1.15,0.2,0.45,2.52510475e-05,0.24375000000000002,8.957142857142856e-11,0.0,8.957142857142856e-11,1.03,1.045,True,True,True,0.06317500000000356,0.03750000000000281,2.021428571428572,2.021428571428572,True,True,False,False,True,False,4.1435321428571505
1.15,0.2,0.5,2.52510475e-05,0.24375000000000002,8.621249999999999e-11,0.0,8.621249999999999e-11,1.03,1.045,True,True,True,0.06317500000000356,0.03750000000000281,2.189375,2.189375,True,True,False,False,True,False,4.479425000000006
1.15,0.2,0.55,2.52510475e-05,0.24375000000000002,8.309638554216866e-11,0.0,8.309638554216866e-11,1.03,1.045,True,True,True,0.06317500000000356,0.03750000000000281,2.3451807228915666,2.3451807228915666,True,True,False,False,True,False,4.79103644578314
1.15,0.2,0.6,2.52510475e-05,0.24375000000000002,8.019767441860464e-11,0.0,8.019767441860464e-11,1.03,1.045,True,True,True,0.06317500000000356,0.03750000000000281,2.4901162790697677,2.4901162790697677,True,True,False,False,True,False,5.0809075581395415
1.15,0.2,0.65,2.52510475e-05,0.24375000000000002,7.74943820224719e-11,0.0,7.74943820224719e-11,1.03,1.045,True,True,True,0.06317500000000356,0.03750000000000281,2.6252808988764045,2.6252808988764045,True,True,False,False,True,False,5.351236797752815
1.15,0.2,0.7,2.52510475e-05,0.24375000000000002,7.496739130434783e-11,0.0,7.496739130434783e-11,1.03,1.045,True,True,True,0.06317500000000356,0.03750000000000281,2.751630434782608,2.751630434782608,True,True,False,False,True,False,5.603935869565223
1.15,0.3,0.0,2.52510475e-05,0.24375000000000002,1.4943499999999999e-10,0.0,1.4943499999999999e-10,1.03,1.045,True,True,True,0.06317500000000356,0.03750000000000281,0.9717499999999998,0.9717499999999998,True,True,True,True,True,True,2.044175000000006
1.15,0.3,0.05,2.52510475e-05,0.24375000000000002,1.409764150943396e-10,0.0,1.409764150943396e-10,1.03,1.045,True,True,True,0.06317500000000356,0.03750000000000281,0.5488207547169808,0.5488207547169808,True,True,True,True,True,True,1.198316509433968
1.15,0.3,0.1,2.52510475e-05,0.24375000000000002,1.334241071428571e-10,0.0,1.334241071428571e-10,1.03,1.045,True,True,True,0.06317500000000356,0.03750000000000281,0.17120535714285576,0.17120535714285576,True,True,True,True,True,True,0.44308571428571786
1.15,0.3,0.15,2.52510475e-05,0.24375000000000002,1.2663983050847457e-10,0.0,1.2663983050847457e-10,1.03,1.045,True,True,True,0.06317500000000356,0.03750000000000281,0.1680084745762709,0.1680084745762709,True,True,True,True,True,True,0.43669194915254816
1.15,0.3,0.2,2.52510475e-05,0.24375000000000002,1.2051209677419354e-10,0.0,1.2051209677419354e-10,1.03,1.045,True,True,True,0.06317500000000356,0.03750000000000281,0.4743951612903224,0.4743951612903224,True,True,True,True,True,True,1.0494653225806512
1.15,0.3,0.25,2.52510475e-05,0.24375000000000002,1.1494999999999999e-10,0.0,1.1494999999999999e-10,1.03,1.045,True,True,True,0.06317500000000356,0.03750000000000281,0.7525000000000002,0.7525000000000002,True,True,True,True,True,True,1.6056750000000068
1.15,0.3,0.3,2.52510475e-05,0.24375000000000002,1.0987867647058823e-10,0.0,1.0987867647058823e-10,1.03,1.045,True,True,True,0.06317500000000356,0.03750000000000281,1.006066176470588,1.006066176470588,True,True,False,False,True,False,2.112807352941182
1.15,0.3,0.35,2.52510475e-05,0.24375000000000002,1.0523591549295775e-10,0.0,1.0523591549295775e-10,1.03,1.045,True,True,True,0.06317500000000356,0.03750000000000281,1.2382042253521122,1.2382042253521122,True,True,False,False,True,False,2.5770834507042304
1.15,0.3,0.4,2.52510475e-05,0.24375000000000002,1.0096959459459459e-10,0.0,1.0096959459459459e-10,1.03,1.045,True,True,True,0.06317500000000356,0.03750000000000281,1.4515202702702703,1.4515202702702703,True,True,False,False,True,False,3.003715540540547
1.15,0.3,0.45,2.52510475e-05,0.24375000000000002,9.703571428571427e-11,0.0,9.703571428571427e-11,1.03,1.045,True,True,True,0.06317500000000356,0.03750000000000281,1.6482142857142859,1.6482142857142859,True,True,False,False,True,False,3.3971035714285778
1.15,0.3,0.5,2.52510475e-05,0.24375000000000002,9.339687499999998e-11,0.0,9.339687499999998e-11,1.03,1.045,True,True,True,0.06317500000000356,0.03750000000000281,1.8301562500000006,1.8301562500000006,True,True,False,False,True,False,3.7609875000000077
1.15,0.3,0.55,2.52510475e-05,0.24375000000000002,9.002108433734939e-11,0.0,9.002108433734939e-11,1.03,1.045,True,True,True,0.06317500000000356,0.03750000000000281,1.9989457831325304,1.9989457831325304,True,True,False,False,True,False,4.098566566265067
1.15,0.3,0.6,2.52510475e-05,0.24375000000000002,8.688081395348836e-11,0.0,8.688081395348836e-11,1.03,1.045,True,True,True,0.06317500000000356,0.03750000000000281,2.1559593023255816,2.1559593023255816,True,True,False,False,True,False,4.412593604651169
1.15,0.3,0.65,2.52510475e-05,0.24375000000000002,8.395224719101123e-11,0.0,8.395224719101123e-11,1.03,1.045,True,True,True,0.06317500000000356,0.03750000000000281,2.302387640449438,2.302387640449438,True,True,False,False,True,False,4.705450280898882
1.15,0.3,0.7,2.52510475e-05,0.24375000000000002,8.121467391304347e-11,0.0,8.121467391304347e-11,1.03,1.045,True,True,True,0.06317500000000356,0.03750000000000281,2.439266304347826,2.439266304347826,True,True,False,False,True,False,4.979207608695658
1.15,0.4,0.0,2.52510475e-05,0.24375000000000002,1.6092999999999998e-10,0.0,1.6092999999999998e-10,1.03,1.045,True,True,True,0.06317500000000356,0.03750000000000281,1.5464999999999995,1.5464999999999995,True,True,False,False,True,False,3.193675000000005
1.15,0.4,0.05,2.52510475e-05,0.24375000000000002,1.518207547169811e-10,0.0,1.518207547169811e-10,1.03,1.045,True,True,True,0.06317500000000356,0.03750000000000281,1.0910377358490562,1.0910377358490562,True,True,False,False,True,False,2.282750471698119
1.15,0.4,0.1,2.52510475e-05,0.24375000000000002,1.4368749999999998e-10,0.0,1.4368749999999998e-10,1.03,1.045,True,True,True,0.06317500000000356,0.03750000000000281,0.6843749999999993,0.6843749999999993,True,True,True,True,True,True,1.469425000000005
1.15,0.4,0.15,2.52510475e-05,0.24375000000000002,1.3638135593220338e-10,0.0,1.3638135593220338e-10,1.03,1.045,True,True,True,0.06317500000000356,0.03750000000000281,0.3190677966101694,0.3190677966101694,True,True,True,True,True,True,0.7388105932203451
1.15,0.4,0.2,2.52510475e-05,0.24375000000000002,1.2978225806451612e-10,0.0,1.2978225806451612e-10,1.03,1.045,True,True,True,0.06317500000000356,0.03750000000000281,0.01088709677419347,0.01088709677419347,True,True,True,True,True,True,0.12244919354839331
1.15,0.4,0.25,2.52510475e-05,0.24375000000000002,1.2379230769230766e-10,0.0,1.2379230769230766e-10,1.03,1.045,True,True,True,0.06317500000000356,0.03750000000000281,0.31038461538461637,0.31038461538461637,True,True,True,True,True,True,0.7214442307692391
1.15,0.4,0.3,2.52510475e-05,0.24375000000000002,1.1833088235294116e-10,0.0,1.1833088235294116e-10,1.03,1.045,True,True,True,0.06317500000000356,0.03750000000000281,0.5834558823529413,0.5834558823529413,True,True,True,True,True,True,1.267586764705889
1.15,0.4,0.35,2.52510475e-05,0.24375000000000002,1.1333098591549295e-10,0.0,1.1333098591549295e-10,1.03,1.045,True,True,True,0.06317500000000356,0.03750000000000281,0.833450704225352,0.833450704225352,True,True,True,True,True,True,1.7675764084507102
1.15,0.4,0.4,2.52510475e-05,0.24375000000000002,1.0873648648648648e-10,0.0,1.0873648648648648e-10,1.03,1.045,True,True,True,0.06317500000000356,0.03750000000000281,1.0631756756756756,1.0631756756756756,True,True,False,False,True,False,2.2270263513513573
1.15,0.4,0.45,2.52510475e-05,0.24375000000000002,1.0449999999999999e-10,0.0,1.0449999999999999e-10,1.03,1.045,True,True,True,0.06317500000000356,0.03750000000000281,1.2750000000000001,1.2750000000000001,True,True,False,False,True,False,2.6506750000000068
1.15,0.4,0.5,2.52510475e-05,0.24375000000000002,1.0058124999999999e-10,0.0,1.0058124999999999e-10,1.03,1.045,True,True,True,0.06317500000000356,0.03750000000000281,1.4709375000000002,1.4709375000000002,True,True,False,False,True,False,3.0425500000000065
1.15,0.4,0.55,2.52510475e-05,0.24375000000000002,9.69457831325301e-11,0.0,9.69457831325301e-11,1.03,1.045,True,True,True,0.06317500000000356,0.03750000000000281,1.6527108433734945,1.6527108433734945,True,True,False,False,True,False,3.406096686746995
1.15,0.4,0.6,2.52510475e-05,0.24375000000000002,9.356395348837209e-11,0.0,9.356395348837209e-11,1.03,1.045,True,True,True,0.06317500000000356,0.03750000000000281,1.8218023255813953,1.8218023255813953,True,True,False,False,True,False,3.744279651162797
1.15,0.4,0.65,2.52510475e-05,0.24375000000000002,9.041011235955055e-11,0.0,9.041011235955055e-11,1.03,1.045,True,True,True,0.06317500000000356,0.03750000000000281,1.9794943820224724,1.9794943820224724,True,True,False,False,True,False,4.059663764044951
1.15,0.4,0.7,2.52510475e-05,0.24375000000000002,8.746195652173912e-11,0.0,8.746195652173912e-11,1.03,1.045,True,True,True,0.06317500000000356,0.03750000000000281,2.1269021739130434,2.1269021739130434,True,True,False,False,True,False,4.354479347826093
1.15,0.5,0.0,2.52510475e-05,0.24375000000000002,1.7242499999999998e-10,0.0,1.7242499999999998e-10,1.03,1.045,True,True,True,0.06317500000000356,0.03750000000000281,2.1212499999999994,2.1212499999999994,True,True,False,False,True,False,4.343175000000006
1.15,0.5,0.05,2.52510475e-05,0.24375000000000002,1.6266509433962262e-10,0.0,1.6266509433962262e-10,1.03,1.045,True,True,True,0.06317500000000356,0.03750000000000281,1.6332547169811316,1.6332547169811316,True,True,False,False,True,False,3.3671844339622696
1.15,0.5,0.1,2.52510475e-05,0.24375000000000002,1.5395089285714282e-10,0.0,1.5395089285714282e-10,1.03,1.045,True,True,True,0.06317500000000356,0.03750000000000281,1.1975446428571415,1.1975446428571415,True,True,False,False,True,False,2.495764285714289
1.15,0.5,0.15,2.52510475e-05,0.24375000000000002,1.4612288135593218e-10,0.0,1.4612288135593218e-10,1.03,1.045,True,True,True,0.06317500000000356,0.03750000000000281,0.8061440677966097,0.8061440677966097,True,True,True,True,True,True,1.7129631355932258
1.15,0.5,0.2,2.52510475e-05,0.24375000000000002,1.390524193548387e-10,0.0,1.390524193548387e-10,1.03,1.045,True,True,True,0.06317500000000356,0.03750000000000281,0.45262096774193544,0.45262096774193544,True,True,True,True,True,True,1.0059169354838773
1.15,0.5,0.25,2.52510475e-05,0.24375000000000002,1.3263461538461535e-10,0.0,1.3263461538461535e-10,1.03,1.045,True,True,True,0.06317500000000356,0.03750000000000281,0.1317307692307681,0.1317307692307681,True,True,True,True,True,True,0.3641365384615426
1.15,0.5,0.3,2.52510475e-05,0.24375000000000002,1.267830882352941e-10,0.0,1.267830882352941e-10,1.03,1.045,True,True,True,0.06317500000000356,0.03750000000000281,0.16084558823529405,0.16084558823529405,True,True,True,True,True,True,0.4223661764705945
1.15,0.5,0.35,2.52510475e-05,0.24375000000000002,1.2142605633802817e-10,0.0,1.2142605633802817e-10,1.03,1.045,True,True,True,0.06317500000000356,0.03750000000000281,0.428697183098591,0.428697183098591,True,True,True,True,True,True,0.9580693661971884
1.15,0.5,0.4,2.52510475e-05,0.24375000000000002,1.1650337837837837e-10,0.0,1.1650337837837837e-10,1.03,1.045,True,True,True,0.06317500000000356,0.03750000000000281,0.6748310810810808,0.6748310810810808,True,True,True,True,True,True,1.450337162162168
1.15,0.5,0.45,2.52510475e-05,0.24375000000000002,1.119642857142857e-10,0.0,1.119642857142857e-10,1.03,1.045,True,True,True,0.06317500000000356,0.03750000000000281,0.9017857142857144,0.9017857142857144,True,True,True,True,True,True,1.9042464285714351
1.15,0.5,0.5,2.52510475e-05,0.24375000000000002,1.0776562499999998e-10,0.0,1.0776562499999998e-10,1.03,1.045,True,True,True,0.06317500000000356,0.03750000000000281,1.1117187500000005,1.1117187500000005,True,True,False,False,True,False,2.324112500000007
1.15,0.5,0.55,2.52510475e-05,0.24375000000000002,1.0387048192771082e-10,0.0,1.0387048192771082e-10,1.03,1.045,True,True,True,0.06317500000000356,0.03750000000000281,1.3064759036144586,1.3064759036144586,True,True,False,False,True,False,2.7136268072289234
1.15,0.5,0.6,2.52510475e-05,0.24375000000000002,1.0024709302325581e-10,0.0,1.0024709302325581e-10,1.03,1.045,True,True,True,0.06317500000000356,0.03750000000000281,1.4876453488372092,1.4876453488372092,True,True,False,False,True,False,3.075965697674425
1.15,0.5,0.65,2.52510475e-05,0.24375000000000002,9.686797752808987e-11,0.0,9.686797752808987e-11,1.03,1.045,True,True,True,0.06317500000000356,0.03750000000000281,1.656601123595506,1.656601123595506,True,True,False,False,True,False,3.413877247191018
1.15,0.5,0.7,2.52510475e-05,0.24375000000000002,9.370923913043478e-11,0.0,9.370923913043478e-11,1.03,1.045,True,True,True,0.06317500000000356,0.03750000000000281,1.814538043478261,1.814538043478261,True,True,False,False,True,False,3.7297510869565285
1.15,0.6,0.0,2.52510475e-05,0.24375000000000002,1.8392e-10,0.0,1.8392e-10,1.03,1.045,True,True,True,0.06317500000000356,0.03750000000000281,2.6960000000000006,2.6960000000000006,True,True,False,False,True,False,5.492675000000007
1.15,0.6,0.05,2.52510475e-05,0.24375000000000002,1.7350943396226415e-10,0.0,1.7350943396226415e-10,1.03,1.045,True,True,True,0.06317500000000356,0.03750000000000281,2.175471698113208,2.175471698113208,True,True,False,False,True,False,4.451618396226422
1.15,0.6,0.1,2.52510475e-05,0.24375000000000002,1.642142857142857e-10,0.0,1.642142857142857e-10,1.03,1.045,True,True,True,0.06317500000000356,0.03750000000000281,1.7107142857142852,1.7107142857142852,True,True,False,False,True,False,3.522103571428577
1.15,0.6,0.15,2.52510475e-05,0.24375000000000002,1.5586440677966101e-10,0.0,1.5586440677966101e-10,1.03,1.045,True,True,True,0.06317500000000356,0.03750000000000281,1.2932203389830512,1.2932203389830512,True,True,False,False,True,False,2.6871156779661085
1.15,0.6,0.2,2.52510475e-05,0.24375000000000002,1.4832258064516128e-10,0.0,1.4832258064516128e-10,1.03,1.045,True,True,True,0.06317500000000356,0.03750000000000281,0.9161290322580644,0.9161290322580644,True,True,True,True,True,True,1.9329330645161351
1.15,0.6,0.25,2.52510475e-05,0.24375000000000002,1.4147692307692307e-10,0.0,1.4147692307692307e-10,1.03,1.045,True,True,True,0.06317500000000356,0.03750000000000281,0.5738461538461538,0.5738461538461538,True,True,True,True,True,True,1.2483673076923139
1.15,0.6,0.3,2.52510475e-05,0.24375000000000002,1.3523529411764708e-10,0.0,1.3523529411764708e-10,1.03,1.045,True,True,True,0.06317500000000356,0.03750000000000281,0.26176470588235456,0.26176470588235456,True,True,True,True,True,True,0.6242044117647155
1.15,0.6,0.35,2.52510475e-05,0.24375000000000002,1.295211267605634e-10,0.0,1.295211267605634e-10,1.03,1.045,True,True,True,0.06317500000000356,0.03750000000000281,0.023943661971830087,0.023943661971830087,True,True,True,True,True,True,0.14856232394366656
1.15,0.6,0.4,2.52510475e-05,0.24375000000000002,1.2427027027027027e-10,0.0,1.2427027027027027e-10,1.03,1.045,True,True,True,0.06317500000000356,0.03750000000000281,0.28648648648648617,0.28648648648648617,True,True,True,True,True,True,0.6736479729729787
1.15,0.6,0.45,2.52510475e-05,0.24375000000000002,1.1942857142857143e-10,0.0,1.1942857142857143e-10,1.03,1.045,True,True,True,0.06317500000000356,0.03750000000000281,0.528571428571428,0.528571428571428,True,True,True,True,True,True,1.1578178571428626
1.15,0.6,0.5,2.52510475e-05,0.24375000000000002,1.1494999999999999e-10,0.0,1.1494999999999999e-10,1.03,1.045,True,True,True,0.06317500000000356,0.03750000000000281,0.7525000000000002,0.7525000000000002,True,True,True,True,True,True,1.6056750000000068
1.15,0.6,0.55,2.52510475e-05,0.24375000000000002,1.1079518072289156e-10,0.0,1.1079518072289156e-10,1.03,1.045,True,True,True,0.06317500000000356,0.03750000000000281,0.9602409638554217,0.9602409638554217,True,True,True,True,True,True,2.02115692771085
1.15,0.6,0.6,2.52510475e-05,0.24375000000000002,1.0693023255813954e-10,0.0,1.0693023255813954e-10,1.03,1.045,True,True,True,0.06317500000000356,0.03750000000000281,1.1534883720930225,1.1534883720930225,True,True,False,False,True,False,2.407651744186051
1.15,0.6,0.65,2.52510475e-05,0.24375000000000002,1.0332584269662921e-10,0.0,1.0332584269662921e-10,1.03,1.045,True,True,True,0.06317500000000356,0.03750000000000281,1.3337078651685388,1.3337078651685388,True,True,False,False,True,False,2.768090730337084
1.15,0.6,0.7,2.52510475e-05,0.24375000000000002,9.995652173913044e-11,0.0,9.995652173913044e-11,1.03,1.045,True,True,True,0.06317500000000356,0.03750000000000281,1.5021739130434777,1.5021739130434777,True,True,False,False,True,False,3.1050228260869615
1.15,0.7,0.0,2.52510475e-05,0.24375000000000002,1.9541499999999997e-10,0.0,1.9541499999999997e-10,1.03,1.045,True,True,True,0.06317500000000356,0.03750000000000281,3.270749999999999,3.270749999999999,True,True,False,False,True,False,6.642175000000005
1.15,0.7,0.05,2.52510475e-05,0.24375000000000002,1.8435377358490563e-10,0.0,1.8435377358490563e-10,1.03,1.045,True,True,True,0.06317500000000356,0.03750000000000281,2.717688679245282,2.717688679245282,True,True,False,False,True,False,5.53605235849057
1.15,0.7,0.1,2.52510475e-05,0.24375000000000002,1.7447767857142853e-10,0.0,1.7447767857142853e-10,1.03,1.045,True,True,True,0.06317500000000356,0.03750000000000281,2.223883928571427,2.223883928571427,True,True,False,False,True,False,4.548442857142861
1.15,0.7,0.15,2.52510475e-05,0.24375000000000002,1.6560593220338982e-10,0.0,1.6560593220338982e-10,1.03,1.045,True,True,True,0.06317500000000356,0.03750000000000281,1.7802966101694915,1.7802966101694915,True,True,False,False,True,False,3.6612682203389895
1.15,0.7,0.2,2.52510475e-05,0.24375000000000002,1.5759274193548386e-10,0.0,1.5759274193548386e-10,1.03,1.045,True,True,True,0.06317500000000356,0.03750000000000281,1.3796370967741933,1.3796370967741933,True,True,False,False,True,False,2.8599491935483927
1.15,0.7,0.25,2.52510475e-05,0.24375000000000002,1.5031923076923073e-10,0.0,1.5031923076923073e-10,1.03,1.045,True,True,True,0.06317500000000356,0.03750000000000281,1.015961538461537,1.015961538461537,True,True,False,False,True,False,2.13259807692308
1.15,0.7,0.3,2.52510475e-05,0.24375000000000002,1.4368749999999998e-10,0.0,1.4368749999999998e-10,1.03,1.045,True,True,True,0.06317500000000356,0.03750000000000281,0.6843749999999993,0.6843749999999993,True,True,True,True,True,True,1.469425000000005
1.15,0.7,0.35,2.52510475e-05,0.24375000000000002,1.3761619718309858e-10,0.0,1.3761619718309858e-10,1.03,1.045,True,True,True,0.06317500000000356,0.03750000000000281,0.38080985915492954,0.38080985915492954,True,True,True,True,True,True,0.8622947183098655
1.15,0.7,0.4,2.52510475e-05,0.24375000000000002,1.3203716216216214e-10,0.0,1.3203716216216214e-10,1.03,1.045,True,True,True,0.06317500000000356,0.03750000000000281,0.10185810810810726,0.10185810810810726,True,True,True,True,True,True,0.3043912162162209
1.15,0.7,0.45,2.52510475e-05,0.24375000000000002,1.2689285714285712e-10,0.0,1.2689285714285712e-10,1.03,1.045,True,True,True,0.06317500000000356,0.03750000000000281,0.1553571428571436,0.1553571428571436,True,True,True,True,True,True,0.41138928571429356
1.15,0.7,0.5,2.52510475e-05,0.24375000000000002,1.2213437499999997e-10,0.0,1.2213437499999997e-10,1.03,1.045,True,True,True,0.06317500000000356,0.03750000000000281,0.3932812500000011,0.3932812500000011,True,True,True,True,True,True,0.8872375000000086
1.15,0.7,0.55,2.52510475e-05,0.24375000000000002,1.1771987951807226e-10,0.0,1.1771987951807226e-10,1.03,1.045,True,True,True,0.06317500000000356,0.03750000000000281,0.6140060240963865,0.6140060240963865,True,True,True,True,True,True,1.3286870481927795
1.15,0.7,0.6,2.52510475e-05,0.24375000000000002,1.1361337209302324e-10,0.0,1.1361337209302324e-10,1.03,1.045,True,True,True,0.06317500000000356,0.03750000000000281,0.8193313953488378,0.8193313953488378,True,True,True,True,True,True,1.739337790697682
1.15,0.7,0.65,2.52510475e-05,0.24375000000000002,1.0978370786516852e-10,0.0,1.0978370786516852e-10,1.03,1.045,True,True,True,0.06317500000000356,0.03750000000000281,1.0108146067415738,1.0108146067415738,True,True,False,False,True,False,2.1223042134831536
1.15,0.7,0.7,2.52510475e-05,0.24375000000000002,1.0620380434782608e-10,0.0,1.0620380434782608e-10,1.03,1.045,True,True,True,0.06317500000000356,0.03750000000000281,1.1898097826086957,1.1898097826086957,True,True,False,False,True,False,2.480294565217398
1.15,0.8,0.0,2.52510475e-05,0.24375000000000002,2.0690999999999999e-10,0.0,2.0690999999999999e-10,1.03,1.045,True,True,True,0.06317500000000356,0.03750000000000281,3.8455,3.8455,True,True,False,False,True,False,7.791675000000007
1.15,0.8,0.05,2.52510475e-05,0.24375000000000002,1.9519811320754714e-10,0.0,1.9519811320754714e-10,1.03,1.045,True,True,True,0.06317500000000356,0.03750000000000281,3.2599056603773575,3.2599056603773575,True,True,False,False,True,False,6.620486320754722
1.15,0.8,0.1,2.52510475e-05,0.24375000000000002,1.847410714285714e-10,0.0,1.847410714285714e-10,1.03,1.045,True,True,True,0.06317500000000356,0.03750000000000281,2.737053571428571,2.737053571428571,True,True,False,False,True,False,5.574782142857149
1.15,0.8,0.15,2.52510475e-05,0.24375000000000002,1.7534745762711865e-10,0.0,1.7534745762711865e-10,1.03,1.045,True,True,True,0.06317500000000356,0.03750000000000281,2.267372881355933,2.267372881355933,True,True,False,False,True,False,4.635420762711872
1.15,0.8,0.2,2.52510475e-05,0.24375000000000002,1.6686290322580643e-10,0.0,1.6686290322580643e-10,1.03,1.045,True,True,True,0.06317500000000356,0.03750000000000281,1.8431451612903222,1.8431451612903222,True,True,False,False,True,False,3.7869653225806506
1.15,0.8,0.25,2.52510475e-05,0.24375000000000002,1.5916153846153844e-10,0.0,1.5916153846153844e-10,1.03,1.045,True,True,True,0.06317500000000356,0.03750000000000281,1.4580769230769228,1.4580769230769228,True,True,False,False,True,False,3.016828846153852
1.15,0.8,0.3,2.52510475e-05,0.24375000000000002,1.5213970588235295e-10,0.0,1.5213970588235295e-10,1.03,1.045,True,True,True,0.06317500000000356,0.03750000000000281,1.106985294117648,1.106985294117648,True,True,False,False,True,False,2.314645588235302
1.15,0.8,0.35,2.52510475e-05,0.24375000000000002,1.457112676056338e-10,0.0,1.457112676056338e-10,1.03,1.045,True,True,True,0.06317500000000356,0.03750000000000281,0.7855633802816905,0.7855633802816905,True,True,True,True,True,True,1.6718017605633873
1.15,0.8,0.4,2.52510475e-05,0.24375000000000002,1.3980405405405405e-10,0.0,1.3980405405405405e-10,1.03,1.045,True,True,True,0.06317500000000356,0.03750000000000281,0.4902027027027032,0.4902027027027032,True,True,True,True,True,True,1.0810804054054128
1.15,0.8,0.45,2.52510475e-05,0.24375000000000002,1.3435714285714283e-10,0.0,1.3435714285714283e-10,1.03,1.045,True,True,True,0.06317500000000356,0.03750000000000281,0.2178571428571421,0.2178571428571421,True,True,True,True,True,True,0.5363892857142906
1.15,0.8,0.5,2.52510475e-05,0.24375000000000002,1.2931875e-10,0.0,1.2931875e-10,1.03,1.045,True,True,True,0.06317500000000356,0.03750000000000281,0.034062500000000114,0.034062500000000114,True,True,True,True,True,True,0.16880000000000658
1.15,0.8,0.55,2.52510475e-05,0.24375000000000002,1.24644578313253e-10,0.0,1.24644578313253e-10,1.03,1.045,True,True,True,0.06317500000000356,0.03750000000000281,0.2677710843373494,0.2677710843373494,True,True,True,True,True,True,0.6362171686747052
1.15,0.8,0.6,2.52510475e-05,0.24375000000000002,1.2029651162790698e-10,0.0,1.2029651162790698e-10,1.03,1.045,True,True,True,0.06317500000000356,0.03750000000000281,0.4851744186046504,0.4851744186046504,True,True,True,True,True,True,1.071023837209307
1.15,0.8,0.65,2.52510475e-05,0.24375000000000002,1.1624157303370786e-10,0.0,1.1624157303370786e-10,1.03,1.045,True,True,True,0.06317500000000356,0.03750000000000281,0.6879213483146067,0.6879213483146067,True,True,True,True,True,True,1.47651769662922
1.15,0.8,0.7,2.52510475e-05,0.24375000000000002,1.1245108695652174e-10,0.0,1.1245108695652174e-10,1.03,1.045,True,True,True,0.06317500000000356,0.03750000000000281,0.8774456521739125,0.8774456521739125,True,True,True,True,True,True,1.8555663043478314
1.15,0.9,0.0,2.52510475e-05,0.24375000000000002,2.1840499999999996e-10,0.0,2.1840499999999996e-10,1.03,1.045,True,True,True,0.06317500000000356,0.03750000000000281,4.4202499999999985,4.4202499999999985,True,True,False,False,True,False,8.941175000000003
1.15,0.9,0.05,2.52510475e-05,0.24375000000000002,2.0604245283018862e-10,0.0,2.0604245283018862e-10,1.03,1.045,True,True,True,0.06317500000000356,0.03750000000000281,3.8021226415094316,3.8021226415094316,True,True,False,False,True,False,7.70492028301887
1.15,0.9,0.1,2.52510475e-05,0.24375000000000002,1.9500446428571422e-10,0.0,1.9500446428571422e-10,1.03,1.045,True,True,True,0.06317500000000356,0.03750000000000281,3.250223214285712,3.250223214285712,True,True,False,False,True,False,6.60112142857143
1.15,0.9,0.15,2.52510475e-05,0.24375000000000002,1.8508898305084743e-10,0.0,1.8508898305084743e-10,1.03,1.045,True,True,True,0.06317500000000356,0.03750000000000281,2.754449152542372,2.754449152542372,True,True,False,False,True,False,5.609573305084751
1.15,0.9,0.2,2.52510475e-05,0.24375000000000002,1.7613306451612899e-10,0.0,1.7613306451612899e-10,1.03,1.045,True,True,True,0.06317500000000356,0.03750000000000281,2.30665322580645,2.30665322580645,True,True,False,False,True,False,4.713981451612906
1.15,0.9,0.25,2.52510475e-05,0.24375000000000002,1.680038461538461e-10,0.0,1.680038461538461e-10,1.03,1.045,True,True,True,0.06317500000000356,0.03750000000000281,1.900192307692306,1.900192307692306,True,True,False,False,True,False,3.9010596153846184
1.15,0.9,0.3,2.52510475e-05,0.24375000000000002,1.6059191176470587e-10,0.0,1.6059191176470587e-10,1.03,1.045,True,True,True,0.06317500000000356,0.03750000000000281,1.5295955882352938,1.5295955882352938,True,True,False,False,True,False,3.1598661764705938
1.15,0.9,0.35,2.52510475e-05,0.24375000000000002,1.53806338028169e-10,0.0,1.53806338028169e-10,1.03,1.045,True,True,True,0.06317500000000356,0.03750000000000281,1.19031690140845,1.19031690140845,True,True,False,False,True,False,2.4813088028169066
1.15,0.9,0.4,2.52510475e-05,0.24375000000000002,1.4757094594594592e-10,0.0,1.4757094594594592e-10,1.03,1.045,True,True,True,0.06317500000000356,0.03750000000000281,0.8785472972972966,0.8785472972972966,True,True,True,True,True,True,1.8577695945945996
1.15,0.9,0.45,2.52510475e-05,0.24375000000000002,1.4182142857142855e-10,0.0,1.4182142857142855e-10,1.03,1.045,True,True,True,0.06317500000000356,0.03750000000000281,0.5910714285714278,0.5910714285714278,True,True,True,True,True,True,1.2828178571428621
1.15,0.9,0.5,2.52510475e-05,0.24375000000000002,1.3650312499999996e-10,0.0,1.3650312499999996e-10,1.03,1.045,True,True,True,0.06317500000000356,0.03750000000000281,0.3251562499999983,0.3251562499999983,True,True,True,True,True,True,0.750987500000003
1.15,0.9,0.55,2.52510475e-05,0.24375000000000002,1.315692771084337e-10,0.0,1.315692771084337e-10,1.03,1.045,True,True,True,0.06317500000000356,0.03750000000000281,0.07846385542168506,0.07846385542168506,True,True,True,True,True,True,0.2576027108433765
1.15,0.9,0.6,2.52510475e-05,0.24375000000000002,1.2697965116279067e-10,0.0,1.2697965116279067e-10,1.03,1.045,True,True,True,0.06317500000000356,0.03750000000000281,0.15101744186046623,0.15101744186046623,True,True,True,True,True,True,0.4027098837209388
1.15,0.9,0.65,2.52510475e-05,0.24375000000000002,1.2269943820224716e-10,0.0,1.2269943820224716e-10,1.03,1.045,True,True,True,0.06317500000000356,0.03750000000000281,0.3650280898876416,0.3650280898876416,True,True,True,True,True,True,0.8307311797752897
1.15,0.9,0.7,2.52510475e-05,0.24375000000000002,1.1869836956521737e-10,0.0,1.1869836956521737e-10,1.03,1.045,True,True,True,0.06317500000000356,0.03750000000000281,0.5650815217391311,0.5650815217391311,True,True,True,True,True,True,1.2308380434782684
1.15,1.0,0.0,2.52510475e-05,0.24375000000000002,2.2989999999999998e-10,0.0,2.2989999999999998e-10,1.03,1.045,True,True,True,0.06317500000000356,0.03750000000000281,4.994999999999999,4.994999999999999,True,True,False,False,True,False,10.090675000000005
1.15,1.0,0.05,2.52510475e-05,0.24375000000000002,2.1688679245283015e-10,0.0,2.1688679245283015e-10,1.03,1.045,True,True,True,0.06317500000000356,0.03750000000000281,4.344339622641508,4.344339622641508,True,True,False,False,True,False,8.789354245283022
1.15,1.0,0.1,2.52510475e-05,0.24375000000000002,2.052678571428571e-10,0.0,2.052678571428571e-10,1.03,1.045,True,True,True,0.06317500000000356,0.03750000000000281,3.7633928571428554,3.7633928571428554,True,True,False,False,True,False,7.627460714285718
1.15,1.0,0.15,2.52510475e-05,0.24375000000000002,1.9483050847457626e-10,0.0,1.9483050847457626e-10,1.03,1.045,True,True,True,0.06317500000000356,0.03750000000000281,3.2415254237288136,3.2415254237288136,True,True,False,False,True,False,6.583725847457634
1.15,1.0,0.2,2.52510475e-05,0.24375000000000002,1.854032258064516e-10,0.0,1.854032258064516e-10,1.03,1.045,True,True,True,0.06317500000000356,0.03750000000000281,2.77016129032258,2.77016129032258,True,True,False,False,True,False,5.640997580645166
1.15,1.0,0.25,2.52510475e-05,0.24375000000000002,1.7684615384615382e-10,0.0,1.7684615384615382e-10,1.03,1.045,True,True,True,0.06317500000000356,0.03750000000000281,2.3423076923076915,2.3423076923076915,True,True,False,False,True,False,4.78529038461539
1.15,1.0,0.3,2.52510475e-05,0.24375000000000002,1.6904411764705881e-10,0.0,1.6904411764705881e-10,1.03,1.045,True,True,True,0.06317500000000356,0.03750000000000281,1.9522058823529413,1.9522058823529413,True,True,False,False,True,False,4.005086764705889
1.15,1.0,0.35,2.52510475e-05,0.24375000000000002,1.619014084507042e-10,0.0,1.619014084507042e-10,1.03,1.045,True,True,True,0.06317500000000356,0.03750000000000281,1.595070422535211,1.595070422535211,True,True,False,False,True,False,3.290815845070428
1.15,1.0,0.4,2.52510475e-05,0.24375000000000002,1.5533783783783782e-10,0.0,1.5533783783783782e-10,1.03,1.045,True,True,True,0.06317500000000356,0.03750000000000281,1.2668918918918914,1.2668918918918914,True,True,False,False,True,False,2.6344587837837894
1.15,1.0,0.45,2.52510475e-05,0.24375000000000002,1.4928571428571426e-10,0.0,1.4928571428571426e-10,1.03,1.045,True,True,True,0.06317500000000356,0.03750000000000281,0.9642857142857136,0.9642857142857136,True,True,True,True,True,True,2.0292464285714336
1.15,1.0,0.5,2.52510475e-05,0.24375000000000002,1.4368749999999998e-10,0.0,1.4368749999999998e-10,1.03,1.045,True,True,True,0.06317500000000356,0.03750000000000281,0.6843749999999993,0.6843749999999993,True,True,True,True,True,True,1.469425000000005
1.15,1.0,0.55,2.52510475e-05,0.24375000000000002,1.3849397590361443e-10,0.0,1.3849397590361443e-10,1.03,1.045,True,True,True,0.06317500000000356,0.03750000000000281,0.4246987951807221,0.4246987951807221,True,True,True,True,True,True,0.9500725903614506
1.15,1.0,0.6,2.52510475e-05,0.24375000000000002,1.336627906976744e-10,0.0,1.336627906976744e-10,1.03,1.045,True,True,True,0.06317500000000356,0.03750000000000281,0.18313953488372048,0.18313953488372048,True,True,True,True,True,True,0.46695406976744736
1.15,1.0,0.65,2.52510475e-05,0.24375000000000002,1.291573033707865e-10,0.0,1.291573033707865e-10,1.03,1.045,True,True,True,0.06317500000000356,0.03750000000000281,0.04213483146067461,0.04213483146067461,True,True,True,True,True,True,0.18494466292135558
1.15,1.0,0.7,2.52510475e-05,0.24375000000000002,1.2494565217391303e-10,0.0,1.2494565217391303e-10,1.03,1.045,True,True,True,0.06317500000000356,0.03750000000000281,0.2527173913043479,0.2527173913043479,True,True,True,True,True,True,0.6061097826087022
1.15,1.1,0.0,2.52510475e-05,0.24375000000000002,2.4139499999999997e-10,0.0,2.4139499999999997e-10,1.03,1.045,True,True,True,0.06317500000000356,0.03750000000000281,5.569749999999999,5.569749999999999,True,True,False,False,True,False,11.240175000000004
1.15,1.1,0.05,2.52510475e-05,0.24375000000000002,2.2773113207547165e-10,0.0,2.2773113207547165e-10,1.03,1.045,True,True,True,0.06317500000000356,0.03750000000000281,4.886556603773584,4.886556603773584,True,True,False,False,True,False,9.873788207547173
1.15,1.1,0.1,2.52510475e-05,0.24375000000000002,2.1553124999999996e-10,0.0,2.1553124999999996e-10,1.03,1.045,True,True,True,0.06317500000000356,0.03750000000000281,4.276562499999999,4.276562499999999,True,True,False,False,True,False,8.653800000000004
1.15,1.1,0.15,2.52510475e-05,0.24375000000000002,2.0457203389830507e-10,0.0,2.0457203389830507e-10,1.03,1.045,True,True,True,0.06317500000000356,0.03750000000000281,3.728601694915254,3.728601694915254,True,True,False,False,True,False,7.557878389830515
1.15,1.1,0.2,2.52510475e-05,0.24375000000000002,1.9467338709677417e-10,0.0,1.9467338709677417e-10,1.03,1.045,True,True,True,0.06317500000000356,0.03750000000000281,3.233669354838709,3.233669354838709,True,True,False,False,True,False,6.568013709677425
1.15,1.1,0.25,2.52510475e-05,0.24375000000000002,1.856884615384615e-10,0.0,1.856884615384615e-10,1.03,1.045,True,True,True,0.06317500000000356,0.03750000000000281,2.7844230769230762,2.7844230769230762,True,True,False,False,True,False,5.6695211538461585
1.15,1.1,0.3,2.52510475e-05,0.24375000000000002,1.7749632352941176e-10,0.0,1.7749632352941176e-10,1.03,1.045,True,True,True,0.06317500000000356,0.03750000000000281,2.3748161764705884,2.3748161764705884,True,True,False,False,True,False,4.850307352941183
1.15,1.1,0.35,2.52510475e-05,0.24375000000000002,1.6999647887323943e-10,0.0,1.6999647887323943e-10,1.03,1.045,True,True,True,0.06317500000000356,0.03750000000000281,1.999823943661972,1.999823943661972,True,True,False,False,True,False,4.100322887323951
1.15,1.1,0.4,2.52510475e-05,0.24375000000000002,1.631047297297297e-10,0.0,1.631047297297297e-10,1.03,1.045,True,True,True,0.06317500000000356,0.03750000000000281,1.655236486486486,1.655236486486486,True,True,False,False,True,False,3.4111479729729783
1.15,1.1,0.45,2.52510475e-05,0.24375000000000002,1.5674999999999998e-10,0.0,1.5674999999999998e-10,1.03,1.045,True,True,True,0.06317500000000356,0.03750000000000281,1.3374999999999992,1.3374999999999992,True,True,False,False,True,False,2.775675000000005
1.15,1.1,0.5,2.52510475e-05,0.24375000000000002,1.5087187499999997e-10,0.0,1.5087187499999997e-10,1.03,1.045,True,True,True,0.06317500000000356,0.03750000000000281,1.043593749999999,1.043593749999999,True,True,False,False,True,False,2.187862500000004
1.15,1.1,0.55,2.52510475e-05,0.24375000000000002,1.4541867469879515e-10,0.0,1.4541867469879515e-10,1.03,1.045,True,True,True,0.06317500000000356,0.03750000000000281,0.7709337349397579,0.7709337349397579,True,True,True,True,True,True,1.6425424698795221
1.15,1.1,0.6,2.52510475e-05,0.24375000000000002,1.4034593023255813e-10,0.0,1.4034593023255813e-10,1.03,1.045,True,True,True,0.06317500000000356,0.03750000000000281,0.5172965116279072,0.5172965116279072,True,True,True,True,True,True,1.1352680232558208
1.15,1.1,0.65,2.52510475e-05,0.24375000000000002,1.3561516853932581e-10,0.0,1.3561516853932581e-10,1.03,1.045,True,True,True,0.06317500000000356,0.03750000000000281,0.28075842696629116,0.28075842696629116,True,True,True,True,True,True,0.6621918539325887
1.15,1.1,0.7,2.52510475e-05,0.24375000000000002,1.311929347826087e-10,0.0,1.311929347826087e-10,1.03,1.045,True,True,True,0.06317500000000356,0.03750000000000281,0.05964673913043538,0.05964673913043538,True,True,True,True,True,True,0.21996847826087715
1.15,1.2,0.0,2.52510475e-05,0.24375000000000002,2.5289e-10,0.0,2.5289e-10,1.03,1.045,True,True,True,0.06317500000000356,0.03750000000000281,6.144500000000001,6.144500000000001,True,True,False,False,True,False,12.389675000000008
1.15,1.2,0.05,2.52510475e-05,0.24375000000000002,2.385754716981132e-10,0.0,2.385754716981132e-10,1.03,1.045,True,True,True,0.06317500000000356,0.03750000000000281,5.42877358490566,5.42877358490566,True,True,False,False,True,False,10.958222169811327
1.15,1.2,0.1,2.52510475e-05,0.24375000000000002,2.2579464285714283e-10,0.0,2.2579464285714283e-10,1.03,1.045,True,True,True,0.06317500000000356,0.03750000000000281,4.789732142857143,4.789732142857143,True,True,False,False,True,False,9.680139285714292
1.15,1.2,0.15,2.52510475e-05,0.24375000000000002,2.143135593220339e-10,0.0,2.143135593220339e-10,1.03,1.045,True,True,True,0.06317500000000356,0.03750000000000281,4.215677966101696,4.215677966101696,True,True,False,False,True,False,8.532030932203398
1.15,1.2,0.2,2.52510475e-05,0.24375000000000002,2.0394354838709677e-10,0.0,2.0394354838709677e-10,1.03,1.045,True,True,True,0.06317500000000356,0.03750000000000281,3.6971774193548392,3.6971774193548392,True,True,False,False,True,False,7.495029838709685
1.15,1.2,0.25,2.52510475e-05,0.24375000000000002,1.9453076923076922e-10,0.0,1.9453076923076922e-10,1.03,1.045,True,True,True,0.06317500000000356,0.03750000000000281,3.226538461538462,3.226538461538462,True,True,False,False,True,False,6.5537519230769306
1.15,1.2,0.3,2.52510475e-05,0.24375000000000002,1.859485294117647e-10,0.0,1.859485294117647e-10,1.03,1.045,True,True,True,0.06317500000000356,0.03750000000000281,2.7974264705882357,2.7974264705882357,True,True,False,False,True,False,5.695527941176477
1.15,1.2,0.35,2.52510475e-05,0.24375000000000002,1.7809154929577465e-10,0.0,1.7809154929577465e-10,1.03,1.045,True,True,True,0.06317500000000356,0.03750000000000281,2.404577464788733,2.404577464788733,True,True,False,False,True,False,4.909829929577473
1.15,1.2,0.4,2.52510475e-05,0.24375000000000002,1.7087162162162163e-10,0.0,1.7087162162162163e-10,1.03,1.045,True,True,True,0.06317500000000356,0.03750000000000281,2.043581081081082,2.043581081081082,True,True,False,False,True,False,4.18783716216217
1.15,1.2,0.45,2.52510475e-05,0.24375000000000002,1.6421428571428572e-10,0.0,1.6421428571428572e-10,1.03,1.045,True,True,True,0.06317500000000356,0.03750000000000281,1.7107142857142863,1.7107142857142863,True,True,False,False,True,False,3.5221035714285787
1.15,1.2,0.5,2.52510475e-05,0.24375000000000002,1.5805625e-10,0.0,1.5805625e-10,1.03,1.045,True,True,True,0.06317500000000356,0.03750000000000281,1.4028125,1.4028125,True,True,False,False,True,False,2.906300000000006
1.15,1.2,0.55,2.52510475e-05,0.24375000000000002,1.523433734939759e-10,0.0,1.523433734939759e-10,1.03,1.045,True,True,True,0.06317500000000356,0.03750000000000281,1.117168674698795,1.117168674698795,True,True,False,False,True,False,2.335012349397596
1.15,1.2,0.6,2.52510475e-05,0.24375000000000002,1.4702906976744187e-10,0.0,1.4702906976744187e-10,1.03,1.045,True,True,True,0.06317500000000356,0.03750000000000281,0.851453488372094,0.851453488372094,True,True,True,True,True,True,1.8035819767441943
1.15,1.2,0.65,2.52510475e-05,0.24375000000000002,1.4207303370786515e-10,0.0,1.4207303370786515e-10,1.03,1.045,True,True,True,0.06317500000000356,0.03750000000000281,0.6036516853932582,0.6036516853932582,True,True,True,True,True,True,1.3079783707865227
1.15,1.2,0.7,2.52510475e-05,0.24375000000000002,1.3744021739130436e-10,0.0,1.3744021739130436e-10,1.03,1.045,True,True,True,0.06317500000000356,0.03750000000000281,0.3720108695652186,0.3720108695652186,True,True,True,True,True,True,0.8446967391304436
1.2,0.0,0.0,2.524473e-05,0.24380000000000002,1.166e-10,0.0,1.166e-10,1.04,1.06,True,True,True,0.08423333333333057,0.05000000000000143,0.67,0.67,True,True,True,True,True,True,1.474233333333332
1.2,0.0,0.05,2.524473e-05,0.24380000000000002,1.0999999999999998e-10,0.0,1.0999999999999998e-10,1.04,1.06,True,True,True,0.08423333333333057,0.05000000000000143,1.0000000000000004,1.0000000000000004,True,True,False,False,True,False,2.134233333333333
1.2,0.0,0.1,2.524473e-05,0.24380000000000002,1.0410714285714283e-10,0.0,1.0410714285714283e-10,1.04,1.06,True,True,True,0.08423333333333057,0.05000000000000143,1.2946428571428579,1.2946428571428579,True,True,False,False,True,False,2.723519047619048
1.2,0.0,0.15,2.524473e-05,0.24380000000000002,9.88135593220339e-11,0.0,9.88135593220339e-11,1.04,1.06,True,True,True,0.08423333333333057,0.05000000000000143,1.5593220338983047,1.5593220338983047,True,True,False,False,True,False,3.2528774011299415
1.2,0.0,0.2,2.524473e-05,0.24380000000000002,9.403225806451613e-11,0.0,9.403225806451613e-11,1.04,1.06,True,True,True,0.08423333333333057,0.05000000000000143,1.7983870967741933,1.7983870967741933,True,True,False,False,True,False,3.7310075268817187
1.2,0.0,0.25,2.524473e-05,0.24380000000000002,8.969230769230769e-11,0.0,8.969230769230769e-11,1.04,1.06,True,True,True,0.08423333333333057,0.05000000000000143,2.0153846153846153,2.0153846153846153,True,True,False,False,True,False,4.165002564102563
1.2,0.0,0.3,2.524473e-05,0.24380000000000002,8.573529411764706e-11,0.0,8.573529411764706e-11,1.04,1.06,True,True,True,0.08423333333333057,0.05000000000000143,2.2132352941176467,2.2132352941176467,True,True,False,False,True,False,4.560703921568626
1.2,0.0,0.35,2.524473e-05,0.24380000000000002,8.211267605633803e-11,0.0,8.211267605633803e-11,1.04,1.06,True,True,True,0.08423333333333057,0.05000000000000143,2.3943661971830985,2.3943661971830985,True,True,False,False,True,False,4.922965727699529
1.2,0.0,0.4,2.524473e-05,0.24380000000000002,7.878378378378378e-11,0.0,7.878378378378378e-11,1.04,1.06,True,True,True,0.08423333333333057,0.05000000000000143,2.560810810810811,2.560810810810811,True,True,False,False,True,False,5.255854954954954
1.2,0.0,0.45,2.524473e-05,0.24380000000000002,7.571428571428571e-11,0.0,7.571428571428571e-11,1.04,1.06,True,True,True,0.08423333333333057,0.05000000000000143,2.714285714285714,2.714285714285714,True,True,False,False,True,False,5.56280476190476
1.2,0.0,0.5,2.524473e-05,0.24380000000000002,7.2875e-11,0.0,7.2875e-11,1.04,1.06,True,True,True,0.08423333333333057,0.05000000000000143,2.85625,2.85625,True,True,False,False,True,False,5.846733333333333
1.2,0.0,0.55,2.524473e-05,0.24380000000000002,7.024096385542167e-11,0.0,7.024096385542167e-11,1.04,1.06,True,True,True,0.08423333333333057,0.05000000000000143,2.987951807228916,2.987951807228916,True,True,False,False,True,False,6.110136947791164
1.2,0.0,0.6,2.524473e-05,0.24380000000000002,6.77906976744186e-11,0.0,6.77906976744186e-11,1.04,1.06,True,True,True,0.08423333333333057,0.05000000000000143,3.1104651162790695,3.1104651162790695,True,True,False,False,True,False,6.355163565891472
1.2,0.0,0.65,2.524473e-05,0.24380000000000002,6.550561797752808e-11,0.0,6.550561797752808e-11,1.04,1.06,True,True,True,0.08423333333333057,0.05000000000000143,3.2247191011235956,3.2247191011235956,True,True,False,False,True,False,6.583671535580523
1.2,0.0,0.7,2.524473e-05,0.24380000000000002,6.336956521739131e-11,0.0,6.336956521739131e-11,1.04,1.06,True,True,True,0.08423333333333057,0.05000000000000143,3.331521739130434,3.331521739130434,True,True,False,False,True,False,6.7972768115942
1.2,0.1,0.0,2.524473e-05,0.24380000000000002,1.2826e-10,0.0,1.2826e-10,1.04,1.06,True,True,True,0.08423333333333057,0.05000000000000143,0.08699999999999929,0.08699999999999929,True,True,True,True,True,True,0.3082333333333306
1.2,0.1,0.05,2.524473e-05,0.24380000000000002,1.21e-10,0.0,1.21e-10,1.04,1.06,True,True,True,0.08423333333333057,0.05000000000000143,0.4499999999999998,0.4499999999999998,True,True,True,True,True,True,1.0342333333333316
1.2,0.1,0.1,2.524473e-05,0.24380000000000002,1.1451785714285714e-10,0.0,1.1451785714285714e-10,1.04,1.06,True,True,True,0.08423333333333057,0.05000000000000143,0.7741071428571428,0.7741071428571428,True,True,True,True,True,True,1.6824476190476174
1.2,0.1,0.15,2.524473e-05,0.24380000000000002,1.086949152542373e-10,0.0,1.086949152542373e-10,1.04,1.06,True,True,True,0.08423333333333057,0.05000000000000143,1.0652542372881346,1.0652542372881346,True,True,False,False,True,False,2.2647418079096013
1.2,0.1,0.2,2.524473e-05,0.24380000000000002,1.0343548387096774e-10,0.0,1.0343548387096774e-10,1.04,1.06,True,True,True,0.08423333333333057,0.05000000000000143,1.3282258064516124,1.3282258064516124,True,True,False,False,True,False,2.790684946236557
1.2,0.1,0.25,2.524473e-05,0.24380000000000002,9.866153846153846e-11,0.0,9.866153846153846e-11,1.04,1.06,True,True,True,0.08423333333333057,0.05000000000000143,1.5669230769230766,1.5669230769230766,True,True,False,False,True,False,3.2680794871794854
1.2,0.1,0.3,2.524473e-05,0.24380000000000002,9.430882352941178e-11,0.0,9.430882352941178e-11,1.04,1.06,True,True,True,0.08423333333333057,0.05000000000000143,1.7845588235294105,1.7845588235294105,True,True,False,False,True,False,3.703350980392153
1.2,0.1,0.35,2.524473e-05,0.24380000000000002,9.032394366197183e-11,0.0,9.032394366197183e-11,1.04,1.06,True,True,True,0.08423333333333057,0.05000000000000143,1.983802816901408,1.983802816901408,True,True,False,False,True,False,4.101838967136148
1.2,0.1,0.4,2.524473e-05,0.24380000000000002,8.666216216216216e-11,0.0,8.666216216216216e-11,1.04,1.06,True,True,True,0.08423333333333057,0.05000000000000143,2.1668918918918916,2.1668918918918916,True,True,False,False,True,False,4.468017117117116
1.2,0.1,0.45,2.524473e-05,0.24380000000000002,8.328571428571428e-11,0.0,8.328571428571428e-11,1.04,1.06,True,True,True,0.08423333333333057,0.05000000000000143,2.3357142857142854,2.3357142857142854,True,True,False,False,True,False,4.805661904761903
1.2,0.1,0.5,2.524473e-05,0.24380000000000002,8.016249999999999e-11,0.0,8.016249999999999e-11,1.04,1.06,True,True,True,0.08423333333333057,0.05000000000000143,2.491875,2.491875,True,True,False,False,True,False,5.117983333333331
1.2,0.1,0.55,2.524473e-05,0.24380000000000002,7.726506024096385e-11,0.0,7.726506024096385e-11,1.04,1.06,True,True,True,0.08423333333333057,0.05000000000000143,2.636746987951807,2.636746987951807,True,True,False,False,True,False,5.407727309236947
1.2,0.1,0.6,2.524473e-05,0.24380000000000002,7.456976744186047e-11,0.0,7.456976744186047e-11,1.04,1.06,True,True,True,0.08423333333333057,0.05000000000000143,2.7715116279069765,2.7715116279069765,True,True,False,False,True,False,5.6772565891472855
1.2,0.1,0.65,2.524473e-05,0.24380000000000002,7.20561797752809e-11,0.0,7.20561797752809e-11,1.04,1.06,True,True,True,0.08423333333333057,0.05000000000000143,2.8971910112359547,2.8971910112359547,True,True,False,False,True,False,5.928615355805242
1.2,0.1,0.7,2.524473e-05,0.24380000000000002,6.970652173913044e-11,0.0,6.970652173913044e-11,1.04,1.06,True,True,True,0.08423333333333057,0.05000000000000143,3.014673913043478,3.014673913043478,True,True,False,False,True,False,6.163581159420287
1.2,0.2,0.0,2.524473e-05,0.24380000000000002,1.3992e-10,0.0,1.3992e-10,1.04,1.06,True,True,True,0.08423333333333057,0.05000000000000143,0.49600000000000016,0.49600000000000016,True,True,True,True,True,True,1.1262333333333323
1.2,0.2,0.05,2.524473e-05,0.24380000000000002,1.3199999999999998e-10,0.0,1.3199999999999998e-10,1.04,1.06,True,True,True,0.08423333333333057,0.05000000000000143,0.09999999999999966,0.09999999999999966,True,True,True,True,True,True,0.3342333333333313
1.2,0.2,0.1,2.524473e-05,0.24380000000000002,1.249285714285714e-10,0.0,1.249285714285714e-10,1.04,1.06,True,True,True,0.08423333333333057,0.05000000000000143,0.253571428571429,0.253571428571429,True,True,True,True,True,True,0.64137619047619
1.2,0.2,0.15,2.524473e-05,0.24380000000000002,1.1857627118644069e-10,0.0,1.1857627118644069e-10,1.04,1.06,True,True,True,0.08423333333333057,0.05000000000000143,0.5711864406779653,0.5711864406779653,True,True,True,True,True,True,1.2766062146892625
1.2,0.2,0.2,2.524473e-05,0.24380000000000002,1.1283870967741935e-10,0.0,1.1283870967741935e-10,1.04,1.06,True,True,True,0.08423333333333057,0.05000000000000143,0.8580645161290321,0.8580645161290321,True,True,True,True,True,True,1.8503623655913963
1.2,0.2,0.25,2.524473e-05,0.24380000000000002,1.0763076923076922e-10,0.0,1.0763076923076922e-10,1.04,1.06,True,True,True,0.08423333333333057,0.05000000000000143,1.1184615384615386,1.1184615384615386,True,True,False,False,True,False,2.3711564102564093
1.2,0.2,0.3,2.524473e-05,0.24380000000000002,1.0288235294117648e-10,0.0,1.0288235294117648e-10,1.04,1.06,True,True,True,0.08423333333333057,0.05000000000000143,1.3558823529411757,1.3558823529411757,True,True,False,False,True,False,2.8459980392156834
1.2,0.2,0.35,2.524473e-05,0.24380000000000002,9.853521126760563e-11,0.0,9.853521126760563e-11,1.04,1.06,True,True,True,0.08423333333333057,0.05000000000000143,1.573239436619718,1.573239436619718,True,True,False,False,True,False,3.280712206572768
1.2,0.2,0.4,2.524473e-05,0.24380000000000002,9.454054054054054e-11,0.0,9.454054054054054e-11,1.04,1.06,True,True,True,0.08423333333333057,0.05000000000000143,1.7729729729729728,1.7729729729729728,True,True,False,False,True,False,3.680179279279278
1.2,0.2,0.45,2.524473e-05,0.24380000000000002,9.085714285714285e-11,0.0,9.085714285714285e-11,1.04,1.06,True,True,True,0.08423333333333057,0.05000000000000143,1.957142857142857,1.957142857142857,True,True,False,False,True,False,4.048519047619046
1.2,0.2,0.5,2.524473e-05,0.24380000000000002,8.744999999999999e-11,0.0,8.744999999999999e-11,1.04,1.06,True,True,True,0.08423333333333057,0.05000000000000143,2.1275,2.1275,True,True,False,False,True,False,4.3892333333333315
1.2,0.2,0.55,2.524473e-05,0.24380000000000002,8.428915662650602e-11,0.0,8.428915662650602e-11,1.04,1.06,True,True,True,0.08423333333333057,0.05000000000000143,2.2855421686746986,2.2855421686746986,True,True,False,False,True,False,4.70531767068273
1.2,0.2,0.6,2.524473e-05,0.24380000000000002,8.134883720930233e-11,0.0,8.134883720930233e-11,1.04,1.06,True,True,True,0.08423333333333057,0.05000000000000143,2.4325581395348834,2.4325581395348834,True,True,False,False,True,False,4.999349612403099
1.2,0.2,0.65,2.524473e-05,0.24380000000000002,7.86067415730337e-11,0.0,7.86067415730337e-11,1.04,1.06,True,True,True,0.08423333333333057,0.05000000000000143,2.5696629213483146,2.5696629213483146,True,True,False,False,True,False,5.273559176029961
1.2,0.2,0.7,2.524473e-05,0.24380000000000002,7.604347826086957e-11,0.0,7.604347826086957e-11,1.04,1.06,True,True,True,0.08423333333333057,0.05000000000000143,2.697826086956521,2.697826086956521,True,True,False,False,True,False,5.529885507246375
1.2,0.3,0.0,2.524473e-05,0.24380000000000002,1.5157999999999998e-10,0.0,1.5157999999999998e-10,1.04,1.06,True,True,True,0.08423333333333057,0.05000000000000143,1.0789999999999997,1.0789999999999997,True,True,False,False,True,False,2.2922333333333316
1.2,0.3,0.05,2.524473e-05,0.24380000000000002,1.4299999999999997e-10,0.0,1.4299999999999997e-10,1.04,1.06,True,True,True,0.08423333333333057,0.05000000000000143,0.6499999999999991,0.6499999999999991,True,True,True,True,True,True,1.4342333333333301
1.2,0.3,0.1,2.524473e-05,0.24380000000000002,1.3533928571428567e-10,0.0,1.3533928571428567e-10,1.04,1.06,True,True,True,0.08423333333333057,0.05000000000000143,0.26696428571428416,0.26696428571428416,True,True,True,True,True,True,0.6681619047619003
1.2,0.3,0.15,2.524473e-05,0.24380000000000002,1.2845762711864406e-10,0.0,1.2845762711864406e-10,1.04,1.06,True,True,True,0.08423333333333057,0.05000000000000143,0.07711864406779646,0.07711864406779646,True,True,True,True,True,True,0.2884706214689249
1.2,0.3,0.2,2.524473e-05,0.24380000000000002,1.2224193548387095e-10,0.0,1.2224193548387095e-10,1.04,1.06,True,True,True,0.08423333333333057,0.05000000000000143,0.3879032258064519,0.3879032258064519,True,True,True,True,True,True,0.9100397849462358
1.2,0.3,0.25,2.524473e-05,0.24380000000000002,1.166e-10,0.0,1.166e-10,1.04,1.06,True,True,True,0.08423333333333057,0.05000000000000143,0.67,0.67,True,True,True,True,True,True,1.474233333333332
1.2,0.3,0.3,2.524473e-05,0.24380000000000002,1.1145588235294117e-10,0.0,1.1145588235294117e-10,1.04,1.06,True,True,True,0.08423333333333057,0.05000000000000143,0.9272058823529409,0.9272058823529409,True,True,True,True,True,True,1.9886450980392136
1.2,0.3,0.35,2.524473e-05,0.24380000000000002,1.0674647887323943e-10,0.0,1.0674647887323943e-10,1.04,1.06,True,True,True,0.08423333333333057,0.05000000000000143,1.1626760563380283,1.1626760563380283,True,True,False,False,True,False,2.4595854460093887
1.2,0.3,0.4,2.524473e-05,0.24380000000000002,1.0241891891891891e-10,0.0,1.0241891891891891e-10,1.04,1.06,True,True,True,0.08423333333333057,0.05000000000000143,1.379054054054054,1.379054054054054,True,True,False,False,True,False,2.89234144144144
1.2,0.3,0.45,2.524473e-05,0.24380000000000002,9.842857142857141e-11,0.0,9.842857142857141e-11,1.04,1.06,True,True,True,0.08423333333333057,0.05000000000000143,1.578571428571429,1.578571428571429,True,True,False,False,True,False,3.29137619047619
1.2,0.3,0.5,2.524473e-05,0.24380000000000002,9.473749999999998e-11,0.0,9.473749999999998e-11,1.04,1.06,True,True,True,0.08423333333333057,0.05000000000000143,1.7631250000000007,1.7631250000000007,True,True,False,False,True,False,3.6604833333333335
1.2,0.3,0.55,2.524473e-05,0.24380000000000002,9.131325301204817e-11,0.0,9.131325301204817e-11,1.04,1.06,True,True,True,0.08423333333333057,0.05000000000000143,1.934337349397591,1.934337349397591,True,True,False,False,True,False,4.002908032128515
1.2,0.3,0.6,2.524473e-05,0.24380000000000002,8.812790697674418e-11,0.0,8.812790697674418e-11,1.04,1.06,True,True,True,0.08423333333333057,0.05000000000000143,2.093604651162791,2.093604651162791,True,True,False,False,True,False,4.321442635658913
1.2,0.3,0.65,2.524473e-05,0.24380000000000002,8.515730337078651e-11,0.0,8.515730337078651e-11,1.04,1.06,True,True,True,0.08423333333333057,0.05000000000000143,2.242134831460674,2.242134831460674,True,True,False,False,True,False,4.61850299625468
1.2,0.3,0.7,2.524473e-05,0.24380000000000002,8.238043478260869e-11,0.0,8.238043478260869e-11,1.04,1.06,True,True,True,0.08423333333333057,0.05000000000000143,2.380978260869565,2.380978260869565,True,True,False,False,True,False,4.896189855072462
1.2,0.4,0.0,2.524473e-05,0.24380000000000002,1.6323999999999997e-10,0.0,1.6323999999999997e-10,1.04,1.06,True,True,True,0.08423333333333057,0.05000000000000143,1.661999999999999,1.661999999999999,True,True,False,False,True,False,3.45823333333333
1.2,0.4,0.05,2.524473e-05,0.24380000000000002,1.5399999999999996e-10,0.0,1.5399999999999996e-10,1.04,1.06,True,True,True,0.08423333333333057,0.05000000000000143,1.1999999999999986,1.1999999999999986,True,True,False,False,True,False,2.5342333333333293
1.2,0.4,0.1,2.524473e-05,0.24380000000000002,1.4574999999999996e-10,0.0,1.4574999999999996e-10,1.04,1.06,True,True,True,0.08423333333333057,0.05000000000000143,0.7874999999999986,0.7874999999999986,True,True,True,True,True,True,1.7092333333333292
1.2,0.4,0.15,2.524473e-05,0.24380000000000002,1.3833898305084744e-10,0.0,1.3833898305084744e-10,1.04,1.06,True,True,True,0.08423333333333057,0.05000000000000143,0.41694915254237236,0.41694915254237236,True,True,True,True,True,True,0.9681316384180767
1.2,0.4,0.2,2.524473e-05,0.24380000000000002,1.3164516129032256e-10,0.0,1.3164516129032256e-10,1.04,1.06,True,True,True,0.08423333333333057,0.05000000000000143,0.0822580645161283,0.0822580645161283,True,True,True,True,True,True,0.2987494623655886
1.2,0.4,0.25,2.524473e-05,0.24380000000000002,1.2556923076923074e-10,0.0,1.2556923076923074e-10,1.04,1.06,True,True,True,0.08423333333333057,0.05000000000000143,0.22153846153846268,0.22153846153846268,True,True,True,True,True,True,0.5773102564102573
1.2,0.4,0.3,2.524473e-05,0.24380000000000002,1.2002941176470588e-10,0.0,1.2002941176470588e-10,1.04,1.06,True,True,True,0.08423333333333057,0.05000000000000143,0.49852941176470533,0.49852941176470533,True,True,True,True,True,True,1.1312921568627425
1.2,0.4,0.35,2.524473e-05,0.24380000000000002,1.1495774647887322e-10,0.0,1.1495774647887322e-10,1.04,1.06,True,True,True,0.08423333333333057,0.05000000000000143,0.7521126760563384,0.7521126760563384,True,True,True,True,True,True,1.6384586854460088
1.2,0.4,0.4,2.524473e-05,0.24380000000000002,1.1029729729729727e-10,0.0,1.1029729729729727e-10,1.04,1.06,True,True,True,0.08423333333333057,0.05000000000000143,0.9851351351351358,0.9851351351351358,True,True,True,True,True,True,2.104503603603604
1.2,0.4,0.45,2.524473e-05,0.24380000000000002,1.0599999999999998e-10,0.0,1.0599999999999998e-10,1.04,1.06,True,True,True,0.08423333333333057,0.05000000000000143,1.2000000000000004,1.2000000000000004,True,True,False,False,True,False,2.534233333333333
1.2,0.4,0.5,2.524473e-05,0.24380000000000002,1.0202499999999998e-10,0.0,1.0202499999999998e-10,1.04,1.06,True,True,True,0.08423333333333057,0.05000000000000143,1.3987500000000006,1.3987500000000006,True,True,False,False,True,False,2.9317333333333333
1.2,0.4,0.55,2.524473e-05,0.24380000000000002,9.833734939759034e-11,0.0,9.833734939759034e-11,1.04,1.06,True,True,True,0.08423333333333057,0.05000000000000143,1.5831325301204826,1.5831325301204826,True,True,False,False,True,False,3.3004983935742973
1.2,0.4,0.6,2.524473e-05,0.24380000000000002,9.490697674418603e-11,0.0,9.490697674418603e-11,1.04,1.06,True,True,True,0.08423333333333057,0.05000000000000143,1.7546511627906984,1.7546511627906984,True,True,False,False,True,False,3.643535658914729
1.2,0.4,0.65,2.524473e-05,0.24380000000000002,9.17078651685393e-11,0.0,9.17078651685393e-11,1.04,1.06,True,True,True,0.08423333333333057,0.05000000000000143,1.9146067415730343,1.9146067415730343,True,True,False,False,True,False,3.963446816479401
1.2,0.4,0.7,2.524473e-05,0.24380000000000002,8.871739130434781e-11,0.0,8.871739130434781e-11,1.04,1.06,True,True,True,0.08423333333333057,0.05000000000000143,2.064130434782609,2.064130434782609,True,True,False,False,True,False,4.26249420289855
1.2,0.5,0.0,2.524473e-05,0.24380000000000002,1.7489999999999999e-10,0.0,1.7489999999999999e-10,1.04,1.06,True,True,True,0.08423333333333057,0.05000000000000143,2.2449999999999997,2.2449999999999997,True,True,False,False,True,False,4.624233333333331
1.2,0.5,0.05,2.524473e-05,0.24380000000000002,1.6499999999999997e-10,0.0,1.6499999999999997e-10,1.04,1.06,True,True,True,0.08423333333333057,0.05000000000000143,1.7499999999999993,1.7499999999999993,True,True,False,False,True,False,3.6342333333333308
1.2,0.5,0.1,2.524473e-05,0.24380000000000002,1.5616071428571425e-10,0.0,1.5616071428571425e-10,1.04,1.06,True,True,True,0.08423333333333057,0.05000000000000143,1.308035714285713,1.308035714285713,True,True,False,False,True,False,2.7503047619047583
1.2,0.5,0.15,2.524473e-05,0.24380000000000002,1.4822033898305084e-10,0.0,1.4822033898305084e-10,1.04,1.06,True,True,True,0.08423333333333057,0.05000000000000143,0.9110169491525424,0.9110169491525424,True,True,True,True,True,True,1.9562672316384169
1.2,0.5,0.2,2.524473e-05,0.24380000000000002,1.4104838709677419e-10,0.0,1.4104838709677419e-10,1.04,1.06,True,True,True,0.08423333333333057,0.05000000000000143,0.5524193548387099,0.5524193548387099,True,True,True,True,True,True,1.2390720430107516
1.2,0.5,0.25,2.524473e-05,0.24380000000000002,1.3453846153846154e-10,0.0,1.3453846153846154e-10,1.04,1.06,True,True,True,0.08423333333333057,0.05000000000000143,0.22692307692307725,0.22692307692307725,True,True,True,True,True,True,0.5880794871794864
1.2,0.5,0.3,2.524473e-05,0.24380000000000002,1.286029411764706e-10,0.0,1.286029411764706e-10,1.04,1.06,True,True,True,0.08423333333333057,0.05000000000000143,0.06985294117646981,0.06985294117646981,True,True,True,True,True,True,0.2739392156862716
1.2,0.5,0.35,2.524473e-05,0.24380000000000002,1.2316901408450703e-10,0.0,1.2316901408450703e-10,1.04,1.06,True,True,True,0.08423333333333057,0.05000000000000143,0.34154929577464793,0.34154929577464793,True,True,True,True,True,True,0.8173319248826278
1.2,0.5,0.4,2.524473e-05,0.24380000000000002,1.1817567567567568e-10,0.0,1.1817567567567568e-10,1.04,1.06,True,True,True,0.08423333333333057,0.05000000000000143,0.5912162162162158,0.5912162162162158,True,True,True,True,True,True,1.3166657657657637
1.2,0.5,0.45,2.524473e-05,0.24380000000000002,1.1357142857142855e-10,0.0,1.1357142857142855e-10,1.04,1.06,True,True,True,0.08423333333333057,0.05000000000000143,0.8214285714285718,0.8214285714285718,True,True,True,True,True,True,1.7770904761904758
1.2,0.5,0.5,2.524473e-05,0.24380000000000002,1.0931249999999999e-10,0.0,1.0931249999999999e-10,1.04,1.06,True,True,True,0.08423333333333057,0.05000000000000143,1.034375,1.034375,True,True,False,False,True,False,2.202983333333332
1.2,0.5,0.55,2.524473e-05,0.24380000000000002,1.0536144578313251e-10,0.0,1.0536144578313251e-10,1.04,1.06,True,True,True,0.08423333333333057,0.05000000000000143,1.2319277108433742,1.2319277108433742,True,True,False,False,True,False,2.5980887550200804
1.2,0.5,0.6,2.524473e-05,0.24380000000000002,1.016860465116279e-10,0.0,1.016860465116279e-10,1.04,1.06,True,True,True,0.08423333333333057,0.05000000000000143,1.4156976744186047,1.4156976744186047,True,True,False,False,True,False,2.9656286821705415
1.2,0.5,0.65,2.524473e-05,0.24380000000000002,9.825842696629213e-11,0.0,9.825842696629213e-11,1.04,1.06,True,True,True,0.08423333333333057,0.05000000000000143,1.5870786516853932,1.5870786516853932,True,True,False,False,True,False,3.3083906367041185
1.2,0.5,0.7,2.524473e-05,0.24380000000000002,9.505434782608696e-11,0.0,9.505434782608696e-11,1.04,1.06,True,True,True,0.08423333333333057,0.05000000000000143,1.7472826086956519,1.7472826086956519,True,True,False,False,True,False,3.628798550724636
1.2,0.6,0.0,2.524473e-05,0.24380000000000002,1.8656e-10,0.0,1.8656e-10,1.04,1.06,True,True,True,0.08423333333333057,0.05000000000000143,2.8280000000000007,2.8280000000000007,True,True,False,False,True,False,5.790233333333333
1.2,0.6,0.05,2.524473e-05,0.24380000000000002,1.7599999999999999e-10,0.0,1.7599999999999999e-10,1.04,1.06,True,True,True,0.08423333333333057,0.05000000000000143,2.3,2.3,True,True,False,False,True,False,4.734233333333332
1.2,0.6,0.1,2.524473e-05,0.24380000000000002,1.6657142857142856e-10,0.0,1.6657142857142856e-10,1.04,1.06,True,True,True,0.08423333333333057,0.05000000000000143,1.8285714285714287,1.8285714285714287,True,True,False,False,True,False,3.7913761904761896
1.2,0.6,0.15,2.524473e-05,0.24380000000000002,1.5810169491525424e-10,0.0,1.5810169491525424e-10,1.04,1.06,True,True,True,0.08423333333333057,0.05000000000000143,1.4050847457627125,1.4050847457627125,True,True,False,False,True,False,2.944402824858757
1.2,0.6,0.2,2.524473e-05,0.24380000000000002,1.5045161290322582e-10,0.0,1.5045161290322582e-10,1.04,1.06,True,True,True,0.08423333333333057,0.05000000000000143,1.0225806451612913,1.0225806451612913,True,True,False,False,True,False,2.1793946236559147
1.2,0.6,0.25,2.524473e-05,0.24380000000000002,1.435076923076923e-10,0.0,1.435076923076923e-10,1.04,1.06,True,True,True,0.08423333333333057,0.05000000000000143,0.6753846153846159,0.6753846153846159,True,True,True,True,True,True,1.485002564102564
1.2,0.6,0.3,2.524473e-05,0.24380000000000002,1.371764705882353e-10,0.0,1.371764705882353e-10,1.04,1.06,True,True,True,0.08423333333333057,0.05000000000000143,0.3588235294117657,0.3588235294117657,True,True,True,True,True,True,0.8518803921568634
1.2,0.6,0.35,2.524473e-05,0.24380000000000002,1.3138028169014084e-10,0.0,1.3138028169014084e-10,1.04,1.06,True,True,True,0.08423333333333057,0.05000000000000143,0.06901408450704255,0.06901408450704255,True,True,True,True,True,True,0.2722615023474171
1.2,0.6,0.4,2.524473e-05,0.24380000000000002,1.2605405405405405e-10,0.0,1.2605405405405405e-10,1.04,1.06,True,True,True,0.08423333333333057,0.05000000000000143,0.197297297297297,0.197297297297297,True,True,True,True,True,True,0.528827927927926
1.2,0.6,0.45,2.524473e-05,0.24380000000000002,1.2114285714285714e-10,0.0,1.2114285714285714e-10,1.04,1.06,True,True,True,0.08423333333333057,0.05000000000000143,0.44285714285714267,0.44285714285714267,True,True,True,True,True,True,1.0199476190476173
1.2,0.6,0.5,2.524473e-05,0.24380000000000002,1.166e-10,0.0,1.166e-10,1.04,1.06,True,True,True,0.08423333333333057,0.05000000000000143,0.67,0.67,True,True,True,True,True,True,1.474233333333332
1.2,0.6,0.55,2.524473e-05,0.24380000000000002,1.1238554216867469e-10,0.0,1.1238554216867469e-10,1.04,1.06,True,True,True,0.08423333333333057,0.05000000000000143,0.8807228915662653,0.8807228915662653,True,True,True,True,True,True,1.8956791164658626
1.2,0.6,0.6,2.524473e-05,0.24380000000000002,1.0846511627906977e-10,0.0,1.0846511627906977e-10,1.04,1.06,True,True,True,0.08423333333333057,0.05000000000000143,1.0767441860465108,1.0767441860465108,True,True,False,False,True,False,2.2877217054263537
1.2,0.6,0.65,2.524473e-05,0.24380000000000002,1.0480898876404494e-10,0.0,1.0480898876404494e-10,1.04,1.06,True,True,True,0.08423333333333057,0.05000000000000143,1.2595505617977527,1.2595505617977527,True,True,False,False,True,False,2.6533344569288375
1.2,0.6,0.7,2.524473e-05,0.24380000000000002,1.0139130434782609e-10,0.0,1.0139130434782609e-10,1.04,1.06,True,True,True,0.08423333333333057,0.05000000000000143,1.4304347826086952,1.4304347826086952,True,True,False,False,True,False,2.9951028985507224
1.2,0.7,0.0,2.524473e-05,0.24380000000000002,1.9822e-10,0.0,1.9822e-10,1.04,1.06,True,True,True,0.08423333333333057,0.05000000000000143,3.411,3.411,True,True,False,False,True,False,6.956233333333332
1.2,0.7,0.05,2.524473e-05,0.24380000000000002,1.8699999999999997e-10,0.0,1.8699999999999997e-10,1.04,1.06,True,True,True,0.08423333333333057,0.05000000000000143,2.849999999999999,2.849999999999999,True,True,False,False,True,False,5.83423333333333
1.2,0.7,0.1,2.524473e-05,0.24380000000000002,1.7698214285714283e-10,0.0,1.7698214285714283e-10,1.04,1.06,True,True,True,0.08423333333333057,0.05000000000000143,2.349107142857142,2.349107142857142,True,True,False,False,True,False,4.832447619047617
1.2,0.7,0.15,2.524473e-05,0.24380000000000002,1.6798305084745761e-10,0.0,1.6798305084745761e-10,1.04,1.06,True,True,True,0.08423333333333057,0.05000000000000143,1.8991525423728812,1.8991525423728812,True,True,False,False,True,False,3.9325384180790945
1.2,0.7,0.2,2.524473e-05,0.24380000000000002,1.5985483870967742e-10,0.0,1.5985483870967742e-10,1.04,1.06,True,True,True,0.08423333333333057,0.05000000000000143,1.4927419354838716,1.4927419354838716,True,True,False,False,True,False,3.1197172043010752
1.2,0.7,0.25,2.524473e-05,0.24380000000000002,1.5247692307692305e-10,0.0,1.5247692307692305e-10,1.04,1.06,True,True,True,0.08423333333333057,0.05000000000000143,1.1238461538461533,1.1238461538461533,True,True,False,False,True,False,2.3819256410256386
1.2,0.7,0.3,2.524473e-05,0.24380000000000002,1.4575000000000001e-10,0.0,1.4575000000000001e-10,1.04,1.06,True,True,True,0.08423333333333057,0.05000000000000143,0.7875000000000012,0.7875000000000012,True,True,True,True,True,True,1.7092333333333345
1.2,0.7,0.35,2.524473e-05,0.24380000000000002,1.3959154929577465e-10,0.0,1.3959154929577465e-10,1.04,1.06,True,True,True,0.08423333333333057,0.05000000000000143,0.47957746478873303,0.47957746478873303,True,True,True,True,True,True,1.093388262910798
1.2,0.7,0.4,2.524473e-05,0.24380000000000002,1.3393243243243243e-10,0.0,1.3393243243243243e-10,1.04,1.06,True,True,True,0.08423333333333057,0.05000000000000143,0.19662162162162175,0.19662162162162175,True,True,True,True,True,True,0.5274765765765755
1.2,0.7,0.45,2.524473e-05,0.24380000000000002,1.287142857142857e-10,0.0,1.287142857142857e-10,1.04,1.06,True,True,True,0.08423333333333057,0.05000000000000143,0.06428571428571407,0.06428571428571407,True,True,True,True,True,True,0.2628047619047601
1.2,0.7,0.5,2.524473e-05,0.24380000000000002,1.2388749999999998e-10,0.0,1.2388749999999998e-10,1.04,1.06,True,True,True,0.08423333333333057,0.05000000000000143,0.3056250000000007,0.3056250000000007,True,True,True,True,True,True,0.7454833333333334
1.2,0.7,0.55,2.524473e-05,0.24380000000000002,1.1940963855421684e-10,0.0,1.1940963855421684e-10,1.04,1.06,True,True,True,0.08423333333333057,0.05000000000000143,0.5295180722891575,0.5295180722891575,True,True,True,True,True,True,1.193269477911647
1.2,0.7,0.6,2.524473e-05,0.24380000000000002,1.1524418604651162e-10,0.0,1.1524418604651162e-10,1.04,1.06,True,True,True,0.08423333333333057,0.05000000000000143,0.7377906976744184,0.7377906976744184,True,True,True,True,True,True,1.609814728682169
1.2,0.7,0.65,2.524473e-05,0.24380000000000002,1.1135955056179775e-10,0.0,1.1135955056179775e-10,1.04,1.06,True,True,True,0.08423333333333057,0.05000000000000143,0.9320224719101123,0.9320224719101123,True,True,True,True,True,True,1.9982782771535565
1.2,0.7,0.7,2.524473e-05,0.24380000000000002,1.0772826086956522e-10,0.0,1.0772826086956522e-10,1.04,1.06,True,True,True,0.08423333333333057,0.05000000000000143,1.1135869565217384,1.1135869565217384,True,True,False,False,True,False,2.361407246376809
1.2,0.8,0.0,2.524473e-05,0.24380000000000002,2.0987999999999998e-10,0.0,2.0987999999999998e-10,1.04,1.06,True,True,True,0.08423333333333057,0.05000000000000143,3.9939999999999998,3.9939999999999998,True,True,False,False,True,False,8.12223333333333
1.2,0.8,0.05,2.524473e-05,0.24380000000000002,1.9799999999999996e-10,0.0,1.9799999999999996e-10,1.04,1.06,True,True,True,0.08423333333333057,0.05000000000000143,3.399999999999999,3.399999999999999,True,True,False,False,True,False,6.93423333333333
1.2,0.8,0.1,2.524473e-05,0.24380000000000002,1.8739285714285712e-10,0.0,1.8739285714285712e-10,1.04,1.06,True,True,True,0.08423333333333057,0.05000000000000143,2.8696428571428565,2.8696428571428565,True,True,False,False,True,False,5.873519047619045
1.2,0.8,0.15,2.524473e-05,0.24380000000000002,1.7786440677966102e-10,0.0,1.7786440677966102e-10,1.04,1.06,True,True,True,0.08423333333333057,0.05000000000000143,2.3932203389830513,2.3932203389830513,True,True,False,False,True,False,4.920674011299434
1.2,0.8,0.2,2.524473e-05,0.24380000000000002,1.6925806451612902e-10,0.0,1.6925806451612902e-10,1.04,1.06,True,True,True,0.08423333333333057,0.05000000000000143,1.9629032258064518,1.9629032258064518,True,True,False,False,True,False,4.060039784946236
1.2,0.8,0.25,2.524473e-05,0.24380000000000002,1.6144615384615383e-10,0.0,1.6144615384615383e-10,1.04,1.06,True,True,True,0.08423333333333057,0.05000000000000143,1.572307692307692,1.572307692307692,True,True,False,False,True,False,3.278848717948716
1.2,0.8,0.3,2.524473e-05,0.24380000000000002,1.543235294117647e-10,0.0,1.543235294117647e-10,1.04,1.06,True,True,True,0.08423333333333057,0.05000000000000143,1.2161764705882354,1.2161764705882354,True,True,False,False,True,False,2.566586274509803
1.2,0.8,0.35,2.524473e-05,0.24380000000000002,1.4780281690140843e-10,0.0,1.4780281690140843e-10,1.04,1.06,True,True,True,0.08423333333333057,0.05000000000000143,0.8901408450704222,0.8901408450704222,True,True,True,True,True,True,1.9145150234741766
1.2,0.8,0.4,2.524473e-05,0.24380000000000002,1.418108108108108e-10,0.0,1.418108108108108e-10,1.04,1.06,True,True,True,0.08423333333333057,0.05000000000000143,0.5905405405405405,0.5905405405405405,True,True,True,True,True,True,1.3153144144144129
1.2,0.8,0.45,2.524473e-05,0.24380000000000002,1.3628571428571428e-10,0.0,1.3628571428571428e-10,1.04,1.06,True,True,True,0.08423333333333057,0.05000000000000143,0.3142857142857145,0.3142857142857145,True,True,True,True,True,True,0.762804761904761
1.2,0.8,0.5,2.524473e-05,0.24380000000000002,1.31175e-10,0.0,1.31175e-10,1.04,1.06,True,True,True,0.08423333333333057,0.05000000000000143,0.05874999999999993,0.05874999999999993,True,True,True,True,True,True,0.2517333333333318
1.2,0.8,0.55,2.524473e-05,0.24380000000000002,1.26433734939759e-10,0.0,1.26433734939759e-10,1.04,1.06,True,True,True,0.08423333333333057,0.05000000000000143,0.1783132530120491,0.1783132530120491,True,True,True,True,True,True,0.49085983935743016
1.2,0.8,0.6,2.524473e-05,0.24380000000000002,1.2202325581395348e-10,0.0,1.2202325581395348e-10,1.04,1.06,True,True,True,0.08423333333333057,0.05000000000000143,0.3988372093023253,0.3988372093023253,True,True,True,True,True,True,0.9319077519379826
1.2,0.8,0.65,2.524473e-05,0.24380000000000002,1.1791011235955054e-10,0.0,1.1791011235955054e-10,1.04,1.06,True,True,True,0.08423333333333057,0.05000000000000143,0.6044943820224725,0.6044943820224725,True,True,True,True,True,True,1.343222097378277
1.2,0.8,0.7,2.524473e-05,0.24380000000000002,1.1406521739130434e-10,0.0,1.1406521739130434e-10,1.04,1.06,True,True,True,0.08423333333333057,0.05000000000000143,0.7967391304347826,0.7967391304347826,True,True,True,True,True,True,1.7277115942028973
1.2,0.9,0.0,2.524473e-05,0.24380000000000002,2.2153999999999997e-10,0.0,2.2153999999999997e-10,1.04,1.06,True,True,True,0.08423333333333057,0.05000000000000143,4.576999999999999,4.576999999999999,True,True,False,False,True,False,9.28823333333333
1.2,0.9,0.05,2.524473e-05,0.24380000000000002,2.0899999999999995e-10,0.0,2.0899999999999995e-10,1.04,1.06,True,True,True,0.08423333333333057,0.05000000000000143,3.9499999999999984,3.9499999999999984,True,True,False,False,True,False,8.03423333333333
1.2,0.9,0.1,2.524473e-05,0.24380000000000002,1.9780357142857138e-10,0.0,1.9780357142857138e-10,1.04,1.06,True,True,True,0.08423333333333057,0.05000000000000143,3.3901785714285695,3.3901785714285695,True,True,False,False,True,False,6.914590476190471
1.2,0.9,0.15,2.524473e-05,0.24380000000000002,1.877457627118644e-10,0.0,1.877457627118644e-10,1.04,1.06,True,True,True,0.08423333333333057,0.05000000000000143,2.88728813559322,2.88728813559322,True,True,False,False,True,False,5.908809604519773
1.2,0.9,0.2,2.524473e-05,0.24380000000000002,1.7866129032258063e-10,0.0,1.7866129032258063e-10,1.04,1.06,True,True,True,0.08423333333333057,0.05000000000000143,2.433064516129032,2.433064516129032,True,True,False,False,True,False,5.000362365591396
1.2,0.9,0.25,2.524473e-05,0.24380000000000002,1.7041538461538457e-10,0.0,1.7041538461538457e-10,1.04,1.06,True,True,True,0.08423333333333057,0.05000000000000143,2.020769230769229,2.020769230769229,True,True,False,False,True,False,4.175771794871791
1.2,0.9,0.3,2.524473e-05,0.24380000000000002,1.628970588235294e-10,0.0,1.628970588235294e-10,1.04,1.06,True,True,True,0.08423333333333057,0.05000000000000143,1.644852941176471,1.644852941176471,True,True,False,False,True,False,3.423939215686274
1.2,0.9,0.35,2.524473e-05,0.24380000000000002,1.5601408450704224e-10,0.0,1.5601408450704224e-10,1.04,1.06,True,True,True,0.08423333333333057,0.05000000000000143,1.3007042253521126,1.3007042253521126,True,True,False,False,True,False,2.7356417840375573
1.2,0.9,0.4,2.524473e-05,0.24380000000000002,1.4968918918918918e-10,0.0,1.4968918918918918e-10,1.04,1.06,True,True,True,0.08423333333333057,0.05000000000000143,0.9844594594594593,0.9844594594594593,True,True,True,True,True,True,2.1031522522522508
1.2,0.9,0.45,2.524473e-05,0.24380000000000002,1.4385714285714283e-10,0.0,1.4385714285714283e-10,1.04,1.06,True,True,True,0.08423333333333057,0.05000000000000143,0.6928571428571418,0.6928571428571418,True,True,True,True,True,True,1.5199476190476156
1.2,0.9,0.5,2.524473e-05,0.24380000000000002,1.3846249999999998e-10,0.0,1.3846249999999998e-10,1.04,1.06,True,True,True,0.08423333333333057,0.05000000000000143,0.42312499999999925,0.42312499999999925,True,True,True,True,True,True,0.9804833333333305
1.2,0.9,0.55,2.524473e-05,0.24380000000000002,1.3345783132530118e-10,0.0,1.3345783132530118e-10,1.04,1.06,True,True,True,0.08423333333333057,0.05000000000000143,0.17289156626505928,0.17289156626505928,True,True,True,True,True,True,0.4800164658634506
1.2,0.9,0.6,2.524473e-05,0.24380000000000002,1.2880232558139532e-10,0.0,1.2880232558139532e-10,1.04,1.06,True,True,True,0.08423333333333057,0.05000000000000143,0.059883720930233496,0.059883720930233496,True,True,True,True,True,True,0.254000775193799
1.2,0.9,0.65,2.524473e-05,0.24380000000000002,1.2446067415730335e-10,0.0,1.2446067415730335e-10,1.04,1.06,True,True,True,0.08423333333333057,0.05000000000000143,0.276966292134832,0.276966292134832,True,True,True,True,True,True,0.688165917602996
1.2,0.9,0.7,2.524473e-05,0.24380000000000002,1.2040217391304346e-10,0.0,1.2040217391304346e-10,1.04,1.06,True,True,True,0.08423333333333057,0.05000000000000143,0.4798913043478266,0.4798913043478266,True,True,True,True,True,True,1.0940159420289852
1.2,1.0,0.0,2.524473e-05,0.24380000000000002,2.332e-10,0.0,2.332e-10,1.04,1.06,True,True,True,0.08423333333333057,0.05000000000000143,5.16,5.16,True,True,False,False,True,False,10.454233333333331
1.2,1.0,0.05,2.524473e-05,0.24380000000000002,2.1999999999999996e-10,0.0,2.1999999999999996e-10,1.04,1.06,True,True,True,0.08423333333333057,0.05000000000000143,4.499999999999999,4.499999999999999,True,True,False,False,True,False,9.13423333333333
1.2,1.0,0.1,2.524473e-05,0.24380000000000002,2.0821428571428567e-10,0.0,2.0821428571428567e-10,1.04,1.06,True,True,True,0.08423333333333057,0.05000000000000143,3.9107142857142843,3.9107142857142843,True,True,False,False,True,False,7.9556619047619
1.2,1.0,0.15,2.524473e-05,0.24380000000000002,1.976271186440678e-10,0.0,1.976271186440678e-10,1.04,1.06,True,True,True,0.08423333333333057,0.05000000000000143,3.38135593220339,3.38135593220339,True,True,False,False,True,False,6.896945197740113
1.2,1.0,0.2,2.524473e-05,0.24380000000000002,1.8806451612903226e-10,0.0,1.8806451612903226e-10,1.04,1.06,True,True,True,0.08423333333333057,0.05000000000000143,2.9032258064516134,2.9032258064516134,True,True,False,False,True,False,5.9406849462365585
1.2,1.0,0.25,2.524473e-05,0.24380000000000002,1.7938461538461537e-10,0.0,1.7938461538461537e-10,1.04,1.06,True,True,True,0.08423333333333057,0.05000000000000143,2.4692307692307693,2.4692307692307693,True,True,False,False,True,False,5.072694871794871
1.2,1.0,0.3,2.524473e-05,0.24380000000000002,1.7147058823529412e-10,0.0,1.7147058823529412e-10,1.04,1.06,True,True,True,0.08423333333333057,0.05000000000000143,2.0735294117647065,2.0735294117647065,True,True,False,False,True,False,4.281292156862746
1.2,1.0,0.35,2.524473e-05,0.24380000000000002,1.6422535211267605e-10,0.0,1.6422535211267605e-10,1.04,1.06,True,True,True,0.08423333333333057,0.05000000000000143,1.7112676056338032,1.7112676056338032,True,True,False,False,True,False,3.5567685446009385
1.2,1.0,0.4,2.524473e-05,0.24380000000000002,1.5756756756756755e-10,0.0,1.5756756756756755e-10,1.04,1.06,True,True,True,0.08423333333333057,0.05000000000000143,1.378378378378378,1.378378378378378,True,True,False,False,True,False,2.8909900900900882
1.2,1.0,0.45,2.524473e-05,0.24380000000000002,1.5142857142857142e-10,0.0,1.5142857142857142e-10,1.04,1.06,True,True,True,0.08423333333333057,0.05000000000000143,1.0714285714285716,1.0714285714285716,True,True,False,False,True,False,2.2770904761904753
1.2,1.0,0.5,2.524473e-05,0.24380000000000002,1.4575e-10,0.0,1.4575e-10,1.04,1.06,True,True,True,0.08423333333333057,0.05000000000000143,0.7874999999999999,0.7874999999999999,True,True,True,True,True,True,1.7092333333333318
1.2,1.0,0.55,2.524473e-05,0.24380000000000002,1.4048192771084334e-10,0.0,1.4048192771084334e-10,1.04,1.06,True,True,True,0.08423333333333057,0.05000000000000143,0.5240963855421676,0.5240963855421676,True,True,True,True,True,True,1.1824261044176674
1.2,1.0,0.6,2.524473e-05,0.24380000000000002,1.355813953488372e-10,0.0,1.355813953488372e-10,1.04,1.06,True,True,True,0.08423333333333057,0.05000000000000143,0.2790697674418609,0.2790697674418609,True,True,True,True,True,True,0.6923728682170538
1.2,1.0,0.65,2.524473e-05,0.24380000000000002,1.3101123595505616e-10,0.0,1.3101123595505616e-10,1.04,1.06,True,True,True,0.08423333333333057,0.05000000000000143,0.050561797752808495,0.050561797752808495,True,True,True,True,True,True,0.235356928838949
1.2,1.0,0.7,2.524473e-05,0.24380000000000002,1.2673913043478262e-10,0.0,1.2673913043478262e-10,1.04,1.06,True,True,True,0.08423333333333057,0.05000000000000143,0.16304347826086868,0.16304347826086868,True,True,True,True,True,True,0.46032028985506934
1.2,1.1,0.0,2.524473e-05,0.24380000000000002,2.4485999999999997e-10,0.0,2.4485999999999997e-10,1.04,1.06,True,True,True,0.08423333333333057,0.05000000000000143,5.742999999999999,5.742999999999999,True,True,False,False,True,False,11.620233333333331
1.2,1.1,0.05,2.524473e-05,0.24380000000000002,2.3099999999999995e-10,0.0,2.3099999999999995e-10,1.04,1.06,True,True,True,0.08423333333333057,0.05000000000000143,5.049999999999998,5.049999999999998,True,True,False,False,True,False,10.234233333333329
1.2,1.1,0.1,2.524473e-05,0.24380000000000002,2.1862499999999996e-10,0.0,2.1862499999999996e-10,1.04,1.06,True,True,True,0.08423333333333057,0.05000000000000143,4.431249999999999,4.431249999999999,True,True,False,False,True,False,8.996733333333328
1.2,1.1,0.15,2.524473e-05,0.24380000000000002,2.0750847457627117e-10,0.0,2.0750847457627117e-10,1.04,1.06,True,True,True,0.08423333333333057,0.05000000000000143,3.875423728813559,3.875423728813559,True,True,False,False,True,False,7.8850807909604494
1.2,1.1,0.2,2.524473e-05,0.24380000000000002,1.9746774193548386e-10,0.0,1.9746774193548386e-10,1.04,1.06,True,True,True,0.08423333333333057,0.05000000000000143,3.3733870967741937,3.3733870967741937,True,True,False,False,True,False,6.881007526881719
1.2,1.1,0.25,2.524473e-05,0.24380000000000002,1.8835384615384612e-10,0.0,1.8835384615384612e-10,1.04,1.06,True,True,True,0.08423333333333057,0.05000000000000143,2.9176923076923065,2.9176923076923065,True,True,False,False,True,False,5.969617948717945
1.2,1.1,0.3,2.524473e-05,0.24380000000000002,1.8004411764705883e-10,0.0,1.8004411764705883e-10,1.04,1.06,True,True,True,0.08423333333333057,0.05000000000000143,2.502205882352942,2.502205882352942,True,True,False,False,True,False,5.138645098039216
1.2,1.1,0.35,2.524473e-05,0.24380000000000002,1.7243661971830983e-10,0.0,1.7243661971830983e-10,1.04,1.06,True,True,True,0.08423333333333057,0.05000000000000143,2.1218309859154925,2.1218309859154925,True,True,False,False,True,False,4.3778953051643175
1.2,1.1,0.4,2.524473e-05,0.24380000000000002,1.6544594594594593e-10,0.0,1.6544594594594593e-10,1.04,1.06,True,True,True,0.08423333333333057,0.05000000000000143,1.7722972972972968,1.7722972972972968,True,True,False,False,True,False,3.6788279279279257
1.2,1.1,0.45,2.524473e-05,0.24380000000000002,1.5899999999999997e-10,0.0,1.5899999999999997e-10,1.04,1.06,True,True,True,0.08423333333333057,0.05000000000000143,1.449999999999999,1.449999999999999,True,True,False,False,True,False,3.0342333333333302
1.2,1.1,0.5,2.524473e-05,0.24380000000000002,1.5303749999999997e-10,0.0,1.5303749999999997e-10,1.04,1.06,True,True,True,0.08423333333333057,0.05000000000000143,1.1518749999999993,1.1518749999999993,True,True,False,False,True,False,2.4379833333333307
1.2,1.1,0.55,2.524473e-05,0.24380000000000002,1.475060240963855e-10,0.0,1.475060240963855e-10,1.04,1.06,True,True,True,0.08423333333333057,0.05000000000000143,0.8753012048192761,0.8753012048192761,True,True,True,True,True,True,1.8848357429718843
1.2,1.1,0.6,2.524473e-05,0.24380000000000002,1.4236046511627904e-10,0.0,1.4236046511627904e-10,1.04,1.06,True,True,True,0.08423333333333057,0.05000000000000143,0.6180232558139527,0.6180232558139527,True,True,True,True,True,True,1.3702798449612374
1.2,1.1,0.65,2.524473e-05,0.24380000000000002,1.3756179775280897e-10,0.0,1.3756179775280897e-10,1.04,1.06,True,True,True,0.08423333333333057,0.05000000000000143,0.378089887640449,0.378089887640449,True,True,True,True,True,True,0.89041310861423
1.2,1.1,0.7,2.524473e-05,0.24380000000000002,1.3307608695652172e-10,0.0,1.3307608695652172e-10,1.04,1.06,True,True,True,0.08423333333333057,0.05000000000000143,0.15380434782608665,0.15380434782608665,True,True,True,True,True,True,0.4418420289855053
1.2,1.2,0.0,2.524473e-05,0.24380000000000002,2.5652e-10,0.0,2.5652e-10,1.04,1.06,True,True,True,0.08423333333333057,0.05000000000000143,6.326000000000001,6.326000000000001,True,True,False,False,True,False,12.786233333333335
1.2,1.2,0.05,2.524473e-05,0.24380000000000002,2.42e-10,0.0,2.42e-10,1.04,1.06,True,True,True,0.08423333333333057,0.05000000000000143,5.6000000000000005,5.6000000000000005,True,True,False,False,True,False,11.334233333333334
1.2,1.2,0.1,2.524473e-05,0.24380000000000002,2.2903571428571427e-10,0.0,2.2903571428571427e-10,1.04,1.06,True,True,True,0.08423333333333057,0.05000000000000143,4.951785714285714,4.951785714285714,True,True,False,False,True,False,10.03780476190476
1.2,1.2,0.15,2.524473e-05,0.24380000000000002,2.173898305084746e-10,0.0,2.173898305084746e-10,1.04,1.06,True,True,True,0.08423333333333057,0.05000000000000143,4.36949152542373,4.36949152542373,True,True,False,False,True,False,8.873216384180793
1.2,1.2,0.2,2.524473e-05,0.24380000000000002,2.068709677419355e-10,0.0,2.068709677419355e-10,1.04,1.06,True,True,True,0.08423333333333057,0.05000000000000143,3.8435483870967753,3.8435483870967753,True,True,False,False,True,False,7.821330107526883
1.2,1.2,0.25,2.524473e-05,0.24380000000000002,1.9732307692307692e-10,0.0,1.9732307692307692e-10,1.04,1.06,True,True,True,0.08423333333333057,0.05000000000000143,3.3661538461538467,3.3661538461538467,True,True,False,False,True,False,6.866541025641025
1.2,1.2,0.3,2.524473e-05,0.24380000000000002,1.8861764705882356e-10,0.0,1.8861764705882356e-10,1.04,1.06,True,True,True,0.08423333333333057,0.05000000000000143,2.930882352941179,2.930882352941179,True,True,False,False,True,False,5.99599803921569
1.2,1.2,0.35,2.524473e-05,0.24380000000000002,1.8064788732394367e-10,0.0,1.8064788732394367e-10,1.04,1.06,True,True,True,0.08423333333333057,0.05000000000000143,2.532394366197184,2.532394366197184,True,True,False,False,True,False,5.1990220657277
1.2,1.2,0.4,2.524473e-05,0.24380000000000002,1.7332432432432433e-10,0.0,1.7332432432432433e-10,1.04,1.06,True,True,True,0.08423333333333057,0.05000000000000143,2.166216216216217,2.166216216216217,True,True,False,False,True,False,4.466665765765766
1.2,1.2,0.45,2.524473e-05,0.24380000000000002,1.6657142857142856e-10,0.0,1.6657142857142856e-10,1.04,1.06,True,True,True,0.08423333333333057,0.05000000000000143,1.8285714285714287,1.8285714285714287,True,True,False,False,True,False,3.7913761904761896
1.2,1.2,0.5,2.524473e-05,0.24380000000000002,1.6032499999999999e-10,0.0,1.6032499999999999e-10,1.04,1.06,True,True,True,0.08423333333333057,0.05000000000000143,1.5162499999999999,1.5162499999999999,True,True,False,False,True,False,3.166733333333332
1.2,1.2,0.55,2.524473e-05,0.24380000000000002,1.545301204819277e-10,0.0,1.545301204819277e-10,1.04,1.06,True,True,True,0.08423333333333057,0.05000000000000143,1.2265060240963856,1.2265060240963856,True,True,False,False,True,False,2.5872453815261034
1.2,1.2,0.6,2.524473e-05,0.24380000000000002,1.4913953488372093e-10,0.0,1.4913953488372093e-10,1.04,1.06,True,True,True,0.08423333333333057,0.05000000000000143,0.9569767441860471,0.9569767441860471,True,True,True,True,True,True,2.048186821705426
1.2,1.2,0.65,2.524473e-05,0.24380000000000002,1.441123595505618e-10,0.0,1.441123595505618e-10,1.04,1.06,True,True,True,0.08423333333333057,0.05000000000000143,0.7056179775280907,0.7056179775280907,True,True,True,True,True,True,1.5454692883895134
1.2,1.2,0.7,2.524473e-05,0.24380000000000002,1.3941304347826088e-10,0.0,1.3941304347826088e-10,1.04,1.06,True,True,True,0.08423333333333057,0.05000000000000143,0.4706521739130446,0.4706521739130446,True,True,True,True,True,True,1.075537681159421
1.25,0.0,0.0,2.52384125e-05,0.24385,1.1824999999999998e-10,0.0,1.1824999999999998e-10,1.05,1.075,True,True,True,0.10529166666666885,0.06250000000000006,0.5875000000000006,0.5875000000000006,True,True,True,True,True,True,1.34279166666667
1.25,0.0,0.05,2.52384125e-05,0.24385,1.1155660377358488e-10,0.0,1.1155660377358488e-10,1.05,1.075,True,True,True,0.10529166666666885,0.06250000000000006,0.9221698113207557,0.9221698113207557,True,True,True,True,True,True,2.01213128930818
1.25,0.0,0.1,2.52384125e-05,0.24385,1.0558035714285712e-10,0.0,1.0558035714285712e-10,1.05,1.075,True,True,True,0.10529166666666885,0.06250000000000006,1.2209821428571435,1.2209821428571435,True,True,False,False,True,False,2.609755952380956
1.25,0.0,0.15,2.52384125e-05,0.24385,1.0021186440677965e-10,0.0,1.0021186440677965e-10,1.05,1.075,True,True,True,0.10529166666666885,0.06250000000000006,1.489406779661017,1.489406779661017,True,True,False,False,True,False,3.1466052259887034
1.25,0.0,0.2,2.52384125e-05,0.24385,9.536290322580644e-11,0.0,9.536290322580644e-11,1.05,1.075,True,True,True,0.10529166666666885,0.06250000000000006,1.731854838709678,1.731854838709678,True,True,False,False,True,False,3.6315013440860247
1.25,0.0,0.25,2.52384125e-05,0.24385,9.096153846153845e-11,0.0,9.096153846153845e-11,1.05,1.075,True,True,True,0.10529166666666885,0.06250000000000006,1.9519230769230773,1.9519230769230773,True,True,False,False,True,False,4.071637820512824
1.25,0.0,0.3,2.52384125e-05,0.24385,8.69485294117647e-11,0.0,8.69485294117647e-11,1.05,1.075,True,True,True,0.10529166666666885,0.06250000000000006,2.152573529411765,2.152573529411765,True,True,False,False,True,False,4.472938725490199
1.25,0.0,0.35,2.52384125e-05,0.24385,8.327464788732393e-11,0.0,8.327464788732393e-11,1.05,1.075,True,True,True,0.10529166666666885,0.06250000000000006,2.336267605633803,2.336267605633803,True,True,False,False,True,False,4.840326877934275
1.25,0.0,0.4,2.52384125e-05,0.24385,7.989864864864863e-11,0.0,7.989864864864863e-11,1.05,1.075,True,True,True,0.10529166666666885,0.06250000000000006,2.505067567567568,2.505067567567568,True,True,False,False,True,False,5.177926801801805
1.25,0.0,0.45,2.52384125e-05,0.24385,7.678571428571427e-11,0.0,7.678571428571427e-11,1.05,1.075,True,True,True,0.10529166666666885,0.06250000000000006,2.6607142857142865,2.6607142857142865,True,True,False,False,True,False,5.489220238095242
1.25,0.0,0.5,2.52384125e-05,0.24385,7.390624999999999e-11,0.0,7.390624999999999e-11,1.05,1.075,True,True,True,0.10529166666666885,0.06250000000000006,2.8046875000000004,2.8046875000000004,True,True,False,False,True,False,5.77716666666667
1.25,0.0,0.55,2.52384125e-05,0.24385,7.123493975903613e-11,0.0,7.123493975903613e-11,1.05,1.075,True,True,True,0.10529166666666885,0.06250000000000006,2.9382530120481936,2.9382530120481936,True,True,False,False,True,False,6.044297690763056
1.25,0.0,0.6,2.52384125e-05,0.24385,6.875e-11,0.0,6.875e-11,1.05,1.075,True,True,True,0.10529166666666885,0.06250000000000006,3.0625,3.0625,True,True,False,False,True,False,6.292791666666669
1.25,0.0,0.65,2.52384125e-05,0.24385,6.643258426966291e-11,0.0,6.643258426966291e-11,1.05,1.075,True,True,True,0.10529166666666885,0.06250000000000006,3.178370786516854,3.178370786516854,True,True,False,False,True,False,6.524533239700377
1.25,0.0,0.7,2.52384125e-05,0.24385,6.426630434782607e-11,0.0,6.426630434782607e-11,1.05,1.075,True,True,True,0.10529166666666885,0.06250000000000006,3.286684782608696,3.286684782608696,True,True,False,False,True,False,6.74116123188406
1.25,0.1,0.0,2.52384125e-05,0.24385,1.30075e-10,0.0,1.30075e-10,1.05,1.075,True,True,True,0.10529166666666885,0.06250000000000006,0.003749999999999858,0.003749999999999858,True,True,True,True,True,True,0.17529166666666862
1.25,0.1,0.05,2.52384125e-05,0.24385,1.2271226415094337e-10,0.0,1.2271226415094337e-10,1.05,1.075,True,True,True,0.10529166666666885,0.06250000000000006,0.36438679245283095,0.36438679245283095,True,True,True,True,True,True,0.8965652515723308
1.25,0.1,0.1,2.52384125e-05,0.24385,1.1613839285714284e-10,0.0,1.1613839285714284e-10,1.05,1.075,True,True,True,0.10529166666666885,0.06250000000000006,0.6930803571428575,0.6930803571428575,True,True,True,True,True,True,1.553952380952384
1.25,0.1,0.15,2.52384125e-05,0.24385,1.1023305084745762e-10,0.0,1.1023305084745762e-10,1.05,1.075,True,True,True,0.10529166666666885,0.06250000000000006,0.9883474576271186,0.9883474576271186,True,True,True,True,True,True,2.1444865819209062
1.25,0.1,0.2,2.52384125e-05,0.24385,1.0489919354838709e-10,0.0,1.0489919354838709e-10,1.05,1.075,True,True,True,0.10529166666666885,0.06250000000000006,1.255040322580645,1.255040322580645,True,True,False,False,True,False,2.677872311827959
1.25,0.1,0.25,2.52384125e-05,0.24385,1.0005769230769229e-10,0.0,1.0005769230769229e-10,1.05,1.075,True,True,True,0.10529166666666885,0.06250000000000006,1.497115384615385,1.497115384615385,True,True,False,False,True,False,3.1620224358974394
1.25,0.1,0.3,2.52384125e-05,0.24385,9.564338235294117e-11,0.0,9.564338235294117e-11,1.05,1.075,True,True,True,0.10529166666666885,0.06250000000000006,1.7178308823529411,1.7178308823529411,True,True,False,False,True,False,3.603453431372551
1.25,0.1,0.35,2.52384125e-05,0.24385,9.160211267605633e-11,0.0,9.160211267605633e-11,1.05,1.075,True,True,True,0.10529166666666885,0.06250000000000006,1.919894366197183,1.919894366197183,True,True,False,False,True,False,4.007580399061035
1.25,0.1,0.4,2.52384125e-05,0.24385,8.788851351351351e-11,0.0,8.788851351351351e-11,1.05,1.075,True,True,True,0.10529166666666885,0.06250000000000006,2.105574324324324,2.105574324324324,True,True,False,False,True,False,4.378940315315317
1.25,0.1,0.45,2.52384125e-05,0.24385,8.446428571428571e-11,0.0,8.446428571428571e-11,1.05,1.075,True,True,True,0.10529166666666885,0.06250000000000006,2.2767857142857144,2.2767857142857144,True,True,False,False,True,False,4.721363095238098
1.25,0.1,0.5,2.52384125e-05,0.24385,8.129687499999999e-11,0.0,8.129687499999999e-11,1.05,1.075,True,True,True,0.10529166666666885,0.06250000000000006,2.43515625,2.43515625,True,True,False,False,True,False,5.038104166666669
1.25,0.1,0.55,2.52384125e-05,0.24385,7.835843373493975e-11,0.0,7.835843373493975e-11,1.05,1.075,True,True,True,0.10529166666666885,0.06250000000000006,2.5820783132530125,2.5820783132530125,True,True,False,False,True,False,5.331948293172694
1.25,0.1,0.6,2.52384125e-05,0.24385,7.5625e-11,0.0,7.5625e-11,1.05,1.075,True,True,True,0.10529166666666885,0.06250000000000006,2.71875,2.71875,True,True,False,False,True,False,5.605291666666669
1.25,0.1,0.65,2.52384125e-05,0.24385,7.30758426966292e-11,0.0,7.30758426966292e-11,1.05,1.075,True,True,True,0.10529166666666885,0.06250000000000006,2.8462078651685396,2.8462078651685396,True,True,False,False,True,False,5.860207397003748
1.25,0.1,0.7,2.52384125e-05,0.24385,7.06929347826087e-11,0.0,7.06929347826087e-11,1.05,1.075,True,True,True,0.10529166666666885,0.06250000000000006,2.9653532608695645,2.9653532608695645,True,True,False,False,True,False,6.098498188405798
1.25,0.2,0.0,2.52384125e-05,0.24385,1.4189999999999997e-10,0.0,1.4189999999999997e-10,1.05,1.075,True,True,True,0.10529166666666885,0.06250000000000006,0.594999999999999,0.594999999999999,True,True,True,True,True,True,1.357791666666667
1.25,0.2,0.05,2.52384125e-05,0.24385,1.3386792452830184e-10,0.0,1.3386792452830184e-10,1.05,1.075,True,True,True,0.10529166666666885,0.06250000000000006,0.19339622641509258,0.19339622641509258,True,True,True,True,True,True,0.554584119496854
1.25,0.2,0.1,2.52384125e-05,0.24385,1.2669642857142853e-10,0.0,1.2669642857142853e-10,1.05,1.075,True,True,True,0.10529166666666885,0.06250000000000006,0.1651785714285728,0.1651785714285728,True,True,True,True,True,True,0.4981488095238146
1.25,0.2,0.15,2.52384125e-05,0.24385,1.2025423728813558e-10,0.0,1.2025423728813558e-10,1.05,1.075,True,True,True,0.10529166666666885,0.06250000000000006,0.4872881355932206,0.4872881355932206,True,True,True,True,True,True,1.14236793785311
1.25,0.2,0.2,2.52384125e-05,0.24385,1.1443548387096772e-10,0.0,1.1443548387096772e-10,1.05,1.075,True,True,True,0.10529166666666885,0.06250000000000006,0.7782258064516135,0.7782258064516135,True,True,True,True,True,True,1.724243279569896
1.25,0.2,0.25,2.52384125e-05,0.24385,1.0915384615384612e-10,0.0,1.0915384615384612e-10,1.05,1.075,True,True,True,0.10529166666666885,0.06250000000000006,1.0423076923076935,1.0423076923076935,True,True,False,False,True,False,2.2524070512820558
1.25,0.2,0.3,2.52384125e-05,0.24385,1.0433823529411763e-10,0.0,1.0433823529411763e-10,1.05,1.075,True,True,True,0.10529166666666885,0.06250000000000006,1.283088235294118,1.283088235294118,True,True,False,False,True,False,2.733968137254905
1.25,0.2,0.35,2.52384125e-05,0.24385,9.992957746478872e-11,0.0,9.992957746478872e-11,1.05,1.075,True,True,True,0.10529166666666885,0.06250000000000006,1.5035211267605635,1.5035211267605635,True,True,False,False,True,False,3.1748339201877958
1.25,0.2,0.4,2.52384125e-05,0.24385,9.587837837837836e-11,0.0,9.587837837837836e-11,1.05,1.075,True,True,True,0.10529166666666885,0.06250000000000006,1.7060810810810818,1.7060810810810818,True,True,False,False,True,False,3.579953828828833
1.25,0.2,0.45,2.52384125e-05,0.24385,9.214285714285712e-11,0.0,9.214285714285712e-11,1.05,1.075,True,True,True,0.10529166666666885,0.06250000000000006,1.8928571428571435,1.8928571428571435,True,True,False,False,True,False,3.953505952380956
1.25,0.2,0.5,2.52384125e-05,0.24385,8.868749999999997e-11,0.0,8.868749999999997e-11,1.05,1.075,True,True,True,0.10529166666666885,0.06250000000000006,2.065625000000001,2.065625000000001,True,True,False,False,True,False,4.299041666666671
1.25,0.2,0.55,2.52384125e-05,0.24385,8.548192771084335e-11,0.0,8.548192771084335e-11,1.05,1.075,True,True,True,0.10529166666666885,0.06250000000000006,2.225903614457832,2.225903614457832,True,True,False,False,True,False,4.619598895582333
1.25,0.2,0.6,2.52384125e-05,0.24385,8.249999999999999e-11,0.0,8.249999999999999e-11,1.05,1.075,True,True,True,0.10529166666666885,0.06250000000000006,2.3750000000000004,2.3750000000000004,True,True,False,False,True,False,4.91779166666667
1.25,0.2,0.65,2.52384125e-05,0.24385,7.971910112359549e-11,0.0,7.971910112359549e-11,1.05,1.075,True,True,True,0.10529166666666885,0.06250000000000006,2.514044943820225,2.514044943820225,True,True,False,False,True,False,5.195881554307118
1.25,0.2,0.7,2.52384125e-05,0.24385,7.71195652173913e-11,0.0,7.71195652173913e-11,1.05,1.075,True,True,True,0.10529166666666885,0.06250000000000006,2.6440217391304346,2.6440217391304346,True,True,False,False,True,False,5.455835144927538
1.25,0.3,0.0,2.52384125e-05,0.24385,1.5372499999999998e-10,0.0,1.5372499999999998e-10,1.05,1.075,True,True,True,0.10529166666666885,0.06250000000000006,1.1862499999999994,1.1862499999999994,True,True,False,False,True,False,2.5402916666666675
1.25,0.3,0.05,2.52384125e-05,0.24385,1.4502358490566034e-10,0.0,1.4502358490566034e-10,1.05,1.075,True,True,True,0.10529166666666885,0.06250000000000006,0.7511792452830174,0.7511792452830174,True,True,True,True,True,True,1.6701501572327038
1.25,0.3,0.1,2.52384125e-05,0.24385,1.3725446428571424e-10,0.0,1.3725446428571424e-10,1.05,1.075,True,True,True,0.10529166666666885,0.06250000000000006,0.3627232142857126,0.3627232142857126,True,True,True,True,True,True,0.893238095238094
1.25,0.3,0.15,2.52384125e-05,0.24385,1.3027542372881355e-10,0.0,1.3027542372881355e-10,1.05,1.075,True,True,True,0.10529166666666885,0.06250000000000006,0.013771186440677985,0.013771186440677985,True,True,True,True,True,True,0.19533403954802486
1.25,0.3,0.2,2.52384125e-05,0.24385,1.2397177419354836e-10,0.0,1.2397177419354836e-10,1.05,1.075,True,True,True,0.10529166666666885,0.06250000000000006,0.30141129032258146,0.30141129032258146,True,True,True,True,True,True,0.7706142473118318
1.25,0.3,0.25,2.52384125e-05,0.24385,1.1824999999999998e-10,0.0,1.1824999999999998e-10,1.05,1.075,True,True,True,0.10529166666666885,0.06250000000000006,0.5875000000000006,0.5875000000000006,True,True,True,True,True,True,1.34279166666667
1.25,0.3,0.3,2.52384125e-05,0.24385,1.1303308823529412e-10,0.0,1.1303308823529412e-10,1.05,1.075,True,True,True,0.10529166666666885,0.06250000000000006,0.8483455882352936,0.8483455882352936,True,True,True,True,True,True,1.8644828431372562
1.25,0.3,0.35,2.52384125e-05,0.24385,1.0825704225352112e-10,0.0,1.0825704225352112e-10,1.05,1.075,True,True,True,0.10529166666666885,0.06250000000000006,1.0871478873239435,1.0871478873239435,True,True,False,False,True,False,2.342087441314556
1.25,0.3,0.4,2.52384125e-05,0.24385,1.0386824324324322e-10,0.0,1.0386824324324322e-10,1.05,1.075,True,True,True,0.10529166666666885,0.06250000000000006,1.3065878378378384,1.3065878378378384,True,True,False,False,True,False,2.780967342342346
1.25,0.3,0.45,2.52384125e-05,0.24385,9.982142857142855e-11,0.0,9.982142857142855e-11,1.05,1.075,True,True,True,0.10529166666666885,0.06250000000000006,1.508928571428572,1.508928571428572,True,True,False,False,True,False,3.185648809523813
1.25,0.3,0.5,2.52384125e-05,0.24385,9.607812499999998e-11,0.0,9.607812499999998e-11,1.05,1.075,True,True,True,0.10529166666666885,0.06250000000000006,1.6960937500000008,1.6960937500000008,True,True,False,False,True,False,3.559979166666671
1.25,0.3,0.55,2.52384125e-05,0.24385,9.260542168674697e-11,0.0,9.260542168674697e-11,1.05,1.075,True,True,True,0.10529166666666885,0.06250000000000006,1.869728915662651,1.869728915662651,True,True,False,False,True,False,3.9072494979919714
1.25,0.3,0.6,2.52384125e-05,0.24385,8.937499999999999e-11,0.0,8.937499999999999e-11,1.05,1.075,True,True,True,0.10529166666666885,0.06250000000000006,2.03125,2.03125,True,True,False,False,True,False,4.230291666666669
1.25,0.3,0.65,2.52384125e-05,0.24385,8.636235955056178e-11,0.0,8.636235955056178e-11,1.05,1.075,True,True,True,0.10529166666666885,0.06250000000000006,2.1818820224719104,2.1818820224719104,True,True,False,False,True,False,4.53155571161049
1.25,0.3,0.7,2.52384125e-05,0.24385,8.354619565217391e-11,0.0,8.354619565217391e-11,1.05,1.075,True,True,True,0.10529166666666885,0.06250000000000006,2.322690217391304,2.322690217391304,True,True,False,False,True,False,4.813172101449277
1.25,0.4,0.0,2.52384125e-05,0.24385,1.6554999999999996e-10,0.0,1.6554999999999996e-10,1.05,1.075,True,True,True,0.10529166666666885,0.06250000000000006,1.7774999999999985,1.7774999999999985,True,True,False,False,True,False,3.722791666666666
1.25,0.4,0.05,2.52384125e-05,0.24385,1.5617924528301883e-10,0.0,1.5617924528301883e-10,1.05,1.075,True,True,True,0.10529166666666885,0.06250000000000006,1.3089622641509422,1.3089622641509422,True,True,False,False,True,False,2.785716194968553
1.25,0.4,0.1,2.52384125e-05,0.24385,1.4781249999999995e-10,0.0,1.4781249999999995e-10,1.05,1.075,True,True,True,0.10529166666666885,0.06250000000000006,0.890624999999998,0.890624999999998,True,True,True,True,True,True,1.949041666666665
1.25,0.4,0.15,2.52384125e-05,0.24385,1.402966101694915e-10,0.0,1.402966101694915e-10,1.05,1.075,True,True,True,0.10529166666666885,0.06250000000000006,0.5148305084745753,0.5148305084745753,True,True,True,True,True,True,1.1974526836158197
1.25,0.4,0.2,2.52384125e-05,0.24385,1.33508064516129e-10,0.0,1.33508064516129e-10,1.05,1.075,True,True,True,0.10529166666666885,0.06250000000000006,0.17540322580645007,0.17540322580645007,True,True,True,True,True,True,0.518598118279569
1.25,0.4,0.25,2.52384125e-05,0.24385,1.273461538461538e-10,0.0,1.273461538461538e-10,1.05,1.075,True,True,True,0.10529166666666885,0.06250000000000006,0.13269230769230903,0.13269230769230903,True,True,True,True,True,True,0.4331762820512869
1.25,0.4,0.3,2.52384125e-05,0.24385,1.2172794117647058e-10,0.0,1.2172794117647058e-10,1.05,1.075,True,True,True,0.10529166666666885,0.06250000000000006,0.4136029411764706,0.4136029411764706,True,True,True,True,True,True,0.9949975490196101
1.25,0.4,0.35,2.52384125e-05,0.24385,1.165845070422535e-10,0.0,1.165845070422535e-10,1.05,1.075,True,True,True,0.10529166666666885,0.06250000000000006,0.6707746478873249,0.6707746478873249,True,True,True,True,True,True,1.5093409624413185
1.25,0.4,0.4,2.52384125e-05,0.24385,1.1185810810810808e-10,0.0,1.1185810810810808e-10,1.05,1.075,True,True,True,0.10529166666666885,0.06250000000000006,0.9070945945945955,0.9070945945945955,True,True,True,True,True,True,1.98198085585586
1.25,0.4,0.45,2.52384125e-05,0.24385,1.0749999999999998e-10,0.0,1.0749999999999998e-10,1.05,1.075,True,True,True,0.10529166666666885,0.06250000000000006,1.1250000000000007,1.1250000000000007,True,True,False,False,True,False,2.4177916666666706
1.25,0.4,0.5,2.52384125e-05,0.24385,1.0346874999999997e-10,0.0,1.0346874999999997e-10,1.05,1.075,True,True,True,0.10529166666666885,0.06250000000000006,1.3265625000000012,1.3265625000000012,True,True,False,False,True,False,2.8209166666666716
1.25,0.4,0.55,2.52384125e-05,0.24385,9.972891566265056e-11,0.0,9.972891566265056e-11,1.05,1.075,True,True,True,0.10529166666666885,0.06250000000000006,1.5135542168674714,1.5135542168674714,True,True,False,False,True,False,3.194900100401612
1.25,0.4,0.6,2.52384125e-05,0.24385,9.624999999999998e-11,0.0,9.624999999999998e-11,1.05,1.075,True,True,True,0.10529166666666885,0.06250000000000006,1.6875000000000007,1.6875000000000007,True,True,False,False,True,False,3.5427916666666706
1.25,0.4,0.65,2.52384125e-05,0.24385,9.300561797752806e-11,0.0,9.300561797752806e-11,1.05,1.075,True,True,True,0.10529166666666885,0.06250000000000006,1.8497191011235965,1.8497191011235965,True,True,False,False,True,False,3.867229868913862
1.25,0.4,0.7,2.52384125e-05,0.24385,8.997282608695651e-11,0.0,8.997282608695651e-11,1.05,1.075,True,True,True,0.10529166666666885,0.06250000000000006,2.001358695652174,2.001358695652174,True,True,False,False,True,False,4.1705090579710165
1.25,0.5,0.0,2.52384125e-05,0.24385,1.7737499999999997e-10,0.0,1.7737499999999997e-10,1.05,1.075,True,True,True,0.10529166666666885,0.06250000000000006,2.368749999999999,2.368749999999999,True,True,False,False,True,False,4.905291666666667
1.25,0.5,0.05,2.52384125e-05,0.24385,1.6733490566037733e-10,0.0,1.6733490566037733e-10,1.05,1.075,True,True,True,0.10529166666666885,0.06250000000000006,1.866745283018867,1.866745283018867,True,True,False,False,True,False,3.9012822327044034
1.25,0.5,0.1,2.52384125e-05,0.24385,1.5837053571428568e-10,0.0,1.5837053571428568e-10,1.05,1.075,True,True,True,0.10529166666666885,0.06250000000000006,1.4185267857142847,1.4185267857142847,True,True,False,False,True,False,3.004845238095238
1.25,0.5,0.15,2.52384125e-05,0.24385,1.5031779661016947e-10,0.0,1.5031779661016947e-10,1.05,1.075,True,True,True,0.10529166666666885,0.06250000000000006,1.0158898305084738,1.0158898305084738,True,True,False,False,True,False,2.199571327683617
1.25,0.5,0.2,2.52384125e-05,0.24385,1.4304435483870965e-10,0.0,1.4304435483870965e-10,1.05,1.075,True,True,True,0.10529166666666885,0.06250000000000006,0.6522177419354829,0.6522177419354829,True,True,True,True,True,True,1.4722271505376345
1.25,0.5,0.25,2.52384125e-05,0.24385,1.3644230769230767e-10,0.0,1.3644230769230767e-10,1.05,1.075,True,True,True,0.10529166666666885,0.06250000000000006,0.3221153846153838,0.3221153846153838,True,True,True,True,True,True,0.8120224358974365
1.25,0.5,0.3,2.52384125e-05,0.24385,1.3042279411764705e-10,0.0,1.3042279411764705e-10,1.05,1.075,True,True,True,0.10529166666666885,0.06250000000000006,0.021139705882353116,0.021139705882353116,True,True,True,True,True,True,0.21007107843137512
1.25,0.5,0.35,2.52384125e-05,0.24385,1.249119718309859e-10,0.0,1.249119718309859e-10,1.05,1.075,True,True,True,0.10529166666666885,0.06250000000000006,0.25440140845070486,0.25440140845070486,True,True,True,True,True,True,0.6765944835680786
1.25,0.5,0.4,2.52384125e-05,0.24385,1.1984797297297295e-10,0.0,1.1984797297297295e-10,1.05,1.075,True,True,True,0.10529166666666885,0.06250000000000006,0.507601351351352,0.507601351351352,True,True,True,True,True,True,1.1829943693693727
1.25,0.5,0.45,2.52384125e-05,0.24385,1.151785714285714e-10,0.0,1.151785714285714e-10,1.05,1.075,True,True,True,0.10529166666666885,0.06250000000000006,0.7410714285714293,0.7410714285714293,True,True,True,True,True,True,1.6499345238095273
1.25,0.5,0.5,2.52384125e-05,0.24385,1.1085937499999997e-10,0.0,1.1085937499999997e-10,1.05,1.075,True,True,True,0.10529166666666885,0.06250000000000006,0.9570312500000009,0.9570312500000009,True,True,True,True,True,True,2.0818541666666706
1.25,0.5,0.55,2.52384125e-05,0.24385,1.0685240963855418e-10,0.0,1.0685240963855418e-10,1.05,1.075,True,True,True,0.10529166666666885,0.06250000000000006,1.1573795180722903,1.1573795180722903,True,True,False,False,True,False,2.48255070281125
1.25,0.5,0.6,2.52384125e-05,0.24385,1.0312499999999998e-10,0.0,1.0312499999999998e-10,1.05,1.075,True,True,True,0.10529166666666885,0.06250000000000006,1.3437500000000007,1.3437500000000007,True,True,False,False,True,False,2.8552916666666706
1.25,0.5,0.65,2.52384125e-05,0.24385,9.964887640449437e-11,0.0,9.964887640449437e-11,1.05,1.075,True,True,True,0.10529166666666885,0.06250000000000006,1.5175561797752812,1.5175561797752812,True,True,False,False,True,False,3.2029040262172312
1.25,0.5,0.7,2.52384125e-05,0.24385,9.639945652173912e-11,0.0,9.639945652173912e-11,1.05,1.075,True,True,True,0.10529166666666885,0.06250000000000006,1.6800271739130435,1.6800271739130435,True,True,False,False,True,False,3.5278460144927557
1.25,0.6,0.0,2.52384125e-05,0.24385,1.8919999999999998e-10,0.0,1.8919999999999998e-10,1.05,1.075,True,True,True,0.10529166666666885,0.06250000000000006,2.9599999999999995,2.9599999999999995,True,True,False,False,True,False,6.087791666666668
1.25,0.6,0.05,2.52384125e-05,0.24385,1.7849056603773582e-10,0.0,1.7849056603773582e-10,1.05,1.075,True,True,True,0.10529166666666885,0.06250000000000006,2.424528301886792,2.424528301886792,True,True,False,False,True,False,5.016848270440253
1.25,0.6,0.1,2.52384125e-05,0.24385,1.689285714285714e-10,0.0,1.689285714285714e-10,1.05,1.075,True,True,True,0.10529166666666885,0.06250000000000006,1.94642857142857,1.94642857142857,True,True,False,False,True,False,4.060648809523809
1.25,0.6,0.15,2.52384125e-05,0.24385,1.6033898305084744e-10,0.0,1.6033898305084744e-10,1.05,1.075,True,True,True,0.10529166666666885,0.06250000000000006,1.5169491525423724,1.5169491525423724,True,True,False,False,True,False,3.2016899717514136
1.25,0.6,0.2,2.52384125e-05,0.24385,1.525806451612903e-10,0.0,1.525806451612903e-10,1.05,1.075,True,True,True,0.10529166666666885,0.06250000000000006,1.1290322580645156,1.1290322580645156,True,True,False,False,True,False,2.4258561827957
1.25,0.6,0.25,2.52384125e-05,0.24385,1.4553846153846152e-10,0.0,1.4553846153846152e-10,1.05,1.075,True,True,True,0.10529166666666885,0.06250000000000006,0.7769230769230767,0.7769230769230767,True,True,True,True,True,True,1.7216378205128224
1.25,0.6,0.3,2.52384125e-05,0.24385,1.3911764705882353e-10,0.0,1.3911764705882353e-10,1.05,1.075,True,True,True,0.10529166666666885,0.06250000000000006,0.45588235294117685,0.45588235294117685,True,True,True,True,True,True,1.0795563725490225
1.25,0.6,0.35,2.52384125e-05,0.24385,1.332394366197183e-10,0.0,1.332394366197183e-10,1.05,1.075,True,True,True,0.10529166666666885,0.06250000000000006,0.1619718309859152,0.1619718309859152,True,True,True,True,True,True,0.4917353286384992
1.25,0.6,0.4,2.52384125e-05,0.24385,1.2783783783783783e-10,0.0,1.2783783783783783e-10,1.05,1.075,True,True,True,0.10529166666666885,0.06250000000000006,0.10810810810810788,0.10810810810810788,True,True,True,True,True,True,0.3840078828828847
1.25,0.6,0.45,2.52384125e-05,0.24385,1.2285714285714285e-10,0.0,1.2285714285714285e-10,1.05,1.075,True,True,True,0.10529166666666885,0.06250000000000006,0.3571428571428572,0.3571428571428572,True,True,True,True,True,True,0.8820773809523833
1.25,0.6,0.5,2.52384125e-05,0.24385,1.1824999999999998e-10,0.0,1.1824999999999998e-10,1.05,1.075,True,True,True,0.10529166666666885,0.06250000000000006,0.5875000000000006,0.5875000000000006,True,True,True,True,True,True,1.34279166666667
1.25,0.6,0.55,2.52384125e-05,0.24385,1.139759036144578e-10,0.0,1.139759036144578e-10,1.05,1.075,True,True,True,0.10529166666666885,0.06250000000000006,0.8012048192771094,0.8012048192771094,True,True,True,True,True,True,1.7702013052208878
1.25,0.6,0.6,2.52384125e-05,0.24385,1.1e-10,0.0,1.1e-10,1.05,1.075,True,True,True,0.10529166666666885,0.06250000000000006,0.9999999999999999,0.9999999999999999,True,True,True,True,True,True,2.167791666666669
1.25,0.6,0.65,2.52384125e-05,0.24385,1.0629213483146066e-10,0.0,1.0629213483146066e-10,1.05,1.075,True,True,True,0.10529166666666885,0.06250000000000006,1.1853932584269666,1.1853932584269666,True,True,False,False,True,False,2.5385781835206025
1.25,0.6,0.7,2.52384125e-05,0.24385,1.0282608695652174e-10,0.0,1.0282608695652174e-10,1.05,1.075,True,True,True,0.10529166666666885,0.06250000000000006,1.3586956521739126,1.3586956521739126,True,True,False,False,True,False,2.885182971014494
1.25,0.7,0.0,2.52384125e-05,0.24385,2.0102499999999996e-10,0.0,2.0102499999999996e-10,1.05,1.075,True,True,True,0.10529166666666885,0.06250000000000006,3.5512499999999987,3.5512499999999987,True,True,False,False,True,False,7.270291666666666
1.25,0.7,0.05,2.52384125e-05,0.24385,1.896462264150943e-10,0.0,1.896462264150943e-10,1.05,1.075,True,True,True,0.10529166666666885,0.06250000000000006,2.9823113207547154,2.9823113207547154,True,True,False,False,True,False,6.1324143081761
1.25,0.7,0.1,2.52384125e-05,0.24385,1.794866071428571e-10,0.0,1.794866071428571e-10,1.05,1.075,True,True,True,0.10529166666666885,0.06250000000000006,2.4743303571428554,2.4743303571428554,True,True,False,False,True,False,5.11645238095238
1.25,0.7,0.15,2.52384125e-05,0.24385,1.703601694915254e-10,0.0,1.703601694915254e-10,1.05,1.075,True,True,True,0.10529166666666885,0.06250000000000006,2.018008474576271,2.018008474576271,True,True,False,False,True,False,4.203808615819211
1.25,0.7,0.2,2.52384125e-05,0.24385,1.6211693548387093e-10,0.0,1.6211693548387093e-10,1.05,1.075,True,True,True,0.10529166666666885,0.06250000000000006,1.6058467741935472,1.6058467741935472,True,True,False,False,True,False,3.379485215053763
1.25,0.7,0.25,2.52384125e-05,0.24385,1.5463461538461535e-10,0.0,1.5463461538461535e-10,1.05,1.075,True,True,True,0.10529166666666885,0.06250000000000006,1.2317307692307682,1.2317307692307682,True,True,False,False,True,False,2.631253205128205
1.25,0.7,0.3,2.52384125e-05,0.24385,1.4781249999999997e-10,0.0,1.4781249999999997e-10,1.05,1.075,True,True,True,0.10529166666666885,0.06250000000000006,0.8906249999999992,0.8906249999999992,True,True,True,True,True,True,1.9490416666666674
1.25,0.7,0.35,2.52384125e-05,0.24385,1.415669014084507e-10,0.0,1.415669014084507e-10,1.05,1.075,True,True,True,0.10529166666666885,0.06250000000000006,0.5783450704225352,0.5783450704225352,True,True,True,True,True,True,1.3244818075117393
1.25,0.7,0.4,2.52384125e-05,0.24385,1.358277027027027e-10,0.0,1.358277027027027e-10,1.05,1.075,True,True,True,0.10529166666666885,0.06250000000000006,0.291385135135135,0.291385135135135,True,True,True,True,True,True,0.7505619369369388
1.25,0.7,0.45,2.52384125e-05,0.24385,1.3053571428571425e-10,0.0,1.3053571428571425e-10,1.05,1.075,True,True,True,0.10529166666666885,0.06250000000000006,0.026785714285712903,0.026785714285712903,True,True,True,True,True,True,0.22136309523809472
1.25,0.7,0.5,2.52384125e-05,0.24385,1.2564062499999996e-10,0.0,1.2564062499999996e-10,1.05,1.075,True,True,True,0.10529166666666885,0.06250000000000006,0.2179687500000016,0.2179687500000016,True,True,True,True,True,True,0.6037291666666721
1.25,0.7,0.55,2.52384125e-05,0.24385,1.2109939759036142e-10,0.0,1.2109939759036142e-10,1.05,1.075,True,True,True,0.10529166666666885,0.06250000000000006,0.44503012048192847,0.44503012048192847,True,True,True,True,True,True,1.0578519076305257
1.25,0.7,0.6,2.52384125e-05,0.24385,1.1687499999999997e-10,0.0,1.1687499999999997e-10,1.05,1.075,True,True,True,0.10529166666666885,0.06250000000000006,0.656250000000001,0.656250000000001,True,True,True,True,True,True,1.480291666666671
1.25,0.7,0.65,2.52384125e-05,0.24385,1.1293539325842694e-10,0.0,1.1293539325842694e-10,1.05,1.075,True,True,True,0.10529166666666885,0.06250000000000006,0.8532303370786528,0.8532303370786528,True,True,True,True,True,True,1.8742523408239746
1.25,0.7,0.7,2.52384125e-05,0.24385,1.0925271739130434e-10,0.0,1.0925271739130434e-10,1.05,1.075,True,True,True,0.10529166666666885,0.06250000000000006,1.0373641304347827,1.0373641304347827,True,True,False,False,True,False,2.242519927536234
1.25,0.8,0.0,2.52384125e-05,0.24385,2.1284999999999997e-10,0.0,2.1284999999999997e-10,1.05,1.075,True,True,True,0.10529166666666885,0.06250000000000006,4.142499999999999,4.142499999999999,True,True,False,False,True,False,8.452791666666666
1.25,0.8,0.05,2.52384125e-05,0.24385,2.008018867924528e-10,0.0,2.008018867924528e-10,1.05,1.075,True,True,True,0.10529166666666885,0.06250000000000006,3.54009433962264,3.54009433962264,True,True,False,False,True,False,7.247980345911949
1.25,0.8,0.1,2.52384125e-05,0.24385,1.900446428571428e-10,0.0,1.900446428571428e-10,1.05,1.075,True,True,True,0.10529166666666885,0.06250000000000006,3.0022321428571406,3.0022321428571406,True,True,False,False,True,False,6.17225595238095
1.25,0.8,0.15,2.52384125e-05,0.24385,1.8038135593220338e-10,0.0,1.8038135593220338e-10,1.05,1.075,True,True,True,0.10529166666666885,0.06250000000000006,2.5190677966101696,2.5190677966101696,True,True,False,False,True,False,5.205927259887008
1.25,0.8,0.2,2.52384125e-05,0.24385,1.7165322580645159e-10,0.0,1.7165322580645159e-10,1.05,1.075,True,True,True,0.10529166666666885,0.06250000000000006,2.08266129032258,2.08266129032258,True,True,False,False,True,False,4.333114247311829
1.25,0.8,0.25,2.52384125e-05,0.24385,1.637307692307692e-10,0.0,1.637307692307692e-10,1.05,1.075,True,True,True,0.10529166666666885,0.06250000000000006,1.686538461538461,1.686538461538461,True,True,False,False,True,False,3.5408685897435914
1.25,0.8,0.3,2.52384125e-05,0.24385,1.5650735294117647e-10,0.0,1.5650735294117647e-10,1.05,1.075,True,True,True,0.10529166666666885,0.06250000000000006,1.3253676470588243,1.3253676470588243,True,True,False,False,True,False,2.8185269607843173
1.25,0.8,0.35,2.52384125e-05,0.24385,1.498943661971831e-10,0.0,1.498943661971831e-10,1.05,1.075,True,True,True,0.10529166666666885,0.06250000000000006,0.9947183098591552,0.9947183098591552,True,True,True,True,True,True,2.1572282863849797
1.25,0.8,0.4,2.52384125e-05,0.24385,1.4381756756756755e-10,0.0,1.4381756756756755e-10,1.05,1.075,True,True,True,0.10529166666666885,0.06250000000000006,0.6908783783783778,0.6908783783783778,True,True,True,True,True,True,1.5495484234234245
1.25,0.8,0.45,2.52384125e-05,0.24385,1.382142857142857e-10,0.0,1.382142857142857e-10,1.05,1.075,True,True,True,0.10529166666666885,0.06250000000000006,0.4107142857142856,0.4107142857142856,True,True,True,True,True,True,0.9892202380952401
1.25,0.8,0.5,2.52384125e-05,0.24385,1.3303124999999996e-10,0.0,1.3303124999999996e-10,1.05,1.075,True,True,True,0.10529166666666885,0.06250000000000006,0.15156249999999868,0.15156249999999868,True,True,True,True,True,True,0.4709166666666663
1.25,0.8,0.55,2.52384125e-05,0.24385,1.2822289156626504e-10,0.0,1.2822289156626504e-10,1.05,1.075,True,True,True,0.10529166666666885,0.06250000000000006,0.08885542168674748,0.08885542168674748,True,True,True,True,True,True,0.34550251004016386
1.25,0.8,0.6,2.52384125e-05,0.24385,1.2374999999999999e-10,0.0,1.2374999999999999e-10,1.05,1.075,True,True,True,0.10529166666666885,0.06250000000000006,0.3125000000000002,0.3125000000000002,True,True,True,True,True,True,0.7927916666666693
1.25,0.8,0.65,2.52384125e-05,0.24385,1.1957865168539324e-10,0.0,1.1957865168539324e-10,1.05,1.075,True,True,True,0.10529166666666885,0.06250000000000006,0.5210674157303375,0.5210674157303375,True,True,True,True,True,True,1.209926498127344
1.25,0.8,0.7,2.52384125e-05,0.24385,1.1567934782608695e-10,0.0,1.1567934782608695e-10,1.05,1.075,True,True,True,0.10529166666666885,0.06250000000000006,0.7160326086956521,0.7160326086956521,True,True,True,True,True,True,1.599856884057973
1.25,0.9,0.0,2.52384125e-05,0.24385,2.2467499999999995e-10,0.0,2.2467499999999995e-10,1.05,1.075,True,True,True,0.10529166666666885,0.06250000000000006,4.733749999999998,4.733749999999998,True,True,False,False,True,False,9.635291666666664
1.25,0.9,0.05,2.52384125e-05,0.24385,2.1195754716981126e-10,0.0,2.1195754716981126e-10,1.05,1.075,True,True,True,0.10529166666666885,0.06250000000000006,4.097877358490564,4.097877358490564,True,True,False,False,True,False,8.363546383647797
1.25,0.9,0.1,2.52384125e-05,0.24385,2.006026785714285e-10,0.0,2.006026785714285e-10,1.05,1.075,True,True,True,0.10529166666666885,0.06250000000000006,3.530133928571426,3.530133928571426,True,True,False,False,True,False,7.228059523809521
1.25,0.9,0.15,2.52384125e-05,0.24385,1.9040254237288133e-10,0.0,1.9040254237288133e-10,1.05,1.075,True,True,True,0.10529166666666885,0.06250000000000006,3.020127118644067,3.020127118644067,True,True,False,False,True,False,6.208045903954803
1.25,0.9,0.2,2.52384125e-05,0.24385,1.8118951612903222e-10,0.0,1.8118951612903222e-10,1.05,1.075,True,True,True,0.10529166666666885,0.06250000000000006,2.559475806451611,2.559475806451611,True,True,False,False,True,False,5.286743279569891
1.25,0.9,0.25,2.52384125e-05,0.24385,1.7282692307692304e-10,0.0,1.7282692307692304e-10,1.05,1.075,True,True,True,0.10529166666666885,0.06250000000000006,2.1413461538461527,2.1413461538461527,True,True,False,False,True,False,4.450483974358974
1.25,0.9,0.3,2.52384125e-05,0.24385,1.6520220588235292e-10,0.0,1.6520220588235292e-10,1.05,1.075,True,True,True,0.10529166666666885,0.06250000000000006,1.7601102941176467,1.7601102941176467,True,True,False,False,True,False,3.6880122549019623
1.25,0.9,0.35,2.52384125e-05,0.24385,1.5822183098591547e-10,0.0,1.5822183098591547e-10,1.05,1.075,True,True,True,0.10529166666666885,0.06250000000000006,1.4110915492957739,1.4110915492957739,True,True,False,False,True,False,2.989974765258217
1.25,0.9,0.4,2.52384125e-05,0.24385,1.518074324324324e-10,0.0,1.518074324324324e-10,1.05,1.075,True,True,True,0.10529166666666885,0.06250000000000006,1.0903716216216206,1.0903716216216206,True,True,False,False,True,False,2.34853490990991
1.25,0.9,0.45,2.52384125e-05,0.24385,1.458928571428571e-10,0.0,1.458928571428571e-10,1.05,1.075,True,True,True,0.10529166666666885,0.06250000000000006,0.7946428571428558,0.7946428571428558,True,True,True,True,True,True,1.7570773809523805
1.25,0.9,0.5,2.52384125e-05,0.24385,1.4042187499999997e-10,0.0,1.4042187499999997e-10,1.05,1.075,True,True,True,0.10529166666666885,0.06250000000000006,0.5210937499999989,0.5210937499999989,True,True,True,True,True,True,1.2099791666666668
1.25,0.9,0.55,2.52384125e-05,0.24385,1.3534638554216863e-10,0.0,1.3534638554216863e-10,1.05,1.075,True,True,True,0.10529166666666885,0.06250000000000006,0.26731927710843223,0.26731927710843223,True,True,True,True,True,True,0.7024302208835334
1.25,0.9,0.6,2.52384125e-05,0.24385,1.3062499999999998e-10,0.0,1.3062499999999998e-10,1.05,1.075,True,True,True,0.10529166666666885,0.06250000000000006,0.031249999999999247,0.031249999999999247,True,True,True,True,True,True,0.2302916666666674
1.25,0.9,0.65,2.52384125e-05,0.24385,1.2622191011235952e-10,0.0,1.2622191011235952e-10,1.05,1.075,True,True,True,0.10529166666666885,0.06250000000000006,0.1889044943820236,0.1889044943820236,True,True,True,True,True,True,0.5456006554307161
1.25,0.9,0.7,2.52384125e-05,0.24385,1.2210597826086955e-10,0.0,1.2210597826086955e-10,1.05,1.075,True,True,True,0.10529166666666885,0.06250000000000006,0.39470108695652206,0.39470108695652206,True,True,True,True,True,True,0.957193840579713
1.25,1.0,0.0,2.52384125e-05,0.24385,2.3649999999999996e-10,0.0,2.3649999999999996e-10,1.05,1.075,True,True,True,0.10529166666666885,0.06250000000000006,5.324999999999998,5.324999999999998,True,True,False,False,True,False,10.817791666666665
1.25,1.0,0.05,2.52384125e-05,0.24385,2.2311320754716975e-10,0.0,2.2311320754716975e-10,1.05,1.075,True,True,True,0.10529166666666885,0.06250000000000006,4.655660377358489,4.655660377358489,True,True,False,False,True,False,9.479112421383647
1.25,1.0,0.1,2.52384125e-05,0.24385,2.1116071428571424e-10,0.0,2.1116071428571424e-10,1.05,1.075,True,True,True,0.10529166666666885,0.06250000000000006,4.058035714285713,4.058035714285713,True,True,False,False,True,False,8.283863095238093
1.25,1.0,0.15,2.52384125e-05,0.24385,2.004237288135593e-10,0.0,2.004237288135593e-10,1.05,1.075,True,True,True,0.10529166666666885,0.06250000000000006,3.5211864406779654,3.5211864406779654,True,True,False,False,True,False,7.2101645480225995
1.25,1.0,0.2,2.52384125e-05,0.24385,1.9072580645161287e-10,0.0,1.9072580645161287e-10,1.05,1.075,True,True,True,0.10529166666666885,0.06250000000000006,3.036290322580644,3.036290322580644,True,True,False,False,True,False,6.240372311827957
1.25,1.0,0.25,2.52384125e-05,0.24385,1.819230769230769e-10,0.0,1.819230769230769e-10,1.05,1.075,True,True,True,0.10529166666666885,0.06250000000000006,2.5961538461538454,2.5961538461538454,True,True,False,False,True,False,5.3600993589743595
1.25,1.0,0.3,2.52384125e-05,0.24385,1.738970588235294e-10,0.0,1.738970588235294e-10,1.05,1.075,True,True,True,0.10529166666666885,0.06250000000000006,2.1948529411764706,2.1948529411764706,True,True,False,False,True,False,4.55749754901961
1.25,1.0,0.35,2.52384125e-05,0.24385,1.6654929577464787e-10,0.0,1.6654929577464787e-10,1.05,1.075,True,True,True,0.10529166666666885,0.06250000000000006,1.827464788732394,1.827464788732394,True,True,False,False,True,False,3.822721244131457
1.25,1.0,0.4,2.52384125e-05,0.24385,1.5979729729729726e-10,0.0,1.5979729729729726e-10,1.05,1.075,True,True,True,0.10529166666666885,0.06250000000000006,1.4898648648648636,1.4898648648648636,True,True,False,False,True,False,3.147521396396396
1.25,1.0,0.45,2.52384125e-05,0.24385,1.5357142857142853e-10,0.0,1.5357142857142853e-10,1.05,1.075,True,True,True,0.10529166666666885,0.06250000000000006,1.178571428571427,1.178571428571427,True,True,False,False,True,False,2.524934523809523
1.25,1.0,0.5,2.52384125e-05,0.24385,1.4781249999999997e-10,0.0,1.4781249999999997e-10,1.05,1.075,True,True,True,0.10529166666666885,0.06250000000000006,0.8906249999999992,0.8906249999999992,True,True,True,True,True,True,1.9490416666666674
1.25,1.0,0.55,2.52384125e-05,0.24385,1.4246987951807225e-10,0.0,1.4246987951807225e-10,1.05,1.075,True,True,True,0.10529166666666885,0.06250000000000006,0.6234939759036132,0.6234939759036132,True,True,True,True,True,True,1.4147796184738954
1.25,1.0,0.6,2.52384125e-05,0.24385,1.375e-10,0.0,1.375e-10,1.05,1.075,True,True,True,0.10529166666666885,0.06250000000000006,0.375,0.375,True,True,True,True,True,True,0.9177916666666689
1.25,1.0,0.65,2.52384125e-05,0.24385,1.3286516853932582e-10,0.0,1.3286516853932582e-10,1.05,1.075,True,True,True,0.10529166666666885,0.06250000000000006,0.1432584269662916,0.1432584269662916,True,True,True,True,True,True,0.4543085205992521
1.25,1.0,0.7,2.52384125e-05,0.24385,1.2853260869565215e-10,0.0,1.2853260869565215e-10,1.05,1.075,True,True,True,0.10529166666666885,0.06250000000000006,0.07336956521739206,0.07336956521739206,True,True,True,True,True,True,0.31453079710145304
1.25,1.1,0.0,2.52384125e-05,0.24385,2.4832499999999997e-10,0.0,2.4832499999999997e-10,1.05,1.075,True,True,True,0.10529166666666885,0.06250000000000006,5.916249999999999,5.916249999999999,True,True,False,False,True,False,12.000291666666666
1.25,1.1,0.05,2.52384125e-05,0.24385,2.3426886792452825e-10,0.0,2.3426886792452825e-10,1.05,1.075,True,True,True,0.10529166666666885,0.06250000000000006,5.213443396226413,5.213443396226413,True,True,False,False,True,False,10.594678459119496
1.25,1.1,0.1,2.52384125e-05,0.24385,2.2171874999999995e-10,0.0,2.2171874999999995e-10,1.05,1.075,True,True,True,0.10529166666666885,0.06250000000000006,4.585937499999998,4.585937499999998,True,True,False,False,True,False,9.339666666666666
1.25,1.1,0.15,2.52384125e-05,0.24385,2.1044491525423727e-10,0.0,2.1044491525423727e-10,1.05,1.075,True,True,True,0.10529166666666885,0.06250000000000006,4.022245762711864,4.022245762711864,True,True,False,False,True,False,8.212283192090396
1.25,1.1,0.2,2.52384125e-05,0.24385,2.0026209677419353e-10,0.0,2.0026209677419353e-10,1.05,1.075,True,True,True,0.10529166666666885,0.06250000000000006,3.513104838709677,3.513104838709677,True,True,False,False,True,False,7.194001344086023
1.25,1.1,0.25,2.52384125e-05,0.24385,1.9101923076923073e-10,0.0,1.9101923076923073e-10,1.05,1.075,True,True,True,0.10529166666666885,0.06250000000000006,3.050961538461537,3.050961538461537,True,True,False,False,True,False,6.269714743589743
1.25,1.1,0.3,2.52384125e-05,0.24385,1.8259191176470587e-10,0.0,1.8259191176470587e-10,1.05,1.075,True,True,True,0.10529166666666885,0.06250000000000006,2.629595588235294,2.629595588235294,True,True,False,False,True,False,5.426982843137257
1.25,1.1,0.35,2.52384125e-05,0.24385,1.7487676056338027e-10,0.0,1.7487676056338027e-10,1.05,1.075,True,True,True,0.10529166666666885,0.06250000000000006,2.243838028169014,2.243838028169014,True,True,False,False,True,False,4.655467723004697
1.25,1.1,0.4,2.52384125e-05,0.24385,1.6778716216216214e-10,0.0,1.6778716216216214e-10,1.05,1.075,True,True,True,0.10529166666666885,0.06250000000000006,1.8893581081081077,1.8893581081081077,True,True,False,False,True,False,3.9465078828828846
1.25,1.1,0.45,2.52384125e-05,0.24385,1.6124999999999999e-10,0.0,1.6124999999999999e-10,1.05,1.075,True,True,True,0.10529166666666885,0.06250000000000006,1.5624999999999998,1.5624999999999998,True,True,False,False,True,False,3.292791666666669
1.25,1.1,0.5,2.52384125e-05,0.24385,1.5520312499999998e-10,0.0,1.5520312499999998e-10,1.05,1.075,True,True,True,0.10529166666666885,0.06250000000000006,1.2601562499999994,1.2601562499999994,True,True,False,False,True,False,2.688104166666668
1.25,1.1,0.55,2.52384125e-05,0.24385,1.4959337349397587e-10,0.0,1.4959337349397587e-10,1.05,1.075,True,True,True,0.10529166666666885,0.06250000000000006,0.9796686746987942,0.9796686746987942,True,True,True,True,True,True,2.1271290160642575
1.25,1.1,0.6,2.52384125e-05,0.24385,1.4437499999999998e-10,0.0,1.4437499999999998e-10,1.05,1.075,True,True,True,0.10529166666666885,0.06250000000000006,0.7187499999999994,0.7187499999999994,True,True,True,True,True,True,1.605291666666668
1.25,1.1,0.65,2.52384125e-05,0.24385,1.3950842696629213e-10,0.0,1.3950842696629213e-10,1.05,1.075,True,True,True,0.10529166666666885,0.06250000000000006,0.4754213483146068,0.4754213483146068,True,True,True,True,True,True,1.1186343632958824
1.25,1.1,0.7,2.52384125e-05,0.24385,1.3495923913043477e-10,0.0,1.3495923913043477e-10,1.05,1.075,True,True,True,0.10529166666666885,0.06250000000000006,0.24796195652173922,0.24796195652173922,True,True,True,True,True,True,0.6637155797101474
1.25,1.2,0.0,2.52384125e-05,0.24385,2.6015e-10,0.0,2.6015e-10,1.05,1.075,True,True,True,0.10529166666666885,0.06250000000000006,6.507499999999999,6.507499999999999,True,True,False,False,True,False,13.182791666666667
1.25,1.2,0.05,2.52384125e-05,0.24385,2.4542452830188674e-10,0.0,2.4542452830188674e-10,1.05,1.075,True,True,True,0.10529166666666885,0.06250000000000006,5.771226415094338,5.771226415094338,True,True,False,False,True,False,11.710244496855346
1.25,1.2,0.1,2.52384125e-05,0.24385,2.3227678571428568e-10,0.0,2.3227678571428568e-10,1.05,1.075,True,True,True,0.10529166666666885,0.06250000000000006,5.113839285714285,5.113839285714285,True,True,False,False,True,False,10.395470238095239
1.25,1.2,0.15,2.52384125e-05,0.24385,2.2046610169491524e-10,0.0,2.2046610169491524e-10,1.05,1.075,True,True,True,0.10529166666666885,0.06250000000000006,4.523305084745763,4.523305084745763,True,True,False,False,True,False,9.214401836158196
1.25,1.2,0.2,2.52384125e-05,0.24385,2.0979838709677418e-10,0.0,2.0979838709677418e-10,1.05,1.075,True,True,True,0.10529166666666885,0.06250000000000006,3.98991935483871,3.98991935483871,True,True,False,False,True,False,8.14763037634409
1.25,1.2,0.25,2.52384125e-05,0.24385,2.0011538461538458e-10,0.0,2.0011538461538458e-10,1.05,1.075,True,True,True,0.10529166666666885,0.06250000000000006,3.50576923076923,3.50576923076923,True,True,False,False,True,False,7.1793301282051285
1.25,1.2,0.3,2.52384125e-05,0.24385,1.9128676470588234e-10,0.0,1.9128676470588234e-10,1.05,1.075,True,True,True,0.10529166666666885,0.06250000000000006,3.0643382352941178,3.0643382352941178,True,True,False,False,True,False,6.296468137254904
1.25,1.2,0.35,2.52384125e-05,0.24385,1.8320422535211267e-10,0.0,1.8320422535211267e-10,1.05,1.075,True,True,True,0.10529166666666885,0.06250000000000006,2.660211267605634,2.660211267605634,True,True,False,False,True,False,5.488214201877937
1.25,1.2,0.4,2.52384125e-05,0.24385,1.7577702702702702e-10,0.0,1.7577702702702702e-10,1.05,1.075,True,True,True,0.10529166666666885,0.06250000000000006,2.2888513513513518,2.2888513513513518,True,True,False,False,True,False,4.745494369369372
1.25,1.2,0.45,2.52384125e-05,0.24385,1.6892857142857141e-10,0.0,1.6892857142857141e-10,1.05,1.075,True,True,True,0.10529166666666885,0.06250000000000006,1.9464285714285714,1.9464285714285714,True,True,False,False,True,False,4.060648809523812
1.25,1.2,0.5,2.52384125e-05,0.24385,1.6259374999999998e-10,0.0,1.6259374999999998e-10,1.05,1.075,True,True,True,0.10529166666666885,0.06250000000000006,1.6296874999999997,1.6296874999999997,True,True,False,False,True,False,3.4271666666666682
1.25,1.2,0.55,2.52384125e-05,0.24385,1.567168674698795e-10,0.0,1.567168674698795e-10,1.05,1.075,True,True,True,0.10529166666666885,0.06250000000000006,1.3358433734939752,1.3358433734939752,True,True,False,False,True,False,2.8394784136546196
1.25,1.2,0.6,2.52384125e-05,0.24385,1.5125e-10,0.0,1.5125e-10,1.05,1.075,True,True,True,0.10529166666666885,0.06250000000000006,1.0625000000000002,1.0625000000000002,True,True,False,False,True,False,2.2927916666666697
1.25,1.2,0.65,2.52384125e-05,0.24385,1.461516853932584e-10,0.0,1.461516853932584e-10,1.05,1.075,True,True,True,0.10529166666666885,0.06250000000000006,0.8075842696629207,0.8075842696629207,True,True,True,True,True,True,1.7829602059925103
1.25,1.2,0.7,2.52384125e-05,0.24385,1.413858695652174e-10,0.0,1.413858695652174e-10,1.05,1.075,True,True,True,0.10529166666666885,0.06250000000000006,0.5692934782608705,0.5692934782608705,True,True,True,True,True,True,1.3063786231884098
1.3,0.0,0.0,2.5232095e-05,0.2439,1.199e-10,0.0,1.199e-10,1.06,1.09,True,True,True,0.12634999999999583,0.07499999999999868,0.5049999999999998,0.5049999999999998,True,True,True,True,True,True,1.2113499999999942
1.3,0.0,0.05,2.5232095e-05,0.2439,1.131132075471698e-10,0.0,1.131132075471698e-10,1.06,1.09,True,True,True,0.12634999999999583,0.07499999999999868,0.8443396226415097,0.8443396226415097,True,True,True,True,True,True,1.890029245283014
1.3,0.0,0.1,2.5232095e-05,0.2439,1.0705357142857141e-10,0.0,1.0705357142857141e-10,1.06,1.09,True,True,True,0.12634999999999583,0.07499999999999868,1.1473214285714293,1.1473214285714293,True,True,False,False,True,False,2.495992857142853
1.3,0.0,0.15,2.5232095e-05,0.2439,1.0161016949152543e-10,0.0,1.0161016949152543e-10,1.06,1.09,True,True,True,0.12634999999999583,0.07499999999999868,1.4194915254237281,1.4194915254237281,True,True,False,False,True,False,3.040333050847451
1.3,0.0,0.2,2.5232095e-05,0.2439,9.669354838709677e-11,0.0,9.669354838709677e-11,1.06,1.09,True,True,True,0.12634999999999583,0.07499999999999868,1.6653225806451613,1.6653225806451613,True,True,False,False,True,False,3.5319951612903173
1.3,0.0,0.25,2.5232095e-05,0.2439,9.223076923076922e-11,0.0,9.223076923076922e-11,1.06,1.09,True,True,True,0.12634999999999583,0.07499999999999868,1.8884615384615384,1.8884615384615384,True,True,False,False,True,False,3.978273076923071
1.3,0.0,0.3,2.5232095e-05,0.2439,8.816176470588236e-11,0.0,8.816176470588236e-11,1.06,1.09,True,True,True,0.12634999999999583,0.07499999999999868,2.0919117647058814,2.0919117647058814,True,True,False,False,True,False,4.385173529411757
1.3,0.0,0.35,2.5232095e-05,0.2439,8.443661971830985e-11,0.0,8.443661971830985e-11,1.06,1.09,True,True,True,0.12634999999999583,0.07499999999999868,2.278169014084507,2.278169014084507,True,True,False,False,True,False,4.757688028169008
1.3,0.0,0.4,2.5232095e-05,0.2439,8.101351351351351e-11,0.0,8.101351351351351e-11,1.06,1.09,True,True,True,0.12634999999999583,0.07499999999999868,2.449324324324324,2.449324324324324,True,True,False,False,True,False,5.099998648648643
1.3,0.0,0.45,2.5232095e-05,0.2439,7.785714285714285e-11,0.0,7.785714285714285e-11,1.06,1.09,True,True,True,0.12634999999999583,0.07499999999999868,2.607142857142857,2.607142857142857,True,True,False,False,True,False,5.415635714285709
1.3,0.0,0.5,2.5232095e-05,0.2439,7.493749999999999e-11,0.0,7.493749999999999e-11,1.06,1.09,True,True,True,0.12634999999999583,0.07499999999999868,2.753125,2.753125,True,True,False,False,True,False,5.707599999999994
1.3,0.0,0.55,2.5232095e-05,0.2439,7.22289156626506e-11,0.0,7.22289156626506e-11,1.06,1.09,True,True,True,0.12634999999999583,0.07499999999999868,2.88855421686747,2.88855421686747,True,True,False,False,True,False,5.978458433734934
1.3,0.0,0.6,2.5232095e-05,0.2439,6.97093023255814e-11,0.0,6.97093023255814e-11,1.06,1.09,True,True,True,0.12634999999999583,0.07499999999999868,3.0145348837209296,3.0145348837209296,True,True,False,False,True,False,6.2304197674418536
1.3,0.0,0.65,2.5232095e-05,0.2439,6.735955056179774e-11,0.0,6.735955056179774e-11,1.06,1.09,True,True,True,0.12634999999999583,0.07499999999999868,3.1320224719101124,3.1320224719101124,True,True,False,False,True,False,6.465394943820219
1.3,0.0,0.7,2.5232095e-05,0.2439,6.516304347826087e-11,0.0,6.516304347826087e-11,1.06,1.09,True,True,True,0.12634999999999583,0.07499999999999868,3.2418478260869565,3.2418478260869565,True,True,False,False,True,False,6.6850456521739074
1.3,0.1,0.0,2.5232095e-05,0.2439,1.3189e-10,0.0,1.3189e-10,1.06,1.09,True,True,True,0.12634999999999583,0.07499999999999868,0.0945000000000003,0.0945000000000003,True,True,True,True,True,True,0.39034999999999515
1.3,0.1,0.05,2.5232095e-05,0.2439,1.2442452830188677e-10,0.0,1.2442452830188677e-10,1.06,1.09,True,True,True,0.12634999999999583,0.07499999999999868,0.2787735849056608,0.2787735849056608,True,True,True,True,True,True,0.758897169811316
1.3,0.1,0.1,2.5232095e-05,0.2439,1.1775892857142856e-10,0.0,1.1775892857142856e-10,1.06,1.09,True,True,True,0.12634999999999583,0.07499999999999868,0.6120535714285716,0.6120535714285716,True,True,True,True,True,True,1.4254571428571379
1.3,0.1,0.15,2.5232095e-05,0.2439,1.1177118644067797e-10,0.0,1.1177118644067797e-10,1.06,1.09,True,True,True,0.12634999999999583,0.07499999999999868,0.9114406779661012,0.9114406779661012,True,True,True,True,True,True,2.024231355932197
1.3,0.1,0.2,2.5232095e-05,0.2439,1.0636290322580645e-10,0.0,1.0636290322580645e-10,1.06,1.09,True,True,True,0.12634999999999583,0.07499999999999868,1.1818548387096772,1.1818548387096772,True,True,False,False,True,False,2.565059677419349
1.3,0.1,0.25,2.5232095e-05,0.2439,1.0145384615384615e-10,0.0,1.0145384615384615e-10,1.06,1.09,True,True,True,0.12634999999999583,0.07499999999999868,1.427307692307692,1.427307692307692,True,True,False,False,True,False,3.0559653846153783
1.3,0.1,0.3,2.5232095e-05,0.2439,9.69779411764706e-11,0.0,9.69779411764706e-11,1.06,1.09,True,True,True,0.12634999999999583,0.07499999999999868,1.6511029411764697,1.6511029411764697,True,True,False,False,True,False,3.5035558823529342
1.3,0.1,0.35,2.5232095e-05,0.2439,9.288028169014085e-11,0.0,9.288028169014085e-11,1.06,1.09,True,True,True,0.12634999999999583,0.07499999999999868,1.8559859154929574,1.8559859154929574,True,True,False,False,True,False,3.9133218309859092
1.3,0.1,0.4,2.5232095e-05,0.2439,8.911486486486486e-11,0.0,8.911486486486486e-11,1.06,1.09,True,True,True,0.12634999999999583,0.07499999999999868,2.0442567567567567,2.0442567567567567,True,True,False,False,True,False,4.289863513513508
1.3,0.1,0.45,2.5232095e-05,0.2439,8.564285714285714e-11,0.0,8.564285714285714e-11,1.06,1.09,True,True,True,0.12634999999999583,0.07499999999999868,2.2178571428571425,2.2178571428571425,True,True,False,False,True,False,4.637064285714279
1.3,0.1,0.5,2.5232095e-05,0.2439,8.243124999999999e-11,0.0,8.243124999999999e-11,1.06,1.09,True,True,True,0.12634999999999583,0.07499999999999868,2.3784375,2.3784375,True,True,False,False,True,False,4.958224999999994
1.3,0.1,0.55,2.5232095e-05,0.2439,7.945180722891565e-11,0.0,7.945180722891565e-11,1.06,1.09,True,True,True,0.12634999999999583,0.07499999999999868,2.527409638554217,2.527409638554217,True,True,False,False,True,False,5.2561692771084285
1.3,0.1,0.6,2.5232095e-05,0.2439,7.668023255813953e-11,0.0,7.668023255813953e-11,1.06,1.09,True,True,True,0.12634999999999583,0.07499999999999868,2.665988372093023,2.665988372093023,True,True,False,False,True,False,5.5333267441860405
1.3,0.1,0.65,2.5232095e-05,0.2439,7.409550561797753e-11,0.0,7.409550561797753e-11,1.06,1.09,True,True,True,0.12634999999999583,0.07499999999999868,2.7952247191011232,2.7952247191011232,True,True,False,False,True,False,5.791799438202241
1.3,0.1,0.7,2.5232095e-05,0.2439,7.167934782608696e-11,0.0,7.167934782608696e-11,1.06,1.09,True,True,True,0.12634999999999583,0.07499999999999868,2.9160326086956516,2.9160326086956516,True,True,False,False,True,False,6.033415217391298
1.3,0.2,0.0,2.5232095e-05,0.2439,1.4388e-10,0.0,1.4388e-10,1.06,1.09,True,True,True,0.12634999999999583,0.07499999999999868,0.6940000000000004,0.6940000000000004,True,True,True,True,True,True,1.5893499999999952
1.3,0.2,0.05,2.5232095e-05,0.2439,1.3573584905660378e-10,0.0,1.3573584905660378e-10,1.06,1.09,True,True,True,0.12634999999999583,0.07499999999999868,0.2867924528301894,0.2867924528301894,True,True,True,True,True,True,0.7749349056603733
1.3,0.2,0.1,2.5232095e-05,0.2439,1.284642857142857e-10,0.0,1.284642857142857e-10,1.06,1.09,True,True,True,0.12634999999999583,0.07499999999999868,0.07678571428571403,0.07678571428571403,True,True,True,True,True,True,0.35492142857142256
1.3,0.2,0.15,2.5232095e-05,0.2439,1.2193220338983052e-10,0.0,1.2193220338983052e-10,1.06,1.09,True,True,True,0.12634999999999583,0.07499999999999868,0.4033898305084734,0.4033898305084734,True,True,True,True,True,True,1.0081296610169412
1.3,0.2,0.2,2.5232095e-05,0.2439,1.1603225806451613e-10,0.0,1.1603225806451613e-10,1.06,1.09,True,True,True,0.12634999999999583,0.07499999999999868,0.6983870967741931,0.6983870967741931,True,True,True,True,True,True,1.5981241935483808
1.3,0.2,0.25,2.5232095e-05,0.2439,1.1067692307692307e-10,0.0,1.1067692307692307e-10,1.06,1.09,True,True,True,0.12634999999999583,0.07499999999999868,0.9661538461538463,0.9661538461538463,True,True,True,True,True,True,2.133657692307687
1.3,0.2,0.3,2.5232095e-05,0.2439,1.0579411764705884e-10,0.0,1.0579411764705884e-10,1.06,1.09,True,True,True,0.12634999999999583,0.07499999999999868,1.2102941176470576,1.2102941176470576,True,True,False,False,True,False,2.6219382352941096
1.3,0.2,0.35,2.5232095e-05,0.2439,1.0132394366197184e-10,0.0,1.0132394366197184e-10,1.06,1.09,True,True,True,0.12634999999999583,0.07499999999999868,1.4338028169014079,1.4338028169014079,True,True,False,False,True,False,3.06895563380281
1.3,0.2,0.4,2.5232095e-05,0.2439,9.721621621621621e-11,0.0,9.721621621621621e-11,1.06,1.09,True,True,True,0.12634999999999583,0.07499999999999868,1.639189189189189,1.639189189189189,True,True,False,False,True,False,3.479728378378373
1.3,0.2,0.45,2.5232095e-05,0.2439,9.342857142857143e-11,0.0,9.342857142857143e-11,1.06,1.09,True,True,True,0.12634999999999583,0.07499999999999868,1.8285714285714283,1.8285714285714283,True,True,False,False,True,False,3.858492857142851
1.3,0.2,0.5,2.5232095e-05,0.2439,8.992499999999999e-11,0.0,8.992499999999999e-11,1.06,1.09,True,True,True,0.12634999999999583,0.07499999999999868,2.00375,2.00375,True,True,False,False,True,False,4.208849999999995
1.3,0.2,0.55,2.5232095e-05,0.2439,8.667469879518071e-11,0.0,8.667469879518071e-11,1.06,1.09,True,True,True,0.12634999999999583,0.07499999999999868,2.166265060240964,2.166265060240964,True,True,False,False,True,False,4.533880120481922
1.3,0.2,0.6,2.5232095e-05,0.2439,8.365116279069767e-11,0.0,8.365116279069767e-11,1.06,1.09,True,True,True,0.12634999999999583,0.07499999999999868,2.317441860465116,2.317441860465116,True,True,False,False,True,False,4.836233720930227
1.3,0.2,0.65,2.5232095e-05,0.2439,8.08314606741573e-11,0.0,8.08314606741573e-11,1.06,1.09,True,True,True,0.12634999999999583,0.07499999999999868,2.4584269662921345,2.4584269662921345,True,True,False,False,True,False,5.118203932584263
1.3,0.2,0.7,2.5232095e-05,0.2439,7.819565217391305e-11,0.0,7.819565217391305e-11,1.06,1.09,True,True,True,0.12634999999999583,0.07499999999999868,2.590217391304347,2.590217391304347,True,True,False,False,True,False,5.381784782608689
1.3,0.3,0.0,2.5232095e-05,0.2439,1.5587e-10,0.0,1.5587e-10,1.06,1.09,True,True,True,0.12634999999999583,0.07499999999999868,1.2935000000000005,1.2935000000000005,True,True,False,False,True,False,2.788349999999996
1.3,0.3,0.05,2.5232095e-05,0.2439,1.4704716981132076e-10,0.0,1.4704716981132076e-10,1.06,1.09,True,True,True,0.12634999999999583,0.07499999999999868,0.8523584905660383,0.8523584905660383,True,True,True,True,True,True,1.9060669811320712
1.3,0.3,0.1,2.5232095e-05,0.2439,1.3916964285714284e-10,0.0,1.3916964285714284e-10,1.06,1.09,True,True,True,0.12634999999999583,0.07499999999999868,0.4584821428571423,0.4584821428571423,True,True,True,True,True,True,1.1183142857142792
1.3,0.3,0.15,2.5232095e-05,0.2439,1.3209322033898306e-10,0.0,1.3209322033898306e-10,1.06,1.09,True,True,True,0.12634999999999583,0.07499999999999868,0.10466101694915372,0.10466101694915372,True,True,True,True,True,True,0.410672033898302
1.3,0.3,0.2,2.5232095e-05,0.2439,1.257016129032258e-10,0.0,1.257016129032258e-10,1.06,1.09,True,True,True,0.12634999999999583,0.07499999999999868,0.21491935483870966,0.21491935483870966,True,True,True,True,True,True,0.6311887096774138
1.3,0.3,0.25,2.5232095e-05,0.2439,1.199e-10,0.0,1.199e-10,1.06,1.09,True,True,True,0.12634999999999583,0.07499999999999868,0.5049999999999998,0.5049999999999998,True,True,True,True,True,True,1.2113499999999942
1.3,0.3,0.3,2.5232095e-05,0.2439,1.1461029411764708e-10,0.0,1.1461029411764708e-10,1.06,1.09,True,True,True,0.12634999999999583,0.07499999999999868,0.7694852941176458,0.7694852941176458,True,True,True,True,True,True,1.740320588235286
1.3,0.3,0.35,2.5232095e-05,0.2439,1.0976760563380283e-10,0.0,1.0976760563380283e-10,1.06,1.09,True,True,True,0.12634999999999583,0.07499999999999868,1.0116197183098583,1.0116197183098583,True,True,False,False,True,False,2.224589436619711
1.3,0.3,0.4,2.5232095e-05,0.2439,1.0531756756756758e-10,0.0,1.0531756756756758e-10,1.06,1.09,True,True,True,0.12634999999999583,0.07499999999999868,1.2341216216216209,1.2341216216216209,True,True,False,False,True,False,2.669593243243236
1.3,0.3,0.45,2.5232095e-05,0.2439,1.0121428571428571e-10,0.0,1.0121428571428571e-10,1.06,1.09,True,True,True,0.12634999999999583,0.07499999999999868,1.4392857142857138,1.4392857142857138,True,True,False,False,True,False,3.0799214285714225
1.3,0.3,0.5,2.5232095e-05,0.2439,9.741875e-11,0.0,9.741875e-11,1.06,1.09,True,True,True,0.12634999999999583,0.07499999999999868,1.6290624999999996,1.6290624999999996,True,True,False,False,True,False,3.459474999999994
1.3,0.3,0.55,2.5232095e-05,0.2439,9.389759036144577e-11,0.0,9.389759036144577e-11,1.06,1.09,True,True,True,0.12634999999999583,0.07499999999999868,1.8051204819277111,1.8051204819277111,True,True,False,False,True,False,3.8115909638554166
1.3,0.3,0.6,2.5232095e-05,0.2439,9.062209302325581e-11,0.0,9.062209302325581e-11,1.06,1.09,True,True,True,0.12634999999999583,0.07499999999999868,1.968895348837209,1.968895348837209,True,True,False,False,True,False,4.139140697674413
1.3,0.3,0.65,2.5232095e-05,0.2439,8.756741573033707e-11,0.0,8.756741573033707e-11,1.06,1.09,True,True,True,0.12634999999999583,0.07499999999999868,2.121629213483146,2.121629213483146,True,True,False,False,True,False,4.444608426966286
1.3,0.3,0.7,2.5232095e-05,0.2439,8.471195652173913e-11,0.0,8.471195652173913e-11,1.06,1.09,True,True,True,0.12634999999999583,0.07499999999999868,2.264402173913043,2.264402173913043,True,True,False,False,True,False,4.730154347826081
1.3,0.4,0.0,2.5232095e-05,0.2439,1.6785999999999998e-10,0.0,1.6785999999999998e-10,1.06,1.09,True,True,True,0.12634999999999583,0.07499999999999868,1.8929999999999993,1.8929999999999993,True,True,False,False,True,False,3.987349999999993
1.3,0.4,0.05,2.5232095e-05,0.2439,1.583584905660377e-10,0.0,1.583584905660377e-10,1.06,1.09,True,True,True,0.12634999999999583,0.07499999999999868,1.417924528301886,1.417924528301886,True,True,False,False,True,False,3.0371990566037663
1.3,0.4,0.1,2.5232095e-05,0.2439,1.4987499999999996e-10,0.0,1.4987499999999996e-10,1.06,1.09,True,True,True,0.12634999999999583,0.07499999999999868,0.9937499999999986,0.9937499999999986,True,True,True,True,True,True,2.1888499999999915
1.3,0.4,0.15,2.5232095e-05,0.2439,1.4225423728813558e-10,0.0,1.4225423728813558e-10,1.06,1.09,True,True,True,0.12634999999999583,0.07499999999999868,0.6127118644067795,0.6127118644067795,True,True,True,True,True,True,1.4267737288135534
1.3,0.4,0.2,2.5232095e-05,0.2439,1.3537096774193548e-10,0.0,1.3537096774193548e-10,1.06,1.09,True,True,True,0.12634999999999583,0.07499999999999868,0.2685483870967744,0.2685483870967744,True,True,True,True,True,True,0.7384467741935433
1.3,0.4,0.25,2.5232095e-05,0.2439,1.291230769230769e-10,0.0,1.291230769230769e-10,1.06,1.09,True,True,True,0.12634999999999583,0.07499999999999868,0.043846153846154076,0.043846153846154076,True,True,True,True,True,True,0.28904230769230266
1.3,0.4,0.3,2.5232095e-05,0.2439,1.234264705882353e-10,0.0,1.234264705882353e-10,1.06,1.09,True,True,True,0.12634999999999583,0.07499999999999868,0.32867647058823457,0.32867647058823457,True,True,True,True,True,True,0.8587029411764636
1.3,0.4,0.35,2.5232095e-05,0.2439,1.182112676056338e-10,0.0,1.182112676056338e-10,1.06,1.09,True,True,True,0.12634999999999583,0.07499999999999868,0.58943661971831,0.58943661971831,True,True,True,True,True,True,1.3802232394366145
1.3,0.4,0.4,2.5232095e-05,0.2439,1.134189189189189e-10,0.0,1.134189189189189e-10,1.06,1.09,True,True,True,0.12634999999999583,0.07499999999999868,0.8290540540540545,0.8290540540540545,True,True,True,True,True,True,1.8594581081081036
1.3,0.4,0.45,2.5232095e-05,0.2439,1.0899999999999999e-10,0.0,1.0899999999999999e-10,1.06,1.09,True,True,True,0.12634999999999583,0.07499999999999868,1.0500000000000003,1.0500000000000003,True,True,False,False,True,False,2.301349999999995
1.3,0.4,0.5,2.5232095e-05,0.2439,1.0491249999999999e-10,0.0,1.0491249999999999e-10,1.06,1.09,True,True,True,0.12634999999999583,0.07499999999999868,1.2543750000000002,1.2543750000000002,True,True,False,False,True,False,2.7100999999999953
1.3,0.4,0.55,2.5232095e-05,0.2439,1.0112048192771081e-10,0.0,1.0112048192771081e-10,1.06,1.09,True,True,True,0.12634999999999583,0.07499999999999868,1.4439759036144588,1.4439759036144588,True,True,False,False,True,False,3.089301807228912
1.3,0.4,0.6,2.5232095e-05,0.2439,9.759302325581394e-11,0.0,9.759302325581394e-11,1.06,1.09,True,True,True,0.12634999999999583,0.07499999999999868,1.6203488372093025,1.6203488372093025,True,True,False,False,True,False,3.4420476744185997
1.3,0.4,0.65,2.5232095e-05,0.2439,9.430337078651683e-11,0.0,9.430337078651683e-11,1.06,1.09,True,True,True,0.12634999999999583,0.07499999999999868,1.784831460674158,1.784831460674158,True,True,False,False,True,False,3.7710129213483103
1.3,0.4,0.7,2.5232095e-05,0.2439,9.122826086956521e-11,0.0,9.122826086956521e-11,1.06,1.09,True,True,True,0.12634999999999583,0.07499999999999868,1.938586956521739,1.938586956521739,True,True,False,False,True,False,4.0785239130434725
1.3,0.5,0.0,2.5232095e-05,0.2439,1.7985e-10,0.0,1.7985e-10,1.06,1.09,True,True,True,0.12634999999999583,0.07499999999999868,2.492500000000001,2.492500000000001,True,True,False,False,True,False,5.1863499999999965
1.3,0.5,0.05,2.5232095e-05,0.2439,1.696698113207547e-10,0.0,1.696698113207547e-10,1.06,1.09,True,True,True,0.12634999999999583,0.07499999999999868,1.983490566037736,1.983490566037736,True,True,False,False,True,False,4.168331132075466
1.3,0.5,0.1,2.5232095e-05,0.2439,1.6058035714285714e-10,0.0,1.6058035714285714e-10,1.06,1.09,True,True,True,0.12634999999999583,0.07499999999999868,1.5290178571428574,1.5290178571428574,True,True,False,False,True,False,3.2593857142857097
1.3,0.5,0.15,2.5232095e-05,0.2439,1.5241525423728815e-10,0.0,1.5241525423728815e-10,1.06,1.09,True,True,True,0.12634999999999583,0.07499999999999868,1.120762711864408,1.120762711864408,True,True,False,False,True,False,2.44287542372881
1.3,0.5,0.2,2.5232095e-05,0.2439,1.4504032258064516e-10,0.0,1.4504032258064516e-10,1.06,1.09,True,True,True,0.12634999999999583,0.07499999999999868,0.7520161290322585,0.7520161290322585,True,True,True,True,True,True,1.7053822580645113
1.3,0.5,0.25,2.5232095e-05,0.2439,1.3834615384615385e-10,0.0,1.3834615384615385e-10,1.06,1.09,True,True,True,0.12634999999999583,0.07499999999999868,0.417307692307693,0.417307692307693,True,True,True,True,True,True,1.0359653846153805
1.3,0.5,0.3,2.5232095e-05,0.2439,1.3224264705882354e-10,0.0,1.3224264705882354e-10,1.06,1.09,True,True,True,0.12634999999999583,0.07499999999999868,0.11213235294117735,0.11213235294117735,True,True,True,True,True,True,0.42561470588234923
1.3,0.5,0.35,2.5232095e-05,0.2439,1.266549295774648e-10,0.0,1.266549295774648e-10,1.06,1.09,True,True,True,0.12634999999999583,0.07499999999999868,0.16725352112675915,0.16725352112675915,True,True,True,True,True,True,0.5358570422535128
1.3,0.5,0.4,2.5232095e-05,0.2439,1.2152027027027028e-10,0.0,1.2152027027027028e-10,1.06,1.09,True,True,True,0.12634999999999583,0.07499999999999868,0.4239864864864857,0.4239864864864857,True,True,True,True,True,True,1.0493229729729658
1.3,0.5,0.45,2.5232095e-05,0.2439,1.167857142857143e-10,0.0,1.167857142857143e-10,1.06,1.09,True,True,True,0.12634999999999583,0.07499999999999868,0.6607142857142848,0.6607142857142848,True,True,True,True,True,True,1.5227785714285642
1.3,0.5,0.5,2.5232095e-05,0.2439,1.1240625e-10,0.0,1.1240625e-10,1.06,1.09,True,True,True,0.12634999999999583,0.07499999999999868,0.8796874999999997,0.8796874999999997,True,True,True,True,True,True,1.960724999999994
1.3,0.5,0.55,2.5232095e-05,0.2439,1.083433734939759e-10,0.0,1.083433734939759e-10,1.06,1.09,True,True,True,0.12634999999999583,0.07499999999999868,1.0828313253012047,1.0828313253012047,True,True,False,False,True,False,2.367012650602404
1.3,0.5,0.6,2.5232095e-05,0.2439,1.045639534883721e-10,0.0,1.045639534883721e-10,1.06,1.09,True,True,True,0.12634999999999583,0.07499999999999868,1.2718023255813946,1.2718023255813946,True,True,False,False,True,False,2.744954651162784
1.3,0.5,0.65,2.5232095e-05,0.2439,1.0103932584269663e-10,0.0,1.0103932584269663e-10,1.06,1.09,True,True,True,0.12634999999999583,0.07499999999999868,1.448033707865168,1.448033707865168,True,True,False,False,True,False,3.0974174157303302
1.3,0.5,0.7,2.5232095e-05,0.2439,9.774456521739132e-11,0.0,9.774456521739132e-11,1.06,1.09,True,True,True,0.12634999999999583,0.07499999999999868,1.6127717391304337,1.6127717391304337,True,True,False,False,True,False,3.4268934782608618
1.3,0.6,0.0,2.5232095e-05,0.2439,1.9184e-10,0.0,1.9184e-10,1.06,1.09,True,True,True,0.12634999999999583,0.07499999999999868,3.092000000000001,3.092000000000001,True,True,False,False,True,False,6.385349999999996
1.3,0.6,0.05,2.5232095e-05,0.2439,1.8098113207547169e-10,0.0,1.8098113207547169e-10,1.06,1.09,True,True,True,0.12634999999999583,0.07499999999999868,2.549056603773585,2.549056603773585,True,True,False,False,True,False,5.299463207547165
1.3,0.6,0.1,2.5232095e-05,0.2439,1.7128571428571426e-10,0.0,1.7128571428571426e-10,1.06,1.09,True,True,True,0.12634999999999583,0.07499999999999868,2.0642857142857136,2.0642857142857136,True,True,False,False,True,False,4.329921428571422
1.3,0.6,0.15,2.5232095e-05,0.2439,1.625762711864407e-10,0.0,1.625762711864407e-10,1.06,1.09,True,True,True,0.12634999999999583,0.07499999999999868,1.628813559322035,1.628813559322035,True,True,False,False,True,False,3.4589771186440643
1.3,0.6,0.2,2.5232095e-05,0.2439,1.5470967741935484e-10,0.0,1.5470967741935484e-10,1.06,1.09,True,True,True,0.12634999999999583,0.07499999999999868,1.2354838709677425,1.2354838709677425,True,True,False,False,True,False,2.6723177419354798
1.3,0.6,0.25,2.5232095e-05,0.2439,1.4756923076923076e-10,0.0,1.4756923076923076e-10,1.06,1.09,True,True,True,0.12634999999999583,0.07499999999999868,0.8784615384615387,0.8784615384615387,True,True,True,True,True,True,1.958273076923072
1.3,0.6,0.3,2.5232095e-05,0.2439,1.4105882352941177e-10,0.0,1.4105882352941177e-10,1.06,1.09,True,True,True,0.12634999999999583,0.07499999999999868,0.5529411764705893,0.5529411764705893,True,True,True,True,True,True,1.3072323529411731
1.3,0.6,0.35,2.5232095e-05,0.2439,1.350985915492958e-10,0.0,1.350985915492958e-10,1.06,1.09,True,True,True,0.12634999999999583,0.07499999999999868,0.2549295774647904,0.2549295774647904,True,True,True,True,True,True,0.7112091549295753
1.3,0.6,0.4,2.5232095e-05,0.2439,1.2962162162162162e-10,0.0,1.2962162162162162e-10,1.06,1.09,True,True,True,0.12634999999999583,0.07499999999999868,0.01891891891891875,0.01891891891891875,True,True,True,True,True,True,0.239187837837832
1.3,0.6,0.45,2.5232095e-05,0.2439,1.2457142857142858e-10,0.0,1.2457142857142858e-10,1.06,1.09,True,True,True,0.12634999999999583,0.07499999999999868,0.2714285714285705,0.2714285714285705,True,True,True,True,True,True,0.7442071428571355
1.3,0.6,0.5,2.5232095e-05,0.2439,1.199e-10,0.0,1.199e-10,1.06,1.09,True,True,True,0.12634999999999583,0.07499999999999868,0.5049999999999998,0.5049999999999998,True,True,True,True,True,True,1.2113499999999942
1.3,0.6,0.55,2.5232095e-05,0.2439,1.1556626506024096e-10,0.0,1.1556626506024096e-10,1.06,1.09,True,True,True,0.12634999999999583,0.07499999999999868,0.7216867469879518,0.7216867469879518,True,True,True,True,True,True,1.644723493975898
1.3,0.6,0.6,2.5232095e-05,0.2439,1.1153488372093024e-10,0.0,1.1153488372093024e-10,1.06,1.09,True,True,True,0.12634999999999583,0.07499999999999868,0.9232558139534875,0.9232558139534875,True,True,True,True,True,True,2.0478616279069697
1.3,0.6,0.65,2.5232095e-05,0.2439,1.077752808988764e-10,0.0,1.077752808988764e-10,1.06,1.09,True,True,True,0.12634999999999583,0.07499999999999868,1.1112359550561792,1.1112359550561792,True,True,False,False,True,False,2.423821910112353
1.3,0.6,0.7,2.5232095e-05,0.2439,1.042608695652174e-10,0.0,1.042608695652174e-10,1.06,1.09,True,True,True,0.12634999999999583,0.07499999999999868,1.2869565217391297,1.2869565217391297,True,True,False,False,True,False,2.7752630434782537
1.3,0.7,0.0,2.5232095e-05,0.2439,2.0382999999999998e-10,0.0,2.0382999999999998e-10,1.06,1.09,True,True,True,0.12634999999999583,0.07499999999999868,3.6915,3.6915,True,True,False,False,True,False,7.584349999999994
1.3,0.7,0.05,2.5232095e-05,0.2439,1.9229245283018866e-10,0.0,1.9229245283018866e-10,1.06,1.09,True,True,True,0.12634999999999583,0.07499999999999868,3.114622641509434,3.114622641509434,True,True,False,False,True,False,6.430595283018862
1.3,0.7,0.1,2.5232095e-05,0.2439,1.819910714285714e-10,0.0,1.819910714285714e-10,1.06,1.09,True,True,True,0.12634999999999583,0.07499999999999868,2.59955357142857,2.59955357142857,True,True,False,False,True,False,5.400457142857134
1.3,0.7,0.15,2.5232095e-05,0.2439,1.727372881355932e-10,0.0,1.727372881355932e-10,1.06,1.09,True,True,True,0.12634999999999583,0.07499999999999868,2.1368644067796607,2.1368644067796607,True,True,False,False,True,False,4.475078813559316
1.3,0.7,0.2,2.5232095e-05,0.2439,1.643790322580645e-10,0.0,1.643790322580645e-10,1.06,1.09,True,True,True,0.12634999999999583,0.07499999999999868,1.7189516129032254,1.7189516129032254,True,True,False,False,True,False,3.6392532258064456
1.3,0.7,0.25,2.5232095e-05,0.2439,1.5679230769230768e-10,0.0,1.5679230769230768e-10,1.06,1.09,True,True,True,0.12634999999999583,0.07499999999999868,1.3396153846153844,1.3396153846153844,True,True,False,False,True,False,2.8805807692307637
1.3,0.7,0.3,2.5232095e-05,0.2439,1.49875e-10,0.0,1.49875e-10,1.06,1.09,True,True,True,0.12634999999999583,0.07499999999999868,0.9937500000000011,0.9937500000000011,True,True,True,True,True,True,2.188849999999997
1.3,0.7,0.35,2.5232095e-05,0.2439,1.4354225352112676e-10,0.0,1.4354225352112676e-10,1.06,1.09,True,True,True,0.12634999999999583,0.07499999999999868,0.6771126760563386,0.6771126760563386,True,True,True,True,True,True,1.5555753521126716
1.3,0.7,0.4,2.5232095e-05,0.2439,1.3772297297297295e-10,0.0,1.3772297297297295e-10,1.06,1.09,True,True,True,0.12634999999999583,0.07499999999999868,0.3861486486486482,0.3861486486486482,True,True,True,True,True,True,0.9736472972972908
1.3,0.7,0.45,2.5232095e-05,0.2439,1.3235714285714284e-10,0.0,1.3235714285714284e-10,1.06,1.09,True,True,True,0.12634999999999583,0.07499999999999868,0.11785714285714245,0.11785714285714245,True,True,True,True,True,True,0.4370642857142794
1.3,0.7,0.5,2.5232095e-05,0.2439,1.2739375e-10,0.0,1.2739375e-10,1.06,1.09,True,True,True,0.12634999999999583,0.07499999999999868,0.13031249999999991,0.13031249999999991,True,True,True,True,True,True,0.46197499999999436
1.3,0.7,0.55,2.5232095e-05,0.2439,1.22789156626506e-10,0.0,1.22789156626506e-10,1.06,1.09,True,True,True,0.12634999999999583,0.07499999999999868,0.36054216867469946,0.36054216867469946,True,True,True,True,True,True,0.9224343373493934
1.3,0.7,0.6,2.5232095e-05,0.2439,1.1850581395348837e-10,0.0,1.1850581395348837e-10,1.06,1.09,True,True,True,0.12634999999999583,0.07499999999999868,0.574709302325581,0.574709302325581,True,True,True,True,True,True,1.3507686046511567
1.3,0.7,0.65,2.5232095e-05,0.2439,1.1451123595505617e-10,0.0,1.1451123595505617e-10,1.06,1.09,True,True,True,0.12634999999999583,0.07499999999999868,0.7744382022471913,0.7744382022471913,True,True,True,True,True,True,1.7502264044943772
1.3,0.7,0.7,2.5232095e-05,0.2439,1.1077717391304348e-10,0.0,1.1077717391304348e-10,1.06,1.09,True,True,True,0.12634999999999583,0.07499999999999868,0.9611413043478256,0.9611413043478256,True,True,True,True,True,True,2.1236326086956456
1.3,0.8,0.0,2.5232095e-05,0.2439,2.1581999999999998e-10,0.0,2.1581999999999998e-10,1.06,1.09,True,True,True,0.12634999999999583,0.07499999999999868,4.291,4.291,True,True,False,False,True,False,8.783349999999995
1.3,0.8,0.05,2.5232095e-05,0.2439,2.0360377358490564e-10,0.0,2.0360377358490564e-10,1.06,1.09,True,True,True,0.12634999999999583,0.07499999999999868,3.680188679245283,3.680188679245283,True,True,False,False,True,False,7.56172735849056
1.3,0.8,0.1,2.5232095e-05,0.2439,1.9269642857142854e-10,0.0,1.9269642857142854e-10,1.06,1.09,True,True,True,0.12634999999999583,0.07499999999999868,3.1348214285714278,3.1348214285714278,True,True,False,False,True,False,6.47099285714285
1.3,0.8,0.15,2.5232095e-05,0.2439,1.8289830508474577e-10,0.0,1.8289830508474577e-10,1.06,1.09,True,True,True,0.12634999999999583,0.07499999999999868,2.644915254237289,2.644915254237289,True,True,False,False,True,False,5.491180508474573
1.3,0.8,0.2,2.5232095e-05,0.2439,1.7404838709677418e-10,0.0,1.7404838709677418e-10,1.06,1.09,True,True,True,0.12634999999999583,0.07499999999999868,2.2024193548387094,2.2024193548387094,True,True,False,False,True,False,4.606188709677413
1.3,0.8,0.25,2.5232095e-05,0.2439,1.660153846153846e-10,0.0,1.660153846153846e-10,1.06,1.09,True,True,True,0.12634999999999583,0.07499999999999868,1.8007692307692302,1.8007692307692302,True,True,False,False,True,False,3.802888461538455
1.3,0.8,0.3,2.5232095e-05,0.2439,1.5869117647058825e-10,0.0,1.5869117647058825e-10,1.06,1.09,True,True,True,0.12634999999999583,0.07499999999999868,1.434558823529413,1.434558823529413,True,True,False,False,True,False,3.0704676470588206
1.3,0.8,0.35,2.5232095e-05,0.2439,1.5198591549295775e-10,0.0,1.5198591549295775e-10,1.06,1.09,True,True,True,0.12634999999999583,0.07499999999999868,1.0992957746478882,1.0992957746478882,True,True,False,False,True,False,2.3999415492957707
1.3,0.8,0.4,2.5232095e-05,0.2439,1.4582432432432432e-10,0.0,1.4582432432432432e-10,1.06,1.09,True,True,True,0.12634999999999583,0.07499999999999868,0.7912162162162164,0.7912162162162164,True,True,True,True,True,True,1.7837824324324272
1.3,0.8,0.45,2.5232095e-05,0.2439,1.4014285714285712e-10,0.0,1.4014285714285712e-10,1.06,1.09,True,True,True,0.12634999999999583,0.07499999999999868,0.5071428571428567,0.5071428571428567,True,True,True,True,True,True,1.2156357142857077
1.3,0.8,0.5,2.5232095e-05,0.2439,1.348875e-10,0.0,1.348875e-10,1.06,1.09,True,True,True,0.12634999999999583,0.07499999999999868,0.244375,0.244375,True,True,True,True,True,True,0.6900999999999945
1.3,0.8,0.55,2.5232095e-05,0.2439,1.3001204819277107e-10,0.0,1.3001204819277107e-10,1.06,1.09,True,True,True,0.12634999999999583,0.07499999999999868,0.000602409638554137,0.000602409638554137,True,True,True,True,True,True,0.20255481927710275
1.3,0.8,0.6,2.5232095e-05,0.2439,1.2547674418604651e-10,0.0,1.2547674418604651e-10,1.06,1.09,True,True,True,0.12634999999999583,0.07499999999999868,0.22616279069767387,0.22616279069767387,True,True,True,True,True,True,0.6536755813953422
1.3,0.8,0.65,2.5232095e-05,0.2439,1.2124719101123594e-10,0.0,1.2124719101123594e-10,1.06,1.09,True,True,True,0.12634999999999583,0.07499999999999868,0.43764044943820263,0.43764044943820263,True,True,True,True,True,True,1.0766308988763997
1.3,0.8,0.7,2.5232095e-05,0.2439,1.1729347826086957e-10,0.0,1.1729347826086957e-10,1.06,1.09,True,True,True,0.12634999999999583,0.07499999999999868,0.6353260869565209,0.6353260869565209,True,True,True,True,True,True,1.4720021739130362
1.3,0.9,0.0,2.5232095e-05,0.2439,2.2780999999999999e-10,0.0,2.2780999999999999e-10,1.06,1.09,True,True,True,0.12634999999999583,0.07499999999999868,4.8905,4.8905,True,True,False,False,True,False,9.982349999999995
1.3,0.9,0.05,2.5232095e-05,0.2439,2.1491509433962262e-10,0.0,2.1491509433962262e-10,1.06,1.09,True,True,True,0.12634999999999583,0.07499999999999868,4.245754716981132,4.245754716981132,True,True,False,False,True,False,8.692859433962258
1.3,0.9,0.1,2.5232095e-05,0.2439,2.034017857142857e-10,0.0,2.034017857142857e-10,1.06,1.09,True,True,True,0.12634999999999583,0.07499999999999868,3.670089285714285,3.670089285714285,True,True,False,False,True,False,7.5415285714285645
1.3,0.9,0.15,2.5232095e-05,0.2439,1.9305932203389831e-10,0.0,1.9305932203389831e-10,1.06,1.09,True,True,True,0.12634999999999583,0.07499999999999868,3.152966101694916,3.152966101694916,True,True,False,False,True,False,6.507282203389827
1.3,0.9,0.2,2.5232095e-05,0.2439,1.8371774193548386e-10,0.0,1.8371774193548386e-10,1.06,1.09,True,True,True,0.12634999999999583,0.07499999999999868,2.6858870967741932,2.6858870967741932,True,True,False,False,True,False,5.573124193548381
1.3,0.9,0.25,2.5232095e-05,0.2439,1.7523846153846153e-10,0.0,1.7523846153846153e-10,1.06,1.09,True,True,True,0.12634999999999583,0.07499999999999868,2.261923076923077,2.261923076923077,True,True,False,False,True,False,4.725196153846149
1.3,0.9,0.3,2.5232095e-05,0.2439,1.675073529411765e-10,0.0,1.675073529411765e-10,1.06,1.09,True,True,True,0.12634999999999583,0.07499999999999868,1.875367647058825,1.875367647058825,True,True,False,False,True,False,3.9520852941176443
1.3,0.9,0.35,2.5232095e-05,0.2439,1.6042957746478872e-10,0.0,1.6042957746478872e-10,1.06,1.09,True,True,True,0.12634999999999583,0.07499999999999868,1.5214788732394364,1.5214788732394364,True,True,False,False,True,False,3.244307746478867
1.3,0.9,0.4,2.5232095e-05,0.2439,1.5392567567567568e-10,0.0,1.5392567567567568e-10,1.06,1.09,True,True,True,0.12634999999999583,0.07499999999999868,1.1962837837837845,1.1962837837837845,True,True,False,False,True,False,2.593917567567564
1.3,0.9,0.45,2.5232095e-05,0.2439,1.479285714285714e-10,0.0,1.479285714285714e-10,1.06,1.09,True,True,True,0.12634999999999583,0.07499999999999868,0.896428571428571,0.896428571428571,True,True,True,True,True,True,1.9942071428571366
1.3,0.9,0.5,2.5232095e-05,0.2439,1.4238125e-10,0.0,1.4238125e-10,1.06,1.09,True,True,True,0.12634999999999583,0.07499999999999868,0.6190625,0.6190625,True,True,True,True,True,True,1.4394749999999945
1.3,0.9,0.55,2.5232095e-05,0.2439,1.3723493975903612e-10,0.0,1.3723493975903612e-10,1.06,1.09,True,True,True,0.12634999999999583,0.07499999999999868,0.36174698795180643,0.36174698795180643,True,True,True,True,True,True,0.9248439759036073
1.3,0.9,0.6,2.5232095e-05,0.2439,1.3244767441860466e-10,0.0,1.3244767441860466e-10,1.06,1.09,True,True,True,0.12634999999999583,0.07499999999999868,0.12238372093023328,0.12238372093023328,True,True,True,True,True,True,0.4461174418604611
1.3,0.9,0.65,2.5232095e-05,0.2439,1.279831460674157e-10,0.0,1.279831460674157e-10,1.06,1.09,True,True,True,0.12634999999999583,0.07499999999999868,0.10084269662921395,0.10084269662921395,True,True,True,True,True,True,0.4030353932584224
1.3,0.9,0.7,2.5232095e-05,0.2439,1.2380978260869567e-10,0.0,1.2380978260869567e-10,1.06,1.09,True,True,True,0.12634999999999583,0.07499999999999868,0.3095108695652163,0.3095108695652163,True,True,True,True,True,True,0.820371739130427
1.3,1.0,0.0,2.5232095e-05,0.2439,2.398e-10,0.0,2.398e-10,1.06,1.09,True,True,True,0.12634999999999583,0.07499999999999868,5.49,5.49,True,True,False,False,True,False,11.181349999999995
1.3,1.0,0.05,2.5232095e-05,0.2439,2.262264150943396e-10,0.0,2.262264150943396e-10,1.06,1.09,True,True,True,0.12634999999999583,0.07499999999999868,4.811320754716981,4.811320754716981,True,True,False,False,True,False,9.823991509433956
1.3,1.0,0.1,2.5232095e-05,0.2439,2.1410714285714282e-10,0.0,2.1410714285714282e-10,1.06,1.09,True,True,True,0.12634999999999583,0.07499999999999868,4.2053571428571415,4.2053571428571415,True,True,False,False,True,False,8.612064285714277
1.3,1.0,0.15,2.5232095e-05,0.2439,2.0322033898305086e-10,0.0,2.0322033898305086e-10,1.06,1.09,True,True,True,0.12634999999999583,0.07499999999999868,3.6610169491525433,3.6610169491525433,True,True,False,False,True,False,7.523383898305081
1.3,1.0,0.2,2.5232095e-05,0.2439,1.9338709677419354e-10,0.0,1.9338709677419354e-10,1.06,1.09,True,True,True,0.12634999999999583,0.07499999999999868,3.1693548387096775,3.1693548387096775,True,True,False,False,True,False,6.540059677419349
1.3,1.0,0.25,2.5232095e-05,0.2439,1.8446153846153845e-10,0.0,1.8446153846153845e-10,1.06,1.09,True,True,True,0.12634999999999583,0.07499999999999868,2.723076923076923,2.723076923076923,True,True,False,False,True,False,5.647503846153841
1.3,1.0,0.3,2.5232095e-05,0.2439,1.7632352941176472e-10,0.0,1.7632352941176472e-10,1.06,1.09,True,True,True,0.12634999999999583,0.07499999999999868,2.316176470588237,2.316176470588237,True,True,False,False,True,False,4.833702941176468
1.3,1.0,0.35,2.5232095e-05,0.2439,1.688732394366197e-10,0.0,1.688732394366197e-10,1.06,1.09,True,True,True,0.12634999999999583,0.07499999999999868,1.943661971830986,1.943661971830986,True,True,False,False,True,False,4.088673943661966
1.3,1.0,0.4,2.5232095e-05,0.2439,1.6202702702702702e-10,0.0,1.6202702702702702e-10,1.06,1.09,True,True,True,0.12634999999999583,0.07499999999999868,1.6013513513513515,1.6013513513513515,True,True,False,False,True,False,3.404052702702698
1.3,1.0,0.45,2.5232095e-05,0.2439,1.557142857142857e-10,0.0,1.557142857142857e-10,1.06,1.09,True,True,True,0.12634999999999583,0.07499999999999868,1.2857142857142851,1.2857142857142851,True,True,False,False,True,False,2.7727785714285647
1.3,1.0,0.5,2.5232095e-05,0.2439,1.4987499999999999e-10,0.0,1.4987499999999999e-10,1.06,1.09,True,True,True,0.12634999999999583,0.07499999999999868,0.9937499999999999,0.9937499999999999,True,True,True,True,True,True,2.188849999999994
1.3,1.0,0.55,2.5232095e-05,0.2439,1.444578313253012e-10,0.0,1.444578313253012e-10,1.06,1.09,True,True,True,0.12634999999999583,0.07499999999999868,0.72289156626506,0.72289156626506,True,True,True,True,True,True,1.6471331325301146
1.3,1.0,0.6,2.5232095e-05,0.2439,1.394186046511628e-10,0.0,1.394186046511628e-10,1.06,1.09,True,True,True,0.12634999999999583,0.07499999999999868,0.4709302325581404,0.4709302325581404,True,True,True,True,True,True,1.1432104651162753
1.3,1.0,0.65,2.5232095e-05,0.2439,1.3471910112359548e-10,0.0,1.3471910112359548e-10,1.06,1.09,True,True,True,0.12634999999999583,0.07499999999999868,0.23595505617977472,0.23595505617977472,True,True,True,True,True,True,0.673260112359544
1.3,1.0,0.7,2.5232095e-05,0.2439,1.3032608695652173e-10,0.0,1.3032608695652173e-10,1.06,1.09,True,True,True,0.12634999999999583,0.07499999999999868,0.016304347826087126,0.016304347826087126,True,True,True,True,True,True,0.23395869565216876
1.3,1.1,0.0,2.5232095e-05,0.2439,2.5179e-10,0.0,2.5179e-10,1.06,1.09,True,True,True,0.12634999999999583,0.07499999999999868,6.089500000000002,6.089500000000002,True,True,False,False,True,False,12.380349999999998
1.3,1.1,0.05,2.5232095e-05,0.2439,2.375377358490566e-10,0.0,2.375377358490566e-10,1.06,1.09,True,True,True,0.12634999999999583,0.07499999999999868,5.376886792452832,5.376886792452832,True,True,False,False,True,False,10.955123584905659
1.3,1.1,0.1,2.5232095e-05,0.2439,2.248125e-10,0.0,2.248125e-10,1.06,1.09,True,True,True,0.12634999999999583,0.07499999999999868,4.7406250000000005,4.7406250000000005,True,True,False,False,True,False,9.682599999999995
1.3,1.1,0.15,2.5232095e-05,0.2439,2.1338135593220342e-10,0.0,2.1338135593220342e-10,1.06,1.09,True,True,True,0.12634999999999583,0.07499999999999868,4.169067796610172,4.169067796610172,True,True,False,False,True,False,8.539485593220338
1.3,1.1,0.2,2.5232095e-05,0.2439,2.0305645161290324e-10,0.0,2.0305645161290324e-10,1.06,1.09,True,True,True,0.12634999999999583,0.07499999999999868,3.652822580645163,3.652822580645163,True,True,False,False,True,False,7.5069951612903205
1.3,1.1,0.25,2.5232095e-05,0.2439,1.936846153846154e-10,0.0,1.936846153846154e-10,1.06,1.09,True,True,True,0.12634999999999583,0.07499999999999868,3.18423076923077,3.18423076923077,True,True,False,False,True,False,6.5698115384615345
1.3,1.1,0.3,2.5232095e-05,0.2439,1.8513970588235296e-10,0.0,1.8513970588235296e-10,1.06,1.09,True,True,True,0.12634999999999583,0.07499999999999868,2.7569852941176487,2.7569852941176487,True,True,False,False,True,False,5.715320588235292
1.3,1.1,0.35,2.5232095e-05,0.2439,1.7731690140845073e-10,0.0,1.7731690140845073e-10,1.06,1.09,True,True,True,0.12634999999999583,0.07499999999999868,2.365845070422537,2.365845070422537,True,True,False,False,True,False,4.933040140845068
1.3,1.1,0.4,2.5232095e-05,0.2439,1.7012837837837838e-10,0.0,1.7012837837837838e-10,1.06,1.09,True,True,True,0.12634999999999583,0.07499999999999868,2.0064189189189197,2.0064189189189197,True,True,False,False,True,False,4.214187837837834
1.3,1.1,0.45,2.5232095e-05,0.2439,1.635e-10,0.0,1.635e-10,1.06,1.09,True,True,True,0.12634999999999583,0.07499999999999868,1.6750000000000007,1.6750000000000007,True,True,False,False,True,False,3.551349999999996
1.3,1.1,0.5,2.5232095e-05,0.2439,1.5736875e-10,0.0,1.5736875e-10,1.06,1.09,True,True,True,0.12634999999999583,0.07499999999999868,1.368437500000001,1.368437500000001,True,True,False,False,True,False,2.9382249999999965
1.3,1.1,0.55,2.5232095e-05,0.2439,1.5168072289156626e-10,0.0,1.5168072289156626e-10,1.06,1.09,True,True,True,0.12634999999999583,0.07499999999999868,1.0840361445783135,1.0840361445783135,True,True,False,False,True,False,2.3694222891566215
1.3,1.1,0.6,2.5232095e-05,0.2439,1.4638953488372094e-10,0.0,1.4638953488372094e-10,1.06,1.09,True,True,True,0.12634999999999583,0.07499999999999868,0.8194767441860475,0.8194767441860475,True,True,True,True,True,True,1.8403034883720897
1.3,1.1,0.65,2.5232095e-05,0.2439,1.4145505617977528e-10,0.0,1.4145505617977528e-10,1.06,1.09,True,True,True,0.12634999999999583,0.07499999999999868,0.5727528089887647,0.5727528089887647,True,True,True,True,True,True,1.346855617977524
1.3,1.1,0.7,2.5232095e-05,0.2439,1.3684239130434785e-10,0.0,1.3684239130434785e-10,1.06,1.09,True,True,True,0.12634999999999583,0.07499999999999868,0.3421195652173931,0.3421195652173931,True,True,True,True,True,True,0.8855891304347807
1.3,1.2,0.0,2.5232095e-05,0.2439,2.6378e-10,0.0,2.6378e-10,1.06,1.09,True,True,True,0.12634999999999583,0.07499999999999868,6.689000000000001,6.689000000000001,True,True,False,False,True,False,13.579349999999996
1.3,1.2,0.05,2.5232095e-05,0.2439,2.4884905660377355e-10,0.0,2.4884905660377355e-10,1.06,1.09,True,True,True,0.12634999999999583,0.07499999999999868,5.942452830188678,5.942452830188678,True,True,False,False,True,False,12.08625566037735
1.3,1.2,0.1,2.5232095e-05,0.2439,2.355178571428571e-10,0.0,2.355178571428571e-10,1.06,1.09,True,True,True,0.12634999999999583,0.07499999999999868,5.275892857142857,5.275892857142857,True,True,False,False,True,False,10.753135714285708
1.3,1.2,0.15,2.5232095e-05,0.2439,2.2354237288135594e-10,0.0,2.2354237288135594e-10,1.06,1.09,True,True,True,0.12634999999999583,0.07499999999999868,4.677118644067797,4.677118644067797,True,True,False,False,True,False,9.55558728813559
1.3,1.2,0.2,2.5232095e-05,0.2439,2.127258064516129e-10,0.0,2.127258064516129e-10,1.06,1.09,True,True,True,0.12634999999999583,0.07499999999999868,4.1362903225806456,4.1362903225806456,True,True,False,False,True,False,8.473930645161285
1.3,1.2,0.25,2.5232095e-05,0.2439,2.029076923076923e-10,0.0,2.029076923076923e-10,1.06,1.09,True,True,True,0.12634999999999583,0.07499999999999868,3.645384615384616,3.645384615384616,True,True,False,False,True,False,7.492119230769227
1.3,1.2,0.3,2.5232095e-05,0.2439,1.939558823529412e-10,0.0,1.939558823529412e-10,1.06,1.09,True,True,True,0.12634999999999583,0.07499999999999868,3.1977941176470606,3.1977941176470606,True,True,False,False,True,False,6.5969382352941155
1.3,1.2,0.35,2.5232095e-05,0.2439,1.857605633802817e-10,0.0,1.857605633802817e-10,1.06,1.09,True,True,True,0.12634999999999583,0.07499999999999868,2.788028169014085,2.788028169014085,True,True,False,False,True,False,5.777406338028165
1.3,1.2,0.4,2.5232095e-05,0.2439,1.7822972972972972e-10,0.0,1.7822972972972972e-10,1.06,1.09,True,True,True,0.12634999999999583,0.07499999999999868,2.4114864864864867,2.4114864864864867,True,True,False,False,True,False,5.024322972972968
1.3,1.2,0.45,2.5232095e-05,0.2439,1.712857142857143e-10,0.0,1.712857142857143e-10,1.06,1.09,True,True,True,0.12634999999999583,0.07499999999999868,2.064285714285715,2.064285714285715,True,True,False,False,True,False,4.329921428571424
1.3,1.2,0.5,2.5232095e-05,0.2439,1.6486249999999998e-10,0.0,1.6486249999999998e-10,1.06,1.09,True,True,True,0.12634999999999583,0.07499999999999868,1.7431249999999998,1.7431249999999998,True,True,False,False,True,False,3.6875999999999944
1.3,1.2,0.55,2.5232095e-05,0.2439,1.589036144578313e-10,0.0,1.589036144578313e-10,1.06,1.09,True,True,True,0.12634999999999583,0.07499999999999868,1.4451807228915658,1.4451807228915658,True,True,False,False,True,False,3.091711445783126
1.3,1.2,0.6,2.5232095e-05,0.2439,1.5336046511627906e-10,0.0,1.5336046511627906e-10,1.06,1.09,True,True,True,0.12634999999999583,0.07499999999999868,1.1680232558139534,1.1680232558139534,True,True,False,False,True,False,2.537396511627901
1.3,1.2,0.65,2.5232095e-05,0.2439,1.4819101123595506e-10,0.0,1.4819101123595506e-10,1.06,1.09,True,True,True,0.12634999999999583,0.07499999999999868,0.9095505617977533,0.9095505617977533,True,True,True,True,True,True,2.0204511235955014
1.3,1.2,0.7,2.5232095e-05,0.2439,1.4335869565217392e-10,0.0,1.4335869565217392e-10,1.06,1.09,True,True,True,0.12634999999999583,0.07499999999999868,0.6679347826086964,0.6679347826086964,True,True,True,True,True,True,1.5372195652173875
